ISO-10303-21;

HEADER;
FILE_DESCRIPTION((' '),'2;1');
FILE_NAME( 'hackpad.stp_ap203.stp',
           '2026-09-14T07:37:38',
           (' '),
           ('---                        ---'),
           '                      V2026.1  Dec 31 2025',
           '        2026 (c)',
           ' ');
FILE_SCHEMA(('AP242_MANAGED_MODEL_BASED_3D_ENGINEERING_MIM_LF { 1 0 10303 442 1 1 4 }'));
ENDSEC;

DATA;
#1=APPLICATION_CONTEXT('Managed model based 3d engineering');
#2=APPLICATION_PROTOCOL_DEFINITION('international standard','ap242_managed_model_based_3d_engineering',2013,#1);
#3=(LENGTH_UNIT()NAMED_UNIT(*)SI_UNIT(.MILLI.,.METRE.));
#4=(NAMED_UNIT(*)PLANE_ANGLE_UNIT()SI_UNIT($,.RADIAN.));
#5=( GEOMETRIC_REPRESENTATION_CONTEXT(3)
       GLOBAL_UNCERTAINTY_ASSIGNED_CONTEXT((#6)) GLOBAL_UNIT_ASSIGNED_CONTEXT
  ((#3,#4)) REPRESENTATION_CONTEXT('Context #1',
  '3D Context with UNIT and UNCERTAINTY') );
#6=UNCERTAINTY_MEASURE_WITH_UNIT(LENGTH_MEASURE(0.005),#3,'distance_accuracy_value','Confusion accuracy');
#7=PRODUCT_CONTEXT('',#1,'mechanical');
#8=PRODUCT('Orphan_Brep_#25660','','',(#7));
#9=PRODUCT_DEFINITION_FORMATION('','',#8);
#10=PRODUCT_DEFINITION_CONTEXT('part definition',#1,'design');
#11=PRODUCT_DEFINITION('design','',#9,#10);
#12=PRODUCT_DEFINITION_SHAPE('','',#11);
#13=PRODUCT_CATEGORY('part',$);
#14=PRODUCT_RELATED_PRODUCT_CATEGORY('part',$,(#8));
#15=PRODUCT_CATEGORY_RELATIONSHIP('','',#13,#14);
#16=CARTESIAN_POINT('',(0.0406091,0.00119484,0.016));
#17=VERTEX_POINT('',#16);
#18=CARTESIAN_POINT('',(0.0434091,0.00619484,0.016));
#19=VERTEX_POINT('',#18);
#20=CARTESIAN_POINT('',(0.0406091,0.00119484,0.016));
#21=DIRECTION('',(0.4886038561,0.8725057431,0.0));
#22=VECTOR('',#21,1.0);
#23=LINE('',#20,#22);
#24=EDGE_CURVE('no 16',#17,#19,#23,.T.);
#25=ORIENTED_EDGE('no 29',*,*,#24,.T.);
#26=CARTESIAN_POINT('',(0.0406091,0.0919948,0.016));
#27=VERTEX_POINT('',#26);
#28=CARTESIAN_POINT('',(0.0434091,0.00619484,0.016));
#29=DIRECTION('',(-0.0326166978,0.999467934,0.0));
#30=VECTOR('',#29,1.0);
#31=LINE('',#28,#30);
#32=EDGE_CURVE('no 22',#19,#27,#31,.T.);
#33=ORIENTED_EDGE('no 30',*,*,#32,.T.);
#34=CARTESIAN_POINT('',(0.0406091,0.0919948,0.016));
#35=DIRECTION('',(0.0,-1.0,0.0));
#36=VECTOR('',#35,1.0);
#37=LINE('',#34,#36);
#38=EDGE_CURVE('no 28',#27,#17,#37,.T.);
#39=ORIENTED_EDGE('no 31',*,*,#38,.T.);
#40=EDGE_LOOP('',(#25,#33,#39));
#41=FACE_OUTER_BOUND('',#40,.T.);
#42=CARTESIAN_POINT('',(0.0406091,0.00119484,0.016));
#43=DIRECTION('',(0.0,-0.0,1.0));
#44=DIRECTION('',(0.4886038561,0.8725057431,0.0));
#45=AXIS2_PLACEMENT_3D('',#42,#43,#44);
#46=PLANE('',#45);
#47=ADVANCED_FACE('no 39',(#41),#46,.T.);
#48=ORIENTED_EDGE('no 58',*,*,#24,.F.);
#49=CARTESIAN_POINT('',(0.043484,0.00562543,0.016));
#50=VERTEX_POINT('',#49);
#51=CARTESIAN_POINT('',(0.0406091,0.00119484,0.016));
#52=DIRECTION('',(0.5443326484,0.8388694582,0.0));
#53=VECTOR('',#52,1.0);
#54=LINE('',#51,#53);
#55=EDGE_CURVE('no 51',#17,#50,#54,.T.);
#56=ORIENTED_EDGE('no 59',*,*,#55,.T.);
#57=CARTESIAN_POINT('',(0.043484,0.00562543,0.016));
#58=DIRECTION('',(-0.1304162273,0.9914593323,0.0));
#59=VECTOR('',#58,1.0);
#60=LINE('',#57,#59);
#61=EDGE_CURVE('no 57',#50,#19,#60,.T.);
#62=ORIENTED_EDGE('no 60',*,*,#61,.T.);
#63=EDGE_LOOP('',(#48,#56,#62));
#64=FACE_OUTER_BOUND('',#63,.T.);
#65=CARTESIAN_POINT('',(0.0434091,0.00619484,0.016));
#66=DIRECTION('',(0.0,0.0,1.0));
#67=DIRECTION('',(-0.4886038561,-0.8725057431,0.0));
#68=AXIS2_PLACEMENT_3D('',#65,#66,#67);
#69=PLANE('',#68);
#70=ADVANCED_FACE('no 68',(#64),#69,.T.);
#71=CARTESIAN_POINT('',(0.0434091,0.0869948,0.016));
#72=VERTEX_POINT('',#71);
#73=CARTESIAN_POINT('',(0.0406091,0.0919948,0.016));
#74=DIRECTION('',(0.4886038561,-0.8725057431,0.0));
#75=VECTOR('',#74,1.0);
#76=LINE('',#73,#75);
#77=EDGE_CURVE('no 1565',#27,#72,#76,.T.);
#78=ORIENTED_EDGE('no 1595',*,*,#77,.F.);
#79=ORIENTED_EDGE('no 1596',*,*,#32,.F.);
#80=CARTESIAN_POINT('',(0.0434091,0.00619484,0.016));
#81=DIRECTION('',(0.0,1.0,0.0));
#82=VECTOR('',#81,1.0);
#83=LINE('',#80,#82);
#84=EDGE_CURVE('no 1594',#19,#72,#83,.T.);
#85=ORIENTED_EDGE('no 1597',*,*,#84,.T.);
#86=EDGE_LOOP('',(#78,#79,#85));
#87=FACE_OUTER_BOUND('',#86,.T.);
#88=CARTESIAN_POINT('',(0.0434091,0.0869948,0.016));
#89=DIRECTION('',(0.0,0.0,1.0));
#90=DIRECTION('',(-0.4886038561,0.8725057431,0.0));
#91=AXIS2_PLACEMENT_3D('',#88,#89,#90);
#92=PLANE('',#91);
#93=ADVANCED_FACE('no 1605',(#87),#92,.T.);
#94=ORIENTED_EDGE('no 4759',*,*,#38,.F.);
#95=CARTESIAN_POINT('',(0.0406091,0.00119484,0.013));
#96=VERTEX_POINT('',#95);
#97=CARTESIAN_POINT('',(0.0406091,0.0919948,0.016));
#98=DIRECTION('',(0.0,-0.9994546387,-0.0330215881));
#99=VECTOR('',#98,1.0);
#100=LINE('',#97,#99);
#101=EDGE_CURVE('no 4752',#27,#96,#100,.T.);
#102=ORIENTED_EDGE('no 4760',*,*,#101,.T.);
#103=CARTESIAN_POINT('',(0.0406091,0.00119484,0.013));
#104=DIRECTION('',(0.0,0.0,1.0));
#105=VECTOR('',#104,1.0);
#106=LINE('',#103,#105);
#107=EDGE_CURVE('no 4758',#96,#17,#106,.T.);
#108=ORIENTED_EDGE('no 4761',*,*,#107,.T.);
#109=EDGE_LOOP('',(#94,#102,#108));
#110=FACE_OUTER_BOUND('',#109,.T.);
#111=CARTESIAN_POINT('',(0.0406091,0.00119484,0.016));
#112=DIRECTION('',(-1.0,0.0,0.0));
#113=DIRECTION('',(0.0,1.0,0.0));
#114=AXIS2_PLACEMENT_3D('',#111,#112,#113);
#115=PLANE('',#114);
#116=ADVANCED_FACE('no 4769',(#110),#115,.T.);
#117=ORIENTED_EDGE('no 87',*,*,#55,.F.);
#118=CARTESIAN_POINT('',(0.0437038,0.00509484,0.016));
#119=VERTEX_POINT('',#118);
#120=CARTESIAN_POINT('',(0.0406091,0.00119484,0.016));
#121=DIRECTION('',(0.6215970976,0.783337123,0.0));
#122=VECTOR('',#121,1.0);
#123=LINE('',#120,#122);
#124=EDGE_CURVE('no 80',#17,#119,#123,.T.);
#125=ORIENTED_EDGE('no 88',*,*,#124,.T.);
#126=CARTESIAN_POINT('',(0.0437038,0.00509484,0.016));
#127=DIRECTION('',(-0.3827167618,0.9238657263,0.0));
#128=VECTOR('',#127,1.0);
#129=LINE('',#126,#128);
#130=EDGE_CURVE('no 86',#119,#50,#129,.T.);
#131=ORIENTED_EDGE('no 89',*,*,#130,.T.);
#132=EDGE_LOOP('',(#117,#125,#131));
#133=FACE_OUTER_BOUND('',#132,.T.);
#134=CARTESIAN_POINT('',(0.043484,0.00562543,0.016));
#135=DIRECTION('',(0.0,0.0,1.0));
#136=DIRECTION('',(-0.5443326484,-0.8388694582,0.0));
#137=AXIS2_PLACEMENT_3D('',#134,#135,#136);
#138=PLANE('',#137);
#139=ADVANCED_FACE('no 97',(#133),#138,.T.);
#140=CARTESIAN_POINT('',(0.0434091,0.00619484,0.013));
#141=VERTEX_POINT('',#140);
#142=CARTESIAN_POINT('',(0.0434091,0.00619484,0.013));
#143=DIRECTION('',(0.0245213723,-0.1864180858,0.9821644463));
#144=VECTOR('',#143,1.0);
#145=LINE('',#142,#144);
#146=EDGE_CURVE('no 7948',#141,#50,#145,.T.);
#147=ORIENTED_EDGE('no 7978',*,*,#146,.F.);
#148=CARTESIAN_POINT('',(0.0434091,0.00619484,0.013));
#149=DIRECTION('',(0.0,0.0,1.0));
#150=VECTOR('',#149,1.0);
#151=LINE('',#148,#150);
#152=EDGE_CURVE('no 7977',#141,#19,#151,.T.);
#153=ORIENTED_EDGE('no 7979',*,*,#152,.T.);
#154=ORIENTED_EDGE('no 7980',*,*,#61,.F.);
#155=EDGE_LOOP('',(#147,#153,#154));
#156=FACE_OUTER_BOUND('',#155,.T.);
#157=CARTESIAN_POINT('',(0.043484,0.00562543,0.016));
#158=DIRECTION('',(0.9914455501,0.1305209604,-0.0000001014));
#159=DIRECTION('',(-0.024541113,0.1864150987,-0.9821645202));
#160=AXIS2_PLACEMENT_3D('',#157,#158,#159);
#161=PLANE('',#160);
#162=ADVANCED_FACE('no 7988',(#156),#161,.T.);
#163=CARTESIAN_POINT('',(0.043484,0.0875642,0.016));
#164=VERTEX_POINT('',#163);
#165=CARTESIAN_POINT('',(0.0406091,0.0919948,0.016));
#166=DIRECTION('',(0.5443319447,-0.8388699148,0.0));
#167=VECTOR('',#166,1.0);
#168=LINE('',#165,#167);
#169=EDGE_CURVE('no 1536',#27,#164,#168,.T.);
#170=ORIENTED_EDGE('no 1572',*,*,#169,.F.);
#171=ORIENTED_EDGE('no 1573',*,*,#77,.T.);
#172=CARTESIAN_POINT('',(0.0434091,0.0869948,0.016));
#173=DIRECTION('',(0.1305209411,0.9914455527,0.0));
#174=VECTOR('',#173,1.0);
#175=LINE('',#172,#174);
#176=EDGE_CURVE('no 1571',#72,#164,#175,.T.);
#177=ORIENTED_EDGE('no 1574',*,*,#176,.T.);
#178=EDGE_LOOP('',(#170,#171,#177));
#179=FACE_OUTER_BOUND('',#178,.T.);
#180=CARTESIAN_POINT('',(0.043484,0.0875642,0.016));
#181=DIRECTION('',(0.0,0.0,1.0));
#182=DIRECTION('',(-0.5443319447,0.8388699148,0.0));
#183=AXIS2_PLACEMENT_3D('',#180,#181,#182);
#184=PLANE('',#183);
#185=ADVANCED_FACE('no 1582',(#179),#184,.T.);
#186=CARTESIAN_POINT('',(0.043484,0.00676424,0.016));
#187=VERTEX_POINT('',#186);
#188=CARTESIAN_POINT('',(0.043484,0.00676424,0.016));
#189=DIRECTION('',(-0.0009335591,0.9999995642,0.0));
#190=VECTOR('',#189,1.0);
#191=LINE('',#188,#190);
#192=EDGE_CURVE('no 3298',#187,#72,#191,.T.);
#193=ORIENTED_EDGE('no 3305',*,*,#192,.T.);
#194=ORIENTED_EDGE('no 3306',*,*,#84,.F.);
#195=CARTESIAN_POINT('',(0.0434091,0.00619484,0.016));
#196=DIRECTION('',(0.1304184788,0.9914590362,0.0));
#197=VECTOR('',#196,1.0);
#198=LINE('',#195,#197);
#199=EDGE_CURVE('no 3304',#19,#187,#198,.T.);
#200=ORIENTED_EDGE('no 3307',*,*,#199,.T.);
#201=EDGE_LOOP('',(#193,#194,#200));
#202=FACE_OUTER_BOUND('',#201,.T.);
#203=CARTESIAN_POINT('',(0.043484,0.00676424,0.016));
#204=DIRECTION('',(0.0,0.0,1.0));
#205=DIRECTION('',(-0.0009343096,0.9999995635,0.0));
#206=AXIS2_PLACEMENT_3D('',#203,#204,#205);
#207=PLANE('',#206);
#208=ADVANCED_FACE('no 3315',(#202),#207,.T.);
#209=ORIENTED_EDGE('no 4788',*,*,#101,.F.);
#210=CARTESIAN_POINT('',(0.0406091,0.0919948,0.013));
#211=VERTEX_POINT('',#210);
#212=CARTESIAN_POINT('',(0.0406091,0.0919948,0.016));
#213=DIRECTION('',(0.0,0.0,-1.0));
#214=VECTOR('',#213,1.0);
#215=LINE('',#212,#214);
#216=EDGE_CURVE('no 4781',#27,#211,#215,.T.);
#217=ORIENTED_EDGE('no 4789',*,*,#216,.T.);
#218=CARTESIAN_POINT('',(0.0406091,0.0919948,0.013));
#219=DIRECTION('',(0.0,-1.0,0.0));
#220=VECTOR('',#219,1.0);
#221=LINE('',#218,#220);
#222=EDGE_CURVE('no 9983',#211,#96,#221,.T.);
#223=ORIENTED_EDGE('no 4790',*,*,#222,.T.);
#224=EDGE_LOOP('',(#209,#217,#223));
#225=FACE_OUTER_BOUND('',#224,.T.);
#226=CARTESIAN_POINT('',(0.0406091,0.00119484,0.013));
#227=DIRECTION('',(-1.0,0.0,0.0));
#228=DIRECTION('',(0.0,0.9994546387,0.0330215881));
#229=AXIS2_PLACEMENT_3D('',#226,#227,#228);
#230=PLANE('',#229);
#231=ADVANCED_FACE('no 4798',(#225),#230,.T.);
#232=ORIENTED_EDGE('no 4840',*,*,#107,.F.);
#233=CARTESIAN_POINT('',(0.158409,0.00119484,0.016));
#234=VERTEX_POINT('',#233);
#235=CARTESIAN_POINT('',(0.158409,0.00119484,0.016));
#236=DIRECTION('',(-0.9996758774,0.0,-0.0254585969));
#237=VECTOR('',#236,1.0);
#238=LINE('',#235,#237);
#239=EDGE_CURVE('no 4810',#234,#96,#238,.T.);
#240=ORIENTED_EDGE('no 4841',*,*,#239,.F.);
#241=CARTESIAN_POINT('',(0.0406091,0.00119484,0.016));
#242=DIRECTION('',(1.0,0.0,0.0));
#243=VECTOR('',#242,1.0);
#244=LINE('',#241,#243);
#245=EDGE_CURVE('no 225',#17,#234,#244,.T.);
#246=ORIENTED_EDGE('no 4842',*,*,#245,.F.);
#247=EDGE_LOOP('',(#232,#240,#246));
#248=FACE_OUTER_BOUND('',#247,.T.);
#249=CARTESIAN_POINT('',(0.0406091,0.00119484,0.016));
#250=DIRECTION('',(0.0,-1.0,0.0));
#251=DIRECTION('',(0.0,0.0,-1.0));
#252=AXIS2_PLACEMENT_3D('',#249,#250,#251);
#253=PLANE('',#252);
#254=ADVANCED_FACE('no 4850',(#248),#253,.T.);
#255=ORIENTED_EDGE('no 116',*,*,#124,.F.);
#256=CARTESIAN_POINT('',(0.0440534,0.0046392,0.016));
#257=VERTEX_POINT('',#256);
#258=CARTESIAN_POINT('',(0.0406091,0.00119484,0.016));
#259=DIRECTION('',(0.7071067812,0.7071067812,0.0));
#260=VECTOR('',#259,1.0);
#261=LINE('',#258,#260);
#262=EDGE_CURVE('no 109',#17,#257,#261,.T.);
#263=ORIENTED_EDGE('no 117',*,*,#262,.T.);
#264=CARTESIAN_POINT('',(0.0440534,0.0046392,0.016));
#265=DIRECTION('',(-0.6087341738,0.7933742532,0.0));
#266=VECTOR('',#265,1.0);
#267=LINE('',#264,#266);
#268=EDGE_CURVE('no 115',#257,#119,#267,.T.);
#269=ORIENTED_EDGE('no 118',*,*,#268,.T.);
#270=EDGE_LOOP('',(#255,#263,#269));
#271=FACE_OUTER_BOUND('',#270,.T.);
#272=CARTESIAN_POINT('',(0.0437038,0.00509484,0.016));
#273=DIRECTION('',(0.0,0.0,1.0));
#274=DIRECTION('',(-0.6215970976,-0.783337123,0.0));
#275=AXIS2_PLACEMENT_3D('',#272,#273,#274);
#276=PLANE('',#275);
#277=ADVANCED_FACE('no 126',(#271),#276,.T.);
#278=CARTESIAN_POINT('',(0.043484,0.00562543,0.013));
#279=VERTEX_POINT('',#278);
#280=CARTESIAN_POINT('',(0.043484,0.00562543,0.013));
#281=DIRECTION('',(0.071959915,-0.1737088776,0.9821644447));
#282=VECTOR('',#281,1.0);
#283=LINE('',#280,#282);
#284=EDGE_CURVE('no 7896',#279,#119,#283,.T.);
#285=ORIENTED_EDGE('no 7926',*,*,#284,.F.);
#286=CARTESIAN_POINT('',(0.043484,0.00562543,0.013));
#287=DIRECTION('',(0.0,0.0,1.0));
#288=VECTOR('',#287,1.0);
#289=LINE('',#286,#288);
#290=EDGE_CURVE('no 7925',#279,#50,#289,.T.);
#291=ORIENTED_EDGE('no 7927',*,*,#290,.T.);
#292=ORIENTED_EDGE('no 7928',*,*,#130,.F.);
#293=EDGE_LOOP('',(#285,#291,#292));
#294=FACE_OUTER_BOUND('',#293,.T.);
#295=CARTESIAN_POINT('',(0.0437038,0.00509484,0.016));
#296=DIRECTION('',(0.9238797571,0.3826828902,0.0000000441));
#297=DIRECTION('',(-0.0719537246,0.1737120593,-0.9821643355));
#298=AXIS2_PLACEMENT_3D('',#295,#296,#297);
#299=PLANE('',#298);
#300=ADVANCED_FACE('no 7936',(#294),#299,.T.);
#301=ORIENTED_EDGE('no 7955',*,*,#146,.T.);
#302=ORIENTED_EDGE('no 7956',*,*,#290,.F.);
#303=CARTESIAN_POINT('',(0.043484,0.00562543,0.013));
#304=DIRECTION('',(-0.1304162273,0.9914593323,0.0));
#305=VECTOR('',#304,1.0);
#306=LINE('',#303,#305);
#307=EDGE_CURVE('no 7954',#279,#141,#306,.T.);
#308=ORIENTED_EDGE('no 7957',*,*,#307,.T.);
#309=EDGE_LOOP('',(#301,#302,#308));
#310=FACE_OUTER_BOUND('',#309,.T.);
#311=CARTESIAN_POINT('',(0.0434091,0.00619484,0.013));
#312=DIRECTION('',(0.9914455501,0.1305209604,-0.0000001014));
#313=DIRECTION('',(0.024541113,-0.1864150987,0.9821645202));
#314=AXIS2_PLACEMENT_3D('',#311,#312,#313);
#315=PLANE('',#314);
#316=ADVANCED_FACE('no 7965',(#310),#315,.T.);
#317=CARTESIAN_POINT('',(0.043484,0.00676424,0.013));
#318=VERTEX_POINT('',#317);
#319=CARTESIAN_POINT('',(0.043484,0.00676424,0.013));
#320=DIRECTION('',(-0.0245213873,-0.1864149257,0.9821650457));
#321=VECTOR('',#320,1.0);
#322=LINE('',#319,#321);
#323=EDGE_CURVE('no 8000',#318,#19,#322,.T.);
#324=ORIENTED_EDGE('no 8007',*,*,#323,.T.);
#325=ORIENTED_EDGE('no 8008',*,*,#152,.F.);
#326=CARTESIAN_POINT('',(0.0434091,0.00619484,0.013));
#327=DIRECTION('',(0.1304184788,0.9914590362,0.0));
#328=VECTOR('',#327,1.0);
#329=LINE('',#326,#328);
#330=EDGE_CURVE('no 8006',#141,#318,#329,.T.);
#331=ORIENTED_EDGE('no 8009',*,*,#330,.T.);
#332=EDGE_LOOP('',(#324,#325,#331));
#333=FACE_OUTER_BOUND('',#332,.T.);
#334=CARTESIAN_POINT('',(0.043484,0.00676424,0.013));
#335=DIRECTION('',(0.9914455534,-0.130520936,-0.0000000268));
#336=DIRECTION('',(-0.0245411084,-0.186416064,0.9821643371));
#337=AXIS2_PLACEMENT_3D('',#334,#335,#336);
#338=PLANE('',#337);
#339=ADVANCED_FACE('no 8017',(#333),#338,.T.);
#340=CARTESIAN_POINT('',(0.0437038,0.0880948,0.016));
#341=VERTEX_POINT('',#340);
#342=CARTESIAN_POINT('',(0.0406091,0.0919948,0.016));
#343=DIRECTION('',(0.6215970976,-0.783337123,0.0));
#344=VECTOR('',#343,1.0);
#345=LINE('',#342,#344);
#346=EDGE_CURVE('no 1507',#27,#341,#345,.T.);
#347=ORIENTED_EDGE('no 1543',*,*,#346,.F.);
#348=ORIENTED_EDGE('no 1544',*,*,#169,.T.);
#349=CARTESIAN_POINT('',(0.043484,0.0875642,0.016));
#350=DIRECTION('',(0.3826820445,0.9238801074,0.0));
#351=VECTOR('',#350,1.0);
#352=LINE('',#349,#351);
#353=EDGE_CURVE('no 1542',#164,#341,#352,.T.);
#354=ORIENTED_EDGE('no 1545',*,*,#353,.T.);
#355=EDGE_LOOP('',(#347,#348,#354));
#356=FACE_OUTER_BOUND('',#355,.T.);
#357=CARTESIAN_POINT('',(0.0437038,0.0880948,0.016));
#358=DIRECTION('',(0.0,0.0,1.0));
#359=DIRECTION('',(-0.6215970976,0.783337123,0.0));
#360=AXIS2_PLACEMENT_3D('',#357,#358,#359);
#361=PLANE('',#360);
#362=ADVANCED_FACE('no 1553',(#356),#361,.T.);
#363=ORIENTED_EDGE('no 3334',*,*,#192,.F.);
#364=CARTESIAN_POINT('',(0.043484,0.0864254,0.016));
#365=VERTEX_POINT('',#364);
#366=CARTESIAN_POINT('',(0.043484,0.00676424,0.016));
#367=DIRECTION('',(0.0,1.0,0.0));
#368=VECTOR('',#367,1.0);
#369=LINE('',#366,#368);
#370=EDGE_CURVE('no 3327',#187,#365,#369,.T.);
#371=ORIENTED_EDGE('no 3335',*,*,#370,.T.);
#372=CARTESIAN_POINT('',(0.043484,0.0864254,0.016));
#373=DIRECTION('',(-0.1304184788,0.9914590362,0.0));
#374=VECTOR('',#373,1.0);
#375=LINE('',#372,#374);
#376=EDGE_CURVE('no 3333',#365,#72,#375,.T.);
#377=ORIENTED_EDGE('no 3336',*,*,#376,.T.);
#378=EDGE_LOOP('',(#363,#371,#377));
#379=FACE_OUTER_BOUND('',#378,.T.);
#380=CARTESIAN_POINT('',(0.0434091,0.0869948,0.016));
#381=DIRECTION('',(0.0,0.0,1.0));
#382=DIRECTION('',(0.0009343096,-0.9999995635,0.0));
#383=AXIS2_PLACEMENT_3D('',#380,#381,#382);
#384=PLANE('',#383);
#385=ADVANCED_FACE('no 3344',(#379),#384,.T.);
#386=ORIENTED_EDGE('no 8030',*,*,#323,.F.);
#387=CARTESIAN_POINT('',(0.043484,0.00676424,0.013));
#388=DIRECTION('',(0.0,0.0,1.0));
#389=VECTOR('',#388,1.0);
#390=LINE('',#387,#389);
#391=EDGE_CURVE('no 8029',#318,#187,#390,.T.);
#392=ORIENTED_EDGE('no 8031',*,*,#391,.T.);
#393=ORIENTED_EDGE('no 8032',*,*,#199,.F.);
#394=EDGE_LOOP('',(#386,#392,#393));
#395=FACE_OUTER_BOUND('',#394,.T.);
#396=CARTESIAN_POINT('',(0.0434091,0.00619484,0.016));
#397=DIRECTION('',(0.9914455534,-0.130520936,-0.0000000268));
#398=DIRECTION('',(0.0245411084,0.186416064,-0.9821643371));
#399=AXIS2_PLACEMENT_3D('',#396,#397,#398);
#400=PLANE('',#399);
#401=ADVANCED_FACE('no 8040',(#395),#400,.T.);
#402=CARTESIAN_POINT('',(0.0406091,0.0919948,0.016));
#403=DIRECTION('',(0.0,0.0,-1.0));
#404=VECTOR('',#403,1.0);
#405=LINE('',#402,#404);
#406=EDGE_CURVE('no 24580',#27,#211,#405,.T.);
#407=ORIENTED_EDGE('no 24581',*,*,#406,.T.);
#408=ORIENTED_EDGE('no 24583',*,*,#216,.F.);
#409=EDGE_LOOP('',(#407,#408));
#410=FACE_OUTER_BOUND('',#409,.T.);
#411=CARTESIAN_POINT('',(0.0406091,0.0919948,0.016));
#412=DIRECTION('',(0.0,1.0,0.0));
#413=DIRECTION('',(0.0140987945,0.0,-0.9999006071));
#414=AXIS2_PLACEMENT_3D('',#411,#412,#413);
#415=PLANE('',#414);
#416=ADVANCED_FACE('no 24591',(#410),#415,.T.);
#417=ORIENTED_EDGE('no 4823',*,*,#239,.T.);
#418=CARTESIAN_POINT('',(0.158409,0.00119484,0.013));
#419=VERTEX_POINT('',#418);
#420=CARTESIAN_POINT('',(0.0406514,0.00119484,0.013));
#421=DIRECTION('',(1.0,0.0,0.0));
#422=VECTOR('',#421,1.0);
#423=LINE('',#420,#422);
#424=EDGE_CURVE('no 10041',#96,#419,#423,.T.);
#425=ORIENTED_EDGE('no 4824',*,*,#424,.T.);
#426=CARTESIAN_POINT('',(0.158409,0.00122528,0.013));
#427=VERTEX_POINT('',#426);
#428=CARTESIAN_POINT('',(0.158409,0.00122528,0.013));
#429=DIRECTION('',(0.0,-0.0101461444,0.9999485266));
#430=VECTOR('',#429,1.0);
#431=LINE('',#428,#430);
#432=EDGE_CURVE('no 4862',#427,#234,#431,.T.);
#433=ORIENTED_EDGE('no 4825',*,*,#432,.T.);
#434=EDGE_LOOP('',(#417,#425,#433));
#435=FACE_OUTER_BOUND('',#434,.T.);
#436=CARTESIAN_POINT('',(0.158409,0.00119484,0.016));
#437=DIRECTION('',(0.0,-1.0,-0.0));
#438=DIRECTION('',(-0.9996758774,0.0,-0.0254585969));
#439=AXIS2_PLACEMENT_3D('',#436,#437,#438);
#440=PLANE('',#439);
#441=ADVANCED_FACE('no 4833',(#435),#440,.T.);
#442=CARTESIAN_POINT('',(0.0456091,0.00399484,0.016));
#443=VERTEX_POINT('',#442);
#444=CARTESIAN_POINT('',(0.0406091,0.00119484,0.016));
#445=DIRECTION('',(0.8725061694,0.4886030949,0.0));
#446=VECTOR('',#445,1.0);
#447=LINE('',#444,#446);
#448=EDGE_CURVE('no 196',#17,#443,#447,.T.);
#449=ORIENTED_EDGE('no 232',*,*,#448,.F.);
#450=ORIENTED_EDGE('no 233',*,*,#245,.T.);
#451=CARTESIAN_POINT('',(0.158409,0.00119484,0.016));
#452=DIRECTION('',(-0.9996920587,0.0248150731,0.0));
#453=VECTOR('',#452,1.0);
#454=LINE('',#451,#453);
#455=EDGE_CURVE('no 231',#234,#443,#454,.T.);
#456=ORIENTED_EDGE('no 234',*,*,#455,.T.);
#457=EDGE_LOOP('',(#449,#450,#456));
#458=FACE_OUTER_BOUND('',#457,.T.);
#459=CARTESIAN_POINT('',(0.0456091,0.00399484,0.016));
#460=DIRECTION('',(0.0,0.0,1.0));
#461=DIRECTION('',(-0.8725061694,-0.4886030949,0.0));
#462=AXIS2_PLACEMENT_3D('',#459,#460,#461);
#463=PLANE('',#462);
#464=ADVANCED_FACE('no 242',(#458),#463,.T.);
#465=ORIENTED_EDGE('no 145',*,*,#262,.F.);
#466=CARTESIAN_POINT('',(0.0445091,0.00428958,0.016));
#467=VERTEX_POINT('',#466);
#468=CARTESIAN_POINT('',(0.0406091,0.00119484,0.016));
#469=DIRECTION('',(0.783337123,0.6215970976,0.0));
#470=VECTOR('',#469,1.0);
#471=LINE('',#468,#470);
#472=EDGE_CURVE('no 138',#17,#467,#471,.T.);
#473=ORIENTED_EDGE('no 146',*,*,#472,.T.);
#474=CARTESIAN_POINT('',(0.0445091,0.00428958,0.016));
#475=DIRECTION('',(-0.7933961453,0.6087056404,0.0));
#476=VECTOR('',#475,1.0);
#477=LINE('',#474,#476);
#478=EDGE_CURVE('no 144',#467,#257,#477,.T.);
#479=ORIENTED_EDGE('no 147',*,*,#478,.T.);
#480=EDGE_LOOP('',(#465,#473,#479));
#481=FACE_OUTER_BOUND('',#480,.T.);
#482=CARTESIAN_POINT('',(0.0440534,0.0046392,0.016));
#483=DIRECTION('',(0.0,0.0,1.0));
#484=DIRECTION('',(-0.7071067812,-0.7071067812,0.0));
#485=AXIS2_PLACEMENT_3D('',#482,#483,#484);
#486=PLANE('',#485);
#487=ADVANCED_FACE('no 155',(#481),#486,.T.);
#488=CARTESIAN_POINT('',(0.0437038,0.00509484,0.013));
#489=VERTEX_POINT('',#488);
#490=CARTESIAN_POINT('',(0.0437038,0.00509484,0.013));
#491=DIRECTION('',(0.1144549569,-0.1491712144,0.9821649615));
#492=VECTOR('',#491,1.0);
#493=LINE('',#490,#492);
#494=EDGE_CURVE('no 7844',#489,#257,#493,.T.);
#495=ORIENTED_EDGE('no 7874',*,*,#494,.F.);
#496=CARTESIAN_POINT('',(0.0437038,0.00509484,0.013));
#497=DIRECTION('',(0.0,0.0,1.0));
#498=VECTOR('',#497,1.0);
#499=LINE('',#496,#498);
#500=EDGE_CURVE('no 7873',#489,#119,#499,.T.);
#501=ORIENTED_EDGE('no 7875',*,*,#500,.T.);
#502=ORIENTED_EDGE('no 7876',*,*,#268,.F.);
#503=EDGE_LOOP('',(#495,#501,#502));
#504=FACE_OUTER_BOUND('',#503,.T.);
#505=CARTESIAN_POINT('',(0.0440534,0.0046392,0.016));
#506=DIRECTION('',(0.7933520747,0.6087630783,-0.0000000871));
#507=DIRECTION('',(-0.1144620536,0.1491690699,-0.9821644602));
#508=AXIS2_PLACEMENT_3D('',#505,#506,#507);
#509=PLANE('',#508);
#510=ADVANCED_FACE('no 7884',(#504),#509,.T.);
#511=ORIENTED_EDGE('no 7903',*,*,#284,.T.);
#512=ORIENTED_EDGE('no 7904',*,*,#500,.F.);
#513=CARTESIAN_POINT('',(0.0437038,0.00509484,0.013));
#514=DIRECTION('',(-0.3827167618,0.9238657263,0.0));
#515=VECTOR('',#514,1.0);
#516=LINE('',#513,#515);
#517=EDGE_CURVE('no 7902',#489,#279,#516,.T.);
#518=ORIENTED_EDGE('no 7905',*,*,#517,.T.);
#519=EDGE_LOOP('',(#511,#512,#518));
#520=FACE_OUTER_BOUND('',#519,.T.);
#521=CARTESIAN_POINT('',(0.043484,0.00562543,0.013));
#522=DIRECTION('',(0.9238797571,0.3826828902,0.0000000441));
#523=DIRECTION('',(0.0719537246,-0.1737120593,0.9821643355));
#524=AXIS2_PLACEMENT_3D('',#521,#522,#523);
#525=PLANE('',#524);
#526=ADVANCED_FACE('no 7913',(#520),#525,.T.);
#527=ORIENTED_EDGE('no 22387',*,*,#307,.F.);
#528=CARTESIAN_POINT('',(0.0406514,0.00122528,0.013));
#529=VERTEX_POINT('',#528);
#530=CARTESIAN_POINT('',(0.0406514,0.00122528,0.013));
#531=DIRECTION('',(0.5412891625,0.8408365136,0.0));
#532=VECTOR('',#531,1.0);
#533=LINE('',#530,#532);
#534=EDGE_CURVE('no 22384',#529,#279,#533,.T.);
#535=ORIENTED_EDGE('no 22386',*,*,#534,.F.);
#536=CARTESIAN_POINT('',(0.0406514,0.00122528,0.013));
#537=DIRECTION('',(0.485217108,0.8743937089,0.0));
#538=VECTOR('',#537,1.0);
#539=LINE('',#536,#538);
#540=EDGE_CURVE('no 22361',#529,#141,#539,.T.);
#541=ORIENTED_EDGE('no 22385',*,*,#540,.T.);
#542=EDGE_LOOP('',(#527,#535,#541));
#543=FACE_OUTER_BOUND('',#542,.T.);
#544=CARTESIAN_POINT('',(0.0434091,0.00619484,0.013));
#545=DIRECTION('',(0.0,0.0,1.0));
#546=DIRECTION('',(-0.4852180907,-0.8743931635,0.0));
#547=AXIS2_PLACEMENT_3D('',#544,#545,#546);
#548=PLANE('',#547);
#549=ADVANCED_FACE('no 22395',(#543),#548,.F.);
#550=ORIENTED_EDGE('no 21562',*,*,#330,.F.);
#551=CARTESIAN_POINT('',(0.0434091,0.0869948,0.013));
#552=VERTEX_POINT('',#551);
#553=CARTESIAN_POINT('',(0.0434091,0.00619484,0.013));
#554=DIRECTION('',(0.0,1.0,0.0));
#555=VECTOR('',#554,1.0);
#556=LINE('',#553,#555);
#557=EDGE_CURVE('no 21218',#141,#552,#556,.T.);
#558=ORIENTED_EDGE('no 21561',*,*,#557,.T.);
#559=CARTESIAN_POINT('',(0.043484,0.00676424,0.013));
#560=DIRECTION('',(-0.0009335591,0.9999995642,0.0));
#561=VECTOR('',#560,1.0);
#562=LINE('',#559,#561);
#563=EDGE_CURVE('no 21559',#318,#552,#562,.T.);
#564=ORIENTED_EDGE('no 21560',*,*,#563,.F.);
#565=EDGE_LOOP('',(#550,#558,#564));
#566=FACE_OUTER_BOUND('',#565,.T.);
#567=CARTESIAN_POINT('',(0.043484,0.00676424,0.013));
#568=DIRECTION('',(0.0,0.0,1.0));
#569=DIRECTION('',(-0.0009343096,0.9999995635,0.0));
#570=AXIS2_PLACEMENT_3D('',#567,#568,#569);
#571=PLANE('',#570);
#572=ADVANCED_FACE('no 21570',(#566),#571,.F.);
#573=CARTESIAN_POINT('',(0.0440534,0.0885505,0.016));
#574=VERTEX_POINT('',#573);
#575=CARTESIAN_POINT('',(0.0406091,0.0919948,0.016));
#576=DIRECTION('',(0.7071067812,-0.7071067812,0.0));
#577=VECTOR('',#576,1.0);
#578=LINE('',#575,#577);
#579=EDGE_CURVE('no 1478',#27,#574,#578,.T.);
#580=ORIENTED_EDGE('no 1514',*,*,#579,.F.);
#581=ORIENTED_EDGE('no 1515',*,*,#346,.T.);
#582=CARTESIAN_POINT('',(0.0437038,0.0880948,0.016));
#583=DIRECTION('',(0.6087648069,0.7933507483,0.0));
#584=VECTOR('',#583,1.0);
#585=LINE('',#582,#584);
#586=EDGE_CURVE('no 1513',#341,#574,#585,.T.);
#587=ORIENTED_EDGE('no 1516',*,*,#586,.T.);
#588=EDGE_LOOP('',(#580,#581,#587));
#589=FACE_OUTER_BOUND('',#588,.T.);
#590=CARTESIAN_POINT('',(0.0440534,0.0885505,0.016));
#591=DIRECTION('',(0.0,0.0,1.0));
#592=DIRECTION('',(-0.7071067812,0.7071067812,0.0));
#593=AXIS2_PLACEMENT_3D('',#590,#591,#592);
#594=PLANE('',#593);
#595=ADVANCED_FACE('no 1524',(#589),#594,.T.);
#596=ORIENTED_EDGE('no 3363',*,*,#370,.F.);
#597=CARTESIAN_POINT('',(0.0437038,0.00729484,0.016));
#598=VERTEX_POINT('',#597);
#599=CARTESIAN_POINT('',(0.043484,0.00676424,0.016));
#600=DIRECTION('',(0.3827106054,0.9238682766,0.0));
#601=VECTOR('',#600,1.0);
#602=LINE('',#599,#601);
#603=EDGE_CURVE('no 3356',#187,#598,#602,.T.);
#604=ORIENTED_EDGE('no 3364',*,*,#603,.T.);
#605=CARTESIAN_POINT('',(0.0437038,0.00729484,0.016));
#606=DIRECTION('',(-0.0027776772,0.9999961422,0.0));
#607=VECTOR('',#606,1.0);
#608=LINE('',#605,#607);
#609=EDGE_CURVE('no 3362',#598,#365,#608,.T.);
#610=ORIENTED_EDGE('no 3365',*,*,#609,.T.);
#611=EDGE_LOOP('',(#596,#604,#610));
#612=FACE_OUTER_BOUND('',#611,.T.);
#613=CARTESIAN_POINT('',(0.043484,0.0864254,0.016));
#614=DIRECTION('',(0.0,0.0,1.0));
#615=DIRECTION('',(0.0,-1.0,0.0));
#616=AXIS2_PLACEMENT_3D('',#613,#614,#615);
#617=PLANE('',#616);
#618=ADVANCED_FACE('no 3373',(#612),#617,.T.);
#619=CARTESIAN_POINT('',(0.0437038,0.00729484,0.013));
#620=VERTEX_POINT('',#619);
#621=CARTESIAN_POINT('',(0.0437038,0.00729484,0.013));
#622=DIRECTION('',(-0.0719598741,-0.1737120527,0.9821638862));
#623=VECTOR('',#622,1.0);
#624=LINE('',#621,#623);
#625=EDGE_CURVE('no 8052',#620,#187,#624,.T.);
#626=ORIENTED_EDGE('no 8059',*,*,#625,.T.);
#627=ORIENTED_EDGE('no 8060',*,*,#391,.F.);
#628=CARTESIAN_POINT('',(0.043484,0.00676424,0.013));
#629=DIRECTION('',(0.3827106054,0.9238682766,0.0));
#630=VECTOR('',#629,1.0);
#631=LINE('',#628,#630);
#632=EDGE_CURVE('no 8058',#318,#620,#631,.T.);
#633=ORIENTED_EDGE('no 8061',*,*,#632,.T.);
#634=EDGE_LOOP('',(#626,#627,#633));
#635=FACE_OUTER_BOUND('',#634,.T.);
#636=CARTESIAN_POINT('',(0.0437038,0.00729484,0.013));
#637=DIRECTION('',(0.9238792472,-0.3826841211,0.0000000904));
#638=DIRECTION('',(-0.0719537371,-0.1737110895,0.9821645061));
#639=AXIS2_PLACEMENT_3D('',#636,#637,#638);
#640=PLANE('',#639);
#641=ADVANCED_FACE('no 8069',(#635),#640,.T.);
#642=ORIENTED_EDGE('no 24604',*,*,#406,.F.);
#643=CARTESIAN_POINT('',(0.0506514,0.0919948,0.013));
#644=VERTEX_POINT('',#643);
#645=CARTESIAN_POINT('',(0.0406091,0.0919948,0.016));
#646=DIRECTION('',(0.9581588839,0.0,-0.2862368831));
#647=VECTOR('',#646,1.0);
#648=LINE('',#645,#647);
#649=EDGE_CURVE('no 24603',#27,#644,#648,.T.);
#650=ORIENTED_EDGE('no 24605',*,*,#649,.T.);
#651=CARTESIAN_POINT('',(0.0506514,0.0919948,0.013));
#652=VERTEX_POINT('',#651);
#653=CARTESIAN_POINT('',(0.0506514,0.0919948,0.013));
#654=DIRECTION('',(-1.0,0.0,0.0));
#655=VECTOR('',#654,1.0);
#656=LINE('',#653,#655);
#657=EDGE_CURVE('no 21050',#652,#211,#656,.T.);
#658=ORIENTED_EDGE('no 24606',*,*,#657,.T.);
#659=EDGE_LOOP('',(#642,#650,#658));
#660=FACE_OUTER_BOUND('',#659,.T.);
#661=CARTESIAN_POINT('',(0.0406514,0.0919948,0.013));
#662=DIRECTION('',(0.0,1.0,-0.0));
#663=DIRECTION('',(-0.0140987945,0.0,0.9999006071));
#664=AXIS2_PLACEMENT_3D('',#661,#662,#663);
#665=PLANE('',#664);
#666=ADVANCED_FACE('no 24614',(#660),#665,.T.);
#667=CARTESIAN_POINT('',(0.0456091,0.00399484,0.013));
#668=VERTEX_POINT('',#667);
#669=CARTESIAN_POINT('',(0.1584082449,0.0011948587,0.013));
#670=DIRECTION('',(-0.9996920587,0.0248150731,0.0));
#671=VECTOR('',#670,1.0);
#672=LINE('',#669,#671);
#673=EDGE_CURVE('no 22522',#419,#668,#672,.T.);
#674=ORIENTED_EDGE('no 22525',*,*,#673,.F.);
#675=ORIENTED_EDGE('no 22524',*,*,#424,.F.);
#676=CARTESIAN_POINT('',(0.0406542784,0.0012201399,0.013));
#677=DIRECTION('',(0.8725060159,0.4886033689,0.0));
#678=VECTOR('',#677,1.0);
#679=LINE('',#676,#678);
#680=EDGE_CURVE('no 22499',#96,#668,#679,.T.);
#681=ORIENTED_EDGE('no 22523',*,*,#680,.T.);
#682=EDGE_LOOP('',(#674,#675,#681));
#683=FACE_OUTER_BOUND('',#682,.T.);
#684=CARTESIAN_POINT('',(0.0456091,0.00399484,0.013));
#685=DIRECTION('',(0.0,0.0,1.0));
#686=DIRECTION('',(-0.8730129729,-0.4876969849,0.0));
#687=AXIS2_PLACEMENT_3D('',#684,#685,#686);
#688=PLANE('',#687);
#689=ADVANCED_FACE('no 22533',(#683),#688,.F.);
#690=ORIENTED_EDGE('no 4892',*,*,#432,.F.);
#691=CARTESIAN_POINT('',(0.158409,0.0919948,0.016));
#692=VERTEX_POINT('',#691);
#693=CARTESIAN_POINT('',(0.158409,0.00122528,0.013));
#694=DIRECTION('',(0.0,0.9994542713,0.0330327054));
#695=VECTOR('',#694,1.0);
#696=LINE('',#693,#695);
#697=EDGE_CURVE('no 4891',#427,#692,#696,.T.);
#698=ORIENTED_EDGE('no 4893',*,*,#697,.T.);
#699=CARTESIAN_POINT('',(0.158409,0.00119484,0.016));
#700=DIRECTION('',(0.0,1.0,0.0));
#701=VECTOR('',#700,1.0);
#702=LINE('',#699,#701);
#703=EDGE_CURVE('no 2585',#234,#692,#702,.T.);
#704=ORIENTED_EDGE('no 4894',*,*,#703,.F.);
#705=EDGE_LOOP('',(#690,#698,#704));
#706=FACE_OUTER_BOUND('',#705,.T.);
#707=CARTESIAN_POINT('',(0.158409,0.00119484,0.016));
#708=DIRECTION('',(1.0,-0.0,0.0));
#709=DIRECTION('',(0.0,0.010147595,-0.9999485118));
#710=AXIS2_PLACEMENT_3D('',#707,#708,#709);
#711=PLANE('',#710);
#712=ADVANCED_FACE('no 4902',(#706),#711,.T.);
#713=CARTESIAN_POINT('',(0.0450397,0.0040698,0.016));
#714=VERTEX_POINT('',#713);
#715=CARTESIAN_POINT('',(0.0406091,0.00119484,0.016));
#716=DIRECTION('',(0.8388699148,0.5443319447,0.0));
#717=VECTOR('',#716,1.0);
#718=LINE('',#715,#717);
#719=EDGE_CURVE('no 167',#17,#714,#718,.T.);
#720=ORIENTED_EDGE('no 203',*,*,#719,.F.);
#721=ORIENTED_EDGE('no 204',*,*,#448,.T.);
#722=CARTESIAN_POINT('',(0.0456091,0.00399484,0.016));
#723=DIRECTION('',(-0.9914455221,0.1305211737,0.0));
#724=VECTOR('',#723,1.0);
#725=LINE('',#722,#724);
#726=EDGE_CURVE('no 202',#443,#714,#725,.T.);
#727=ORIENTED_EDGE('no 205',*,*,#726,.T.);
#728=EDGE_LOOP('',(#720,#721,#727));
#729=FACE_OUTER_BOUND('',#728,.T.);
#730=CARTESIAN_POINT('',(0.0450397,0.0040698,0.016));
#731=DIRECTION('',(0.0,0.0,1.0));
#732=DIRECTION('',(-0.8388699148,-0.5443319447,0.0));
#733=AXIS2_PLACEMENT_3D('',#730,#731,#732);
#734=PLANE('',#733);
#735=ADVANCED_FACE('no 213',(#729),#734,.T.);
#736=ORIENTED_EDGE('no 261',*,*,#455,.F.);
#737=CARTESIAN_POINT('',(0.0461785,0.0040698,0.016));
#738=VERTEX_POINT('',#737);
#739=CARTESIAN_POINT('',(0.158409,0.00119484,0.016));
#740=DIRECTION('',(-0.9996720572,0.0256081651,0.0));
#741=VECTOR('',#740,1.0);
#742=LINE('',#739,#741);
#743=EDGE_CURVE('no 254',#234,#738,#742,.T.);
#744=ORIENTED_EDGE('no 262',*,*,#743,.T.);
#745=CARTESIAN_POINT('',(0.0461785,0.0040698,0.016));
#746=DIRECTION('',(-0.9914455221,-0.1305211737,0.0));
#747=VECTOR('',#746,1.0);
#748=LINE('',#745,#747);
#749=EDGE_CURVE('no 260',#738,#443,#748,.T.);
#750=ORIENTED_EDGE('no 263',*,*,#749,.T.);
#751=EDGE_LOOP('',(#736,#744,#750));
#752=FACE_OUTER_BOUND('',#751,.T.);
#753=CARTESIAN_POINT('',(0.0456091,0.00399484,0.016));
#754=DIRECTION('',(-0.0,0.0,1.0));
#755=DIRECTION('',(0.999692058,-0.0248151014,0.0));
#756=AXIS2_PLACEMENT_3D('',#753,#754,#755);
#757=PLANE('',#756);
#758=ADVANCED_FACE('no 271',(#752),#757,.T.);
#759=ORIENTED_EDGE('no 174',*,*,#472,.F.);
#760=ORIENTED_EDGE('no 175',*,*,#719,.T.);
#761=CARTESIAN_POINT('',(0.0450397,0.0040698,0.016));
#762=DIRECTION('',(-0.923880589,0.3826808817,0.0));
#763=VECTOR('',#762,1.0);
#764=LINE('',#761,#763);
#765=EDGE_CURVE('no 173',#714,#467,#764,.T.);
#766=ORIENTED_EDGE('no 176',*,*,#765,.T.);
#767=EDGE_LOOP('',(#759,#760,#766));
#768=FACE_OUTER_BOUND('',#767,.T.);
#769=CARTESIAN_POINT('',(0.0445091,0.00428958,0.016));
#770=DIRECTION('',(0.0,0.0,1.0));
#771=DIRECTION('',(-0.783337123,-0.6215970976,0.0));
#772=AXIS2_PLACEMENT_3D('',#769,#770,#771);
#773=PLANE('',#772);
#774=ADVANCED_FACE('no 184',(#768),#773,.T.);
#775=CARTESIAN_POINT('',(0.0445091,0.00428958,0.013));
#776=VERTEX_POINT('',#775);
#777=CARTESIAN_POINT('',(0.0440534,0.0046392,0.016));
#778=DIRECTION('',(0.1491903087,-0.1144610834,-0.9821613473));
#779=VECTOR('',#778,1.0);
#780=LINE('',#777,#779);
#781=EDGE_CURVE('no 7792',#257,#776,#780,.T.);
#782=ORIENTED_EDGE('no 7822',*,*,#781,.F.);
#783=ORIENTED_EDGE('no 7823',*,*,#478,.F.);
#784=CARTESIAN_POINT('',(0.0445091,0.00428958,0.013));
#785=DIRECTION('',(0.0,0.0,1.0));
#786=VECTOR('',#785,1.0);
#787=LINE('',#784,#786);
#788=EDGE_CURVE('no 7752',#776,#467,#787,.T.);
#789=ORIENTED_EDGE('no 7824',*,*,#788,.F.);
#790=EDGE_LOOP('',(#782,#783,#789));
#791=FACE_OUTER_BOUND('',#790,.T.);
#792=CARTESIAN_POINT('',(0.0445091,0.00428958,0.013));
#793=DIRECTION('',(0.6087597684,0.7933546145,-0.000000266));
#794=DIRECTION('',(-0.1491700476,0.1144620366,0.9821643137));
#795=AXIS2_PLACEMENT_3D('',#792,#793,#794);
#796=PLANE('',#795);
#797=ADVANCED_FACE('no 7832',(#791),#796,.T.);
#798=ORIENTED_EDGE('no 7851',*,*,#494,.T.);
#799=CARTESIAN_POINT('',(0.0440534,0.0046392,0.013));
#800=VERTEX_POINT('',#799);
#801=CARTESIAN_POINT('',(0.0440534,0.0046392,0.013));
#802=DIRECTION('',(0.0,0.0,1.0));
#803=VECTOR('',#802,1.0);
#804=LINE('',#801,#803);
#805=EDGE_CURVE('no 7804',#800,#257,#804,.T.);
#806=ORIENTED_EDGE('no 7852',*,*,#805,.F.);
#807=CARTESIAN_POINT('',(0.0440534,0.0046392,0.013));
#808=DIRECTION('',(-0.6087341738,0.7933742532,0.0));
#809=VECTOR('',#808,1.0);
#810=LINE('',#807,#809);
#811=EDGE_CURVE('no 7850',#800,#489,#810,.T.);
#812=ORIENTED_EDGE('no 7853',*,*,#811,.T.);
#813=EDGE_LOOP('',(#798,#806,#812));
#814=FACE_OUTER_BOUND('',#813,.T.);
#815=CARTESIAN_POINT('',(0.0437038,0.00509484,0.013));
#816=DIRECTION('',(0.7933520747,0.6087630783,-0.0000000871));
#817=DIRECTION('',(0.1144620536,-0.1491690699,0.9821644602));
#818=AXIS2_PLACEMENT_3D('',#815,#816,#817);
#819=PLANE('',#818);
#820=ADVANCED_FACE('no 7861',(#814),#819,.T.);
#821=ORIENTED_EDGE('no 22410',*,*,#517,.F.);
#822=CARTESIAN_POINT('',(0.0406514,0.00122528,0.013));
#823=DIRECTION('',(0.6193297796,0.7851309599,0.0));
#824=VECTOR('',#823,1.0);
#825=LINE('',#822,#824);
#826=EDGE_CURVE('no 22407',#529,#489,#825,.T.);
#827=ORIENTED_EDGE('no 22409',*,*,#826,.F.);
#828=ORIENTED_EDGE('no 22408',*,*,#534,.T.);
#829=EDGE_LOOP('',(#821,#827,#828));
#830=FACE_OUTER_BOUND('',#829,.T.);
#831=CARTESIAN_POINT('',(0.043484,0.00562543,0.013));
#832=DIRECTION('',(0.0,0.0,1.0));
#833=DIRECTION('',(-0.5412972131,-0.840831331,0.0));
#834=AXIS2_PLACEMENT_3D('',#831,#832,#833);
#835=PLANE('',#834);
#836=ADVANCED_FACE('no 22418',(#830),#835,.F.);
#837=CARTESIAN_POINT('',(0.0406514,0.0919948,0.013));
#838=VERTEX_POINT('',#837);
#839=CARTESIAN_POINT('',(0.0406514,0.0919948,0.013));
#840=DIRECTION('',(0.0,-1.0,0.0));
#841=VECTOR('',#840,1.0);
#842=LINE('',#839,#841);
#843=EDGE_CURVE('no 10012',#838,#529,#842,.T.);
#844=ORIENTED_EDGE('no 22364',*,*,#843,.F.);
#845=CARTESIAN_POINT('',(0.0406514,0.0919948,0.013));
#846=DIRECTION('',(0.0321244519,-0.9994838766,0.0));
#847=VECTOR('',#846,1.0);
#848=LINE('',#845,#847);
#849=EDGE_CURVE('no 21212',#838,#141,#848,.T.);
#850=ORIENTED_EDGE('no 22363',*,*,#849,.T.);
#851=ORIENTED_EDGE('no 22362',*,*,#540,.F.);
#852=EDGE_LOOP('',(#844,#850,#851));
#853=FACE_OUTER_BOUND('',#852,.T.);
#854=CARTESIAN_POINT('',(0.0406514,0.00122528,0.013));
#855=DIRECTION('',(0.0,-0.0,1.0));
#856=DIRECTION('',(0.4852180907,0.8743931635,0.0));
#857=AXIS2_PLACEMENT_3D('',#854,#855,#856);
#858=PLANE('',#857);
#859=ADVANCED_FACE('no 22372',(#853),#858,.F.);
#860=CARTESIAN_POINT('',(0.043484,0.0864254,0.013));
#861=VERTEX_POINT('',#860);
#862=CARTESIAN_POINT('',(0.043484,0.0864254,0.013));
#863=DIRECTION('',(-0.1304184788,0.9914590362,0.0));
#864=VECTOR('',#863,1.0);
#865=LINE('',#862,#864);
#866=EDGE_CURVE('no 21588',#861,#552,#865,.T.);
#867=ORIENTED_EDGE('no 21591',*,*,#866,.F.);
#868=CARTESIAN_POINT('',(0.043484,0.00676424,0.013));
#869=DIRECTION('',(0.0,1.0,0.0));
#870=VECTOR('',#869,1.0);
#871=LINE('',#868,#870);
#872=EDGE_CURVE('no 21582',#318,#861,#871,.T.);
#873=ORIENTED_EDGE('no 21590',*,*,#872,.F.);
#874=ORIENTED_EDGE('no 21589',*,*,#563,.T.);
#875=EDGE_LOOP('',(#867,#873,#874));
#876=FACE_OUTER_BOUND('',#875,.T.);
#877=CARTESIAN_POINT('',(0.0434091,0.0869948,0.013));
#878=DIRECTION('',(0.0,0.0,1.0));
#879=DIRECTION('',(0.0009343096,-0.9999995635,0.0));
#880=AXIS2_PLACEMENT_3D('',#877,#878,#879);
#881=PLANE('',#880);
#882=ADVANCED_FACE('no 21599',(#876),#881,.F.);
#883=ORIENTED_EDGE('no 21221',*,*,#557,.F.);
#884=ORIENTED_EDGE('no 21220',*,*,#849,.F.);
#885=CARTESIAN_POINT('',(0.0406514,0.0919948,0.013));
#886=DIRECTION('',(0.4829538833,-0.8756457883,0.0));
#887=VECTOR('',#886,1.0);
#888=LINE('',#885,#887);
#889=EDGE_CURVE('no 21183',#838,#552,#888,.T.);
#890=ORIENTED_EDGE('no 21219',*,*,#889,.T.);
#891=EDGE_LOOP('',(#883,#884,#890));
#892=FACE_OUTER_BOUND('',#891,.T.);
#893=CARTESIAN_POINT('',(0.0434091,0.0869948,0.013));
#894=DIRECTION('',(0.0,0.0,1.0));
#895=DIRECTION('',(-0.4829538833,0.8756457883,0.0));
#896=AXIS2_PLACEMENT_3D('',#893,#894,#895);
#897=PLANE('',#896);
#898=ADVANCED_FACE('no 21229',(#892),#897,.F.);
#899=CARTESIAN_POINT('',(0.0445091,0.0889001,0.016));
#900=VERTEX_POINT('',#899);
#901=CARTESIAN_POINT('',(0.0406091,0.0919948,0.016));
#902=DIRECTION('',(0.783337123,-0.6215970976,0.0));
#903=VECTOR('',#902,1.0);
#904=LINE('',#901,#903);
#905=EDGE_CURVE('no 1449',#27,#900,#904,.T.);
#906=ORIENTED_EDGE('no 1485',*,*,#905,.F.);
#907=ORIENTED_EDGE('no 1486',*,*,#579,.T.);
#908=CARTESIAN_POINT('',(0.0440534,0.0885505,0.016));
#909=DIRECTION('',(0.793356465,0.6087573568,0.0));
#910=VECTOR('',#909,1.0);
#911=LINE('',#908,#910);
#912=EDGE_CURVE('no 1484',#574,#900,#911,.T.);
#913=ORIENTED_EDGE('no 1487',*,*,#912,.T.);
#914=EDGE_LOOP('',(#906,#907,#913));
#915=FACE_OUTER_BOUND('',#914,.T.);
#916=CARTESIAN_POINT('',(0.0445091,0.0889001,0.016));
#917=DIRECTION('',(0.0,0.0,1.0));
#918=DIRECTION('',(-0.783337123,0.6215970976,0.0));
#919=AXIS2_PLACEMENT_3D('',#916,#917,#918);
#920=PLANE('',#919);
#921=ADVANCED_FACE('no 1495',(#915),#920,.T.);
#922=ORIENTED_EDGE('no 8082',*,*,#625,.F.);
#923=CARTESIAN_POINT('',(0.0437038,0.00729484,0.013));
#924=DIRECTION('',(0.0,0.0,1.0));
#925=VECTOR('',#924,1.0);
#926=LINE('',#923,#925);
#927=EDGE_CURVE('no 8081',#620,#598,#926,.T.);
#928=ORIENTED_EDGE('no 8083',*,*,#927,.T.);
#929=ORIENTED_EDGE('no 8084',*,*,#603,.F.);
#930=EDGE_LOOP('',(#922,#928,#929));
#931=FACE_OUTER_BOUND('',#930,.T.);
#932=CARTESIAN_POINT('',(0.043484,0.00676424,0.016));
#933=DIRECTION('',(0.9238792472,-0.3826841211,0.0000000904));
#934=DIRECTION('',(0.0719537371,0.1737110895,-0.9821645061));
#935=AXIS2_PLACEMENT_3D('',#932,#933,#934);
#936=PLANE('',#935);
#937=ADVANCED_FACE('no 8092',(#931),#936,.T.);
#938=ORIENTED_EDGE('no 3392',*,*,#609,.F.);
#939=CARTESIAN_POINT('',(0.0437038,0.0858948,0.016));
#940=VERTEX_POINT('',#939);
#941=CARTESIAN_POINT('',(0.0437038,0.00729484,0.016));
#942=DIRECTION('',(0.0,1.0,0.0));
#943=VECTOR('',#942,1.0);
#944=LINE('',#941,#943);
#945=EDGE_CURVE('no 3385',#598,#940,#944,.T.);
#946=ORIENTED_EDGE('no 3393',*,*,#945,.T.);
#947=CARTESIAN_POINT('',(0.0437038,0.0858948,0.016));
#948=DIRECTION('',(-0.3826870194,0.9238780467,0.0));
#949=VECTOR('',#948,1.0);
#950=LINE('',#947,#949);
#951=EDGE_CURVE('no 3391',#940,#365,#950,.T.);
#952=ORIENTED_EDGE('no 3394',*,*,#951,.T.);
#953=EDGE_LOOP('',(#938,#946,#952));
#954=FACE_OUTER_BOUND('',#953,.T.);
#955=CARTESIAN_POINT('',(0.043484,0.0864254,0.016));
#956=DIRECTION('',(0.0,0.0,1.0));
#957=DIRECTION('',(0.0027774404,-0.9999961429,0.0));
#958=AXIS2_PLACEMENT_3D('',#955,#956,#957);
#959=PLANE('',#958);
#960=ADVANCED_FACE('no 3402',(#954),#959,.T.);
#961=CARTESIAN_POINT('',(0.0437038,0.00729484,0.013));
#962=DIRECTION('',(-0.0027774404,0.9999961429,0.0));
#963=VECTOR('',#962,1.0);
#964=LINE('',#961,#963);
#965=EDGE_CURVE('no 21611',#620,#861,#964,.T.);
#966=ORIENTED_EDGE('no 21614',*,*,#965,.F.);
#967=ORIENTED_EDGE('no 21613',*,*,#632,.F.);
#968=ORIENTED_EDGE('no 21612',*,*,#872,.T.);
#969=EDGE_LOOP('',(#966,#967,#968));
#970=FACE_OUTER_BOUND('',#969,.T.);
#971=CARTESIAN_POINT('',(0.043484,0.0864254,0.013));
#972=DIRECTION('',(0.0,0.0,1.0));
#973=DIRECTION('',(0.0,-1.0,0.0));
#974=AXIS2_PLACEMENT_3D('',#971,#972,#973);
#975=PLANE('',#974);
#976=ADVANCED_FACE('no 21622',(#970),#975,.F.);
#977=ORIENTED_EDGE('no 24633',*,*,#649,.F.);
#978=CARTESIAN_POINT('',(0.0586275,0.0920253,0.013));
#979=VERTEX_POINT('',#978);
#980=CARTESIAN_POINT('',(0.0406091,0.0919948,0.016));
#981=DIRECTION('',(0.9864197599,0.0016697267,-0.1642354082));
#982=VECTOR('',#981,1.0);
#983=LINE('',#980,#982);
#984=EDGE_CURVE('no 24626',#27,#979,#983,.T.);
#985=ORIENTED_EDGE('no 24634',*,*,#984,.T.);
#986=CARTESIAN_POINT('',(0.0586273834,0.0920252996,0.013));
#987=DIRECTION('',(-0.9999926889,-0.003823896,0.0));
#988=VECTOR('',#987,1.0);
#989=LINE('',#986,#988);
#990=EDGE_CURVE('no 24632',#979,#644,#989,.T.);
#991=ORIENTED_EDGE('no 24635',*,*,#990,.T.);
#992=EDGE_LOOP('',(#977,#985,#991));
#993=FACE_OUTER_BOUND('',#992,.T.);
#994=CARTESIAN_POINT('',(0.0506514,0.0919948,0.013));
#995=DIRECTION('',(0.0,1.0,-0.0));
#996=DIRECTION('',(-0.9581588613,0.0,0.2862369586));
#997=AXIS2_PLACEMENT_3D('',#994,#995,#996);
#998=PLANE('',#997);
#999=ADVANCED_FACE('no 24643',(#993),#998,.T.);
#1000=CARTESIAN_POINT('',(0.0450397,0.0040698,0.013));
#1001=VERTEX_POINT('',#1000);
#1002=CARTESIAN_POINT('',(0.0456091,0.00399484,0.013));
#1003=DIRECTION('',(-0.9914447592,0.1305269683,0.0));
#1004=VECTOR('',#1003,1.0);
#1005=LINE('',#1002,#1004);
#1006=EDGE_CURVE('no 7694',#668,#1001,#1005,.T.);
#1007=ORIENTED_EDGE('no 22502',*,*,#1006,.F.);
#1008=ORIENTED_EDGE('no 22501',*,*,#680,.F.);
#1009=CARTESIAN_POINT('',(0.0406514,0.00122528,0.013));
#1010=DIRECTION('',(0.8391311711,0.5439291109,0.0));
#1011=VECTOR('',#1010,1.0);
#1012=LINE('',#1009,#1011);
#1013=EDGE_CURVE('no 22476',#529,#1001,#1012,.T.);
#1014=ORIENTED_EDGE('no 22500',*,*,#1013,.T.);
#1015=EDGE_LOOP('',(#1007,#1008,#1014));
#1016=FACE_OUTER_BOUND('',#1015,.T.);
#1017=CARTESIAN_POINT('',(0.0450397,0.0040698,0.013));
#1018=DIRECTION('',(0.0,0.0,1.0));
#1019=DIRECTION('',(-0.8391311711,-0.5439291109,0.0));
#1020=AXIS2_PLACEMENT_3D('',#1017,#1018,#1019);
#1021=PLANE('',#1020);
#1022=ADVANCED_FACE('no 22510',(#1016),#1021,.F.);
#1023=CARTESIAN_POINT('',(0.0459525,0.00404005,0.013));
#1024=VERTEX_POINT('',#1023);
#1025=CARTESIAN_POINT('',(0.0459525,0.00404005,0.013));
#1026=DIRECTION('',(-0.9914446625,-0.1305277029,0.0));
#1027=VECTOR('',#1026,1.0);
#1028=LINE('',#1025,#1027);
#1029=EDGE_CURVE('no 7613',#1024,#668,#1028,.T.);
#1030=ORIENTED_EDGE('no 22548',*,*,#1029,.F.);
#1031=CARTESIAN_POINT('',(0.1584082303,0.0011948595,0.013));
#1032=DIRECTION('',(-0.999680095,0.0252924447,0.0));
#1033=VECTOR('',#1032,1.0);
#1034=LINE('',#1031,#1033);
#1035=EDGE_CURVE('no 22545',#419,#1024,#1034,.T.);
#1036=ORIENTED_EDGE('no 22547',*,*,#1035,.F.);
#1037=ORIENTED_EDGE('no 22546',*,*,#673,.T.);
#1038=EDGE_LOOP('',(#1030,#1036,#1037));
#1039=FACE_OUTER_BOUND('',#1038,.T.);
#1040=CARTESIAN_POINT('',(0.0456091,0.00399484,0.013));
#1041=DIRECTION('',(-0.0,0.0,1.0));
#1042=DIRECTION('',(0.9996987165,-0.024545393,0.0));
#1043=AXIS2_PLACEMENT_3D('',#1040,#1041,#1042);
#1044=PLANE('',#1043);
#1045=ADVANCED_FACE('no 22556',(#1039),#1044,.F.);
#1046=ORIENTED_EDGE('no 4921',*,*,#697,.F.);
#1047=CARTESIAN_POINT('',(0.158409,0.0919948,0.013));
#1048=VERTEX_POINT('',#1047);
#1049=CARTESIAN_POINT('',(0.158409,0.00122528,0.013));
#1050=DIRECTION('',(0.0,1.0,0.0));
#1051=VECTOR('',#1050,1.0);
#1052=LINE('',#1049,#1051);
#1053=EDGE_CURVE('no 4914',#427,#1048,#1052,.T.);
#1054=ORIENTED_EDGE('no 4922',*,*,#1053,.T.);
#1055=CARTESIAN_POINT('',(0.158409,0.0919948,0.013));
#1056=VERTEX_POINT('',#1055);
#1057=CARTESIAN_POINT('',(0.158409,0.0919948,0.013));
#1058=DIRECTION('',(0.0,0.0,1.0));
#1059=VECTOR('',#1058,1.0);
#1060=LINE('',#1057,#1059);
#1061=EDGE_CURVE('no 4920',#1056,#692,#1060,.T.);
#1062=ORIENTED_EDGE('no 4923',*,*,#1061,.T.);
#1063=EDGE_LOOP('',(#1046,#1054,#1062));
#1064=FACE_OUTER_BOUND('',#1063,.T.);
#1065=CARTESIAN_POINT('',(0.158409,0.0919948,0.016));
#1066=DIRECTION('',(1.0,0.0,0.0));
#1067=DIRECTION('',(0.0,-0.9994542712,-0.033032709));
#1068=AXIS2_PLACEMENT_3D('',#1065,#1066,#1067);
#1069=PLANE('',#1068);
#1070=ADVANCED_FACE('no 4931',(#1064),#1069,.T.);
#1071=CARTESIAN_POINT('',(0.155609,0.0869948,0.016));
#1072=VERTEX_POINT('',#1071);
#1073=CARTESIAN_POINT('',(0.155609,0.0869948,0.016));
#1074=DIRECTION('',(0.4886038561,0.8725057431,0.0));
#1075=VECTOR('',#1074,1.0);
#1076=LINE('',#1073,#1075);
#1077=EDGE_CURVE('no 2562',#1072,#692,#1076,.T.);
#1078=ORIENTED_EDGE('no 2586',*,*,#1077,.F.);
#1079=CARTESIAN_POINT('',(0.158409,0.00119484,0.016));
#1080=DIRECTION('',(-0.0326166844,0.9994679344,0.0));
#1081=VECTOR('',#1080,1.0);
#1082=LINE('',#1079,#1081);
#1083=EDGE_CURVE('no 1356',#234,#1072,#1082,.T.);
#1084=ORIENTED_EDGE('no 2587',*,*,#1083,.F.);
#1085=ORIENTED_EDGE('no 2588',*,*,#703,.T.);
#1086=EDGE_LOOP('',(#1078,#1084,#1085));
#1087=FACE_OUTER_BOUND('',#1086,.T.);
#1088=CARTESIAN_POINT('',(0.158409,0.0919948,0.016));
#1089=DIRECTION('',(0.0,0.0,1.0));
#1090=DIRECTION('',(-0.4886038561,-0.8725057431,0.0));
#1091=AXIS2_PLACEMENT_3D('',#1088,#1089,#1090);
#1092=PLANE('',#1091);
#1093=ADVANCED_FACE('no 2596',(#1087),#1092,.T.);
#1094=CARTESIAN_POINT('',(0.0450397,0.0040698,0.016));
#1095=DIRECTION('',(0.1864148359,-0.0245410188,-0.9821645724));
#1096=VECTOR('',#1095,1.0);
#1097=LINE('',#1094,#1096);
#1098=EDGE_CURVE('no 7688',#714,#668,#1097,.T.);
#1099=ORIENTED_EDGE('no 7718',*,*,#1098,.F.);
#1100=ORIENTED_EDGE('no 7719',*,*,#726,.F.);
#1101=CARTESIAN_POINT('',(0.0456091,0.00399484,0.013));
#1102=DIRECTION('',(0.0,0.0,1.0));
#1103=VECTOR('',#1102,1.0);
#1104=LINE('',#1101,#1103);
#1105=EDGE_CURVE('no 7619',#668,#443,#1104,.T.);
#1106=ORIENTED_EDGE('no 7720',*,*,#1105,.F.);
#1107=EDGE_LOOP('',(#1099,#1100,#1106));
#1108=FACE_OUTER_BOUND('',#1107,.T.);
#1109=CARTESIAN_POINT('',(0.0456091,0.00399484,0.013));
#1110=DIRECTION('',(0.1305269534,0.9914447612,0.0000000783));
#1111=DIRECTION('',(-0.186416059,0.0245422078,0.9821643106));
#1112=AXIS2_PLACEMENT_3D('',#1109,#1110,#1111);
#1113=PLANE('',#1112);
#1114=ADVANCED_FACE('no 7728',(#1108),#1113,.T.);
#1115=ORIENTED_EDGE('no 290',*,*,#743,.F.);
#1116=CARTESIAN_POINT('',(0.0467091,0.00428958,0.016));
#1117=VERTEX_POINT('',#1116);
#1118=CARTESIAN_POINT('',(0.158409,0.00119484,0.016));
#1119=DIRECTION('',(-0.9996164139,0.0276952164,0.0));
#1120=VECTOR('',#1119,1.0);
#1121=LINE('',#1118,#1120);
#1122=EDGE_CURVE('no 283',#234,#1117,#1121,.T.);
#1123=ORIENTED_EDGE('no 291',*,*,#1122,.T.);
#1124=CARTESIAN_POINT('',(0.0467091,0.00428958,0.016));
#1125=DIRECTION('',(-0.923880589,-0.3826808817,0.0));
#1126=VECTOR('',#1125,1.0);
#1127=LINE('',#1124,#1126);
#1128=EDGE_CURVE('no 289',#1117,#738,#1127,.T.);
#1129=ORIENTED_EDGE('no 292',*,*,#1128,.T.);
#1130=EDGE_LOOP('',(#1115,#1123,#1129));
#1131=FACE_OUTER_BOUND('',#1130,.T.);
#1132=CARTESIAN_POINT('',(0.0461785,0.0040698,0.016));
#1133=DIRECTION('',(-0.0,0.0,1.0));
#1134=DIRECTION('',(0.9996720562,-0.0256082014,0.0));
#1135=AXIS2_PLACEMENT_3D('',#1132,#1133,#1134);
#1136=PLANE('',#1135);
#1137=ADVANCED_FACE('no 300',(#1131),#1136,.T.);
#1138=CARTESIAN_POINT('',(0.0461785,0.0040698,0.013));
#1139=VERTEX_POINT('',#1138);
#1140=CARTESIAN_POINT('',(0.0456091,0.00399484,0.016));
#1141=DIRECTION('',(0.1864148359,0.0245410188,-0.9821645724));
#1142=VECTOR('',#1141,1.0);
#1143=LINE('',#1140,#1142);
#1144=EDGE_CURVE('no 7642',#443,#1139,#1143,.T.);
#1145=ORIENTED_EDGE('no 7666',*,*,#1144,.F.);
#1146=ORIENTED_EDGE('no 7667',*,*,#749,.F.);
#1147=CARTESIAN_POINT('',(0.0461785,0.0040698,0.013));
#1148=DIRECTION('',(0.0,0.0,1.0));
#1149=VECTOR('',#1148,1.0);
#1150=LINE('',#1147,#1149);
#1151=EDGE_CURVE('no 7567',#1139,#738,#1150,.T.);
#1152=ORIENTED_EDGE('no 7668',*,*,#1151,.F.);
#1153=EDGE_LOOP('',(#1145,#1146,#1152));
#1154=FACE_OUTER_BOUND('',#1153,.T.);
#1155=CARTESIAN_POINT('',(0.0461785,0.0040698,0.013));
#1156=DIRECTION('',(-0.1305269778,0.991444758,0.0000000499));
#1157=DIRECTION('',(-0.1864149106,-0.0245421882,0.982164529));
#1158=AXIS2_PLACEMENT_3D('',#1155,#1156,#1157);
#1159=PLANE('',#1158);
#1160=ADVANCED_FACE('no 7676',(#1154),#1159,.T.);
#1161=CARTESIAN_POINT('',(0.0445091,0.00428958,0.016));
#1162=DIRECTION('',(0.1737121345,-0.0719533602,-0.9821643489));
#1163=VECTOR('',#1162,1.0);
#1164=LINE('',#1161,#1163);
#1165=EDGE_CURVE('no 7740',#467,#1001,#1164,.T.);
#1166=ORIENTED_EDGE('no 7770',*,*,#1165,.F.);
#1167=ORIENTED_EDGE('no 7771',*,*,#765,.F.);
#1168=CARTESIAN_POINT('',(0.0450397,0.0040698,0.013));
#1169=DIRECTION('',(0.0,0.0,1.0));
#1170=VECTOR('',#1169,1.0);
#1171=LINE('',#1168,#1170);
#1172=EDGE_CURVE('no 7700',#1001,#714,#1171,.T.);
#1173=ORIENTED_EDGE('no 7772',*,*,#1172,.F.);
#1174=EDGE_LOOP('',(#1166,#1167,#1173));
#1175=FACE_OUTER_BOUND('',#1174,.T.);
#1176=CARTESIAN_POINT('',(0.0450397,0.0040698,0.013));
#1177=DIRECTION('',(0.3826841211,0.9238792472,-0.0000000904));
#1178=DIRECTION('',(-0.1737109189,0.0719536664,0.9821645415));
#1179=AXIS2_PLACEMENT_3D('',#1176,#1177,#1178);
#1180=PLANE('',#1179);
#1181=ADVANCED_FACE('no 7780',(#1175),#1180,.T.);
#1182=ORIENTED_EDGE('no 7805',*,*,#781,.T.);
#1183=CARTESIAN_POINT('',(0.0445091,0.00428958,0.013));
#1184=DIRECTION('',(-0.7933546455,0.608759728,0.0));
#1185=VECTOR('',#1184,1.0);
#1186=LINE('',#1183,#1185);
#1187=EDGE_CURVE('no 7798',#776,#800,#1186,.T.);
#1188=ORIENTED_EDGE('no 7806',*,*,#1187,.T.);
#1189=ORIENTED_EDGE('no 7807',*,*,#805,.T.);
#1190=EDGE_LOOP('',(#1182,#1188,#1189));
#1191=FACE_OUTER_BOUND('',#1190,.T.);
#1192=CARTESIAN_POINT('',(0.0440534,0.0046392,0.016));
#1193=DIRECTION('',(0.6087597684,0.7933546145,-0.000000266));
#1194=DIRECTION('',(0.1491700476,-0.1144620366,-0.9821643137));
#1195=AXIS2_PLACEMENT_3D('',#1192,#1193,#1194);
#1196=PLANE('',#1195);
#1197=ADVANCED_FACE('no 7815',(#1191),#1196,.T.);
#1198=ORIENTED_EDGE('no 7753',*,*,#1165,.T.);
#1199=CARTESIAN_POINT('',(0.0450397,0.0040698,0.013));
#1200=DIRECTION('',(-0.9238792538,0.3826841051,0.0));
#1201=VECTOR('',#1200,1.0);
#1202=LINE('',#1199,#1201);
#1203=EDGE_CURVE('no 7746',#1001,#776,#1202,.T.);
#1204=ORIENTED_EDGE('no 7754',*,*,#1203,.T.);
#1205=ORIENTED_EDGE('no 7755',*,*,#788,.T.);
#1206=EDGE_LOOP('',(#1198,#1204,#1205));
#1207=FACE_OUTER_BOUND('',#1206,.T.);
#1208=CARTESIAN_POINT('',(0.0445091,0.00428958,0.016));
#1209=DIRECTION('',(0.3826841211,0.9238792472,-0.0000000904));
#1210=DIRECTION('',(0.1737109189,-0.0719536664,-0.9821645415));
#1211=AXIS2_PLACEMENT_3D('',#1208,#1209,#1210);
#1212=PLANE('',#1211);
#1213=ADVANCED_FACE('no 7763',(#1207),#1212,.T.);
#1214=ORIENTED_EDGE('no 22433',*,*,#811,.F.);
#1215=CARTESIAN_POINT('',(0.0406514,0.00122528,0.013));
#1216=DIRECTION('',(0.7058757119,0.7083357109,0.0));
#1217=VECTOR('',#1216,1.0);
#1218=LINE('',#1215,#1217);
#1219=EDGE_CURVE('no 22430',#529,#800,#1218,.T.);
#1220=ORIENTED_EDGE('no 22432',*,*,#1219,.F.);
#1221=ORIENTED_EDGE('no 22431',*,*,#826,.T.);
#1222=EDGE_LOOP('',(#1214,#1220,#1221));
#1223=FACE_OUTER_BOUND('',#1222,.T.);
#1224=CARTESIAN_POINT('',(0.0437038,0.00509484,0.013));
#1225=DIRECTION('',(0.0,0.0,1.0));
#1226=DIRECTION('',(-0.6193360258,-0.7851260327,0.0));
#1227=AXIS2_PLACEMENT_3D('',#1224,#1225,#1226);
#1228=PLANE('',#1227);
#1229=ADVANCED_FACE('no 22441',(#1223),#1228,.F.);
#1230=CARTESIAN_POINT('',(0.043484,0.0875642,0.013));
#1231=VERTEX_POINT('',#1230);
#1232=CARTESIAN_POINT('',(0.0434091,0.0869948,0.013));
#1233=DIRECTION('',(0.1305209411,0.9914455527,0.0));
#1234=VECTOR('',#1233,1.0);
#1235=LINE('',#1232,#1234);
#1236=EDGE_CURVE('no 21189',#552,#1231,#1235,.T.);
#1237=ORIENTED_EDGE('no 21192',*,*,#1236,.F.);
#1238=ORIENTED_EDGE('no 21191',*,*,#889,.F.);
#1239=CARTESIAN_POINT('',(0.0406514,0.0919948,0.013));
#1240=VERTEX_POINT('',#1239);
#1241=CARTESIAN_POINT('',(0.0406514,0.0919948,0.013));
#1242=DIRECTION('',(0.5386596536,-0.8425234582,0.0));
#1243=VECTOR('',#1242,1.0);
#1244=LINE('',#1241,#1243);
#1245=EDGE_CURVE('no 21154',#1240,#1231,#1244,.T.);
#1246=ORIENTED_EDGE('no 21190',*,*,#1245,.T.);
#1247=EDGE_LOOP('',(#1237,#1238,#1246));
#1248=FACE_OUTER_BOUND('',#1247,.T.);
#1249=CARTESIAN_POINT('',(0.043484,0.0875642,0.013));
#1250=DIRECTION('',(0.0,0.0,1.0));
#1251=DIRECTION('',(-0.5386596536,0.8425234582,0.0));
#1252=AXIS2_PLACEMENT_3D('',#1249,#1250,#1251);
#1253=PLANE('',#1252);
#1254=ADVANCED_FACE('no 21200',(#1248),#1253,.F.);
#1255=CARTESIAN_POINT('',(0.0450397,0.0891199,0.016));
#1256=VERTEX_POINT('',#1255);
#1257=CARTESIAN_POINT('',(0.0406091,0.0919948,0.016));
#1258=DIRECTION('',(0.8388699148,-0.5443319447,0.0));
#1259=VECTOR('',#1258,1.0);
#1260=LINE('',#1257,#1259);
#1261=EDGE_CURVE('no 1420',#27,#1256,#1260,.T.);
#1262=ORIENTED_EDGE('no 1456',*,*,#1261,.F.);
#1263=ORIENTED_EDGE('no 1457',*,*,#905,.T.);
#1264=CARTESIAN_POINT('',(0.0445091,0.0889001,0.016));
#1265=DIRECTION('',(0.9238768396,0.3826899336,0.0));
#1266=VECTOR('',#1265,1.0);
#1267=LINE('',#1264,#1266);
#1268=EDGE_CURVE('no 1455',#900,#1256,#1267,.T.);
#1269=ORIENTED_EDGE('no 1458',*,*,#1268,.T.);
#1270=EDGE_LOOP('',(#1262,#1263,#1269));
#1271=FACE_OUTER_BOUND('',#1270,.T.);
#1272=CARTESIAN_POINT('',(0.0450397,0.0891199,0.016));
#1273=DIRECTION('',(0.0,0.0,1.0));
#1274=DIRECTION('',(-0.8388699148,0.5443319447,0.0));
#1275=AXIS2_PLACEMENT_3D('',#1272,#1273,#1274);
#1276=PLANE('',#1275);
#1277=ADVANCED_FACE('no 1466',(#1271),#1276,.T.);
#1278=CARTESIAN_POINT('',(0.0440534,0.00775047,0.013));
#1279=VERTEX_POINT('',#1278);
#1280=CARTESIAN_POINT('',(0.0440534,0.00775047,0.013));
#1281=DIRECTION('',(-0.1144550127,-0.1491680133,0.9821654412));
#1282=VECTOR('',#1281,1.0);
#1283=LINE('',#1280,#1282);
#1284=EDGE_CURVE('no 8104',#1279,#598,#1283,.T.);
#1285=ORIENTED_EDGE('no 8111',*,*,#1284,.T.);
#1286=ORIENTED_EDGE('no 8112',*,*,#927,.F.);
#1287=CARTESIAN_POINT('',(0.0437038,0.00729484,0.013));
#1288=DIRECTION('',(0.6087630651,0.7933520849,0.0));
#1289=VECTOR('',#1288,1.0);
#1290=LINE('',#1287,#1289);
#1291=EDGE_CURVE('no 8110',#620,#1279,#1290,.T.);
#1292=ORIENTED_EDGE('no 8113',*,*,#1291,.T.);
#1293=EDGE_LOOP('',(#1285,#1286,#1292));
#1294=FACE_OUTER_BOUND('',#1293,.T.);
#1295=CARTESIAN_POINT('',(0.0440534,0.00775047,0.013));
#1296=DIRECTION('',(0.7933521444,-0.6087629875,-0.0000005108));
#1297=DIRECTION('',(-0.1144620366,-0.1491700476,0.9821643137));
#1298=AXIS2_PLACEMENT_3D('',#1295,#1296,#1297);
#1299=PLANE('',#1298);
#1300=ADVANCED_FACE('no 8121',(#1294),#1299,.T.);
#1301=ORIENTED_EDGE('no 3421',*,*,#945,.F.);
#1302=CARTESIAN_POINT('',(0.0440534,0.00775047,0.016));
#1303=VERTEX_POINT('',#1302);
#1304=CARTESIAN_POINT('',(0.0437038,0.00729484,0.016));
#1305=DIRECTION('',(0.6087425832,0.7933678008,0.0));
#1306=VECTOR('',#1305,1.0);
#1307=LINE('',#1304,#1306);
#1308=EDGE_CURVE('no 3414',#598,#1303,#1307,.T.);
#1309=ORIENTED_EDGE('no 3422',*,*,#1308,.T.);
#1310=CARTESIAN_POINT('',(0.0440534,0.00775047,0.016));
#1311=DIRECTION('',(-0.0044737283,0.9999899928,0.0));
#1312=VECTOR('',#1311,1.0);
#1313=LINE('',#1310,#1312);
#1314=EDGE_CURVE('no 3420',#1303,#940,#1313,.T.);
#1315=ORIENTED_EDGE('no 3423',*,*,#1314,.T.);
#1316=EDGE_LOOP('',(#1301,#1309,#1315));
#1317=FACE_OUTER_BOUND('',#1316,.T.);
#1318=CARTESIAN_POINT('',(0.0437038,0.0858948,0.016));
#1319=DIRECTION('',(0.0,0.0,1.0));
#1320=DIRECTION('',(0.0,-1.0,0.0));
#1321=AXIS2_PLACEMENT_3D('',#1318,#1319,#1320);
#1322=PLANE('',#1321);
#1323=ADVANCED_FACE('no 3431',(#1317),#1322,.T.);
#1324=CARTESIAN_POINT('',(0.0437038,0.0858948,0.013));
#1325=VERTEX_POINT('',#1324);
#1326=CARTESIAN_POINT('',(0.0437038,0.0858948,0.013));
#1327=DIRECTION('',(-0.3826870194,0.9238780467,0.0));
#1328=VECTOR('',#1327,1.0);
#1329=LINE('',#1326,#1328);
#1330=EDGE_CURVE('no 21640',#1325,#861,#1329,.T.);
#1331=ORIENTED_EDGE('no 21643',*,*,#1330,.F.);
#1332=CARTESIAN_POINT('',(0.0437038,0.00729484,0.013));
#1333=DIRECTION('',(0.0,1.0,0.0));
#1334=VECTOR('',#1333,1.0);
#1335=LINE('',#1332,#1334);
#1336=EDGE_CURVE('no 21634',#620,#1325,#1335,.T.);
#1337=ORIENTED_EDGE('no 21642',*,*,#1336,.F.);
#1338=ORIENTED_EDGE('no 21641',*,*,#965,.T.);
#1339=EDGE_LOOP('',(#1331,#1337,#1338));
#1340=FACE_OUTER_BOUND('',#1339,.T.);
#1341=CARTESIAN_POINT('',(0.043484,0.0864254,0.013));
#1342=DIRECTION('',(0.0,0.0,1.0));
#1343=DIRECTION('',(0.0027774404,-0.9999961429,0.0));
#1344=AXIS2_PLACEMENT_3D('',#1341,#1342,#1343);
#1345=PLANE('',#1344);
#1346=ADVANCED_FACE('no 21651',(#1340),#1345,.F.);
#1347=ORIENTED_EDGE('no 24656',*,*,#984,.F.);
#1348=CARTESIAN_POINT('',(0.0746275,0.0919948,0.013));
#1349=VERTEX_POINT('',#1348);
#1350=CARTESIAN_POINT('',(0.0406091,0.0919948,0.016));
#1351=DIRECTION('',(0.9961340113,0.0,-0.0878466369));
#1352=VECTOR('',#1351,1.0);
#1353=LINE('',#1350,#1352);
#1354=EDGE_CURVE('no 24655',#27,#1349,#1353,.T.);
#1355=ORIENTED_EDGE('no 24657',*,*,#1354,.T.);
#1356=CARTESIAN_POINT('',(0.0586275581,0.0920252999,0.013));
#1357=DIRECTION('',(0.9999981831,-0.0019062465,0.0));
#1358=VECTOR('',#1357,1.0);
#1359=LINE('',#1356,#1358);
#1360=EDGE_CURVE('no 24528',#979,#1349,#1359,.T.);
#1361=ORIENTED_EDGE('no 24658',*,*,#1360,.F.);
#1362=EDGE_LOOP('',(#1347,#1355,#1361));
#1363=FACE_OUTER_BOUND('',#1362,.T.);
#1364=CARTESIAN_POINT('',(0.0586275,0.0919948,0.013));
#1365=DIRECTION('',(0.0,1.0,-0.0));
#1366=DIRECTION('',(-0.9864210725,0.0,0.1642360121));
#1367=AXIS2_PLACEMENT_3D('',#1364,#1365,#1366);
#1368=PLANE('',#1367);
#1369=ADVANCED_FACE('no 24666',(#1363),#1368,.T.);
#1370=ORIENTED_EDGE('no 22479',*,*,#1203,.F.);
#1371=ORIENTED_EDGE('no 22478',*,*,#1013,.F.);
#1372=CARTESIAN_POINT('',(0.0406514,0.00122528,0.013));
#1373=DIRECTION('',(0.7830286089,0.6219856893,0.0));
#1374=VECTOR('',#1373,1.0);
#1375=LINE('',#1372,#1374);
#1376=EDGE_CURVE('no 22453',#529,#776,#1375,.T.);
#1377=ORIENTED_EDGE('no 22477',*,*,#1376,.T.);
#1378=EDGE_LOOP('',(#1370,#1371,#1377));
#1379=FACE_OUTER_BOUND('',#1378,.T.);
#1380=CARTESIAN_POINT('',(0.0445091,0.00428958,0.013));
#1381=DIRECTION('',(0.0,0.0,1.0));
#1382=DIRECTION('',(-0.7830286089,-0.6219856893,0.0));
#1383=AXIS2_PLACEMENT_3D('',#1380,#1381,#1382);
#1384=PLANE('',#1383);
#1385=ADVANCED_FACE('no 22487',(#1379),#1384,.F.);
#1386=ORIENTED_EDGE('no 7701',*,*,#1098,.T.);
#1387=ORIENTED_EDGE('no 7702',*,*,#1006,.T.);
#1388=ORIENTED_EDGE('no 7703',*,*,#1172,.T.);
#1389=EDGE_LOOP('',(#1386,#1387,#1388));
#1390=FACE_OUTER_BOUND('',#1389,.T.);
#1391=CARTESIAN_POINT('',(0.0450397,0.0040698,0.016));
#1392=DIRECTION('',(0.1305269534,0.9914447612,0.0000000783));
#1393=DIRECTION('',(0.186416059,-0.0245422078,-0.9821643106));
#1394=AXIS2_PLACEMENT_3D('',#1391,#1392,#1393);
#1395=PLANE('',#1394);
#1396=ADVANCED_FACE('no 7711',(#1390),#1395,.T.);
#1397=CARTESIAN_POINT('',(0.0461785,0.0040698,0.013));
#1398=DIRECTION('',(-0.9914468281,-0.1305112528,0.0));
#1399=VECTOR('',#1398,1.0);
#1400=LINE('',#1397,#1399);
#1401=EDGE_CURVE('no 7648',#1139,#1024,#1400,.T.);
#1402=ORIENTED_EDGE('no 22571',*,*,#1401,.F.);
#1403=CARTESIAN_POINT('',(0.1584082207,0.00119486,0.013));
#1404=DIRECTION('',(-0.9996720572,0.0256081651,0.0));
#1405=VECTOR('',#1404,1.0);
#1406=LINE('',#1403,#1405);
#1407=EDGE_CURVE('no 22568',#419,#1139,#1406,.T.);
#1408=ORIENTED_EDGE('no 22570',*,*,#1407,.F.);
#1409=ORIENTED_EDGE('no 22569',*,*,#1035,.T.);
#1410=EDGE_LOOP('',(#1402,#1408,#1409));
#1411=FACE_OUTER_BOUND('',#1410,.T.);
#1412=CARTESIAN_POINT('',(0.0459525,0.00404005,0.013));
#1413=DIRECTION('',(-0.0,0.0,1.0));
#1414=DIRECTION('',(0.9996869008,-0.0250219975,0.0));
#1415=AXIS2_PLACEMENT_3D('',#1412,#1413,#1414);
#1416=PLANE('',#1415);
#1417=ADVANCED_FACE('no 22579',(#1411),#1416,.F.);
#1418=CARTESIAN_POINT('',(0.0456091,0.00399484,0.016));
#1419=DIRECTION('',(0.1137113054,0.0149705536,-0.9934010376));
#1420=VECTOR('',#1419,1.0);
#1421=LINE('',#1418,#1420);
#1422=EDGE_CURVE('no 7607',#443,#1024,#1421,.T.);
#1423=ORIENTED_EDGE('no 7620',*,*,#1422,.T.);
#1424=ORIENTED_EDGE('no 7621',*,*,#1029,.T.);
#1425=ORIENTED_EDGE('no 7622',*,*,#1105,.T.);
#1426=EDGE_LOOP('',(#1423,#1424,#1425));
#1427=FACE_OUTER_BOUND('',#1426,.T.);
#1428=CARTESIAN_POINT('',(0.0456091,0.00399484,0.016));
#1429=DIRECTION('',(-0.130527954,0.9914446294,0.0000000241));
#1430=DIRECTION('',(0.113730971,0.0149731962,-0.9933987465));
#1431=AXIS2_PLACEMENT_3D('',#1428,#1429,#1430);
#1432=PLANE('',#1431);
#1433=ADVANCED_FACE('no 7630',(#1427),#1432,.T.);
#1434=CARTESIAN_POINT('',(0.0406091,0.0919948,0.016));
#1435=DIRECTION('',(0.9996758758,0.0,-0.0254586602));
#1436=VECTOR('',#1435,1.0);
#1437=LINE('',#1434,#1436);
#1438=EDGE_CURVE('no 24701',#27,#1056,#1437,.T.);
#1439=ORIENTED_EDGE('no 24719',*,*,#1438,.F.);
#1440=CARTESIAN_POINT('',(0.158409,0.0919948,0.016));
#1441=DIRECTION('',(-1.0,0.0,0.0));
#1442=VECTOR('',#1441,1.0);
#1443=LINE('',#1440,#1442);
#1444=EDGE_CURVE('no 1397',#692,#27,#1443,.T.);
#1445=ORIENTED_EDGE('no 24720',*,*,#1444,.F.);
#1446=ORIENTED_EDGE('no 24721',*,*,#1061,.F.);
#1447=EDGE_LOOP('',(#1439,#1445,#1446));
#1448=FACE_OUTER_BOUND('',#1447,.T.);
#1449=CARTESIAN_POINT('',(0.158409,0.0919948,0.013));
#1450=DIRECTION('',(0.0,1.0,-0.0));
#1451=DIRECTION('',(-0.9996758774,0.0,0.0254585969));
#1452=AXIS2_PLACEMENT_3D('',#1449,#1450,#1451);
#1453=PLANE('',#1452);
#1454=ADVANCED_FACE('no 24729',(#1448),#1453,.T.);
#1455=CARTESIAN_POINT('',(0.155534,0.0875642,0.016));
#1456=VERTEX_POINT('',#1455);
#1457=CARTESIAN_POINT('',(0.155534,0.0875642,0.016));
#1458=DIRECTION('',(0.544331241,0.8388703714,0.0));
#1459=VECTOR('',#1458,1.0);
#1460=LINE('',#1457,#1459);
#1461=EDGE_CURVE('no 2533',#1456,#692,#1460,.T.);
#1462=ORIENTED_EDGE('no 2563',*,*,#1461,.F.);
#1463=CARTESIAN_POINT('',(0.155534,0.0875642,0.016));
#1464=DIRECTION('',(0.1305080332,-0.9914472519,0.0));
#1465=VECTOR('',#1464,1.0);
#1466=LINE('',#1463,#1465);
#1467=EDGE_CURVE('no 2556',#1456,#1072,#1466,.T.);
#1468=ORIENTED_EDGE('no 2564',*,*,#1467,.T.);
#1469=ORIENTED_EDGE('no 2565',*,*,#1077,.T.);
#1470=EDGE_LOOP('',(#1462,#1468,#1469));
#1471=FACE_OUTER_BOUND('',#1470,.T.);
#1472=CARTESIAN_POINT('',(0.158409,0.0919948,0.016));
#1473=DIRECTION('',(0.0,0.0,1.0));
#1474=DIRECTION('',(-0.544331241,-0.8388703714,0.0));
#1475=AXIS2_PLACEMENT_3D('',#1472,#1473,#1474);
#1476=PLANE('',#1475);
#1477=ADVANCED_FACE('no 2573',(#1471),#1476,.T.);
#1478=CARTESIAN_POINT('',(0.155606,0.00607757,0.016));
#1479=VERTEX_POINT('',#1478);
#1480=CARTESIAN_POINT('',(0.158409,0.00119484,0.016));
#1481=DIRECTION('',(-0.4978610122,0.8672568319,0.0));
#1482=VECTOR('',#1481,1.0);
#1483=LINE('',#1480,#1482);
#1484=EDGE_CURVE('no 1327',#234,#1479,#1483,.T.);
#1485=ORIENTED_EDGE('no 1363',*,*,#1484,.F.);
#1486=ORIENTED_EDGE('no 1364',*,*,#1083,.T.);
#1487=CARTESIAN_POINT('',(0.155609,0.0869948,0.016));
#1488=DIRECTION('',(-0.0000370749,-0.9999999993,0.0));
#1489=VECTOR('',#1488,1.0);
#1490=LINE('',#1487,#1489);
#1491=EDGE_CURVE('no 1362',#1072,#1479,#1490,.T.);
#1492=ORIENTED_EDGE('no 1365',*,*,#1491,.T.);
#1493=EDGE_LOOP('',(#1485,#1486,#1492));
#1494=FACE_OUTER_BOUND('',#1493,.T.);
#1495=CARTESIAN_POINT('',(0.155606,0.00607757,0.016));
#1496=DIRECTION('',(-0.0,0.0,1.0));
#1497=DIRECTION('',(0.4978760984,-0.8672481713,0.0));
#1498=AXIS2_PLACEMENT_3D('',#1495,#1496,#1497);
#1499=PLANE('',#1498);
#1500=ADVANCED_FACE('no 1373',(#1494),#1499,.T.);
#1501=ORIENTED_EDGE('no 319',*,*,#1122,.F.);
#1502=CARTESIAN_POINT('',(0.0471647,0.0046392,0.016));
#1503=VERTEX_POINT('',#1502);
#1504=CARTESIAN_POINT('',(0.158409,0.00119484,0.016));
#1505=DIRECTION('',(-0.9995210177,0.0309472954,0.0));
#1506=VECTOR('',#1505,1.0);
#1507=LINE('',#1504,#1506);
#1508=EDGE_CURVE('no 312',#234,#1503,#1507,.T.);
#1509=ORIENTED_EDGE('no 320',*,*,#1508,.T.);
#1510=CARTESIAN_POINT('',(0.0471647,0.0046392,0.016));
#1511=DIRECTION('',(-0.7933316221,-0.6087897316,0.0));
#1512=VECTOR('',#1511,1.0);
#1513=LINE('',#1510,#1512);
#1514=EDGE_CURVE('no 318',#1503,#1117,#1513,.T.);
#1515=ORIENTED_EDGE('no 321',*,*,#1514,.T.);
#1516=EDGE_LOOP('',(#1501,#1509,#1515));
#1517=FACE_OUTER_BOUND('',#1516,.T.);
#1518=CARTESIAN_POINT('',(0.0467091,0.00428958,0.016));
#1519=DIRECTION('',(-0.0,0.0,1.0));
#1520=DIRECTION('',(0.9996164141,-0.0276952115,0.0));
#1521=AXIS2_PLACEMENT_3D('',#1518,#1519,#1520);
#1522=PLANE('',#1521);
#1523=ADVANCED_FACE('no 329',(#1517),#1522,.T.);
#1524=CARTESIAN_POINT('',(0.0467091,0.00428958,0.013));
#1525=VERTEX_POINT('',#1524);
#1526=CARTESIAN_POINT('',(0.0461785,0.0040698,0.016));
#1527=DIRECTION('',(0.1737121345,0.0719533602,-0.9821643489));
#1528=VECTOR('',#1527,1.0);
#1529=LINE('',#1526,#1528);
#1530=EDGE_CURVE('no 7555',#738,#1525,#1529,.T.);
#1531=ORIENTED_EDGE('no 7585',*,*,#1530,.F.);
#1532=ORIENTED_EDGE('no 7586',*,*,#1128,.F.);
#1533=CARTESIAN_POINT('',(0.0467091,0.00428958,0.013));
#1534=DIRECTION('',(0.0,0.0,1.0));
#1535=VECTOR('',#1534,1.0);
#1536=LINE('',#1533,#1535);
#1537=EDGE_CURVE('no 7515',#1525,#1117,#1536,.T.);
#1538=ORIENTED_EDGE('no 7587',*,*,#1537,.F.);
#1539=EDGE_LOOP('',(#1531,#1532,#1538));
#1540=FACE_OUTER_BOUND('',#1539,.T.);
#1541=CARTESIAN_POINT('',(0.0467091,0.00428958,0.013));
#1542=DIRECTION('',(-0.3826820669,0.9238800981,0.0000001265));
#1543=DIRECTION('',(-0.1737120593,-0.0719537246,0.9821643355));
#1544=AXIS2_PLACEMENT_3D('',#1541,#1542,#1543);
#1545=PLANE('',#1544);
#1546=ADVANCED_FACE('no 7595',(#1540),#1545,.T.);
#1547=ORIENTED_EDGE('no 7649',*,*,#1422,.F.);
#1548=ORIENTED_EDGE('no 7650',*,*,#1144,.T.);
#1549=ORIENTED_EDGE('no 7651',*,*,#1401,.T.);
#1550=EDGE_LOOP('',(#1547,#1548,#1549));
#1551=FACE_OUTER_BOUND('',#1550,.T.);
#1552=CARTESIAN_POINT('',(0.0459525,0.00404005,0.013));
#1553=DIRECTION('',(-0.1305269673,0.9914447593,0.0000001391));
#1554=DIRECTION('',(-0.113730971,-0.0149731962,0.9933987465));
#1555=AXIS2_PLACEMENT_3D('',#1552,#1553,#1554);
#1556=PLANE('',#1555);
#1557=ADVANCED_FACE('no 7659',(#1551),#1556,.T.);
#1558=ORIENTED_EDGE('no 7568',*,*,#1530,.T.);
#1559=CARTESIAN_POINT('',(0.0467091,0.00428958,0.013));
#1560=DIRECTION('',(-0.9238801074,-0.3826820445,0.0));
#1561=VECTOR('',#1560,1.0);
#1562=LINE('',#1559,#1561);
#1563=EDGE_CURVE('no 7561',#1525,#1139,#1562,.T.);
#1564=ORIENTED_EDGE('no 7569',*,*,#1563,.T.);
#1565=ORIENTED_EDGE('no 7570',*,*,#1151,.T.);
#1566=EDGE_LOOP('',(#1558,#1564,#1565));
#1567=FACE_OUTER_BOUND('',#1566,.T.);
#1568=CARTESIAN_POINT('',(0.0461785,0.0040698,0.016));
#1569=DIRECTION('',(-0.3826820669,0.9238800981,0.0000001265));
#1570=DIRECTION('',(0.1737120593,0.0719537246,-0.9821643355));
#1571=AXIS2_PLACEMENT_3D('',#1568,#1569,#1570);
#1572=PLANE('',#1571);
#1573=ADVANCED_FACE('no 7578',(#1567),#1572,.T.);
#1574=ORIENTED_EDGE('no 22456',*,*,#1187,.F.);
#1575=ORIENTED_EDGE('no 22455',*,*,#1376,.F.);
#1576=ORIENTED_EDGE('no 22454',*,*,#1219,.T.);
#1577=EDGE_LOOP('',(#1574,#1575,#1576));
#1578=FACE_OUTER_BOUND('',#1577,.T.);
#1579=CARTESIAN_POINT('',(0.0440534,0.0046392,0.013));
#1580=DIRECTION('',(0.0,0.0,1.0));
#1581=DIRECTION('',(-0.7058757119,-0.7083357109,0.0));
#1582=AXIS2_PLACEMENT_3D('',#1579,#1580,#1581);
#1583=PLANE('',#1582);
#1584=ADVANCED_FACE('no 22464',(#1578),#1583,.F.);
#1585=CARTESIAN_POINT('',(0.0437461,0.0881253,0.013));
#1586=VERTEX_POINT('',#1585);
#1587=CARTESIAN_POINT('',(0.043484,0.0875642,0.013));
#1588=DIRECTION('',(0.4232213478,0.906026319,0.0));
#1589=VECTOR('',#1588,1.0);
#1590=LINE('',#1587,#1589);
#1591=EDGE_CURVE('no 21160',#1231,#1586,#1590,.T.);
#1592=ORIENTED_EDGE('no 21163',*,*,#1591,.F.);
#1593=ORIENTED_EDGE('no 21162',*,*,#1245,.F.);
#1594=CARTESIAN_POINT('',(0.0406514,0.0919948,0.013));
#1595=DIRECTION('',(0.6245842843,-0.7809574072,0.0));
#1596=VECTOR('',#1595,1.0);
#1597=LINE('',#1594,#1596);
#1598=EDGE_CURVE('no 21125',#1240,#1586,#1597,.T.);
#1599=ORIENTED_EDGE('no 21161',*,*,#1598,.T.);
#1600=EDGE_LOOP('',(#1592,#1593,#1599));
#1601=FACE_OUTER_BOUND('',#1600,.T.);
#1602=CARTESIAN_POINT('',(0.0437038,0.0880948,0.013));
#1603=DIRECTION('',(0.0,0.0,1.0));
#1604=DIRECTION('',(-0.6163418039,0.7874787494,0.0));
#1605=AXIS2_PLACEMENT_3D('',#1602,#1603,#1604);
#1606=PLANE('',#1605);
#1607=ADVANCED_FACE('no 21171',(#1601),#1606,.F.);
#1608=CARTESIAN_POINT('',(0.0456091,0.0891948,0.016));
#1609=VERTEX_POINT('',#1608);
#1610=CARTESIAN_POINT('',(0.0406091,0.0919948,0.016));
#1611=DIRECTION('',(0.8725057431,-0.4886038561,0.0));
#1612=VECTOR('',#1611,1.0);
#1613=LINE('',#1610,#1612);
#1614=EDGE_CURVE('no 1385',#27,#1609,#1613,.T.);
#1615=ORIENTED_EDGE('no 1427',*,*,#1614,.F.);
#1616=ORIENTED_EDGE('no 1428',*,*,#1261,.T.);
#1617=CARTESIAN_POINT('',(0.0450397,0.0891199,0.016));
#1618=DIRECTION('',(0.9914455527,0.1305209411,0.0));
#1619=VECTOR('',#1618,1.0);
#1620=LINE('',#1617,#1619);
#1621=EDGE_CURVE('no 1426',#1256,#1609,#1620,.T.);
#1622=ORIENTED_EDGE('no 1429',*,*,#1621,.T.);
#1623=EDGE_LOOP('',(#1615,#1616,#1622));
#1624=FACE_OUTER_BOUND('',#1623,.T.);
#1625=CARTESIAN_POINT('',(0.0456091,0.0891948,0.016));
#1626=DIRECTION('',(0.0,0.0,1.0));
#1627=DIRECTION('',(-0.8725057431,0.4886038561,0.0));
#1628=AXIS2_PLACEMENT_3D('',#1625,#1626,#1627);
#1629=PLANE('',#1628);
#1630=ADVANCED_FACE('no 1437',(#1624),#1629,.T.);
#1631=ORIENTED_EDGE('no 8134',*,*,#1284,.F.);
#1632=CARTESIAN_POINT('',(0.0440534,0.00775047,0.013));
#1633=DIRECTION('',(0.0,0.0,1.0));
#1634=VECTOR('',#1633,1.0);
#1635=LINE('',#1632,#1634);
#1636=EDGE_CURVE('no 8133',#1279,#1303,#1635,.T.);
#1637=ORIENTED_EDGE('no 8135',*,*,#1636,.T.);
#1638=ORIENTED_EDGE('no 8136',*,*,#1308,.F.);
#1639=EDGE_LOOP('',(#1631,#1637,#1638));
#1640=FACE_OUTER_BOUND('',#1639,.T.);
#1641=CARTESIAN_POINT('',(0.0437038,0.00729484,0.016));
#1642=DIRECTION('',(0.7933521444,-0.6087629875,-0.0000005108));
#1643=DIRECTION('',(0.1144620366,0.1491700476,-0.9821643137));
#1644=AXIS2_PLACEMENT_3D('',#1641,#1642,#1643);
#1645=PLANE('',#1644);
#1646=ADVANCED_FACE('no 8144',(#1640),#1645,.T.);
#1647=CARTESIAN_POINT('',(0.0440534,0.00775047,0.013));
#1648=DIRECTION('',(-0.00447401,0.9999899916,0.0));
#1649=VECTOR('',#1648,1.0);
#1650=LINE('',#1647,#1649);
#1651=EDGE_CURVE('no 21663',#1279,#1325,#1650,.T.);
#1652=ORIENTED_EDGE('no 21666',*,*,#1651,.F.);
#1653=ORIENTED_EDGE('no 21665',*,*,#1291,.F.);
#1654=ORIENTED_EDGE('no 21664',*,*,#1336,.T.);
#1655=EDGE_LOOP('',(#1652,#1653,#1654));
#1656=FACE_OUTER_BOUND('',#1655,.T.);
#1657=CARTESIAN_POINT('',(0.0437038,0.0858948,0.013));
#1658=DIRECTION('',(0.0,0.0,1.0));
#1659=DIRECTION('',(0.0,-1.0,0.0));
#1660=AXIS2_PLACEMENT_3D('',#1657,#1658,#1659);
#1661=PLANE('',#1660);
#1662=ADVANCED_FACE('no 21674',(#1656),#1661,.F.);
#1663=ORIENTED_EDGE('no 3450',*,*,#1314,.F.);
#1664=CARTESIAN_POINT('',(0.0440534,0.0854392,0.016));
#1665=VERTEX_POINT('',#1664);
#1666=CARTESIAN_POINT('',(0.0440534,0.00775047,0.016));
#1667=DIRECTION('',(0.0,1.0,0.0));
#1668=VECTOR('',#1667,1.0);
#1669=LINE('',#1666,#1668);
#1670=EDGE_CURVE('no 3443',#1303,#1665,#1669,.T.);
#1671=ORIENTED_EDGE('no 3451',*,*,#1670,.T.);
#1672=CARTESIAN_POINT('',(0.0440534,0.0854392,0.016));
#1673=DIRECTION('',(-0.6087579862,0.793355982,0.0));
#1674=VECTOR('',#1673,1.0);
#1675=LINE('',#1672,#1674);
#1676=EDGE_CURVE('no 3449',#1665,#940,#1675,.T.);
#1677=ORIENTED_EDGE('no 3452',*,*,#1676,.T.);
#1678=EDGE_LOOP('',(#1663,#1671,#1677));
#1679=FACE_OUTER_BOUND('',#1678,.T.);
#1680=CARTESIAN_POINT('',(0.0437038,0.0858948,0.016));
#1681=DIRECTION('',(0.0,0.0,1.0));
#1682=DIRECTION('',(0.00447401,-0.9999899916,0.0));
#1683=AXIS2_PLACEMENT_3D('',#1680,#1681,#1682);
#1684=PLANE('',#1683);
#1685=ADVANCED_FACE('no 3460',(#1679),#1684,.T.);
#1686=ORIENTED_EDGE('no 24679',*,*,#1354,.F.);
#1687=CARTESIAN_POINT('',(0.148451,0.0919948,0.013));
#1688=VERTEX_POINT('',#1687);
#1689=CARTESIAN_POINT('',(0.0406091,0.0919948,0.016));
#1690=DIRECTION('',(0.9996132899,0.0,-0.0278077433));
#1691=VECTOR('',#1690,1.0);
#1692=LINE('',#1689,#1691);
#1693=EDGE_CURVE('no 24678',#27,#1688,#1692,.T.);
#1694=ORIENTED_EDGE('no 24680',*,*,#1693,.T.);
#1695=CARTESIAN_POINT('',(0.0746275,0.0919948,0.013));
#1696=DIRECTION('',(1.0,0.0,0.0));
#1697=VECTOR('',#1696,1.0);
#1698=LINE('',#1695,#1697);
#1699=EDGE_CURVE('no 10128',#1349,#1688,#1698,.T.);
#1700=ORIENTED_EDGE('no 24681',*,*,#1699,.F.);
#1701=EDGE_LOOP('',(#1686,#1694,#1700));
#1702=FACE_OUTER_BOUND('',#1701,.T.);
#1703=CARTESIAN_POINT('',(0.0746275,0.0919948,0.013));
#1704=DIRECTION('',(0.0,1.0,-0.0));
#1705=DIRECTION('',(-0.9961340144,0.0,0.0878466013));
#1706=AXIS2_PLACEMENT_3D('',#1703,#1704,#1705);
#1707=PLANE('',#1706);
#1708=ADVANCED_FACE('no 24689',(#1702),#1707,.T.);
#1709=CARTESIAN_POINT('',(0.0746275,0.0919948,0.013));
#1710=VERTEX_POINT('',#1709);
#1711=CARTESIAN_POINT('',(0.0586275,0.0909948,0.013));
#1712=VERTEX_POINT('',#1711);
#1713=CARTESIAN_POINT('',(0.0746275,0.0919948,0.013));
#1714=DIRECTION('',(-0.998052573,-0.0623783733,0.0));
#1715=VECTOR('',#1714,1.0);
#1716=LINE('',#1713,#1715);
#1717=EDGE_CURVE('no 24516',#1710,#1712,#1716,.T.);
#1718=ORIENTED_EDGE('no 24529',*,*,#1717,.T.);
#1719=CARTESIAN_POINT('',(0.0586275,0.0909948,0.013));
#1720=DIRECTION('',(0.0,1.0,0.0));
#1721=VECTOR('',#1720,1.0);
#1722=LINE('',#1719,#1721);
#1723=EDGE_CURVE('no 24522',#1712,#979,#1722,.T.);
#1724=ORIENTED_EDGE('no 24530',*,*,#1723,.T.);
#1725=ORIENTED_EDGE('no 24531',*,*,#1360,.T.);
#1726=EDGE_LOOP('',(#1718,#1724,#1725));
#1727=FACE_OUTER_BOUND('',#1726,.T.);
#1728=CARTESIAN_POINT('',(0.0746275,0.0919948,0.013));
#1729=DIRECTION('',(-0.0,0.0,-1.0));
#1730=DIRECTION('',(-0.998052573,-0.0623783733,0.0));
#1731=AXIS2_PLACEMENT_3D('',#1728,#1729,#1730);
#1732=PLANE('',#1731);
#1733=ADVANCED_FACE('no 24539',(#1727),#1732,.T.);
#1734=ORIENTED_EDGE('no 22594',*,*,#1563,.F.);
#1735=CARTESIAN_POINT('',(0.1584081573,0.0011948633,0.013));
#1736=DIRECTION('',(-0.9996164139,0.0276952164,0.0));
#1737=VECTOR('',#1736,1.0);
#1738=LINE('',#1735,#1737);
#1739=EDGE_CURVE('no 22591',#419,#1525,#1738,.T.);
#1740=ORIENTED_EDGE('no 22593',*,*,#1739,.F.);
#1741=ORIENTED_EDGE('no 22592',*,*,#1407,.T.);
#1742=EDGE_LOOP('',(#1734,#1740,#1741));
#1743=FACE_OUTER_BOUND('',#1742,.T.);
#1744=CARTESIAN_POINT('',(0.0461785,0.0040698,0.013));
#1745=DIRECTION('',(-0.0,0.0,1.0));
#1746=DIRECTION('',(0.9996789616,-0.025337199,0.0));
#1747=AXIS2_PLACEMENT_3D('',#1744,#1745,#1746);
#1748=PLANE('',#1747);
#1749=ADVANCED_FACE('no 22602',(#1743),#1748,.F.);
#1750=ORIENTED_EDGE('no 24702',*,*,#1693,.F.);
#1751=ORIENTED_EDGE('no 24703',*,*,#1438,.T.);
#1752=CARTESIAN_POINT('',(0.148451,0.0919948,0.013));
#1753=DIRECTION('',(1.0,0.0,0.0));
#1754=VECTOR('',#1753,1.0);
#1755=LINE('',#1752,#1754);
#1756=EDGE_CURVE('no 10180',#1688,#1056,#1755,.T.);
#1757=ORIENTED_EDGE('no 24704',*,*,#1756,.F.);
#1758=EDGE_LOOP('',(#1750,#1751,#1757));
#1759=FACE_OUTER_BOUND('',#1758,.T.);
#1760=CARTESIAN_POINT('',(0.148451,0.0919948,0.013));
#1761=DIRECTION('',(0.0,1.0,-0.0));
#1762=DIRECTION('',(-0.9996132937,0.0,0.0278076082));
#1763=AXIS2_PLACEMENT_3D('',#1760,#1761,#1762);
#1764=PLANE('',#1763);
#1765=ADVANCED_FACE('no 24712',(#1759),#1764,.T.);
#1766=ORIENTED_EDGE('no 1398',*,*,#1614,.T.);
#1767=CARTESIAN_POINT('',(0.0456091,0.0891948,0.016));
#1768=DIRECTION('',(0.999692058,0.0248151014,0.0));
#1769=VECTOR('',#1768,1.0);
#1770=LINE('',#1767,#1769);
#1771=EDGE_CURVE('no 1391',#1609,#692,#1770,.T.);
#1772=ORIENTED_EDGE('no 1399',*,*,#1771,.T.);
#1773=ORIENTED_EDGE('no 1400',*,*,#1444,.T.);
#1774=EDGE_LOOP('',(#1766,#1772,#1773));
#1775=FACE_OUTER_BOUND('',#1774,.T.);
#1776=CARTESIAN_POINT('',(0.0406091,0.0919948,0.016));
#1777=DIRECTION('',(-0.0,0.0,1.0));
#1778=DIRECTION('',(0.8725057431,-0.4886038561,0.0));
#1779=AXIS2_PLACEMENT_3D('',#1776,#1777,#1778);
#1780=PLANE('',#1779);
#1781=ADVANCED_FACE('no 1408',(#1775),#1780,.T.);
#1782=CARTESIAN_POINT('',(0.155314,0.0880948,0.016));
#1783=VERTEX_POINT('',#1782);
#1784=CARTESIAN_POINT('',(0.155314,0.0880948,0.016));
#1785=DIRECTION('',(0.6215959971,0.7833379963,0.0));
#1786=VECTOR('',#1785,1.0);
#1787=LINE('',#1784,#1786);
#1788=EDGE_CURVE('no 2504',#1783,#692,#1787,.T.);
#1789=ORIENTED_EDGE('no 2534',*,*,#1788,.F.);
#1790=CARTESIAN_POINT('',(0.155314,0.0880948,0.016));
#1791=DIRECTION('',(0.382676216,-0.9238825216,0.0));
#1792=VECTOR('',#1791,1.0);
#1793=LINE('',#1790,#1792);
#1794=EDGE_CURVE('no 2527',#1783,#1456,#1793,.T.);
#1795=ORIENTED_EDGE('no 2535',*,*,#1794,.T.);
#1796=ORIENTED_EDGE('no 2536',*,*,#1461,.T.);
#1797=EDGE_LOOP('',(#1789,#1795,#1796));
#1798=FACE_OUTER_BOUND('',#1797,.T.);
#1799=CARTESIAN_POINT('',(0.158409,0.0919948,0.016));
#1800=DIRECTION('',(0.0,0.0,1.0));
#1801=DIRECTION('',(-0.6215959971,-0.7833379963,0.0));
#1802=AXIS2_PLACEMENT_3D('',#1799,#1800,#1801);
#1803=PLANE('',#1802);
#1804=ADVANCED_FACE('no 2544',(#1798),#1803,.T.);
#1805=CARTESIAN_POINT('',(0.155501,0.00551297,0.016));
#1806=VERTEX_POINT('',#1805);
#1807=CARTESIAN_POINT('',(0.158409,0.00119484,0.016));
#1808=DIRECTION('',(-0.5585834159,0.8294483513,0.0));
#1809=VECTOR('',#1808,1.0);
#1810=LINE('',#1807,#1809);
#1811=EDGE_CURVE('no 1298',#234,#1806,#1810,.T.);
#1812=ORIENTED_EDGE('no 1334',*,*,#1811,.F.);
#1813=ORIENTED_EDGE('no 1335',*,*,#1484,.T.);
#1814=CARTESIAN_POINT('',(0.155606,0.00607757,0.016));
#1815=DIRECTION('',(-0.1828374623,-0.9831431546,0.0));
#1816=VECTOR('',#1815,1.0);
#1817=LINE('',#1814,#1816);
#1818=EDGE_CURVE('no 1333',#1479,#1806,#1817,.T.);
#1819=ORIENTED_EDGE('no 1336',*,*,#1818,.T.);
#1820=EDGE_LOOP('',(#1812,#1813,#1819));
#1821=FACE_OUTER_BOUND('',#1820,.T.);
#1822=CARTESIAN_POINT('',(0.155501,0.00551297,0.016));
#1823=DIRECTION('',(-0.0,0.0,1.0));
#1824=DIRECTION('',(0.5586269992,-0.8294189989,0.0));
#1825=AXIS2_PLACEMENT_3D('',#1822,#1823,#1824);
#1826=PLANE('',#1825);
#1827=ADVANCED_FACE('no 1344',(#1821),#1826,.T.);
#1828=CARTESIAN_POINT('',(0.155561,0.00665016,0.016));
#1829=VERTEX_POINT('',#1828);
#1830=CARTESIAN_POINT('',(0.155561,0.00665016,0.016));
#1831=DIRECTION('',(0.0005974262,0.9999998215,0.0));
#1832=VECTOR('',#1831,1.0);
#1833=LINE('',#1830,#1832);
#1834=EDGE_CURVE('no 3246',#1829,#1072,#1833,.T.);
#1835=ORIENTED_EDGE('no 3276',*,*,#1834,.F.);
#1836=CARTESIAN_POINT('',(0.155561,0.00665016,0.016));
#1837=DIRECTION('',(0.0783486802,-0.9969260175,0.0));
#1838=VECTOR('',#1837,1.0);
#1839=LINE('',#1836,#1838);
#1840=EDGE_CURVE('no 3275',#1829,#1479,#1839,.T.);
#1841=ORIENTED_EDGE('no 3277',*,*,#1840,.T.);
#1842=ORIENTED_EDGE('no 3278',*,*,#1491,.F.);
#1843=EDGE_LOOP('',(#1835,#1841,#1842));
#1844=FACE_OUTER_BOUND('',#1843,.T.);
#1845=CARTESIAN_POINT('',(0.155609,0.0869948,0.016));
#1846=DIRECTION('',(0.0,0.0,1.0));
#1847=DIRECTION('',(-0.0005927469,-0.9999998243,0.0));
#1848=AXIS2_PLACEMENT_3D('',#1845,#1846,#1847);
#1849=PLANE('',#1848);
#1850=ADVANCED_FACE('no 3286',(#1844),#1849,.T.);
#1851=ORIENTED_EDGE('no 348',*,*,#1508,.F.);
#1852=CARTESIAN_POINT('',(0.0475143,0.00509484,0.016));
#1853=VERTEX_POINT('',#1852);
#1854=CARTESIAN_POINT('',(0.158409,0.00119484,0.016));
#1855=DIRECTION('',(-0.9993821614,0.0351467692,0.0));
#1856=VECTOR('',#1855,1.0);
#1857=LINE('',#1854,#1856);
#1858=EDGE_CURVE('no 341',#234,#1853,#1857,.T.);
#1859=ORIENTED_EDGE('no 349',*,*,#1858,.T.);
#1860=CARTESIAN_POINT('',(0.0475143,0.00509484,0.016));
#1861=DIRECTION('',(-0.6087341738,-0.7933742532,0.0));
#1862=VECTOR('',#1861,1.0);
#1863=LINE('',#1860,#1862);
#1864=EDGE_CURVE('no 347',#1853,#1503,#1863,.T.);
#1865=ORIENTED_EDGE('no 350',*,*,#1864,.T.);
#1866=EDGE_LOOP('',(#1851,#1859,#1865));
#1867=FACE_OUTER_BOUND('',#1866,.T.);
#1868=CARTESIAN_POINT('',(0.0471647,0.0046392,0.016));
#1869=DIRECTION('',(-0.0,0.0,1.0));
#1870=DIRECTION('',(0.9995210176,-0.0309473005,0.0));
#1871=AXIS2_PLACEMENT_3D('',#1868,#1869,#1870);
#1872=PLANE('',#1871);
#1873=ADVANCED_FACE('no 358',(#1867),#1872,.T.);
#1874=CARTESIAN_POINT('',(0.0471647,0.0046392,0.013));
#1875=VERTEX_POINT('',#1874);
#1876=CARTESIAN_POINT('',(0.0467091,0.00428958,0.016));
#1877=DIRECTION('',(0.1491582984,0.1144616424,-0.982166144));
#1878=VECTOR('',#1877,1.0);
#1879=LINE('',#1876,#1878);
#1880=EDGE_CURVE('no 7503',#1117,#1875,#1879,.T.);
#1881=ORIENTED_EDGE('no 7533',*,*,#1880,.F.);
#1882=ORIENTED_EDGE('no 7534',*,*,#1514,.F.);
#1883=CARTESIAN_POINT('',(0.0471647,0.0046392,0.013));
#1884=DIRECTION('',(0.0,0.0,1.0));
#1885=VECTOR('',#1884,1.0);
#1886=LINE('',#1883,#1885);
#1887=EDGE_CURVE('no 7457',#1875,#1503,#1886,.T.);
#1888=ORIENTED_EDGE('no 7535',*,*,#1887,.F.);
#1889=EDGE_LOOP('',(#1881,#1882,#1888));
#1890=FACE_OUTER_BOUND('',#1889,.T.);
#1891=CARTESIAN_POINT('',(0.0471647,0.0046392,0.013));
#1892=DIRECTION('',(-0.6087630783,0.7933520747,0.0000000871));
#1893=DIRECTION('',(-0.1491689234,-0.1144619412,0.9821644955));
#1894=AXIS2_PLACEMENT_3D('',#1891,#1892,#1893);
#1895=PLANE('',#1894);
#1896=ADVANCED_FACE('no 7543',(#1890),#1895,.T.);
#1897=ORIENTED_EDGE('no 7516',*,*,#1880,.T.);
#1898=CARTESIAN_POINT('',(0.0471647,0.0046392,0.013));
#1899=DIRECTION('',(-0.7933316221,-0.6087897316,0.0));
#1900=VECTOR('',#1899,1.0);
#1901=LINE('',#1898,#1900);
#1902=EDGE_CURVE('no 7509',#1875,#1525,#1901,.T.);
#1903=ORIENTED_EDGE('no 7517',*,*,#1902,.T.);
#1904=ORIENTED_EDGE('no 7518',*,*,#1537,.T.);
#1905=EDGE_LOOP('',(#1897,#1903,#1904));
#1906=FACE_OUTER_BOUND('',#1905,.T.);
#1907=CARTESIAN_POINT('',(0.0467091,0.00428958,0.016));
#1908=DIRECTION('',(-0.6087630783,0.7933520747,0.0000000871));
#1909=DIRECTION('',(0.1491689234,0.1144619412,-0.9821644955));
#1910=AXIS2_PLACEMENT_3D('',#1907,#1908,#1909);
#1911=PLANE('',#1910);
#1912=ADVANCED_FACE('no 7526',(#1906),#1911,.T.);
#1913=CARTESIAN_POINT('',(0.0440957,0.0885809,0.013));
#1914=VERTEX_POINT('',#1913);
#1915=CARTESIAN_POINT('',(0.0437156933,0.0880856738,0.013));
#1916=DIRECTION('',(0.6087678124,0.7933484421,0.0));
#1917=VECTOR('',#1916,1.0);
#1918=LINE('',#1915,#1917);
#1919=EDGE_CURVE('no 21131',#1586,#1914,#1918,.T.);
#1920=ORIENTED_EDGE('no 21134',*,*,#1919,.F.);
#1921=ORIENTED_EDGE('no 21133',*,*,#1598,.F.);
#1922=CARTESIAN_POINT('',(0.0406514,0.0919948,0.013));
#1923=DIRECTION('',(0.7102341606,-0.7039655085,0.0));
#1924=VECTOR('',#1923,1.0);
#1925=LINE('',#1922,#1924);
#1926=EDGE_CURVE('no 21096',#1240,#1914,#1925,.T.);
#1927=ORIENTED_EDGE('no 21132',*,*,#1926,.T.);
#1928=EDGE_LOOP('',(#1920,#1921,#1927));
#1929=FACE_OUTER_BOUND('',#1928,.T.);
#1930=CARTESIAN_POINT('',(0.0440534,0.0885505,0.013));
#1931=DIRECTION('',(0.0,0.0,1.0));
#1932=DIRECTION('',(-0.7027247881,0.7114617855,0.0));
#1933=AXIS2_PLACEMENT_3D('',#1930,#1931,#1932);
#1934=PLANE('',#1933);
#1935=ADVANCED_FACE('no 21142',(#1929),#1934,.F.);
#1936=CARTESIAN_POINT('',(0.0445091,0.00810009,0.016));
#1937=VERTEX_POINT('',#1936);
#1938=CARTESIAN_POINT('',(0.0445091,0.00810009,0.016));
#1939=DIRECTION('',(-0.1491903087,-0.1144610834,-0.9821613473));
#1940=VECTOR('',#1939,1.0);
#1941=LINE('',#1938,#1940);
#1942=EDGE_CURVE('no 8156',#1937,#1279,#1941,.T.);
#1943=ORIENTED_EDGE('no 8186',*,*,#1942,.F.);
#1944=CARTESIAN_POINT('',(0.0440534,0.00775047,0.016));
#1945=DIRECTION('',(0.7933961453,0.6087056404,0.0));
#1946=VECTOR('',#1945,1.0);
#1947=LINE('',#1944,#1946);
#1948=EDGE_CURVE('no 3472',#1303,#1937,#1947,.T.);
#1949=ORIENTED_EDGE('no 8187',*,*,#1948,.F.);
#1950=ORIENTED_EDGE('no 8188',*,*,#1636,.F.);
#1951=EDGE_LOOP('',(#1943,#1949,#1950));
#1952=FACE_OUTER_BOUND('',#1951,.T.);
#1953=CARTESIAN_POINT('',(0.0440534,0.00775047,0.013));
#1954=DIRECTION('',(0.6087602343,-0.793354257,0.0000001536));
#1955=DIRECTION('',(0.1491700476,0.1144620366,0.9821643137));
#1956=AXIS2_PLACEMENT_3D('',#1953,#1954,#1955);
#1957=PLANE('',#1956);
#1958=ADVANCED_FACE('no 8196',(#1952),#1957,.T.);
#1959=CARTESIAN_POINT('',(0.0440534,0.0854392,0.013));
#1960=VERTEX_POINT('',#1959);
#1961=CARTESIAN_POINT('',(0.0440534,0.0854392,0.013));
#1962=DIRECTION('',(-0.6087579862,0.793355982,0.0));
#1963=VECTOR('',#1962,1.0);
#1964=LINE('',#1961,#1963);
#1965=EDGE_CURVE('no 21692',#1960,#1325,#1964,.T.);
#1966=ORIENTED_EDGE('no 21695',*,*,#1965,.F.);
#1967=CARTESIAN_POINT('',(0.0440534,0.00775047,0.013));
#1968=DIRECTION('',(0.0,1.0,0.0));
#1969=VECTOR('',#1968,1.0);
#1970=LINE('',#1967,#1969);
#1971=EDGE_CURVE('no 21686',#1279,#1960,#1970,.T.);
#1972=ORIENTED_EDGE('no 21694',*,*,#1971,.F.);
#1973=ORIENTED_EDGE('no 21693',*,*,#1651,.T.);
#1974=EDGE_LOOP('',(#1966,#1972,#1973));
#1975=FACE_OUTER_BOUND('',#1974,.T.);
#1976=CARTESIAN_POINT('',(0.0437038,0.0858948,0.013));
#1977=DIRECTION('',(0.0,0.0,1.0));
#1978=DIRECTION('',(0.00447401,-0.9999899916,0.0));
#1979=AXIS2_PLACEMENT_3D('',#1976,#1977,#1978);
#1980=PLANE('',#1979);
#1981=ADVANCED_FACE('no 21703',(#1975),#1980,.F.);
#1982=ORIENTED_EDGE('no 3479',*,*,#1670,.F.);
#1983=ORIENTED_EDGE('no 3480',*,*,#1948,.T.);
#1984=CARTESIAN_POINT('',(0.0445091,0.00810009,0.016));
#1985=DIRECTION('',(-0.00589213,0.9999826413,0.0));
#1986=VECTOR('',#1985,1.0);
#1987=LINE('',#1984,#1986);
#1988=EDGE_CURVE('no 3478',#1937,#1665,#1987,.T.);
#1989=ORIENTED_EDGE('no 3481',*,*,#1988,.T.);
#1990=EDGE_LOOP('',(#1982,#1983,#1989));
#1991=FACE_OUTER_BOUND('',#1990,.T.);
#1992=CARTESIAN_POINT('',(0.0440534,0.0854392,0.016));
#1993=DIRECTION('',(0.0,0.0,1.0));
#1994=DIRECTION('',(0.0,-1.0,0.0));
#1995=AXIS2_PLACEMENT_3D('',#1992,#1993,#1994);
#1996=PLANE('',#1995);
#1997=ADVANCED_FACE('no 3489',(#1991),#1996,.T.);
#1998=ORIENTED_EDGE('no 24558',*,*,#1717,.F.);
#1999=CARTESIAN_POINT('',(0.0746275,0.0909948,0.013));
#2000=VERTEX_POINT('',#1999);
#2001=CARTESIAN_POINT('',(0.0746275,0.0919948,0.013));
#2002=DIRECTION('',(0.0,-1.0,0.0));
#2003=VECTOR('',#2002,1.0);
#2004=LINE('',#2001,#2003);
#2005=EDGE_CURVE('no 24551',#1710,#2000,#2004,.T.);
#2006=ORIENTED_EDGE('no 24559',*,*,#2005,.T.);
#2007=CARTESIAN_POINT('',(0.0746275,0.0909948,0.013));
#2008=DIRECTION('',(-1.0,0.0,0.0));
#2009=VECTOR('',#2008,1.0);
#2010=LINE('',#2007,#2009);
#2011=EDGE_CURVE('no 24557',#2000,#1712,#2010,.T.);
#2012=ORIENTED_EDGE('no 24560',*,*,#2011,.T.);
#2013=EDGE_LOOP('',(#1998,#2006,#2012));
#2014=FACE_OUTER_BOUND('',#2013,.T.);
#2015=CARTESIAN_POINT('',(0.0586275,0.0909948,0.013));
#2016=DIRECTION('',(0.0,0.0,-1.0));
#2017=DIRECTION('',(0.998052573,0.0623783733,0.0));
#2018=AXIS2_PLACEMENT_3D('',#2015,#2016,#2017);
#2019=PLANE('',#2018);
#2020=ADVANCED_FACE('no 24568',(#2014),#2019,.T.);
#2021=CARTESIAN_POINT('',(0.0586275,0.0909948,0.006));
#2022=VERTEX_POINT('',#2021);
#2023=CARTESIAN_POINT('',(0.0586275,0.0909948,0.006));
#2024=DIRECTION('',(0.0,0.1456445375,0.9893369844));
#2025=VECTOR('',#2024,1.0);
#2026=LINE('',#2023,#2025);
#2027=EDGE_CURVE('no 25093',#2022,#979,#2026,.T.);
#2028=ORIENTED_EDGE('no 25100',*,*,#2027,.T.);
#2029=ORIENTED_EDGE('no 25101',*,*,#1723,.F.);
#2030=CARTESIAN_POINT('',(0.0586275,0.0909948,0.013));
#2031=DIRECTION('',(0.0,0.0,-1.0));
#2032=VECTOR('',#2031,1.0);
#2033=LINE('',#2030,#2032);
#2034=EDGE_CURVE('no 25099',#1712,#2022,#2033,.T.);
#2035=ORIENTED_EDGE('no 25102',*,*,#2034,.T.);
#2036=EDGE_LOOP('',(#2028,#2029,#2035));
#2037=FACE_OUTER_BOUND('',#2036,.T.);
#2038=CARTESIAN_POINT('',(0.0586275,0.0909948,0.006));
#2039=DIRECTION('',(1.0,0.0,-0.0));
#2040=DIRECTION('',(0.0,0.1414220562,0.9899493937));
#2041=AXIS2_PLACEMENT_3D('',#2038,#2039,#2040);
#2042=PLANE('',#2041);
#2043=ADVANCED_FACE('no 25110',(#2037),#2042,.T.);
#2044=ORIENTED_EDGE('no 22617',*,*,#1902,.F.);
#2045=CARTESIAN_POINT('',(0.1584080584,0.0011948692,0.013));
#2046=DIRECTION('',(-0.9995210177,0.0309472954,0.0));
#2047=VECTOR('',#2046,1.0);
#2048=LINE('',#2045,#2047);
#2049=EDGE_CURVE('no 22614',#419,#1875,#2048,.T.);
#2050=ORIENTED_EDGE('no 22616',*,*,#2049,.F.);
#2051=ORIENTED_EDGE('no 22615',*,*,#1739,.T.);
#2052=EDGE_LOOP('',(#2044,#2050,#2051));
#2053=FACE_OUTER_BOUND('',#2052,.T.);
#2054=CARTESIAN_POINT('',(0.0467091,0.00428958,0.013));
#2055=DIRECTION('',(-0.0,0.0,1.0));
#2056=DIRECTION('',(0.9996239189,-0.0274229978,0.0));
#2057=AXIS2_PLACEMENT_3D('',#2054,#2055,#2056);
#2058=PLANE('',#2057);
#2059=ADVANCED_FACE('no 22625',(#2053),#2058,.F.);
#2060=ORIENTED_EDGE('no 1624',*,*,#1771,.F.);
#2061=CARTESIAN_POINT('',(0.0461785,0.0891199,0.016));
#2062=VERTEX_POINT('',#2061);
#2063=CARTESIAN_POINT('',(0.0456091,0.0891948,0.016));
#2064=DIRECTION('',(0.9914454062,-0.1305220535,0.0));
#2065=VECTOR('',#2064,1.0);
#2066=LINE('',#2063,#2065);
#2067=EDGE_CURVE('no 1617',#1609,#2062,#2066,.T.);
#2068=ORIENTED_EDGE('no 1625',*,*,#2067,.T.);
#2069=CARTESIAN_POINT('',(0.0461785,0.0891199,0.016));
#2070=DIRECTION('',(0.9996720562,0.0256082014,0.0));
#2071=VECTOR('',#2070,1.0);
#2072=LINE('',#2069,#2071);
#2073=EDGE_CURVE('no 1623',#2062,#692,#2072,.T.);
#2074=ORIENTED_EDGE('no 1626',*,*,#2073,.T.);
#2075=EDGE_LOOP('',(#2060,#2068,#2074));
#2076=FACE_OUTER_BOUND('',#2075,.T.);
#2077=CARTESIAN_POINT('',(0.158409,0.0919948,0.016));
#2078=DIRECTION('',(0.0,0.0,1.0));
#2079=DIRECTION('',(-0.999692058,-0.0248151014,0.0));
#2080=AXIS2_PLACEMENT_3D('',#2077,#2078,#2079);
#2081=PLANE('',#2080);
#2082=ADVANCED_FACE('no 1634',(#2076),#2081,.T.);
#2083=CARTESIAN_POINT('',(0.154965,0.0885505,0.016));
#2084=VERTEX_POINT('',#2083);
#2085=CARTESIAN_POINT('',(0.154965,0.0885505,0.016));
#2086=DIRECTION('',(0.7071057812,0.7071077812,0.0));
#2087=VECTOR('',#2086,1.0);
#2088=LINE('',#2085,#2087);
#2089=EDGE_CURVE('no 2475',#2084,#692,#2088,.T.);
#2090=ORIENTED_EDGE('no 2505',*,*,#2089,.F.);
#2091=CARTESIAN_POINT('',(0.154965,0.0885505,0.016));
#2092=DIRECTION('',(0.6087687734,-0.7933477047,0.0));
#2093=VECTOR('',#2092,1.0);
#2094=LINE('',#2091,#2093);
#2095=EDGE_CURVE('no 2498',#2084,#1783,#2094,.T.);
#2096=ORIENTED_EDGE('no 2506',*,*,#2095,.T.);
#2097=ORIENTED_EDGE('no 2507',*,*,#1788,.T.);
#2098=EDGE_LOOP('',(#2090,#2096,#2097));
#2099=FACE_OUTER_BOUND('',#2098,.T.);
#2100=CARTESIAN_POINT('',(0.158409,0.0919948,0.016));
#2101=DIRECTION('',(0.0,0.0,1.0));
#2102=DIRECTION('',(-0.7071057812,-0.7071077812,0.0));
#2103=AXIS2_PLACEMENT_3D('',#2100,#2101,#2102);
#2104=PLANE('',#2103);
#2105=ADVANCED_FACE('no 2515',(#2099),#2104,.T.);
#2106=CARTESIAN_POINT('',(0.155253,0.00499484,0.016));
#2107=VERTEX_POINT('',#2106);
#2108=CARTESIAN_POINT('',(0.158409,0.00119484,0.016));
#2109=DIRECTION('',(-0.6389091255,0.769282217,0.0));
#2110=VECTOR('',#2109,1.0);
#2111=LINE('',#2108,#2110);
#2112=EDGE_CURVE('no 1269',#234,#2107,#2111,.T.);
#2113=ORIENTED_EDGE('no 1305',*,*,#2112,.F.);
#2114=ORIENTED_EDGE('no 1306',*,*,#1811,.T.);
#2115=CARTESIAN_POINT('',(0.155501,0.00551297,0.016));
#2116=DIRECTION('',(-0.4317369892,-0.9019995411,0.0));
#2117=VECTOR('',#2116,1.0);
#2118=LINE('',#2115,#2117);
#2119=EDGE_CURVE('no 1304',#1806,#2107,#2118,.T.);
#2120=ORIENTED_EDGE('no 1307',*,*,#2119,.T.);
#2121=EDGE_LOOP('',(#2113,#2114,#2120));
#2122=FACE_OUTER_BOUND('',#2121,.T.);
#2123=CARTESIAN_POINT('',(0.155253,0.00499484,0.016));
#2124=DIRECTION('',(-0.0,0.0,1.0));
#2125=DIRECTION('',(0.6389179245,-0.7692749091,0.0));
#2126=AXIS2_PLACEMENT_3D('',#2123,#2124,#2125);
#2127=PLANE('',#2126);
#2128=ADVANCED_FACE('no 1315',(#2122),#2127,.T.);
#2129=CARTESIAN_POINT('',(0.155501,0.00551297,0.013));
#2130=VERTEX_POINT('',#2129);
#2131=CARTESIAN_POINT('',(0.155606,0.00607757,0.016));
#2132=DIRECTION('',(-0.0343758286,-0.1848437411,-0.9821665306));
#2133=VECTOR('',#2132,1.0);
#2134=LINE('',#2131,#2133);
#2135=EDGE_CURVE('no 8705',#1479,#2130,#2134,.T.);
#2136=ORIENTED_EDGE('no 8712',*,*,#2135,.T.);
#2137=CARTESIAN_POINT('',(0.155501,0.00551297,0.013));
#2138=DIRECTION('',(0.0,0.0,1.0));
#2139=VECTOR('',#2138,1.0);
#2140=LINE('',#2137,#2139);
#2141=EDGE_CURVE('no 8711',#2130,#1806,#2140,.T.);
#2142=ORIENTED_EDGE('no 8713',*,*,#2141,.T.);
#2143=ORIENTED_EDGE('no 8714',*,*,#1818,.F.);
#2144=EDGE_LOOP('',(#2136,#2142,#2143));
#2145=FACE_OUTER_BOUND('',#2144,.T.);
#2146=CARTESIAN_POINT('',(0.155606,0.00607757,0.016));
#2147=DIRECTION('',(-0.9830749209,0.1832039841,-0.0000000058));
#2148=DIRECTION('',(-0.0344468126,-0.1848420675,-0.9821643585));
#2149=AXIS2_PLACEMENT_3D('',#2146,#2147,#2148);
#2150=PLANE('',#2149);
#2151=ADVANCED_FACE('no 8722',(#2145),#2150,.T.);
#2152=CARTESIAN_POINT('',(0.155534,0.0864254,0.016));
#2153=VERTEX_POINT('',#2152);
#2154=CARTESIAN_POINT('',(0.155561,0.00665016,0.016));
#2155=DIRECTION('',(-0.0003384509,0.9999999427,0.0));
#2156=VECTOR('',#2155,1.0);
#2157=LINE('',#2154,#2156);
#2158=EDGE_CURVE('no 3223',#1829,#2153,#2157,.T.);
#2159=ORIENTED_EDGE('no 3253',*,*,#2158,.F.);
#2160=ORIENTED_EDGE('no 3254',*,*,#1834,.T.);
#2161=CARTESIAN_POINT('',(0.155609,0.0869948,0.016));
#2162=DIRECTION('',(-0.1305896347,-0.9914365069,0.0));
#2163=VECTOR('',#2162,1.0);
#2164=LINE('',#2161,#2163);
#2165=EDGE_CURVE('no 3252',#1072,#2153,#2164,.T.);
#2166=ORIENTED_EDGE('no 3255',*,*,#2165,.T.);
#2167=EDGE_LOOP('',(#2159,#2160,#2166));
#2168=FACE_OUTER_BOUND('',#2167,.T.);
#2169=CARTESIAN_POINT('',(0.155534,0.0864254,0.016));
#2170=DIRECTION('',(-0.0,0.0,1.0));
#2171=DIRECTION('',(0.000342571,-0.9999999413,0.0));
#2172=AXIS2_PLACEMENT_3D('',#2169,#2170,#2171);
#2173=PLANE('',#2172);
#2174=ADVANCED_FACE('no 3263',(#2168),#2173,.T.);
#2175=CARTESIAN_POINT('',(0.155606,0.00607757,0.013));
#2176=VERTEX_POINT('',#2175);
#2177=CARTESIAN_POINT('',(0.155561,0.00665016,0.016));
#2178=DIRECTION('',(0.0147324299,-0.1874587125,-0.9821619961));
#2179=VECTOR('',#2178,1.0);
#2180=LINE('',#2177,#2179);
#2181=EDGE_CURVE('no 8653',#1829,#2176,#2180,.T.);
#2182=ORIENTED_EDGE('no 8660',*,*,#2181,.T.);
#2183=CARTESIAN_POINT('',(0.155606,0.00607757,0.013));
#2184=DIRECTION('',(0.0,0.0,1.0));
#2185=VECTOR('',#2184,1.0);
#2186=LINE('',#2183,#2185);
#2187=EDGE_CURVE('no 8659',#2176,#1479,#2186,.T.);
#2188=ORIENTED_EDGE('no 8661',*,*,#2187,.T.);
#2189=ORIENTED_EDGE('no 8662',*,*,#1840,.F.);
#2190=EDGE_LOOP('',(#2182,#2188,#2189));
#2191=FACE_OUTER_BOUND('',#2190,.T.);
#2192=CARTESIAN_POINT('',(0.155561,0.00665016,0.016));
#2193=DIRECTION('',(-0.9969923113,-0.0775005244,-0.0000000012));
#2194=DIRECTION('',(0.0145720048,-0.1874590616,-0.9821643228));
#2195=AXIS2_PLACEMENT_3D('',#2192,#2193,#2194);
#2196=PLANE('',#2195);
#2197=ADVANCED_FACE('no 8670',(#2191),#2196,.T.);
#2198=ORIENTED_EDGE('no 377',*,*,#1858,.F.);
#2199=CARTESIAN_POINT('',(0.0477341,0.00562543,0.016));
#2200=VERTEX_POINT('',#2199);
#2201=CARTESIAN_POINT('',(0.158409,0.00119484,0.016));
#2202=DIRECTION('',(-0.9991996624,0.040000434,0.0));
#2203=VECTOR('',#2202,1.0);
#2204=LINE('',#2201,#2203);
#2205=EDGE_CURVE('no 370',#234,#2200,#2204,.T.);
#2206=ORIENTED_EDGE('no 378',*,*,#2205,.T.);
#2207=CARTESIAN_POINT('',(0.0477341,0.00562543,0.016));
#2208=DIRECTION('',(-0.3827167618,-0.9238657263,0.0));
#2209=VECTOR('',#2208,1.0);
#2210=LINE('',#2207,#2209);
#2211=EDGE_CURVE('no 376',#2200,#1853,#2210,.T.);
#2212=ORIENTED_EDGE('no 379',*,*,#2211,.T.);
#2213=EDGE_LOOP('',(#2198,#2206,#2212));
#2214=FACE_OUTER_BOUND('',#2213,.T.);
#2215=CARTESIAN_POINT('',(0.0475143,0.00509484,0.016));
#2216=DIRECTION('',(-0.0,0.0,1.0));
#2217=DIRECTION('',(0.9993821602,-0.0351468056,0.0));
#2218=AXIS2_PLACEMENT_3D('',#2215,#2216,#2217);
#2219=PLANE('',#2218);
#2220=ADVANCED_FACE('no 387',(#2214),#2219,.T.);
#2221=CARTESIAN_POINT('',(0.0475143,0.00509484,0.016));
#2222=DIRECTION('',(-0.1144549569,-0.1491712144,-0.9821649615));
#2223=VECTOR('',#2222,1.0);
#2224=LINE('',#2221,#2223);
#2225=EDGE_CURVE('no 7451',#1853,#1875,#2224,.T.);
#2226=ORIENTED_EDGE('no 7458',*,*,#2225,.T.);
#2227=ORIENTED_EDGE('no 7459',*,*,#1887,.T.);
#2228=ORIENTED_EDGE('no 7460',*,*,#1864,.F.);
#2229=EDGE_LOOP('',(#2226,#2227,#2228));
#2230=FACE_OUTER_BOUND('',#2229,.T.);
#2231=CARTESIAN_POINT('',(0.0475143,0.00509484,0.016));
#2232=DIRECTION('',(-0.7933520747,0.6087630783,0.0000000871));
#2233=DIRECTION('',(-0.1144620536,-0.1491690699,-0.9821644602));
#2234=AXIS2_PLACEMENT_3D('',#2231,#2232,#2233);
#2235=PLANE('',#2234);
#2236=ADVANCED_FACE('no 7468',(#2230),#2235,.T.);
#2237=CARTESIAN_POINT('',(0.0445514,0.0889305,0.013));
#2238=VERTEX_POINT('',#2237);
#2239=CARTESIAN_POINT('',(0.0440543907,0.0885492087,0.013));
#2240=DIRECTION('',(0.793412962,0.6086837207,0.0));
#2241=VECTOR('',#2240,1.0);
#2242=LINE('',#2239,#2241);
#2243=EDGE_CURVE('no 21102',#1914,#2238,#2242,.T.);
#2244=ORIENTED_EDGE('no 21105',*,*,#2243,.F.);
#2245=ORIENTED_EDGE('no 21104',*,*,#1926,.F.);
#2246=CARTESIAN_POINT('',(0.0406514,0.0919948,0.013));
#2247=DIRECTION('',(0.7863169396,-0.6178233328,0.0));
#2248=VECTOR('',#2247,1.0);
#2249=LINE('',#2246,#2248);
#2250=EDGE_CURVE('no 21073',#1240,#2238,#2249,.T.);
#2251=ORIENTED_EDGE('no 21103',*,*,#2250,.T.);
#2252=EDGE_LOOP('',(#2244,#2245,#2251));
#2253=FACE_OUTER_BOUND('',#2252,.T.);
#2254=CARTESIAN_POINT('',(0.0445091,0.0889001,0.013));
#2255=DIRECTION('',(0.0,0.0,1.0));
#2256=DIRECTION('',(-0.7800211648,0.6257531322,0.0));
#2257=AXIS2_PLACEMENT_3D('',#2254,#2255,#2256);
#2258=PLANE('',#2257);
#2259=ADVANCED_FACE('no 21113',(#2253),#2258,.F.);
#2260=ORIENTED_EDGE('no 16854',*,*,#1919,.T.);
#2261=CARTESIAN_POINT('',(0.0440957,0.0885809,0.0));
#2262=VERTEX_POINT('',#2261);
#2263=CARTESIAN_POINT('',(0.0440957,0.0885809,0.0));
#2264=DIRECTION('',(0.0,0.0,1.0));
#2265=VECTOR('',#2264,1.0);
#2266=LINE('',#2263,#2265);
#2267=EDGE_CURVE('no 16845',#2262,#1914,#2266,.T.);
#2268=ORIENTED_EDGE('no 16853',*,*,#2267,.F.);
#2269=CARTESIAN_POINT('',(0.0440957,0.0885809,0.0));
#2270=DIRECTION('',(-0.0268661068,-0.0350120088,0.9990257112));
#2271=VECTOR('',#2270,1.0);
#2272=LINE('',#2269,#2271);
#2273=EDGE_CURVE('no 16822',#2262,#1586,#2272,.T.);
#2274=ORIENTED_EDGE('no 16852',*,*,#2273,.T.);
#2275=EDGE_LOOP('',(#2260,#2268,#2274));
#2276=FACE_OUTER_BOUND('',#2275,.T.);
#2277=CARTESIAN_POINT('',(0.0437461,0.0881253,0.013));
#2278=DIRECTION('',(0.8104611106,-0.5857910785,0.0012651144));
#2279=DIRECTION('',(0.0268674889,0.0350144855,-0.9990255872));
#2280=AXIS2_PLACEMENT_3D('',#2277,#2278,#2279);
#2281=PLANE('',#2280);
#2282=ADVANCED_FACE('no 16862',(#2276),#2281,.F.);
#2283=ORIENTED_EDGE('no 8169',*,*,#1942,.T.);
#2284=CARTESIAN_POINT('',(0.0445091,0.00810009,0.013));
#2285=VERTEX_POINT('',#2284);
#2286=CARTESIAN_POINT('',(0.0440534,0.00775047,0.013));
#2287=DIRECTION('',(0.7933542749,0.608760211,0.0));
#2288=VECTOR('',#2287,1.0);
#2289=LINE('',#2286,#2288);
#2290=EDGE_CURVE('no 8162',#1279,#2285,#2289,.T.);
#2291=ORIENTED_EDGE('no 8170',*,*,#2290,.T.);
#2292=CARTESIAN_POINT('',(0.0445091,0.00810009,0.013));
#2293=DIRECTION('',(0.0,0.0,1.0));
#2294=VECTOR('',#2293,1.0);
#2295=LINE('',#2292,#2294);
#2296=EDGE_CURVE('no 8168',#2285,#1937,#2295,.T.);
#2297=ORIENTED_EDGE('no 8171',*,*,#2296,.T.);
#2298=EDGE_LOOP('',(#2283,#2291,#2297));
#2299=FACE_OUTER_BOUND('',#2298,.T.);
#2300=CARTESIAN_POINT('',(0.0445091,0.00810009,0.016));
#2301=DIRECTION('',(0.6087602343,-0.793354257,0.0000001536));
#2302=DIRECTION('',(-0.1491700476,-0.1144620366,-0.9821643137));
#2303=AXIS2_PLACEMENT_3D('',#2300,#2301,#2302);
#2304=PLANE('',#2303);
#2305=ADVANCED_FACE('no 8179',(#2299),#2304,.T.);
#2306=CARTESIAN_POINT('',(0.0445091,0.00810009,0.013));
#2307=DIRECTION('',(-0.00589213,0.9999826413,0.0));
#2308=VECTOR('',#2307,1.0);
#2309=LINE('',#2306,#2308);
#2310=EDGE_CURVE('no 21715',#2285,#1960,#2309,.T.);
#2311=ORIENTED_EDGE('no 21718',*,*,#2310,.F.);
#2312=ORIENTED_EDGE('no 21717',*,*,#2290,.F.);
#2313=ORIENTED_EDGE('no 21716',*,*,#1971,.T.);
#2314=EDGE_LOOP('',(#2311,#2312,#2313));
#2315=FACE_OUTER_BOUND('',#2314,.T.);
#2316=CARTESIAN_POINT('',(0.0440534,0.0854392,0.013));
#2317=DIRECTION('',(0.0,0.0,1.0));
#2318=DIRECTION('',(0.0,-1.0,0.0));
#2319=AXIS2_PLACEMENT_3D('',#2316,#2317,#2318);
#2320=PLANE('',#2319);
#2321=ADVANCED_FACE('no 21726',(#2315),#2320,.F.);
#2322=ORIENTED_EDGE('no 3508',*,*,#1988,.F.);
#2323=CARTESIAN_POINT('',(0.0445091,0.0850896,0.016));
#2324=VERTEX_POINT('',#2323);
#2325=CARTESIAN_POINT('',(0.0445091,0.00810009,0.016));
#2326=DIRECTION('',(0.0,1.0,0.0));
#2327=VECTOR('',#2326,1.0);
#2328=LINE('',#2325,#2327);
#2329=EDGE_CURVE('no 3501',#1937,#2324,#2328,.T.);
#2330=ORIENTED_EDGE('no 3509',*,*,#2329,.T.);
#2331=CARTESIAN_POINT('',(0.0445091,0.0850896,0.016));
#2332=DIRECTION('',(-0.793356465,0.6087573568,0.0));
#2333=VECTOR('',#2332,1.0);
#2334=LINE('',#2331,#2333);
#2335=EDGE_CURVE('no 3507',#2324,#1665,#2334,.T.);
#2336=ORIENTED_EDGE('no 3510',*,*,#2335,.T.);
#2337=EDGE_LOOP('',(#2322,#2330,#2336));
#2338=FACE_OUTER_BOUND('',#2337,.T.);
#2339=CARTESIAN_POINT('',(0.0440534,0.0854392,0.016));
#2340=DIRECTION('',(0.0,0.0,1.0));
#2341=DIRECTION('',(0.0058913079,-0.9999826461,0.0));
#2342=AXIS2_PLACEMENT_3D('',#2339,#2340,#2341);
#2343=PLANE('',#2342);
#2344=ADVANCED_FACE('no 3518',(#2338),#2343,.T.);
#2345=CARTESIAN_POINT('',(0.0586275,0.0819948,0.013));
#2346=VERTEX_POINT('',#2345);
#2347=CARTESIAN_POINT('',(0.0746275,0.0909948,0.013));
#2348=DIRECTION('',(-0.8715755371,-0.4902612396,0.0));
#2349=VECTOR('',#2348,1.0);
#2350=LINE('',#2347,#2349);
#2351=EDGE_CURVE('no 25491',#2000,#2346,#2350,.T.);
#2352=ORIENTED_EDGE('no 25498',*,*,#2351,.T.);
#2353=CARTESIAN_POINT('',(0.0586275,0.0819948,0.013));
#2354=DIRECTION('',(0.0,1.0,0.0));
#2355=VECTOR('',#2354,1.0);
#2356=LINE('',#2353,#2355);
#2357=EDGE_CURVE('no 25497',#2346,#1712,#2356,.T.);
#2358=ORIENTED_EDGE('no 25499',*,*,#2357,.T.);
#2359=ORIENTED_EDGE('no 25500',*,*,#2011,.F.);
#2360=EDGE_LOOP('',(#2352,#2358,#2359));
#2361=FACE_OUTER_BOUND('',#2360,.T.);
#2362=CARTESIAN_POINT('',(0.0746275,0.0909948,0.013));
#2363=DIRECTION('',(-0.0,0.0,-1.0));
#2364=DIRECTION('',(-0.8715755104,-0.4902612871,0.0));
#2365=AXIS2_PLACEMENT_3D('',#2362,#2363,#2364);
#2366=PLANE('',#2365);
#2367=ADVANCED_FACE('no 25508',(#2361),#2366,.T.);
#2368=ORIENTED_EDGE('no 25123',*,*,#2027,.F.);
#2369=CARTESIAN_POINT('',(0.0586275,0.0920253,0.006));
#2370=VERTEX_POINT('',#2369);
#2371=CARTESIAN_POINT('',(0.0586275,0.0920253,0.006));
#2372=DIRECTION('',(0.0,-1.0,0.0));
#2373=VECTOR('',#2372,1.0);
#2374=LINE('',#2371,#2373);
#2375=EDGE_CURVE('no 25047',#2370,#2022,#2374,.T.);
#2376=ORIENTED_EDGE('no 25124',*,*,#2375,.F.);
#2377=CARTESIAN_POINT('',(0.0586275,0.0920253,0.006));
#2378=DIRECTION('',(0.0,0.0,1.0));
#2379=VECTOR('',#2378,1.0);
#2380=LINE('',#2377,#2379);
#2381=EDGE_CURVE('no 25122',#2370,#979,#2380,.T.);
#2382=ORIENTED_EDGE('no 25125',*,*,#2381,.T.);
#2383=EDGE_LOOP('',(#2368,#2376,#2382));
#2384=FACE_OUTER_BOUND('',#2383,.T.);
#2385=CARTESIAN_POINT('',(0.0586275,0.0919948,0.013));
#2386=DIRECTION('',(1.0,0.0,0.0));
#2387=DIRECTION('',(0.0,-0.1414220562,-0.9899493937));
#2388=AXIS2_PLACEMENT_3D('',#2385,#2386,#2387);
#2389=PLANE('',#2388);
#2390=ADVANCED_FACE('no 25133',(#2384),#2389,.T.);
#2391=CARTESIAN_POINT('',(0.0586275,0.0819948,0.006));
#2392=VERTEX_POINT('',#2391);
#2393=CARTESIAN_POINT('',(0.0586275,0.0819948,0.006));
#2394=DIRECTION('',(0.0,0.7893522174,0.6139406135));
#2395=VECTOR('',#2394,1.0);
#2396=LINE('',#2393,#2395);
#2397=EDGE_CURVE('no 25537',#2392,#1712,#2396,.T.);
#2398=ORIENTED_EDGE('no 25561',*,*,#2397,.F.);
#2399=CARTESIAN_POINT('',(0.0586275,0.0819948,0.006));
#2400=DIRECTION('',(0.0,1.0,0.0));
#2401=VECTOR('',#2400,1.0);
#2402=LINE('',#2399,#2401);
#2403=EDGE_CURVE('no 25560',#2392,#2022,#2402,.T.);
#2404=ORIENTED_EDGE('no 25562',*,*,#2403,.T.);
#2405=ORIENTED_EDGE('no 25563',*,*,#2034,.F.);
#2406=EDGE_LOOP('',(#2398,#2404,#2405));
#2407=FACE_OUTER_BOUND('',#2406,.T.);
#2408=CARTESIAN_POINT('',(0.0586275,0.0909948,0.013));
#2409=DIRECTION('',(1.0,0.0,0.0));
#2410=DIRECTION('',(0.0,-0.7893524328,-0.6139403366));
#2411=AXIS2_PLACEMENT_3D('',#2408,#2409,#2410);
#2412=PLANE('',#2411);
#2413=ADVANCED_FACE('no 25571',(#2407),#2412,.T.);
#2414=CARTESIAN_POINT('',(0.0475143,0.00509484,0.013));
#2415=VERTEX_POINT('',#2414);
#2416=CARTESIAN_POINT('',(0.0475143,0.00509484,0.013));
#2417=DIRECTION('',(-0.6087341738,-0.7933742532,0.0));
#2418=VECTOR('',#2417,1.0);
#2419=LINE('',#2416,#2418);
#2420=EDGE_CURVE('no 7480',#2415,#1875,#2419,.T.);
#2421=ORIENTED_EDGE('no 22640',*,*,#2420,.F.);
#2422=CARTESIAN_POINT('',(0.1584079308,0.0011948776,0.013));
#2423=DIRECTION('',(-0.9993821614,0.0351467692,0.0));
#2424=VECTOR('',#2423,1.0);
#2425=LINE('',#2422,#2424);
#2426=EDGE_CURVE('no 22637',#419,#2415,#2425,.T.);
#2427=ORIENTED_EDGE('no 22639',*,*,#2426,.F.);
#2428=ORIENTED_EDGE('no 22638',*,*,#2049,.T.);
#2429=EDGE_LOOP('',(#2421,#2427,#2428));
#2430=FACE_OUTER_BOUND('',#2429,.T.);
#2431=CARTESIAN_POINT('',(0.0471647,0.0046392,0.013));
#2432=DIRECTION('',(-0.0,0.0,1.0));
#2433=DIRECTION('',(0.9995294417,-0.0306740136,0.0));
#2434=AXIS2_PLACEMENT_3D('',#2431,#2432,#2433);
#2435=PLANE('',#2434);
#2436=ADVANCED_FACE('no 22648',(#2430),#2435,.F.);
#2437=ORIENTED_EDGE('no 1653',*,*,#2073,.F.);
#2438=CARTESIAN_POINT('',(0.0467091,0.0889001,0.016));
#2439=VERTEX_POINT('',#2438);
#2440=CARTESIAN_POINT('',(0.0461785,0.0891199,0.016));
#2441=DIRECTION('',(0.9238780467,-0.3826870194,0.0));
#2442=VECTOR('',#2441,1.0);
#2443=LINE('',#2440,#2442);
#2444=EDGE_CURVE('no 1646',#2062,#2439,#2443,.T.);
#2445=ORIENTED_EDGE('no 1654',*,*,#2444,.T.);
#2446=CARTESIAN_POINT('',(0.0467091,0.0889001,0.016));
#2447=DIRECTION('',(0.9996164113,0.0276953114,0.0));
#2448=VECTOR('',#2447,1.0);
#2449=LINE('',#2446,#2448);
#2450=EDGE_CURVE('no 1652',#2439,#692,#2449,.T.);
#2451=ORIENTED_EDGE('no 1655',*,*,#2450,.T.);
#2452=EDGE_LOOP('',(#2437,#2445,#2451));
#2453=FACE_OUTER_BOUND('',#2452,.T.);
#2454=CARTESIAN_POINT('',(0.158409,0.0919948,0.016));
#2455=DIRECTION('',(0.0,0.0,1.0));
#2456=DIRECTION('',(-0.9996720562,-0.0256082014,0.0));
#2457=AXIS2_PLACEMENT_3D('',#2454,#2455,#2456);
#2458=PLANE('',#2457);
#2459=ADVANCED_FACE('no 1663',(#2453),#2458,.T.);
#2460=CARTESIAN_POINT('',(0.154509,0.0889001,0.016));
#2461=VERTEX_POINT('',#2460);
#2462=CARTESIAN_POINT('',(0.154509,0.0889001,0.016));
#2463=DIRECTION('',(0.7833362497,0.6215981981,0.0));
#2464=VECTOR('',#2463,1.0);
#2465=LINE('',#2462,#2464);
#2466=EDGE_CURVE('no 2446',#2461,#692,#2465,.T.);
#2467=ORIENTED_EDGE('no 2476',*,*,#2466,.F.);
#2468=CARTESIAN_POINT('',(0.154509,0.0889001,0.016));
#2469=DIRECTION('',(0.7933542749,-0.608760211,0.0));
#2470=VECTOR('',#2469,1.0);
#2471=LINE('',#2468,#2470);
#2472=EDGE_CURVE('no 2469',#2461,#2084,#2471,.T.);
#2473=ORIENTED_EDGE('no 2477',*,*,#2472,.T.);
#2474=ORIENTED_EDGE('no 2478',*,*,#2089,.T.);
#2475=EDGE_LOOP('',(#2467,#2473,#2474));
#2476=FACE_OUTER_BOUND('',#2475,.T.);
#2477=CARTESIAN_POINT('',(0.158409,0.0919948,0.016));
#2478=DIRECTION('',(0.0,0.0,1.0));
#2479=DIRECTION('',(-0.7833362497,-0.6215981981,0.0));
#2480=AXIS2_PLACEMENT_3D('',#2477,#2478,#2479);
#2481=PLANE('',#2480);
#2482=ADVANCED_FACE('no 2486',(#2476),#2481,.T.);
#2483=CARTESIAN_POINT('',(0.15488,0.00455849,0.016));
#2484=VERTEX_POINT('',#2483);
#2485=CARTESIAN_POINT('',(0.158409,0.00119484,0.016));
#2486=DIRECTION('',(-0.7238615367,0.68994527,0.0));
#2487=VECTOR('',#2486,1.0);
#2488=LINE('',#2485,#2487);
#2489=EDGE_CURVE('no 1240',#234,#2484,#2488,.T.);
#2490=ORIENTED_EDGE('no 1276',*,*,#2489,.F.);
#2491=ORIENTED_EDGE('no 1277',*,*,#2112,.T.);
#2492=CARTESIAN_POINT('',(0.155253,0.00499484,0.016));
#2493=DIRECTION('',(-0.6497722204,-0.7601289769,0.0));
#2494=VECTOR('',#2493,1.0);
#2495=LINE('',#2492,#2494);
#2496=EDGE_CURVE('no 1275',#2107,#2484,#2495,.T.);
#2497=ORIENTED_EDGE('no 1278',*,*,#2496,.T.);
#2498=EDGE_LOOP('',(#2490,#2491,#2497));
#2499=FACE_OUTER_BOUND('',#2498,.T.);
#2500=CARTESIAN_POINT('',(0.15488,0.00455849,0.016));
#2501=DIRECTION('',(-0.0,0.0,1.0));
#2502=DIRECTION('',(0.7239087354,-0.6898957478,0.0));
#2503=AXIS2_PLACEMENT_3D('',#2500,#2501,#2502);
#2504=PLANE('',#2503);
#2505=ADVANCED_FACE('no 1286',(#2499),#2504,.T.);
#2506=CARTESIAN_POINT('',(0.155253,0.00499484,0.013));
#2507=VERTEX_POINT('',#2506);
#2508=CARTESIAN_POINT('',(0.155501,0.00551297,0.016));
#2509=DIRECTION('',(-0.0811917173,-0.1696284858,-0.9821578701));
#2510=VECTOR('',#2509,1.0);
#2511=LINE('',#2508,#2510);
#2512=EDGE_CURVE('no 8757',#1806,#2507,#2511,.T.);
#2513=ORIENTED_EDGE('no 8764',*,*,#2512,.T.);
#2514=CARTESIAN_POINT('',(0.155253,0.00499484,0.013));
#2515=VERTEX_POINT('',#2514);
#2516=CARTESIAN_POINT('',(0.155253,0.00499484,0.013));
#2517=DIRECTION('',(0.0,0.0,1.0));
#2518=VECTOR('',#2517,1.0);
#2519=LINE('',#2516,#2518);
#2520=EDGE_CURVE('no 8763',#2515,#2107,#2519,.T.);
#2521=ORIENTED_EDGE('no 8765',*,*,#2520,.T.);
#2522=ORIENTED_EDGE('no 8766',*,*,#2119,.F.);
#2523=EDGE_LOOP('',(#2513,#2521,#2522));
#2524=FACE_OUTER_BOUND('',#2523,.T.);
#2525=CARTESIAN_POINT('',(0.155501,0.00551297,0.016));
#2526=DIRECTION('',(-0.9021708342,0.4313789353,0.0000000687));
#2527=DIRECTION('',(-0.0811092674,-0.1696289319,-0.9821646055));
#2528=AXIS2_PLACEMENT_3D('',#2525,#2526,#2527);
#2529=PLANE('',#2528);
#2530=ADVANCED_FACE('no 8774',(#2524),#2529,.T.);
#2531=ORIENTED_EDGE('no 8735',*,*,#2135,.F.);
#2532=ORIENTED_EDGE('no 8736',*,*,#2187,.F.);
#2533=CARTESIAN_POINT('',(0.155606,0.00607757,0.013));
#2534=DIRECTION('',(-0.1828374623,-0.9831431546,0.0));
#2535=VECTOR('',#2534,1.0);
#2536=LINE('',#2533,#2535);
#2537=EDGE_CURVE('no 8734',#2176,#2130,#2536,.T.);
#2538=ORIENTED_EDGE('no 8737',*,*,#2537,.T.);
#2539=EDGE_LOOP('',(#2531,#2532,#2538));
#2540=FACE_OUTER_BOUND('',#2539,.T.);
#2541=CARTESIAN_POINT('',(0.155501,0.00551297,0.013));
#2542=DIRECTION('',(-0.9830749209,0.1832039841,-0.0000000058));
#2543=DIRECTION('',(0.0344468126,0.1848420675,0.9821643585));
#2544=AXIS2_PLACEMENT_3D('',#2541,#2542,#2543);
#2545=PLANE('',#2544);
#2546=ADVANCED_FACE('no 8745',(#2540),#2545,.T.);
#2547=ORIENTED_EDGE('no 8787',*,*,#2512,.F.);
#2548=ORIENTED_EDGE('no 8788',*,*,#2141,.F.);
#2549=CARTESIAN_POINT('',(0.155253,0.00499484,0.013));
#2550=VERTEX_POINT('',#2549);
#2551=CARTESIAN_POINT('',(0.155501,0.00551297,0.013));
#2552=DIRECTION('',(-0.4317369892,-0.9019995411,0.0));
#2553=VECTOR('',#2552,1.0);
#2554=LINE('',#2551,#2553);
#2555=EDGE_CURVE('no 8786',#2130,#2550,#2554,.T.);
#2556=ORIENTED_EDGE('no 8789',*,*,#2555,.T.);
#2557=EDGE_LOOP('',(#2547,#2548,#2556));
#2558=FACE_OUTER_BOUND('',#2557,.T.);
#2559=CARTESIAN_POINT('',(0.155253,0.00499484,0.013));
#2560=DIRECTION('',(-0.9021708342,0.4313789353,0.0000000687));
#2561=DIRECTION('',(0.0811092674,0.1696289319,0.9821646055));
#2562=AXIS2_PLACEMENT_3D('',#2559,#2560,#2561);
#2563=PLANE('',#2562);
#2564=ADVANCED_FACE('no 8797',(#2558),#2563,.T.);
#2565=CARTESIAN_POINT('',(0.15537,0.00719172,0.016));
#2566=VERTEX_POINT('',#2565);
#2567=CARTESIAN_POINT('',(0.15537,0.00719172,0.016));
#2568=DIRECTION('',(0.0020698224,0.9999978579,0.0));
#2569=VECTOR('',#2568,1.0);
#2570=LINE('',#2567,#2569);
#2571=EDGE_CURVE('no 3188',#2566,#2153,#2570,.T.);
#2572=ORIENTED_EDGE('no 3224',*,*,#2571,.F.);
#2573=CARTESIAN_POINT('',(0.15537,0.00719172,0.016));
#2574=DIRECTION('',(0.3326051414,-0.94306618,0.0));
#2575=VECTOR('',#2574,1.0);
#2576=LINE('',#2573,#2575);
#2577=EDGE_CURVE('no 3217',#2566,#1829,#2576,.T.);
#2578=ORIENTED_EDGE('no 3225',*,*,#2577,.T.);
#2579=ORIENTED_EDGE('no 3226',*,*,#2158,.T.);
#2580=EDGE_LOOP('',(#2572,#2578,#2579));
#2581=FACE_OUTER_BOUND('',#2580,.T.);
#2582=CARTESIAN_POINT('',(0.155534,0.0864254,0.016));
#2583=DIRECTION('',(0.0,0.0,1.0));
#2584=DIRECTION('',(-0.0020679697,-0.9999978617,0.0));
#2585=AXIS2_PLACEMENT_3D('',#2582,#2583,#2584);
#2586=PLANE('',#2585);
#2587=ADVANCED_FACE('no 3234',(#2581),#2586,.T.);
#2588=ORIENTED_EDGE('no 8683',*,*,#2181,.F.);
#2589=CARTESIAN_POINT('',(0.155561,0.00665016,0.013));
#2590=VERTEX_POINT('',#2589);
#2591=CARTESIAN_POINT('',(0.155561,0.00665016,0.013));
#2592=DIRECTION('',(0.0,0.0,1.0));
#2593=VECTOR('',#2592,1.0);
#2594=LINE('',#2591,#2593);
#2595=EDGE_CURVE('no 8607',#2590,#1829,#2594,.T.);
#2596=ORIENTED_EDGE('no 8684',*,*,#2595,.F.);
#2597=CARTESIAN_POINT('',(0.155561,0.00665016,0.013));
#2598=DIRECTION('',(0.0775005242,-0.9969923113,0.0));
#2599=VECTOR('',#2598,1.0);
#2600=LINE('',#2597,#2599);
#2601=EDGE_CURVE('no 8682',#2590,#2176,#2600,.T.);
#2602=ORIENTED_EDGE('no 8685',*,*,#2601,.T.);
#2603=EDGE_LOOP('',(#2588,#2596,#2602));
#2604=FACE_OUTER_BOUND('',#2603,.T.);
#2605=CARTESIAN_POINT('',(0.155606,0.00607757,0.013));
#2606=DIRECTION('',(-0.9969923113,-0.0775005244,-0.0000000012));
#2607=DIRECTION('',(-0.0145720048,0.1874590616,0.9821643228));
#2608=AXIS2_PLACEMENT_3D('',#2605,#2606,#2607);
#2609=PLANE('',#2608);
#2610=ADVANCED_FACE('no 8693',(#2604),#2609,.T.);
#2611=ORIENTED_EDGE('no 406',*,*,#2205,.F.);
#2612=CARTESIAN_POINT('',(0.0478091,0.00619484,0.016));
#2613=VERTEX_POINT('',#2612);
#2614=CARTESIAN_POINT('',(0.158409,0.00119484,0.016));
#2615=DIRECTION('',(-0.9989796822,0.045161871,0.0));
#2616=VECTOR('',#2615,1.0);
#2617=LINE('',#2614,#2616);
#2618=EDGE_CURVE('no 399',#234,#2613,#2617,.T.);
#2619=ORIENTED_EDGE('no 407',*,*,#2618,.T.);
#2620=CARTESIAN_POINT('',(0.0478091,0.00619484,0.016));
#2621=DIRECTION('',(-0.1305873804,-0.9914368039,0.0));
#2622=VECTOR('',#2621,1.0);
#2623=LINE('',#2620,#2622);
#2624=EDGE_CURVE('no 405',#2613,#2200,#2623,.T.);
#2625=ORIENTED_EDGE('no 408',*,*,#2624,.T.);
#2626=EDGE_LOOP('',(#2611,#2619,#2625));
#2627=FACE_OUTER_BOUND('',#2626,.T.);
#2628=CARTESIAN_POINT('',(0.0477341,0.00562543,0.016));
#2629=DIRECTION('',(-0.0,0.0,1.0));
#2630=DIRECTION('',(0.9991996603,-0.0400004864,0.0));
#2631=AXIS2_PLACEMENT_3D('',#2628,#2629,#2630);
#2632=PLANE('',#2631);
#2633=ADVANCED_FACE('no 416',(#2627),#2632,.T.);
#2634=CARTESIAN_POINT('',(0.0477341,0.00562543,0.016));
#2635=DIRECTION('',(-0.071959915,-0.1737088776,-0.9821644447));
#2636=VECTOR('',#2635,1.0);
#2637=LINE('',#2634,#2636);
#2638=EDGE_CURVE('no 7399',#2200,#2415,#2637,.T.);
#2639=ORIENTED_EDGE('no 7406',*,*,#2638,.T.);
#2640=CARTESIAN_POINT('',(0.0475143,0.00509484,0.013));
#2641=DIRECTION('',(0.0,0.0,1.0));
#2642=VECTOR('',#2641,1.0);
#2643=LINE('',#2640,#2642);
#2644=EDGE_CURVE('no 7405',#2415,#1853,#2643,.T.);
#2645=ORIENTED_EDGE('no 7407',*,*,#2644,.T.);
#2646=ORIENTED_EDGE('no 7408',*,*,#2211,.F.);
#2647=EDGE_LOOP('',(#2639,#2645,#2646));
#2648=FACE_OUTER_BOUND('',#2647,.T.);
#2649=CARTESIAN_POINT('',(0.0477341,0.00562543,0.016));
#2650=DIRECTION('',(-0.9238797571,0.3826828902,-0.0000000441));
#2651=DIRECTION('',(-0.0719537246,-0.1737120593,-0.9821643355));
#2652=AXIS2_PLACEMENT_3D('',#2649,#2650,#2651);
#2653=PLANE('',#2652);
#2654=ADVANCED_FACE('no 7416',(#2648),#2653,.T.);
#2655=ORIENTED_EDGE('no 7481',*,*,#2225,.F.);
#2656=ORIENTED_EDGE('no 7482',*,*,#2644,.F.);
#2657=ORIENTED_EDGE('no 7483',*,*,#2420,.T.);
#2658=EDGE_LOOP('',(#2655,#2656,#2657));
#2659=FACE_OUTER_BOUND('',#2658,.T.);
#2660=CARTESIAN_POINT('',(0.0471647,0.0046392,0.013));
#2661=DIRECTION('',(-0.7933520747,0.6087630783,0.0000000871));
#2662=DIRECTION('',(0.1144620536,0.1491690699,0.9821644602));
#2663=AXIS2_PLACEMENT_3D('',#2660,#2661,#2662);
#2664=PLANE('',#2663);
#2665=ADVANCED_FACE('no 7491',(#2659),#2664,.T.);
#2666=ORIENTED_EDGE('no 21075',*,*,#2250,.F.);
#2667=CARTESIAN_POINT('',(0.0406514,0.0919948,0.013));
#2668=DIRECTION('',(0.7863169396,-0.6178233328,0.0));
#2669=VECTOR('',#2668,1.0);
#2670=LINE('',#2667,#2669);
#2671=EDGE_CURVE('no 21038',#1240,#2238,#2670,.T.);
#2672=ORIENTED_EDGE('no 21074',*,*,#2671,.T.);
#2673=EDGE_LOOP('',(#2666,#2672));
#2674=FACE_OUTER_BOUND('',#2673,.T.);
#2675=CARTESIAN_POINT('',(0.0445514,0.0889305,0.013));
#2676=DIRECTION('',(0.0,0.0,1.0));
#2677=DIRECTION('',(-0.7863162568,0.6178242018,0.0));
#2678=AXIS2_PLACEMENT_3D('',#2675,#2676,#2677);
#2679=PLANE('',#2678);
#2680=ADVANCED_FACE('no 21084',(#2674),#2679,.F.);
#2681=CARTESIAN_POINT('',(0.0445514,0.0889305,0.013));
#2682=DIRECTION('',(-0.793356465,-0.6087573568,0.0));
#2683=VECTOR('',#2682,1.0);
#2684=LINE('',#2681,#2683);
#2685=EDGE_CURVE('no 11695',#2238,#1914,#2684,.T.);
#2686=ORIENTED_EDGE('no 21261',*,*,#2685,.T.);
#2687=ORIENTED_EDGE('no 21259',*,*,#2243,.T.);
#2688=EDGE_LOOP('',(#2686,#2687));
#2689=FACE_OUTER_BOUND('',#2688,.T.);
#2690=CARTESIAN_POINT('',(0.0445091,0.0889001,0.013));
#2691=DIRECTION('',(0.0,0.0,1.0));
#2692=DIRECTION('',(-0.793356465,-0.6087573568,0.0));
#2693=AXIS2_PLACEMENT_3D('',#2690,#2691,#2692);
#2694=PLANE('',#2693);
#2695=ADVANCED_FACE('no 21269',(#2689),#2694,.F.);
#2696=CARTESIAN_POINT('',(0.0437461,0.0881253,0.0));
#2697=VERTEX_POINT('',#2696);
#2698=CARTESIAN_POINT('',(0.0440957,0.0885809,0.0));
#2699=DIRECTION('',(-0.6087678124,-0.7933484421,0.0));
#2700=VECTOR('',#2699,1.0);
#2701=LINE('',#2698,#2700);
#2702=EDGE_CURVE('no 12745',#2262,#2697,#2701,.T.);
#2703=ORIENTED_EDGE('no 16825',*,*,#2702,.T.);
#2704=CARTESIAN_POINT('',(0.0437461,0.0881253,0.0));
#2705=DIRECTION('',(0.0,0.0,1.0));
#2706=VECTOR('',#2705,1.0);
#2707=LINE('',#2704,#2706);
#2708=EDGE_CURVE('no 16793',#2697,#1586,#2707,.T.);
#2709=ORIENTED_EDGE('no 16824',*,*,#2708,.T.);
#2710=ORIENTED_EDGE('no 16823',*,*,#2273,.F.);
#2711=EDGE_LOOP('',(#2703,#2709,#2710));
#2712=FACE_OUTER_BOUND('',#2711,.T.);
#2713=CARTESIAN_POINT('',(0.0440957,0.0885809,0.0));
#2714=DIRECTION('',(0.7933542746,-0.6087602114,0.0000000116));
#2715=DIRECTION('',(-0.0268674889,-0.0350144855,0.9990255872));
#2716=AXIS2_PLACEMENT_3D('',#2713,#2714,#2715);
#2717=PLANE('',#2716);
#2718=ADVANCED_FACE('no 16833',(#2712),#2717,.F.);
#2719=ORIENTED_EDGE('no 11704',*,*,#2267,.T.);
#2720=ORIENTED_EDGE('no 11703',*,*,#2685,.F.);
#2721=CARTESIAN_POINT('',(0.0445514,0.0889305,0.013));
#2722=DIRECTION('',(-0.0350147852,-0.0268674886,-0.9990255767));
#2723=VECTOR('',#2722,1.0);
#2724=LINE('',#2721,#2723);
#2725=EDGE_CURVE('no 11660',#2238,#2262,#2724,.T.);
#2726=ORIENTED_EDGE('no 11702',*,*,#2725,.T.);
#2727=EDGE_LOOP('',(#2719,#2720,#2726));
#2728=FACE_OUTER_BOUND('',#2727,.T.);
#2729=CARTESIAN_POINT('',(0.0440957,0.0885809,0.0));
#2730=DIRECTION('',(0.6087573564,-0.7933564653,-0.0000000123));
#2731=DIRECTION('',(0.0350147852,0.0268674886,0.9990255767));
#2732=AXIS2_PLACEMENT_3D('',#2729,#2730,#2731);
#2733=PLANE('',#2732);
#2734=ADVANCED_FACE('no 11712',(#2728),#2733,.F.);
#2735=CARTESIAN_POINT('',(0.0450397,0.00831987,0.016));
#2736=VERTEX_POINT('',#2735);
#2737=CARTESIAN_POINT('',(0.0450397,0.00831987,0.016));
#2738=DIRECTION('',(-0.1737121345,-0.0719533602,-0.9821643489));
#2739=VECTOR('',#2738,1.0);
#2740=LINE('',#2737,#2739);
#2741=EDGE_CURVE('no 8208',#2736,#2285,#2740,.T.);
#2742=ORIENTED_EDGE('no 8238',*,*,#2741,.F.);
#2743=CARTESIAN_POINT('',(0.0445091,0.00810009,0.016));
#2744=DIRECTION('',(0.923880589,0.3826808817,0.0));
#2745=VECTOR('',#2744,1.0);
#2746=LINE('',#2743,#2745);
#2747=EDGE_CURVE('no 3530',#1937,#2736,#2746,.T.);
#2748=ORIENTED_EDGE('no 8239',*,*,#2747,.F.);
#2749=ORIENTED_EDGE('no 8240',*,*,#2296,.F.);
#2750=EDGE_LOOP('',(#2742,#2748,#2749));
#2751=FACE_OUTER_BOUND('',#2750,.T.);
#2752=CARTESIAN_POINT('',(0.0445091,0.00810009,0.013));
#2753=DIRECTION('',(0.3826841211,-0.9238792472,0.0000000904));
#2754=DIRECTION('',(0.1737109189,0.0719536664,0.9821645415));
#2755=AXIS2_PLACEMENT_3D('',#2752,#2753,#2754);
#2756=PLANE('',#2755);
#2757=ADVANCED_FACE('no 8248',(#2751),#2756,.T.);
#2758=CARTESIAN_POINT('',(0.0445091,0.0850896,0.013));
#2759=VERTEX_POINT('',#2758);
#2760=CARTESIAN_POINT('',(0.0445091,0.0850896,0.013));
#2761=DIRECTION('',(-0.793356465,0.6087573568,0.0));
#2762=VECTOR('',#2761,1.0);
#2763=LINE('',#2760,#2762);
#2764=EDGE_CURVE('no 21744',#2759,#1960,#2763,.T.);
#2765=ORIENTED_EDGE('no 21747',*,*,#2764,.F.);
#2766=CARTESIAN_POINT('',(0.0445091,0.00810009,0.013));
#2767=DIRECTION('',(0.0,1.0,0.0));
#2768=VECTOR('',#2767,1.0);
#2769=LINE('',#2766,#2768);
#2770=EDGE_CURVE('no 21738',#2285,#2759,#2769,.T.);
#2771=ORIENTED_EDGE('no 21746',*,*,#2770,.F.);
#2772=ORIENTED_EDGE('no 21745',*,*,#2310,.T.);
#2773=EDGE_LOOP('',(#2765,#2771,#2772));
#2774=FACE_OUTER_BOUND('',#2773,.T.);
#2775=CARTESIAN_POINT('',(0.0440534,0.0854392,0.013));
#2776=DIRECTION('',(0.0,0.0,1.0));
#2777=DIRECTION('',(0.0058913079,-0.9999826461,0.0));
#2778=AXIS2_PLACEMENT_3D('',#2775,#2776,#2777);
#2779=PLANE('',#2778);
#2780=ADVANCED_FACE('no 21755',(#2774),#2779,.F.);
#2781=ORIENTED_EDGE('no 3537',*,*,#2329,.F.);
#2782=ORIENTED_EDGE('no 3538',*,*,#2747,.T.);
#2783=CARTESIAN_POINT('',(0.0450397,0.00831987,0.016));
#2784=DIRECTION('',(-0.0069114132,0.9999761159,0.0));
#2785=VECTOR('',#2784,1.0);
#2786=LINE('',#2783,#2785);
#2787=EDGE_CURVE('no 3536',#2736,#2324,#2786,.T.);
#2788=ORIENTED_EDGE('no 3539',*,*,#2787,.T.);
#2789=EDGE_LOOP('',(#2781,#2782,#2788));
#2790=FACE_OUTER_BOUND('',#2789,.T.);
#2791=CARTESIAN_POINT('',(0.0445091,0.0850896,0.016));
#2792=DIRECTION('',(0.0,0.0,1.0));
#2793=DIRECTION('',(0.0,-1.0,0.0));
#2794=AXIS2_PLACEMENT_3D('',#2791,#2792,#2793);
#2795=PLANE('',#2794);
#2796=ADVANCED_FACE('no 3547',(#2790),#2795,.T.);
#2797=ORIENTED_EDGE('no 25515',*,*,#2351,.F.);
#2798=CARTESIAN_POINT('',(0.0746275,0.0819948,0.013));
#2799=VERTEX_POINT('',#2798);
#2800=CARTESIAN_POINT('',(0.0746275,0.0819948,0.013));
#2801=DIRECTION('',(0.0,1.0,0.0));
#2802=VECTOR('',#2801,1.0);
#2803=LINE('',#2800,#2802);
#2804=EDGE_CURVE('no 25191',#2799,#2000,#2803,.T.);
#2805=ORIENTED_EDGE('no 25516',*,*,#2804,.F.);
#2806=CARTESIAN_POINT('',(0.0586275,0.0819948,0.013));
#2807=DIRECTION('',(1.0,0.0,0.0));
#2808=VECTOR('',#2807,1.0);
#2809=LINE('',#2806,#2808);
#2810=EDGE_CURVE('no 6914',#2346,#2799,#2809,.T.);
#2811=ORIENTED_EDGE('no 25517',*,*,#2810,.F.);
#2812=EDGE_LOOP('',(#2797,#2805,#2811));
#2813=FACE_OUTER_BOUND('',#2812,.T.);
#2814=CARTESIAN_POINT('',(0.0586275,0.0819948,0.013));
#2815=DIRECTION('',(0.0,0.0,-1.0));
#2816=DIRECTION('',(0.8715755104,0.4902612871,0.0));
#2817=AXIS2_PLACEMENT_3D('',#2814,#2815,#2816);
#2818=PLANE('',#2817);
#2819=ADVANCED_FACE('no 25525',(#2813),#2818,.T.);
#2820=ORIENTED_EDGE('no 25538',*,*,#2397,.T.);
#2821=ORIENTED_EDGE('no 25539',*,*,#2357,.F.);
#2822=CARTESIAN_POINT('',(0.0586275,0.0819948,0.006));
#2823=DIRECTION('',(0.0,0.0,1.0));
#2824=VECTOR('',#2823,1.0);
#2825=LINE('',#2822,#2824);
#2826=EDGE_CURVE('no 25462',#2392,#2346,#2825,.T.);
#2827=ORIENTED_EDGE('no 25540',*,*,#2826,.F.);
#2828=EDGE_LOOP('',(#2820,#2821,#2827));
#2829=FACE_OUTER_BOUND('',#2828,.T.);
#2830=CARTESIAN_POINT('',(0.0586275,0.0819948,0.006));
#2831=DIRECTION('',(1.0,0.0,-0.0));
#2832=DIRECTION('',(0.0,0.7893524328,0.6139403366));
#2833=AXIS2_PLACEMENT_3D('',#2830,#2831,#2832);
#2834=PLANE('',#2833);
#2835=ADVANCED_FACE('no 25548',(#2829),#2834,.T.);
#2836=CARTESIAN_POINT('',(0.0746275,0.0909948,0.006));
#2837=VERTEX_POINT('',#2836);
#2838=CARTESIAN_POINT('',(0.0746275,0.0909948,0.006));
#2839=DIRECTION('',(-0.997932348,0.0642730803,0.0));
#2840=VECTOR('',#2839,1.0);
#2841=LINE('',#2838,#2840);
#2842=EDGE_CURVE('no 25041',#2837,#2370,#2841,.T.);
#2843=ORIENTED_EDGE('no 25054',*,*,#2842,.T.);
#2844=ORIENTED_EDGE('no 25055',*,*,#2375,.T.);
#2845=CARTESIAN_POINT('',(0.0586275,0.0909948,0.006));
#2846=DIRECTION('',(1.0,0.0,0.0));
#2847=VECTOR('',#2846,1.0);
#2848=LINE('',#2845,#2847);
#2849=EDGE_CURVE('no 25053',#2022,#2837,#2848,.T.);
#2850=ORIENTED_EDGE('no 25056',*,*,#2849,.T.);
#2851=EDGE_LOOP('',(#2843,#2844,#2850));
#2852=FACE_OUTER_BOUND('',#2851,.T.);
#2853=CARTESIAN_POINT('',(0.0746275,0.0909948,0.006));
#2854=DIRECTION('',(0.0,0.0,1.0));
#2855=DIRECTION('',(-0.9979325675,0.0642696721,0.0));
#2856=AXIS2_PLACEMENT_3D('',#2853,#2854,#2855);
#2857=PLANE('',#2856);
#2858=ADVANCED_FACE('no 25064',(#2852),#2857,.T.);
#2859=ORIENTED_EDGE('no 25140',*,*,#2381,.F.);
#2860=CARTESIAN_POINT('',(0.0586275,0.0920253,0.013));
#2861=DIRECTION('',(0.0,0.0,-1.0));
#2862=VECTOR('',#2861,1.0);
#2863=LINE('',#2860,#2862);
#2864=EDGE_CURVE('no 24799',#979,#2370,#2863,.T.);
#2865=ORIENTED_EDGE('no 25141',*,*,#2864,.F.);
#2866=EDGE_LOOP('',(#2859,#2865));
#2867=FACE_OUTER_BOUND('',#2866,.T.);
#2868=CARTESIAN_POINT('',(0.0586275,0.0919948,0.013));
#2869=DIRECTION('',(1.0,-0.0,0.0));
#2870=DIRECTION('',(0.0,0.004348968,-0.9999905432));
#2871=AXIS2_PLACEMENT_3D('',#2868,#2869,#2870);
#2872=PLANE('',#2871);
#2873=ADVANCED_FACE('no 25150',(#2867),#2872,.T.);
#2874=CARTESIAN_POINT('',(0.0746275,0.0819948,0.006));
#2875=VERTEX_POINT('',#2874);
#2876=CARTESIAN_POINT('',(0.0746275,0.0819948,0.006));
#2877=DIRECTION('',(-0.8715755371,0.4902612396,0.0));
#2878=VECTOR('',#2877,1.0);
#2879=LINE('',#2876,#2878);
#2880=EDGE_CURVE('no 25583',#2875,#2022,#2879,.T.);
#2881=ORIENTED_EDGE('no 25584',*,*,#2880,.T.);
#2882=ORIENTED_EDGE('no 25585',*,*,#2403,.F.);
#2883=CARTESIAN_POINT('',(0.0746275,0.0819948,0.006));
#2884=DIRECTION('',(-1.0,0.0,0.0));
#2885=VECTOR('',#2884,1.0);
#2886=LINE('',#2883,#2885);
#2887=EDGE_CURVE('no 25439',#2875,#2392,#2886,.T.);
#2888=ORIENTED_EDGE('no 25586',*,*,#2887,.F.);
#2889=EDGE_LOOP('',(#2881,#2882,#2888));
#2890=FACE_OUTER_BOUND('',#2889,.T.);
#2891=CARTESIAN_POINT('',(0.0746275,0.0819948,0.006));
#2892=DIRECTION('',(0.0,0.0,1.0));
#2893=DIRECTION('',(-0.8715755104,0.4902612871,0.0));
#2894=AXIS2_PLACEMENT_3D('',#2891,#2892,#2893);
#2895=PLANE('',#2894);
#2896=ADVANCED_FACE('no 25594',(#2890),#2895,.T.);
#2897=CARTESIAN_POINT('',(0.0477341,0.00562543,0.013));
#2898=VERTEX_POINT('',#2897);
#2899=CARTESIAN_POINT('',(0.0477341,0.00562543,0.013));
#2900=DIRECTION('',(-0.3827167618,-0.9238657263,0.0));
#2901=VECTOR('',#2900,1.0);
#2902=LINE('',#2899,#2901);
#2903=EDGE_CURVE('no 7428',#2898,#2415,#2902,.T.);
#2904=ORIENTED_EDGE('no 22663',*,*,#2903,.F.);
#2905=CARTESIAN_POINT('',(0.1584077834,0.0011948887,0.013));
#2906=DIRECTION('',(-0.9991996624,0.040000434,0.0));
#2907=VECTOR('',#2906,1.0);
#2908=LINE('',#2905,#2907);
#2909=EDGE_CURVE('no 22660',#419,#2898,#2908,.T.);
#2910=ORIENTED_EDGE('no 22662',*,*,#2909,.F.);
#2911=ORIENTED_EDGE('no 22661',*,*,#2426,.T.);
#2912=EDGE_LOOP('',(#2904,#2910,#2911));
#2913=FACE_OUTER_BOUND('',#2912,.T.);
#2914=CARTESIAN_POINT('',(0.0475143,0.00509484,0.013));
#2915=DIRECTION('',(-0.0,0.0,1.0));
#2916=DIRECTION('',(0.9993917627,-0.0348726917,0.0));
#2917=AXIS2_PLACEMENT_3D('',#2914,#2915,#2916);
#2918=PLANE('',#2917);
#2919=ADVANCED_FACE('no 22671',(#2913),#2918,.F.);
#2920=ORIENTED_EDGE('no 1682',*,*,#2450,.F.);
#2921=CARTESIAN_POINT('',(0.0471647,0.0885505,0.016));
#2922=VERTEX_POINT('',#2921);
#2923=CARTESIAN_POINT('',(0.0467091,0.0889001,0.016));
#2924=DIRECTION('',(0.7933542749,-0.608760211,0.0));
#2925=VECTOR('',#2924,1.0);
#2926=LINE('',#2923,#2925);
#2927=EDGE_CURVE('no 1675',#2439,#2922,#2926,.T.);
#2928=ORIENTED_EDGE('no 1683',*,*,#2927,.T.);
#2929=CARTESIAN_POINT('',(0.0471647,0.0885505,0.016));
#2930=DIRECTION('',(0.9995210176,0.0309473005,0.0));
#2931=VECTOR('',#2930,1.0);
#2932=LINE('',#2929,#2931);
#2933=EDGE_CURVE('no 1681',#2922,#692,#2932,.T.);
#2934=ORIENTED_EDGE('no 1684',*,*,#2933,.T.);
#2935=EDGE_LOOP('',(#2920,#2928,#2934));
#2936=FACE_OUTER_BOUND('',#2935,.T.);
#2937=CARTESIAN_POINT('',(0.158409,0.0919948,0.016));
#2938=DIRECTION('',(0.0,0.0,1.0));
#2939=DIRECTION('',(-0.9996164113,-0.0276953114,0.0));
#2940=AXIS2_PLACEMENT_3D('',#2937,#2938,#2939);
#2941=PLANE('',#2940);
#2942=ADVANCED_FACE('no 1692',(#2936),#2941,.T.);
#2943=CARTESIAN_POINT('',(0.153978,0.0891199,0.016));
#2944=VERTEX_POINT('',#2943);
#2945=CARTESIAN_POINT('',(0.153978,0.0891199,0.016));
#2946=DIRECTION('',(0.8388691619,0.544333105,0.0));
#2947=VECTOR('',#2946,1.0);
#2948=LINE('',#2945,#2947);
#2949=EDGE_CURVE('no 2417',#2944,#692,#2948,.T.);
#2950=ORIENTED_EDGE('no 2447',*,*,#2949,.F.);
#2951=CARTESIAN_POINT('',(0.153978,0.0891199,0.016));
#2952=DIRECTION('',(0.9238780467,-0.3826870194,0.0));
#2953=VECTOR('',#2952,1.0);
#2954=LINE('',#2951,#2953);
#2955=EDGE_CURVE('no 2440',#2944,#2461,#2954,.T.);
#2956=ORIENTED_EDGE('no 2448',*,*,#2955,.T.);
#2957=ORIENTED_EDGE('no 2449',*,*,#2466,.T.);
#2958=EDGE_LOOP('',(#2950,#2956,#2957));
#2959=FACE_OUTER_BOUND('',#2958,.T.);
#2960=CARTESIAN_POINT('',(0.158409,0.0919948,0.016));
#2961=DIRECTION('',(0.0,0.0,1.0));
#2962=DIRECTION('',(-0.8388691619,-0.544333105,0.0));
#2963=AXIS2_PLACEMENT_3D('',#2960,#2961,#2962);
#2964=PLANE('',#2963);
#2965=ADVANCED_FACE('no 2457',(#2959),#2964,.T.);
#2966=CARTESIAN_POINT('',(0.154406,0.00423365,0.016));
#2967=VERTEX_POINT('',#2966);
#2968=CARTESIAN_POINT('',(0.158409,0.00119484,0.016));
#2969=DIRECTION('',(-0.7964946901,0.6046455232,0.0));
#2970=VECTOR('',#2969,1.0);
#2971=LINE('',#2968,#2970);
#2972=EDGE_CURVE('no 1211',#234,#2967,#2971,.T.);
#2973=ORIENTED_EDGE('no 1247',*,*,#2972,.F.);
#2974=ORIENTED_EDGE('no 1248',*,*,#2489,.T.);
#2975=CARTESIAN_POINT('',(0.15488,0.00455849,0.016));
#2976=DIRECTION('',(-0.8248818792,-0.5653051258,0.0));
#2977=VECTOR('',#2976,1.0);
#2978=LINE('',#2975,#2977);
#2979=EDGE_CURVE('no 1246',#2484,#2967,#2978,.T.);
#2980=ORIENTED_EDGE('no 1249',*,*,#2979,.T.);
#2981=EDGE_LOOP('',(#2973,#2974,#2980));
#2982=FACE_OUTER_BOUND('',#2981,.T.);
#2983=CARTESIAN_POINT('',(0.154406,0.00423365,0.016));
#2984=DIRECTION('',(-0.0,0.0,1.0));
#2985=DIRECTION('',(0.796502796,-0.6046348451,0.0));
#2986=AXIS2_PLACEMENT_3D('',#2983,#2984,#2985);
#2987=PLANE('',#2986);
#2988=ADVANCED_FACE('no 1257',(#2982),#2987,.T.);
#2989=CARTESIAN_POINT('',(0.154913,0.00459744,0.013));
#2990=VERTEX_POINT('',#2989);
#2991=CARTESIAN_POINT('',(0.155253,0.00499484,0.016));
#2992=DIRECTION('',(-0.1116494151,-0.1304984634,-0.985141898));
#2993=VECTOR('',#2992,1.0);
#2994=LINE('',#2991,#2993);
#2995=EDGE_CURVE('no 8809',#2107,#2990,#2994,.T.);
#2996=ORIENTED_EDGE('no 8816',*,*,#2995,.T.);
#2997=CARTESIAN_POINT('',(0.15488,0.00455849,0.013));
#2998=VERTEX_POINT('',#2997);
#2999=CARTESIAN_POINT('',(0.15488,0.00455849,0.013));
#3000=DIRECTION('',(0.0,0.0,1.0));
#3001=VECTOR('',#3000,1.0);
#3002=LINE('',#2999,#3001);
#3003=EDGE_CURVE('no 8815',#2998,#2484,#3002,.T.);
#3004=ORIENTED_EDGE('no 8817',*,*,#3003,.T.);
#3005=ORIENTED_EDGE('no 8818',*,*,#2496,.F.);
#3006=EDGE_LOOP('',(#2996,#3004,#3005));
#3007=FACE_OUTER_BOUND('',#3006,.T.);
#3008=CARTESIAN_POINT('',(0.155253,0.00499484,0.016));
#3009=DIRECTION('',(-0.7597787322,0.650181727,-0.0000001737));
#3010=DIRECTION('',(-0.1222489546,-0.142855947,-0.9821646356));
#3011=AXIS2_PLACEMENT_3D('',#3008,#3009,#3010);
#3012=PLANE('',#3011);
#3013=ADVANCED_FACE('no 8826',(#3007),#3012,.T.);
#3014=CARTESIAN_POINT('',(0.155007,0.00466964,0.013));
#3015=VERTEX_POINT('',#3014);
#3016=CARTESIAN_POINT('',(0.155253,0.00499484,0.016));
#3017=DIRECTION('',(-0.0812528793,-0.1074123429,-0.9908887719));
#3018=VECTOR('',#3017,1.0);
#3019=LINE('',#3016,#3018);
#3020=EDGE_CURVE('no 8867',#2107,#3015,#3019,.T.);
#3021=ORIENTED_EDGE('no 8897',*,*,#3020,.F.);
#3022=ORIENTED_EDGE('no 8898',*,*,#2520,.F.);
#3023=CARTESIAN_POINT('',(0.155253,0.00499484,0.013));
#3024=DIRECTION('',(-0.6032751171,-0.7975331548,0.0));
#3025=VECTOR('',#3024,1.0);
#3026=LINE('',#3023,#3025);
#3027=EDGE_CURVE('no 8896',#2515,#3015,#3026,.T.);
#3028=ORIENTED_EDGE('no 8899',*,*,#3027,.T.);
#3029=EDGE_LOOP('',(#3021,#3022,#3028));
#3030=FACE_OUTER_BOUND('',#3029,.T.);
#3031=CARTESIAN_POINT('',(0.155007,0.00466964,0.013));
#3032=DIRECTION('',(-0.7975331659,0.6032751025,-0.0000001346));
#3033=DIRECTION('',(0.0812491096,0.1074120127,0.9908891168));
#3034=AXIS2_PLACEMENT_3D('',#3031,#3032,#3033);
#3035=PLANE('',#3034);
#3036=ADVANCED_FACE('no 8907',(#3030),#3035,.T.);
#3037=ORIENTED_EDGE('no 23296',*,*,#2537,.F.);
#3038=CARTESIAN_POINT('',(0.158409,0.00122528,0.013));
#3039=VERTEX_POINT('',#3038);
#3040=CARTESIAN_POINT('',(0.158409,0.00122528,0.013));
#3041=DIRECTION('',(-0.5002046357,0.8659072251,0.0));
#3042=VECTOR('',#3041,1.0);
#3043=LINE('',#3040,#3042);
#3044=EDGE_CURVE('no 23293',#3039,#2176,#3043,.T.);
#3045=ORIENTED_EDGE('no 23295',*,*,#3044,.F.);
#3046=CARTESIAN_POINT('',(0.1583948967,0.0012157823,0.013));
#3047=DIRECTION('',(-0.5585834159,0.8294483513,0.0));
#3048=VECTOR('',#3047,1.0);
#3049=LINE('',#3046,#3048);
#3050=EDGE_CURVE('no 23270',#419,#2130,#3049,.T.);
#3051=ORIENTED_EDGE('no 23294',*,*,#3050,.T.);
#3052=EDGE_LOOP('',(#3037,#3045,#3051));
#3053=FACE_OUTER_BOUND('',#3052,.T.);
#3054=CARTESIAN_POINT('',(0.155501,0.00551297,0.013));
#3055=DIRECTION('',(-0.0,0.0,1.0));
#3056=DIRECTION('',(0.561346785,-0.827580683,0.0));
#3057=AXIS2_PLACEMENT_3D('',#3054,#3055,#3056);
#3058=PLANE('',#3057);
#3059=ADVANCED_FACE('no 23304',(#3053),#3058,.F.);
#3060=ORIENTED_EDGE('no 23273',*,*,#2555,.F.);
#3061=ORIENTED_EDGE('no 23272',*,*,#3050,.F.);
#3062=CARTESIAN_POINT('',(0.1583940387,0.0012128542,0.013));
#3063=DIRECTION('',(-0.6389091255,0.769282217,0.0));
#3064=VECTOR('',#3063,1.0);
#3065=LINE('',#3062,#3064);
#3066=EDGE_CURVE('no 23247',#419,#2550,#3065,.T.);
#3067=ORIENTED_EDGE('no 23271',*,*,#3066,.T.);
#3068=EDGE_LOOP('',(#3060,#3061,#3067));
#3069=FACE_OUTER_BOUND('',#3068,.T.);
#3070=CARTESIAN_POINT('',(0.155253,0.00499484,0.013));
#3071=DIRECTION('',(-0.0,0.0,1.0));
#3072=DIRECTION('',(0.6419568232,-0.7667407888,0.0));
#3073=AXIS2_PLACEMENT_3D('',#3070,#3071,#3072);
#3074=PLANE('',#3073);
#3075=ADVANCED_FACE('no 23281',(#3069),#3074,.F.);
#3076=CARTESIAN_POINT('',(0.155314,0.0858948,0.016));
#3077=VERTEX_POINT('',#3076);
#3078=CARTESIAN_POINT('',(0.15537,0.00719172,0.016));
#3079=DIRECTION('',(-0.0007115349,0.9999997469,0.0));
#3080=VECTOR('',#3079,1.0);
#3081=LINE('',#3078,#3080);
#3082=EDGE_CURVE('no 3165',#2566,#3077,#3081,.T.);
#3083=ORIENTED_EDGE('no 3195',*,*,#3082,.F.);
#3084=ORIENTED_EDGE('no 3196',*,*,#2571,.T.);
#3085=CARTESIAN_POINT('',(0.155534,0.0864254,0.016));
#3086=DIRECTION('',(-0.3826808374,-0.9238806074,0.0));
#3087=VECTOR('',#3086,1.0);
#3088=LINE('',#3085,#3087);
#3089=EDGE_CURVE('no 3194',#2153,#3077,#3088,.T.);
#3090=ORIENTED_EDGE('no 3197',*,*,#3089,.T.);
#3091=EDGE_LOOP('',(#3083,#3084,#3090));
#3092=FACE_OUTER_BOUND('',#3091,.T.);
#3093=CARTESIAN_POINT('',(0.155314,0.0858948,0.016));
#3094=DIRECTION('',(-0.0,0.0,1.0));
#3095=DIRECTION('',(0.0007105698,-0.9999997475,0.0));
#3096=AXIS2_PLACEMENT_3D('',#3093,#3094,#3095);
#3097=PLANE('',#3096);
#3098=ADVANCED_FACE('no 3205',(#3092),#3097,.T.);
#3099=CARTESIAN_POINT('',(0.15537,0.00719172,0.016));
#3100=DIRECTION('',(0.0625313694,-0.1773009865,-0.9821681058));
#3101=VECTOR('',#3100,1.0);
#3102=LINE('',#3099,#3101);
#3103=EDGE_CURVE('no 8601',#2566,#2590,#3102,.T.);
#3104=ORIENTED_EDGE('no 8608',*,*,#3103,.T.);
#3105=ORIENTED_EDGE('no 8609',*,*,#2595,.T.);
#3106=ORIENTED_EDGE('no 8610',*,*,#2577,.F.);
#3107=EDGE_LOOP('',(#3104,#3105,#3106));
#3108=FACE_OUTER_BOUND('',#3107,.T.);
#3109=CARTESIAN_POINT('',(0.15537,0.00719172,0.016));
#3110=DIRECTION('',(-0.9429667496,-0.3328869314,-0.0000000977));
#3111=DIRECTION('',(0.0625906696,-0.1772999137,-0.9821645222));
#3112=AXIS2_PLACEMENT_3D('',#3109,#3110,#3111);
#3113=PLANE('',#3112);
#3114=ADVANCED_FACE('no 8618',(#3108),#3113,.T.);
#3115=CARTESIAN_POINT('',(0.155609,0.0869948,0.013));
#3116=VERTEX_POINT('',#3115);
#3117=CARTESIAN_POINT('',(0.155609,0.0869948,0.013));
#3118=DIRECTION('',(-0.0000370749,-0.9999999993,0.0));
#3119=VECTOR('',#3118,1.0);
#3120=LINE('',#3117,#3119);
#3121=EDGE_CURVE('no 23322',#3116,#2176,#3120,.T.);
#3122=ORIENTED_EDGE('no 24496',*,*,#3121,.T.);
#3123=ORIENTED_EDGE('no 24495',*,*,#2601,.F.);
#3124=CARTESIAN_POINT('',(0.155561,0.00665016,0.013));
#3125=DIRECTION('',(0.0005974262,0.9999998215,0.0));
#3126=VECTOR('',#3125,1.0);
#3127=LINE('',#3124,#3126);
#3128=EDGE_CURVE('no 24470',#2590,#3116,#3127,.T.);
#3129=ORIENTED_EDGE('no 24494',*,*,#3128,.T.);
#3130=EDGE_LOOP('',(#3122,#3123,#3129));
#3131=FACE_OUTER_BOUND('',#3130,.T.);
#3132=CARTESIAN_POINT('',(0.155609,0.0869948,0.013));
#3133=DIRECTION('',(0.0,0.0,1.0));
#3134=DIRECTION('',(-0.0005927469,-0.9999998243,0.0));
#3135=AXIS2_PLACEMENT_3D('',#3132,#3133,#3134);
#3136=PLANE('',#3135);
#3137=ADVANCED_FACE('no 24504',(#3131),#3136,.F.);
#3138=ORIENTED_EDGE('no 435',*,*,#2618,.F.);
#3139=CARTESIAN_POINT('',(0.0540074,0.0180378,0.016));
#3140=VERTEX_POINT('',#3139);
#3141=CARTESIAN_POINT('',(0.158409,0.00119484,0.016));
#3142=DIRECTION('',(-0.9872351855,0.1592692328,0.0));
#3143=VECTOR('',#3142,1.0);
#3144=LINE('',#3141,#3143);
#3145=EDGE_CURVE('no 428',#234,#3140,#3144,.T.);
#3146=ORIENTED_EDGE('no 436',*,*,#3145,.T.);
#3147=CARTESIAN_POINT('',(0.0540074,0.0180378,0.016));
#3148=DIRECTION('',(-0.4637040743,-0.8859901419,0.0));
#3149=VECTOR('',#3148,1.0);
#3150=LINE('',#3147,#3149);
#3151=EDGE_CURVE('no 434',#3140,#2613,#3150,.T.);
#3152=ORIENTED_EDGE('no 437',*,*,#3151,.T.);
#3153=EDGE_LOOP('',(#3138,#3146,#3152));
#3154=FACE_OUTER_BOUND('',#3153,.T.);
#3155=CARTESIAN_POINT('',(0.0478091,0.00619484,0.016));
#3156=DIRECTION('',(-0.0,0.0,1.0));
#3157=DIRECTION('',(0.998979686,-0.0451617858,0.0));
#3158=AXIS2_PLACEMENT_3D('',#3155,#3156,#3157);
#3159=PLANE('',#3158);
#3160=ADVANCED_FACE('no 445',(#3154),#3159,.T.);
#3161=CARTESIAN_POINT('',(0.0478091,0.00619484,0.016));
#3162=DIRECTION('',(-0.0245540914,-0.186417936,-0.9821636573));
#3163=VECTOR('',#3162,1.0);
#3164=LINE('',#3161,#3163);
#3165=EDGE_CURVE('no 7347',#2613,#2898,#3164,.T.);
#3166=ORIENTED_EDGE('no 7354',*,*,#3165,.T.);
#3167=CARTESIAN_POINT('',(0.0477341,0.00562543,0.013));
#3168=DIRECTION('',(0.0,0.0,1.0));
#3169=VECTOR('',#3168,1.0);
#3170=LINE('',#3167,#3169);
#3171=EDGE_CURVE('no 7353',#2898,#2200,#3170,.T.);
#3172=ORIENTED_EDGE('no 7355',*,*,#3171,.T.);
#3173=ORIENTED_EDGE('no 7356',*,*,#2624,.F.);
#3174=EDGE_LOOP('',(#3166,#3172,#3173));
#3175=FACE_OUTER_BOUND('',#3174,.T.);
#3176=CARTESIAN_POINT('',(0.0478091,0.00619484,0.016));
#3177=DIRECTION('',(-0.9914446307,0.1305279445,-0.0000000358));
#3178=DIRECTION('',(-0.0245423123,-0.1864150932,-0.9821644913));
#3179=AXIS2_PLACEMENT_3D('',#3176,#3177,#3178);
#3180=PLANE('',#3179);
#3181=ADVANCED_FACE('no 7364',(#3175),#3180,.T.);
#3182=ORIENTED_EDGE('no 7429',*,*,#2638,.F.);
#3183=ORIENTED_EDGE('no 7430',*,*,#3171,.F.);
#3184=ORIENTED_EDGE('no 7431',*,*,#2903,.T.);
#3185=EDGE_LOOP('',(#3182,#3183,#3184));
#3186=FACE_OUTER_BOUND('',#3185,.T.);
#3187=CARTESIAN_POINT('',(0.0475143,0.00509484,0.013));
#3188=DIRECTION('',(-0.9238797571,0.3826828902,-0.0000000441));
#3189=DIRECTION('',(0.0719537246,0.1737120593,0.9821643355));
#3190=AXIS2_PLACEMENT_3D('',#3187,#3188,#3189);
#3191=PLANE('',#3190);
#3192=ADVANCED_FACE('no 7439',(#3186),#3191,.T.);
#3193=CARTESIAN_POINT('',(0.0506514,0.0919948,0.013));
#3194=VERTEX_POINT('',#3193);
#3195=CARTESIAN_POINT('',(0.0506514,0.0919948,0.013));
#3196=DIRECTION('',(-1.0,0.0,0.0));
#3197=VECTOR('',#3196,1.0);
#3198=LINE('',#3195,#3197);
#3199=EDGE_CURVE('no 21050',#3194,#1240,#3198,.T.);
#3200=ORIENTED_EDGE('no 21053',*,*,#3199,.F.);
#3201=CARTESIAN_POINT('',(0.0445514,0.0889305,0.013));
#3202=DIRECTION('',(0.8935876994,0.4488886537,0.0));
#3203=VECTOR('',#3202,1.0);
#3204=LINE('',#3201,#3203);
#3205=EDGE_CURVE('no 21044',#2238,#3194,#3204,.T.);
#3206=ORIENTED_EDGE('no 21052',*,*,#3205,.F.);
#3207=ORIENTED_EDGE('no 21051',*,*,#2671,.F.);
#3208=EDGE_LOOP('',(#3200,#3206,#3207));
#3209=FACE_OUTER_BOUND('',#3208,.T.);
#3210=CARTESIAN_POINT('',(0.0406514,0.0919948,0.013));
#3211=DIRECTION('',(-0.0,0.0,1.0));
#3212=DIRECTION('',(0.7863162568,-0.6178242018,0.0));
#3213=AXIS2_PLACEMENT_3D('',#3210,#3211,#3212);
#3214=PLANE('',#3213);
#3215=ADVANCED_FACE('no 21061',(#3209),#3214,.F.);
#3216=CARTESIAN_POINT('',(0.0435263,0.0875947,0.013));
#3217=VERTEX_POINT('',#3216);
#3218=CARTESIAN_POINT('',(0.0437461,0.0881253,0.013));
#3219=DIRECTION('',(-0.3827106054,-0.9238682766,0.0));
#3220=VECTOR('',#3219,1.0);
#3221=LINE('',#3218,#3220);
#3222=EDGE_CURVE('no 16799',#1586,#3217,#3221,.T.);
#3223=ORIENTED_EDGE('no 16802',*,*,#3222,.F.);
#3224=ORIENTED_EDGE('no 16801',*,*,#2708,.F.);
#3225=CARTESIAN_POINT('',(0.0437461,0.0881253,0.0));
#3226=DIRECTION('',(-0.0168912165,-0.0407756118,0.9990255434));
#3227=VECTOR('',#3226,1.0);
#3228=LINE('',#3225,#3227);
#3229=EDGE_CURVE('no 16770',#2697,#3217,#3228,.T.);
#3230=ORIENTED_EDGE('no 16800',*,*,#3229,.T.);
#3231=EDGE_LOOP('',(#3223,#3224,#3230));
#3232=FACE_OUTER_BOUND('',#3231,.T.);
#3233=CARTESIAN_POINT('',(0.0435263,0.0875947,0.013));
#3234=DIRECTION('',(0.923880107,-0.3826820454,0.000000022));
#3235=DIRECTION('',(0.0168897926,0.0407756822,-0.9990255646));
#3236=AXIS2_PLACEMENT_3D('',#3233,#3234,#3235);
#3237=PLANE('',#3236);
#3238=ADVANCED_FACE('no 16810',(#3232),#3237,.F.);
#3239=ORIENTED_EDGE('no 12748',*,*,#2702,.F.);
#3240=CARTESIAN_POINT('',(0.0406514,0.0920253,0.0));
#3241=VERTEX_POINT('',#3240);
#3242=CARTESIAN_POINT('',(0.0406514,0.0920253,0.0));
#3243=DIRECTION('',(0.7070965164,-0.7071170458,0.0));
#3244=VECTOR('',#3243,1.0);
#3245=LINE('',#3242,#3244);
#3246=EDGE_CURVE('no 12739',#3241,#2262,#3245,.T.);
#3247=ORIENTED_EDGE('no 12747',*,*,#3246,.F.);
#3248=CARTESIAN_POINT('',(0.0406514,0.0920253,0.0));
#3249=DIRECTION('',(0.6215915457,-0.7833415285,0.0));
#3250=VECTOR('',#3249,1.0);
#3251=LINE('',#3248,#3250);
#3252=EDGE_CURVE('no 12710',#3241,#2697,#3251,.T.);
#3253=ORIENTED_EDGE('no 12746',*,*,#3252,.T.);
#3254=EDGE_LOOP('',(#3239,#3247,#3253));
#3255=FACE_OUTER_BOUND('',#3254,.T.);
#3256=CARTESIAN_POINT('',(0.0437461,0.0881253,0.0));
#3257=DIRECTION('',(0.0,0.0,-1.0));
#3258=DIRECTION('',(-0.6215970976,0.783337123,0.0));
#3259=AXIS2_PLACEMENT_3D('',#3256,#3257,#3258);
#3260=PLANE('',#3259);
#3261=ADVANCED_FACE('no 12756',(#3255),#3260,.F.);
#3262=CARTESIAN_POINT('',(0.0445514,0.0889305,0.0));
#3263=VERTEX_POINT('',#3262);
#3264=CARTESIAN_POINT('',(0.0445514,0.0889305,0.013));
#3265=VERTEX_POINT('',#3264);
#3266=CARTESIAN_POINT('',(0.0445514,0.0889305,0.0));
#3267=DIRECTION('',(0.0,0.0,1.0));
#3268=VECTOR('',#3267,1.0);
#3269=LINE('',#3266,#3268);
#3270=EDGE_CURVE('no 11672',#3263,#3265,#3269,.T.);
#3271=ORIENTED_EDGE('no 11675',*,*,#3270,.F.);
#3272=CARTESIAN_POINT('',(0.0440957,0.0885809,0.0));
#3273=DIRECTION('',(0.793412962,0.6086837207,0.0));
#3274=VECTOR('',#3273,1.0);
#3275=LINE('',#3272,#3274);
#3276=EDGE_CURVE('no 11666',#2262,#3263,#3275,.T.);
#3277=ORIENTED_EDGE('no 11674',*,*,#3276,.F.);
#3278=ORIENTED_EDGE('no 11673',*,*,#2725,.F.);
#3279=EDGE_LOOP('',(#3271,#3277,#3278));
#3280=FACE_OUTER_BOUND('',#3279,.T.);
#3281=CARTESIAN_POINT('',(0.0445514,0.0889305,0.013));
#3282=DIRECTION('',(0.6087573564,-0.7933564653,-0.0000000123));
#3283=DIRECTION('',(-0.0350147852,-0.0268674886,-0.9990255767));
#3284=AXIS2_PLACEMENT_3D('',#3281,#3282,#3283);
#3285=PLANE('',#3284);
#3286=ADVANCED_FACE('no 11683',(#3280),#3285,.F.);
#3287=ORIENTED_EDGE('no 8221',*,*,#2741,.T.);
#3288=CARTESIAN_POINT('',(0.0450397,0.00831987,0.013));
#3289=VERTEX_POINT('',#3288);
#3290=CARTESIAN_POINT('',(0.0445091,0.00810009,0.013));
#3291=DIRECTION('',(0.923880589,0.3826808817,0.0));
#3292=VECTOR('',#3291,1.0);
#3293=LINE('',#3290,#3292);
#3294=EDGE_CURVE('no 8214',#2285,#3289,#3293,.T.);
#3295=ORIENTED_EDGE('no 8222',*,*,#3294,.T.);
#3296=CARTESIAN_POINT('',(0.0450397,0.00831987,0.013));
#3297=DIRECTION('',(0.0,0.0,1.0));
#3298=VECTOR('',#3297,1.0);
#3299=LINE('',#3296,#3298);
#3300=EDGE_CURVE('no 8220',#3289,#2736,#3299,.T.);
#3301=ORIENTED_EDGE('no 8223',*,*,#3300,.T.);
#3302=EDGE_LOOP('',(#3287,#3295,#3301));
#3303=FACE_OUTER_BOUND('',#3302,.T.);
#3304=CARTESIAN_POINT('',(0.0450397,0.00831987,0.016));
#3305=DIRECTION('',(0.3826841211,-0.9238792472,0.0000000904));
#3306=DIRECTION('',(-0.1737109189,-0.0719536664,-0.9821645415));
#3307=AXIS2_PLACEMENT_3D('',#3304,#3305,#3306);
#3308=PLANE('',#3307);
#3309=ADVANCED_FACE('no 8231',(#3303),#3308,.T.);
#3310=CARTESIAN_POINT('',(0.0450397,0.00831987,0.013));
#3311=DIRECTION('',(-0.0069114132,0.9999761159,0.0));
#3312=VECTOR('',#3311,1.0);
#3313=LINE('',#3310,#3312);
#3314=EDGE_CURVE('no 21767',#3289,#2759,#3313,.T.);
#3315=ORIENTED_EDGE('no 21770',*,*,#3314,.F.);
#3316=ORIENTED_EDGE('no 21769',*,*,#3294,.F.);
#3317=ORIENTED_EDGE('no 21768',*,*,#2770,.T.);
#3318=EDGE_LOOP('',(#3315,#3316,#3317));
#3319=FACE_OUTER_BOUND('',#3318,.T.);
#3320=CARTESIAN_POINT('',(0.0445091,0.0850896,0.013));
#3321=DIRECTION('',(0.0,0.0,1.0));
#3322=DIRECTION('',(0.0,-1.0,0.0));
#3323=AXIS2_PLACEMENT_3D('',#3320,#3321,#3322);
#3324=PLANE('',#3323);
#3325=ADVANCED_FACE('no 21778',(#3319),#3324,.F.);
#3326=ORIENTED_EDGE('no 3566',*,*,#2787,.F.);
#3327=CARTESIAN_POINT('',(0.0450397,0.0848698,0.016));
#3328=VERTEX_POINT('',#3327);
#3329=CARTESIAN_POINT('',(0.0450397,0.00831987,0.016));
#3330=DIRECTION('',(0.0,1.0,0.0));
#3331=VECTOR('',#3330,1.0);
#3332=LINE('',#3329,#3331);
#3333=EDGE_CURVE('no 3559',#2736,#3328,#3332,.T.);
#3334=ORIENTED_EDGE('no 3567',*,*,#3333,.T.);
#3335=CARTESIAN_POINT('',(0.0450397,0.0848698,0.016));
#3336=DIRECTION('',(-0.9238813145,0.3826791303,0.0));
#3337=VECTOR('',#3336,1.0);
#3338=LINE('',#3335,#3337);
#3339=EDGE_CURVE('no 3565',#3328,#2324,#3338,.T.);
#3340=ORIENTED_EDGE('no 3568',*,*,#3339,.T.);
#3341=EDGE_LOOP('',(#3326,#3334,#3340));
#3342=FACE_OUTER_BOUND('',#3341,.T.);
#3343=CARTESIAN_POINT('',(0.0445091,0.0850896,0.016));
#3344=DIRECTION('',(0.0,0.0,1.0));
#3345=DIRECTION('',(0.0069113708,-0.9999761162,0.0));
#3346=AXIS2_PLACEMENT_3D('',#3343,#3344,#3345);
#3347=PLANE('',#3346);
#3348=ADVANCED_FACE('no 3576',(#3342),#3347,.T.);
#3349=CARTESIAN_POINT('',(0.0783128,0.0819948,0.016));
#3350=VERTEX_POINT('',#3349);
#3351=CARTESIAN_POINT('',(0.0783128,0.0819948,0.016));
#3352=DIRECTION('',(-0.7755271961,0.0,-0.6313141596));
#3353=VECTOR('',#3352,1.0);
#3354=LINE('',#3351,#3353);
#3355=EDGE_CURVE('no 6873',#3350,#2799,#3354,.T.);
#3356=ORIENTED_EDGE('no 6915',*,*,#3355,.F.);
#3357=CARTESIAN_POINT('',(0.0783128,0.0819948,0.016));
#3358=DIRECTION('',(-0.9885859445,0.0,-0.1506579915));
#3359=VECTOR('',#3358,1.0);
#3360=LINE('',#3357,#3359);
#3361=EDGE_CURVE('no 6908',#3350,#2346,#3360,.T.);
#3362=ORIENTED_EDGE('no 6916',*,*,#3361,.T.);
#3363=ORIENTED_EDGE('no 6917',*,*,#2810,.T.);
#3364=EDGE_LOOP('',(#3356,#3362,#3363));
#3365=FACE_OUTER_BOUND('',#3364,.T.);
#3366=CARTESIAN_POINT('',(0.0746275,0.0819948,0.013));
#3367=DIRECTION('',(0.0,-1.0,0.0));
#3368=DIRECTION('',(0.7755271961,0.0,0.6313141596));
#3369=AXIS2_PLACEMENT_3D('',#3366,#3367,#3368);
#3370=PLANE('',#3369);
#3371=ADVANCED_FACE('no 6925',(#3365),#3370,.T.);
#3372=CARTESIAN_POINT('',(0.0506514,0.0819948,0.013));
#3373=VERTEX_POINT('',#3372);
#3374=CARTESIAN_POINT('',(0.0586275,0.0819948,0.006));
#3375=DIRECTION('',(-0.7515991499,0.0,0.6596201315));
#3376=VECTOR('',#3375,1.0);
#3377=LINE('',#3374,#3376);
#3378=EDGE_CURVE('no 25416',#2392,#3373,#3377,.T.);
#3379=ORIENTED_EDGE('no 25469',*,*,#3378,.F.);
#3380=ORIENTED_EDGE('no 25470',*,*,#2826,.T.);
#3381=CARTESIAN_POINT('',(0.0586275,0.0819948,0.013));
#3382=DIRECTION('',(-1.0,0.0,0.0));
#3383=VECTOR('',#3382,1.0);
#3384=LINE('',#3381,#3383);
#3385=EDGE_CURVE('no 25468',#2346,#3373,#3384,.T.);
#3386=ORIENTED_EDGE('no 25471',*,*,#3385,.T.);
#3387=EDGE_LOOP('',(#3379,#3380,#3386));
#3388=FACE_OUTER_BOUND('',#3387,.T.);
#3389=CARTESIAN_POINT('',(0.0506514,0.0819948,0.013));
#3390=DIRECTION('',(0.0,-1.0,0.0));
#3391=DIRECTION('',(0.7515991499,0.0,-0.6596201315));
#3392=AXIS2_PLACEMENT_3D('',#3389,#3390,#3391);
#3393=PLANE('',#3392);
#3394=ADVANCED_FACE('no 25479',(#3388),#3393,.T.);
#3395=ORIENTED_EDGE('no 25071',*,*,#2842,.F.);
#3396=CARTESIAN_POINT('',(0.0746275,0.0920253,0.006));
#3397=VERTEX_POINT('',#3396);
#3398=CARTESIAN_POINT('',(0.0746275,0.0920253,0.006));
#3399=DIRECTION('',(0.0,-1.0,0.0));
#3400=VECTOR('',#3399,1.0);
#3401=LINE('',#3398,#3400);
#3402=EDGE_CURVE('no 25001',#3397,#2837,#3401,.T.);
#3403=ORIENTED_EDGE('no 25072',*,*,#3402,.F.);
#3404=CARTESIAN_POINT('',(0.0586275,0.0920253,0.006));
#3405=DIRECTION('',(1.0,0.0,0.0));
#3406=VECTOR('',#3405,1.0);
#3407=LINE('',#3404,#3406);
#3408=EDGE_CURVE('no 24851',#2370,#3397,#3407,.T.);
#3409=ORIENTED_EDGE('no 25073',*,*,#3408,.F.);
#3410=EDGE_LOOP('',(#3395,#3403,#3409));
#3411=FACE_OUTER_BOUND('',#3410,.T.);
#3412=CARTESIAN_POINT('',(0.0586275,0.0920253,0.006));
#3413=DIRECTION('',(-0.0,0.0,1.0));
#3414=DIRECTION('',(0.9979325675,-0.0642696721,0.0));
#3415=AXIS2_PLACEMENT_3D('',#3412,#3413,#3414);
#3416=PLANE('',#3415);
#3417=ADVANCED_FACE('no 25081',(#3411),#3416,.T.);
#3418=ORIENTED_EDGE('no 25607',*,*,#2880,.F.);
#3419=CARTESIAN_POINT('',(0.0746275,0.0819948,0.006));
#3420=DIRECTION('',(0.0,1.0,0.0));
#3421=VECTOR('',#3420,1.0);
#3422=LINE('',#3419,#3421);
#3423=EDGE_CURVE('no 25606',#2875,#2837,#3422,.T.);
#3424=ORIENTED_EDGE('no 25608',*,*,#3423,.T.);
#3425=ORIENTED_EDGE('no 25609',*,*,#2849,.F.);
#3426=EDGE_LOOP('',(#3418,#3424,#3425));
#3427=FACE_OUTER_BOUND('',#3426,.T.);
#3428=CARTESIAN_POINT('',(0.0586275,0.0909948,0.006));
#3429=DIRECTION('',(-0.0,0.0,1.0));
#3430=DIRECTION('',(0.8715755104,-0.4902612871,0.0));
#3431=AXIS2_PLACEMENT_3D('',#3428,#3429,#3430);
#3432=PLANE('',#3431);
#3433=ADVANCED_FACE('no 25617',(#3427),#3432,.T.);
#3434=CARTESIAN_POINT('',(0.0406514,0.0920253,0.013));
#3435=VERTEX_POINT('',#3434);
#3436=CARTESIAN_POINT('',(0.0406514,0.0920253,0.013));
#3437=DIRECTION('',(0.9318418235,0.0,-0.3628647351));
#3438=VECTOR('',#3437,1.0);
#3439=LINE('',#3436,#3438);
#3440=EDGE_CURVE('no 24770',#3435,#2370,#3439,.T.);
#3441=ORIENTED_EDGE('no 24800',*,*,#3440,.F.);
#3442=CARTESIAN_POINT('',(0.0406514,0.0920253,0.013));
#3443=DIRECTION('',(1.0,0.0,0.0));
#3444=VECTOR('',#3443,1.0);
#3445=LINE('',#3442,#3444);
#3446=EDGE_CURVE('no 24793',#3435,#979,#3445,.T.);
#3447=ORIENTED_EDGE('no 24801',*,*,#3446,.T.);
#3448=ORIENTED_EDGE('no 24802',*,*,#2864,.T.);
#3449=EDGE_LOOP('',(#3441,#3447,#3448));
#3450=FACE_OUTER_BOUND('',#3449,.T.);
#3451=CARTESIAN_POINT('',(0.0586275,0.0920253,0.006));
#3452=DIRECTION('',(0.0,1.0,-0.0));
#3453=DIRECTION('',(-0.9318417572,0.0,0.3628649054));
#3454=AXIS2_PLACEMENT_3D('',#3451,#3452,#3453);
#3455=PLANE('',#3454);
#3456=ADVANCED_FACE('no 24810',(#3450),#3455,.T.);
#3457=CARTESIAN_POINT('',(0.0506514,0.0819948,0.0));
#3458=VERTEX_POINT('',#3457);
#3459=CARTESIAN_POINT('',(0.0506514,0.0819948,0.0));
#3460=DIRECTION('',(0.799136974,0.0,0.6011489805));
#3461=VECTOR('',#3460,1.0);
#3462=LINE('',#3459,#3461);
#3463=EDGE_CURVE('no 25410',#3458,#2392,#3462,.T.);
#3464=ORIENTED_EDGE('no 25440',*,*,#3463,.F.);
#3465=CARTESIAN_POINT('',(0.0746275,0.0819948,0.006));
#3466=DIRECTION('',(-0.97008565,0.0,-0.2427629124));
#3467=VECTOR('',#3466,1.0);
#3468=LINE('',#3465,#3467);
#3469=EDGE_CURVE('no 25358',#2875,#3458,#3468,.T.);
#3470=ORIENTED_EDGE('no 25441',*,*,#3469,.F.);
#3471=ORIENTED_EDGE('no 25442',*,*,#2887,.T.);
#3472=EDGE_LOOP('',(#3464,#3470,#3471));
#3473=FACE_OUTER_BOUND('',#3472,.T.);
#3474=CARTESIAN_POINT('',(0.0586275,0.0819948,0.006));
#3475=DIRECTION('',(0.0,-1.0,-0.0));
#3476=DIRECTION('',(-0.799136974,0.0,-0.6011489805));
#3477=AXIS2_PLACEMENT_3D('',#3474,#3475,#3476);
#3478=PLANE('',#3477);
#3479=ADVANCED_FACE('no 25450',(#3473),#3478,.T.);
#3480=CARTESIAN_POINT('',(0.0478091,0.00619484,0.013));
#3481=VERTEX_POINT('',#3480);
#3482=CARTESIAN_POINT('',(0.0478091,0.00619484,0.013));
#3483=DIRECTION('',(-0.1305873804,-0.9914368039,0.0));
#3484=VECTOR('',#3483,1.0);
#3485=LINE('',#3482,#3484);
#3486=EDGE_CURVE('no 7376',#3481,#2898,#3485,.T.);
#3487=ORIENTED_EDGE('no 22686',*,*,#3486,.F.);
#3488=CARTESIAN_POINT('',(0.1584076267,0.0011949021,0.013));
#3489=DIRECTION('',(-0.9989796822,0.045161871,0.0));
#3490=VECTOR('',#3489,1.0);
#3491=LINE('',#3488,#3490);
#3492=EDGE_CURVE('no 22683',#419,#3481,#3491,.T.);
#3493=ORIENTED_EDGE('no 22685',*,*,#3492,.F.);
#3494=ORIENTED_EDGE('no 22684',*,*,#2909,.T.);
#3495=EDGE_LOOP('',(#3487,#3493,#3494));
#3496=FACE_OUTER_BOUND('',#3495,.T.);
#3497=CARTESIAN_POINT('',(0.0477341,0.00562543,0.013));
#3498=DIRECTION('',(-0.0,0.0,1.0));
#3499=DIRECTION('',(0.9992106075,-0.0397260844,0.0));
#3500=AXIS2_PLACEMENT_3D('',#3497,#3498,#3499);
#3501=PLANE('',#3500);
#3502=ADVANCED_FACE('no 22694',(#3496),#3501,.F.);
#3503=ORIENTED_EDGE('no 1711',*,*,#2933,.F.);
#3504=CARTESIAN_POINT('',(0.0475143,0.0880948,0.016));
#3505=VERTEX_POINT('',#3504);
#3506=CARTESIAN_POINT('',(0.0471647,0.0885505,0.016));
#3507=DIRECTION('',(0.6087648069,-0.7933507483,0.0));
#3508=VECTOR('',#3507,1.0);
#3509=LINE('',#3506,#3508);
#3510=EDGE_CURVE('no 1704',#2922,#3505,#3509,.T.);
#3511=ORIENTED_EDGE('no 1712',*,*,#3510,.T.);
#3512=CARTESIAN_POINT('',(0.0475143,0.0880948,0.016));
#3513=DIRECTION('',(0.9993821637,0.0351467058,0.0));
#3514=VECTOR('',#3513,1.0);
#3515=LINE('',#3512,#3514);
#3516=EDGE_CURVE('no 1710',#3505,#692,#3515,.T.);
#3517=ORIENTED_EDGE('no 1713',*,*,#3516,.T.);
#3518=EDGE_LOOP('',(#3503,#3511,#3517));
#3519=FACE_OUTER_BOUND('',#3518,.T.);
#3520=CARTESIAN_POINT('',(0.158409,0.0919948,0.016));
#3521=DIRECTION('',(0.0,0.0,1.0));
#3522=DIRECTION('',(-0.9995210176,-0.0309473005,0.0));
#3523=AXIS2_PLACEMENT_3D('',#3520,#3521,#3522);
#3524=PLANE('',#3523);
#3525=ADVANCED_FACE('no 1721',(#3519),#3524,.T.);
#3526=CARTESIAN_POINT('',(0.153409,0.0891948,0.016));
#3527=VERTEX_POINT('',#3526);
#3528=CARTESIAN_POINT('',(0.153409,0.0891948,0.016));
#3529=DIRECTION('',(0.8725057431,0.4886038561,0.0));
#3530=VECTOR('',#3529,1.0);
#3531=LINE('',#3528,#3530);
#3532=EDGE_CURVE('no 2388',#3527,#692,#3531,.T.);
#3533=ORIENTED_EDGE('no 2418',*,*,#3532,.F.);
#3534=CARTESIAN_POINT('',(0.153409,0.0891948,0.016));
#3535=DIRECTION('',(0.9914455527,-0.1305209411,0.0));
#3536=VECTOR('',#3535,1.0);
#3537=LINE('',#3534,#3536);
#3538=EDGE_CURVE('no 2411',#3527,#2944,#3537,.T.);
#3539=ORIENTED_EDGE('no 2419',*,*,#3538,.T.);
#3540=ORIENTED_EDGE('no 2420',*,*,#2949,.T.);
#3541=EDGE_LOOP('',(#3533,#3539,#3540));
#3542=FACE_OUTER_BOUND('',#3541,.T.);
#3543=CARTESIAN_POINT('',(0.158409,0.0919948,0.016));
#3544=DIRECTION('',(0.0,0.0,1.0));
#3545=DIRECTION('',(-0.8725057431,-0.4886038561,0.0));
#3546=AXIS2_PLACEMENT_3D('',#3543,#3544,#3545);
#3547=PLANE('',#3546);
#3548=ADVANCED_FACE('no 2428',(#3542),#3547,.T.);
#3549=CARTESIAN_POINT('',(0.153864,0.00404247,0.016));
#3550=VERTEX_POINT('',#3549);
#3551=CARTESIAN_POINT('',(0.158409,0.00119484,0.016));
#3552=DIRECTION('',(-0.8474107837,0.5309378152,0.0));
#3553=VECTOR('',#3552,1.0);
#3554=LINE('',#3551,#3553);
#3555=EDGE_CURVE('no 1182',#234,#3550,#3554,.T.);
#3556=ORIENTED_EDGE('no 1218',*,*,#3555,.F.);
#3557=ORIENTED_EDGE('no 1219',*,*,#2972,.T.);
#3558=CARTESIAN_POINT('',(0.154406,0.00423365,0.016));
#3559=DIRECTION('',(-0.943052634,-0.3326435472,0.0));
#3560=VECTOR('',#3559,1.0);
#3561=LINE('',#3558,#3560);
#3562=EDGE_CURVE('no 1217',#2967,#3550,#3561,.T.);
#3563=ORIENTED_EDGE('no 1220',*,*,#3562,.T.);
#3564=EDGE_LOOP('',(#3556,#3557,#3563));
#3565=FACE_OUTER_BOUND('',#3564,.T.);
#3566=CARTESIAN_POINT('',(0.153864,0.00404247,0.016));
#3567=DIRECTION('',(-0.0,0.0,1.0));
#3568=DIRECTION('',(0.8473935391,-0.5309653378,0.0));
#3569=AXIS2_PLACEMENT_3D('',#3566,#3567,#3568);
#3570=PLANE('',#3569);
#3571=ADVANCED_FACE('no 1228',(#3565),#3570,.T.);
#3572=CARTESIAN_POINT('',(0.154406,0.00423365,0.016));
#3573=DIRECTION('',(0.1551789948,0.1063467187,-0.9821455366));
#3574=VECTOR('',#3573,1.0);
#3575=LINE('',#3572,#3574);
#3576=EDGE_CURVE('no 9012',#2967,#2998,#3575,.T.);
#3577=ORIENTED_EDGE('no 9036',*,*,#3576,.F.);
#3578=ORIENTED_EDGE('no 9037',*,*,#2979,.F.);
#3579=ORIENTED_EDGE('no 9038',*,*,#3003,.F.);
#3580=EDGE_LOOP('',(#3577,#3578,#3579));
#3581=FACE_OUTER_BOUND('',#3580,.T.);
#3582=CARTESIAN_POINT('',(0.15488,0.00455849,0.013));
#3583=DIRECTION('',(-0.5655992134,0.8246802591,0.0000001537));
#3584=DIRECTION('',(-0.1550619811,-0.106347987,0.9821638803));
#3585=AXIS2_PLACEMENT_3D('',#3582,#3583,#3584);
#3586=PLANE('',#3585);
#3587=ADVANCED_FACE('no 9046',(#3581),#3586,.T.);
#3588=ORIENTED_EDGE('no 8874',*,*,#2995,.F.);
#3589=ORIENTED_EDGE('no 8875',*,*,#3020,.T.);
#3590=CARTESIAN_POINT('',(0.155007,0.00466964,0.013));
#3591=DIRECTION('',(-0.7933520849,-0.6087630651,0.0));
#3592=VECTOR('',#3591,1.0);
#3593=LINE('',#3590,#3592);
#3594=EDGE_CURVE('no 8873',#3015,#2990,#3593,.T.);
#3595=ORIENTED_EDGE('no 8876',*,*,#3594,.T.);
#3596=EDGE_LOOP('',(#3588,#3589,#3595));
#3597=FACE_OUTER_BOUND('',#3596,.T.);
#3598=CARTESIAN_POINT('',(0.154913,0.00459744,0.013));
#3599=DIRECTION('',(-0.6083671769,0.7928360921,-0.0360598012));
#3600=DIRECTION('',(0.11167805,0.1305000584,0.985138441));
#3601=AXIS2_PLACEMENT_3D('',#3598,#3599,#3600);
#3602=PLANE('',#3601);
#3603=ADVANCED_FACE('no 8884',(#3597),#3602,.T.);
#3604=ORIENTED_EDGE('no 23325',*,*,#3121,.F.);
#3605=CARTESIAN_POINT('',(0.158409,0.00122528,0.013));
#3606=DIRECTION('',(-0.0326282855,0.9994675557,0.0));
#3607=VECTOR('',#3606,1.0);
#3608=LINE('',#3605,#3607);
#3609=EDGE_CURVE('no 23316',#3039,#3116,#3608,.T.);
#3610=ORIENTED_EDGE('no 23324',*,*,#3609,.F.);
#3611=ORIENTED_EDGE('no 23323',*,*,#3044,.T.);
#3612=EDGE_LOOP('',(#3604,#3610,#3611));
#3613=FACE_OUTER_BOUND('',#3612,.T.);
#3614=CARTESIAN_POINT('',(0.155606,0.00607757,0.013));
#3615=DIRECTION('',(-0.0,0.0,1.0));
#3616=DIRECTION('',(0.5002201514,-0.865898262,0.0));
#3617=AXIS2_PLACEMENT_3D('',#3614,#3615,#3616);
#3618=PLANE('',#3617);
#3619=ADVANCED_FACE('no 23333',(#3613),#3618,.F.);
#3620=CARTESIAN_POINT('',(0.155007,0.00466964,0.013));
#3621=VERTEX_POINT('',#3620);
#3622=CARTESIAN_POINT('',(0.155253,0.00499484,0.013));
#3623=DIRECTION('',(-0.6032751171,-0.7975331548,0.0));
#3624=VECTOR('',#3623,1.0);
#3625=LINE('',#3622,#3624);
#3626=EDGE_CURVE('no 8896',#2550,#3621,#3625,.T.);
#3627=ORIENTED_EDGE('no 23250',*,*,#3626,.F.);
#3628=ORIENTED_EDGE('no 23249',*,*,#3066,.F.);
#3629=CARTESIAN_POINT('',(0.1583937834,0.0012103822,0.013));
#3630=DIRECTION('',(-0.6995819231,0.7145524004,0.0));
#3631=VECTOR('',#3630,1.0);
#3632=LINE('',#3629,#3631);
#3633=EDGE_CURVE('no 23224',#419,#3621,#3632,.T.);
#3634=ORIENTED_EDGE('no 23248',*,*,#3633,.T.);
#3635=EDGE_LOOP('',(#3627,#3628,#3634));
#3636=FACE_OUTER_BOUND('',#3635,.T.);
#3637=CARTESIAN_POINT('',(0.155007,0.00466964,0.013));
#3638=DIRECTION('',(-0.0,0.0,1.0));
#3639=DIRECTION('',(0.7027247881,-0.7114617855,0.0));
#3640=AXIS2_PLACEMENT_3D('',#3637,#3638,#3639);
#3641=PLANE('',#3640);
#3642=ADVANCED_FACE('no 23258',(#3636),#3641,.F.);
#3643=CARTESIAN_POINT('',(0.155045,0.00766534,0.016));
#3644=VERTEX_POINT('',#3643);
#3645=CARTESIAN_POINT('',(0.155045,0.00766534,0.016));
#3646=DIRECTION('',(0.003438582,0.9999940881,0.0));
#3647=VECTOR('',#3646,1.0);
#3648=LINE('',#3645,#3647);
#3649=EDGE_CURVE('no 3130',#3644,#3077,#3648,.T.);
#3650=ORIENTED_EDGE('no 3166',*,*,#3649,.F.);
#3651=CARTESIAN_POINT('',(0.155045,0.00766534,0.016));
#3652=DIRECTION('',(0.5658030454,-0.8245404258,0.0));
#3653=VECTOR('',#3652,1.0);
#3654=LINE('',#3651,#3653);
#3655=EDGE_CURVE('no 3159',#3644,#2566,#3654,.T.);
#3656=ORIENTED_EDGE('no 3167',*,*,#3655,.T.);
#3657=ORIENTED_EDGE('no 3168',*,*,#3082,.T.);
#3658=EDGE_LOOP('',(#3650,#3656,#3657));
#3659=FACE_OUTER_BOUND('',#3658,.T.);
#3660=CARTESIAN_POINT('',(0.155314,0.0858948,0.016));
#3661=DIRECTION('',(0.0,0.0,1.0));
#3662=DIRECTION('',(-0.0034375703,-0.9999940915,0.0));
#3663=AXIS2_PLACEMENT_3D('',#3660,#3661,#3662);
#3664=PLANE('',#3663);
#3665=ADVANCED_FACE('no 3176',(#3659),#3664,.T.);
#3666=ORIENTED_EDGE('no 8631',*,*,#3103,.F.);
#3667=CARTESIAN_POINT('',(0.15537,0.00719172,0.013));
#3668=VERTEX_POINT('',#3667);
#3669=CARTESIAN_POINT('',(0.15537,0.00719172,0.013));
#3670=DIRECTION('',(0.0,0.0,1.0));
#3671=VECTOR('',#3670,1.0);
#3672=LINE('',#3669,#3671);
#3673=EDGE_CURVE('no 8555',#3668,#2566,#3672,.T.);
#3674=ORIENTED_EDGE('no 8632',*,*,#3673,.F.);
#3675=CARTESIAN_POINT('',(0.15537,0.00719172,0.013));
#3676=DIRECTION('',(0.3328869138,-0.9429667558,0.0));
#3677=VECTOR('',#3676,1.0);
#3678=LINE('',#3675,#3677);
#3679=EDGE_CURVE('no 8630',#3668,#2590,#3678,.T.);
#3680=ORIENTED_EDGE('no 8633',*,*,#3679,.T.);
#3681=EDGE_LOOP('',(#3666,#3674,#3680));
#3682=FACE_OUTER_BOUND('',#3681,.T.);
#3683=CARTESIAN_POINT('',(0.155561,0.00665016,0.013));
#3684=DIRECTION('',(-0.9429667496,-0.3328869314,-0.0000000977));
#3685=DIRECTION('',(-0.0625906696,0.1772999137,0.9821645222));
#3686=AXIS2_PLACEMENT_3D('',#3683,#3684,#3685);
#3687=PLANE('',#3686);
#3688=ADVANCED_FACE('no 8641',(#3682),#3687,.T.);
#3689=CARTESIAN_POINT('',(0.155534,0.0864254,0.013));
#3690=VERTEX_POINT('',#3689);
#3691=CARTESIAN_POINT('',(0.155609,0.0869948,0.013));
#3692=DIRECTION('',(-0.1305896347,-0.9914365069,0.0));
#3693=VECTOR('',#3692,1.0);
#3694=LINE('',#3691,#3693);
#3695=EDGE_CURVE('no 24476',#3116,#3690,#3694,.T.);
#3696=ORIENTED_EDGE('no 24479',*,*,#3695,.F.);
#3697=ORIENTED_EDGE('no 24478',*,*,#3128,.F.);
#3698=CARTESIAN_POINT('',(0.155561,0.00665016,0.013));
#3699=DIRECTION('',(-0.000342571,0.9999999413,0.0));
#3700=VECTOR('',#3699,1.0);
#3701=LINE('',#3698,#3700);
#3702=EDGE_CURVE('no 24447',#2590,#3690,#3701,.T.);
#3703=ORIENTED_EDGE('no 24477',*,*,#3702,.T.);
#3704=EDGE_LOOP('',(#3696,#3697,#3703));
#3705=FACE_OUTER_BOUND('',#3704,.T.);
#3706=CARTESIAN_POINT('',(0.155534,0.0864254,0.013));
#3707=DIRECTION('',(-0.0,0.0,1.0));
#3708=DIRECTION('',(0.000342571,-0.9999999413,0.0));
#3709=AXIS2_PLACEMENT_3D('',#3706,#3707,#3708);
#3710=PLANE('',#3709);
#3711=ADVANCED_FACE('no 24487',(#3705),#3710,.F.);
#3712=ORIENTED_EDGE('no 493',*,*,#3145,.F.);
#3713=CARTESIAN_POINT('',(0.0790074,0.0180378,0.016));
#3714=VERTEX_POINT('',#3713);
#3715=CARTESIAN_POINT('',(0.158409,0.00119484,0.016));
#3716=DIRECTION('',(-0.978233634,0.2075065234,0.0));
#3717=VECTOR('',#3716,1.0);
#3718=LINE('',#3715,#3717);
#3719=EDGE_CURVE('no 486',#234,#3714,#3718,.T.);
#3720=ORIENTED_EDGE('no 494',*,*,#3719,.T.);
#3721=CARTESIAN_POINT('',(0.0790074,0.0180378,0.016));
#3722=DIRECTION('',(-1.0,0.0,0.0));
#3723=VECTOR('',#3722,1.0);
#3724=LINE('',#3721,#3723);
#3725=EDGE_CURVE('no 492',#3714,#3140,#3724,.T.);
#3726=ORIENTED_EDGE('no 495',*,*,#3725,.T.);
#3727=EDGE_LOOP('',(#3712,#3720,#3726));
#3728=FACE_OUTER_BOUND('',#3727,.T.);
#3729=CARTESIAN_POINT('',(0.0540074,0.0180378,0.016));
#3730=DIRECTION('',(-0.0,0.0,1.0));
#3731=DIRECTION('',(0.9872352174,-0.1592690351,0.0));
#3732=AXIS2_PLACEMENT_3D('',#3729,#3730,#3731);
#3733=PLANE('',#3732);
#3734=ADVANCED_FACE('no 503',(#3728),#3733,.T.);
#3735=ORIENTED_EDGE('no 464',*,*,#3151,.F.);
#3736=CARTESIAN_POINT('',(0.0478091,0.0869948,0.016));
#3737=VERTEX_POINT('',#3736);
#3738=CARTESIAN_POINT('',(0.0540074,0.0180378,0.016));
#3739=DIRECTION('',(-0.0895253589,0.9959845431,0.0));
#3740=VECTOR('',#3739,1.0);
#3741=LINE('',#3738,#3740);
#3742=EDGE_CURVE('no 457',#3140,#3737,#3741,.T.);
#3743=ORIENTED_EDGE('no 465',*,*,#3742,.T.);
#3744=CARTESIAN_POINT('',(0.0478091,0.0869948,0.016));
#3745=DIRECTION('',(0.0,-1.0,0.0));
#3746=VECTOR('',#3745,1.0);
#3747=LINE('',#3744,#3746);
#3748=EDGE_CURVE('no 463',#3737,#2613,#3747,.T.);
#3749=ORIENTED_EDGE('no 466',*,*,#3748,.T.);
#3750=EDGE_LOOP('',(#3735,#3743,#3749));
#3751=FACE_OUTER_BOUND('',#3750,.T.);
#3752=CARTESIAN_POINT('',(0.0478091,0.00619484,0.016));
#3753=DIRECTION('',(0.0,-0.0,1.0));
#3754=DIRECTION('',(0.4637040743,0.8859901419,0.0));
#3755=AXIS2_PLACEMENT_3D('',#3752,#3753,#3754);
#3756=PLANE('',#3755);
#3757=ADVANCED_FACE('no 474',(#3751),#3756,.T.);
#3758=ORIENTED_EDGE('no 7377',*,*,#3165,.F.);
#3759=CARTESIAN_POINT('',(0.0478091,0.00619484,0.013));
#3760=DIRECTION('',(0.0,0.0,1.0));
#3761=VECTOR('',#3760,1.0);
#3762=LINE('',#3759,#3761);
#3763=EDGE_CURVE('no 7301',#3481,#2613,#3762,.T.);
#3764=ORIENTED_EDGE('no 7378',*,*,#3763,.F.);
#3765=ORIENTED_EDGE('no 7379',*,*,#3486,.T.);
#3766=EDGE_LOOP('',(#3758,#3764,#3765));
#3767=FACE_OUTER_BOUND('',#3766,.T.);
#3768=CARTESIAN_POINT('',(0.0477341,0.00562543,0.013));
#3769=DIRECTION('',(-0.9914446307,0.1305279445,-0.0000000358));
#3770=DIRECTION('',(0.0245423123,0.1864150932,0.9821644913));
#3771=AXIS2_PLACEMENT_3D('',#3768,#3769,#3770);
#3772=PLANE('',#3771);
#3773=ADVANCED_FACE('no 7387',(#3767),#3772,.T.);
#3774=CARTESIAN_POINT('',(0.045082,0.0891503,0.013));
#3775=VERTEX_POINT('',#3774);
#3776=CARTESIAN_POINT('',(0.045082,0.0891503,0.013));
#3777=DIRECTION('',(0.8905695723,0.4548470479,0.0));
#3778=VECTOR('',#3777,1.0);
#3779=LINE('',#3776,#3778);
#3780=EDGE_CURVE('no 21281',#3775,#3194,#3779,.T.);
#3781=ORIENTED_EDGE('no 21284',*,*,#3780,.F.);
#3782=CARTESIAN_POINT('',(0.045082,0.0891503,0.013));
#3783=DIRECTION('',(-0.9238682766,-0.3827106054,0.0));
#3784=VECTOR('',#3783,1.0);
#3785=LINE('',#3782,#3784);
#3786=EDGE_CURVE('no 11782',#3775,#2238,#3785,.T.);
#3787=ORIENTED_EDGE('no 21283',*,*,#3786,.T.);
#3788=ORIENTED_EDGE('no 21282',*,*,#3205,.T.);
#3789=EDGE_LOOP('',(#3781,#3787,#3788));
#3790=FACE_OUTER_BOUND('',#3789,.T.);
#3791=CARTESIAN_POINT('',(0.0506514,0.0919948,0.013));
#3792=DIRECTION('',(0.0,0.0,1.0));
#3793=DIRECTION('',(-0.8935874196,-0.4488892108,0.0));
#3794=AXIS2_PLACEMENT_3D('',#3791,#3792,#3793);
#3795=PLANE('',#3794);
#3796=ADVANCED_FACE('no 21292',(#3790),#3795,.F.);
#3797=CARTESIAN_POINT('',(0.0435263,0.0875947,0.0));
#3798=VERTEX_POINT('',#3797);
#3799=CARTESIAN_POINT('',(0.0437461,0.0881253,0.0));
#3800=DIRECTION('',(-0.3827106054,-0.9238682766,0.0));
#3801=VECTOR('',#3800,1.0);
#3802=LINE('',#3799,#3801);
#3803=EDGE_CURVE('no 12716',#2697,#3798,#3802,.T.);
#3804=ORIENTED_EDGE('no 16773',*,*,#3803,.T.);
#3805=CARTESIAN_POINT('',(0.0435263,0.0875947,0.0));
#3806=DIRECTION('',(0.0,0.0,1.0));
#3807=VECTOR('',#3806,1.0);
#3808=LINE('',#3805,#3807);
#3809=EDGE_CURVE('no 10650',#3798,#3217,#3808,.T.);
#3810=ORIENTED_EDGE('no 16772',*,*,#3809,.T.);
#3811=ORIENTED_EDGE('no 16771',*,*,#3229,.F.);
#3812=EDGE_LOOP('',(#3804,#3810,#3811));
#3813=FACE_OUTER_BOUND('',#3812,.T.);
#3814=CARTESIAN_POINT('',(0.0437461,0.0881253,0.0));
#3815=DIRECTION('',(0.923880107,-0.3826820454,0.000000022));
#3816=DIRECTION('',(-0.0168897926,-0.0407756822,0.9990255646));
#3817=AXIS2_PLACEMENT_3D('',#3814,#3815,#3816);
#3818=PLANE('',#3817);
#3819=ADVANCED_FACE('no 16781',(#3813),#3818,.F.);
#3820=ORIENTED_EDGE('no 12719',*,*,#3803,.F.);
#3821=ORIENTED_EDGE('no 12718',*,*,#3252,.F.);
#3822=CARTESIAN_POINT('',(0.0406514,0.0920253,0.0));
#3823=DIRECTION('',(0.5443240039,-0.8388750675,0.0));
#3824=VECTOR('',#3823,1.0);
#3825=LINE('',#3822,#3824);
#3826=EDGE_CURVE('no 12687',#3241,#3798,#3825,.T.);
#3827=ORIENTED_EDGE('no 12717',*,*,#3826,.T.);
#3828=EDGE_LOOP('',(#3820,#3821,#3827));
#3829=FACE_OUTER_BOUND('',#3828,.T.);
#3830=CARTESIAN_POINT('',(0.0435263,0.0875947,0.0));
#3831=DIRECTION('',(0.0,0.0,-1.0));
#3832=DIRECTION('',(-0.5443319447,0.8388699148,0.0));
#3833=AXIS2_PLACEMENT_3D('',#3830,#3831,#3832);
#3834=PLANE('',#3833);
#3835=ADVANCED_FACE('no 12727',(#3829),#3834,.F.);
#3836=ORIENTED_EDGE('no 12771',*,*,#3276,.T.);
#3837=CARTESIAN_POINT('',(0.0406514,0.0920253,0.0));
#3838=DIRECTION('',(0.7833317485,-0.6216038705,0.0));
#3839=VECTOR('',#3838,1.0);
#3840=LINE('',#3837,#3839);
#3841=EDGE_CURVE('no 12768',#3241,#3263,#3840,.T.);
#3842=ORIENTED_EDGE('no 12770',*,*,#3841,.F.);
#3843=ORIENTED_EDGE('no 12769',*,*,#3246,.T.);
#3844=EDGE_LOOP('',(#3836,#3842,#3843));
#3845=FACE_OUTER_BOUND('',#3844,.T.);
#3846=CARTESIAN_POINT('',(0.0440957,0.0885809,0.0));
#3847=DIRECTION('',(0.0,0.0,-1.0));
#3848=DIRECTION('',(-0.7071062812,0.7071072812,0.0));
#3849=AXIS2_PLACEMENT_3D('',#3846,#3847,#3848);
#3850=PLANE('',#3849);
#3851=ADVANCED_FACE('no 12779',(#3845),#3850,.F.);
#3852=ORIENTED_EDGE('no 11785',*,*,#3270,.T.);
#3853=CARTESIAN_POINT('',(0.045082,0.0891503,0.013));
#3854=VERTEX_POINT('',#3853);
#3855=CARTESIAN_POINT('',(0.045082,0.0891503,0.013));
#3856=DIRECTION('',(-0.9238768396,-0.3826899336,0.0));
#3857=VECTOR('',#3856,1.0);
#3858=LINE('',#3855,#3857);
#3859=EDGE_CURVE('no 11782',#3854,#3265,#3858,.T.);
#3860=ORIENTED_EDGE('no 11784',*,*,#3859,.F.);
#3861=CARTESIAN_POINT('',(0.045082,0.0891503,0.013));
#3862=DIRECTION('',(-0.0407756118,-0.0168912165,-0.9990255434));
#3863=VECTOR('',#3862,1.0);
#3864=LINE('',#3861,#3863);
#3865=EDGE_CURVE('no 11753',#3854,#3263,#3864,.T.);
#3866=ORIENTED_EDGE('no 11783',*,*,#3865,.T.);
#3867=EDGE_LOOP('',(#3852,#3860,#3866));
#3868=FACE_OUTER_BOUND('',#3867,.T.);
#3869=CARTESIAN_POINT('',(0.0445514,0.0889305,0.0));
#3870=DIRECTION('',(0.3826899313,-0.9238768405,-0.0000000552));
#3871=DIRECTION('',(0.0407753826,0.0168899928,0.9990255734));
#3872=AXIS2_PLACEMENT_3D('',#3869,#3870,#3871);
#3873=PLANE('',#3872);
#3874=ADVANCED_FACE('no 11793',(#3868),#3873,.F.);
#3875=CARTESIAN_POINT('',(0.0456091,0.00839484,0.016));
#3876=VERTEX_POINT('',#3875);
#3877=CARTESIAN_POINT('',(0.0456091,0.00839484,0.016));
#3878=DIRECTION('',(-0.1864148209,-0.0245442907,-0.9821644935));
#3879=VECTOR('',#3878,1.0);
#3880=LINE('',#3877,#3879);
#3881=EDGE_CURVE('no 8260',#3876,#3289,#3880,.T.);
#3882=ORIENTED_EDGE('no 8290',*,*,#3881,.F.);
#3883=CARTESIAN_POINT('',(0.0450397,0.00831987,0.016));
#3884=DIRECTION('',(0.9914432687,0.1305382892,0.0));
#3885=VECTOR('',#3884,1.0);
#3886=LINE('',#3883,#3885);
#3887=EDGE_CURVE('no 3588',#2736,#3876,#3886,.T.);
#3888=ORIENTED_EDGE('no 8291',*,*,#3887,.F.);
#3889=ORIENTED_EDGE('no 8292',*,*,#3300,.F.);
#3890=EDGE_LOOP('',(#3882,#3888,#3889));
#3891=FACE_OUTER_BOUND('',#3890,.T.);
#3892=CARTESIAN_POINT('',(0.0450397,0.00831987,0.013));
#3893=DIRECTION('',(0.1305259683,-0.9914448909,-0.00000009));
#3894=DIRECTION('',(0.1864160599,0.0245420079,0.9821643154));
#3895=AXIS2_PLACEMENT_3D('',#3892,#3893,#3894);
#3896=PLANE('',#3895);
#3897=ADVANCED_FACE('no 8300',(#3891),#3896,.T.);
#3898=CARTESIAN_POINT('',(0.0450397,0.0848698,0.013));
#3899=VERTEX_POINT('',#3898);
#3900=CARTESIAN_POINT('',(0.0450397,0.0848698,0.013));
#3901=DIRECTION('',(-0.9238813145,0.3826791303,0.0));
#3902=VECTOR('',#3901,1.0);
#3903=LINE('',#3900,#3902);
#3904=EDGE_CURVE('no 21796',#3899,#2759,#3903,.T.);
#3905=ORIENTED_EDGE('no 21799',*,*,#3904,.F.);
#3906=CARTESIAN_POINT('',(0.0450397,0.00831987,0.013));
#3907=DIRECTION('',(0.0,1.0,0.0));
#3908=VECTOR('',#3907,1.0);
#3909=LINE('',#3906,#3908);
#3910=EDGE_CURVE('no 21790',#3289,#3899,#3909,.T.);
#3911=ORIENTED_EDGE('no 21798',*,*,#3910,.F.);
#3912=ORIENTED_EDGE('no 21797',*,*,#3314,.T.);
#3913=EDGE_LOOP('',(#3905,#3911,#3912));
#3914=FACE_OUTER_BOUND('',#3913,.T.);
#3915=CARTESIAN_POINT('',(0.0445091,0.0850896,0.013));
#3916=DIRECTION('',(0.0,0.0,1.0));
#3917=DIRECTION('',(0.0069113708,-0.9999761162,0.0));
#3918=AXIS2_PLACEMENT_3D('',#3915,#3916,#3917);
#3919=PLANE('',#3918);
#3920=ADVANCED_FACE('no 21807',(#3914),#3919,.F.);
#3921=ORIENTED_EDGE('no 3595',*,*,#3333,.F.);
#3922=ORIENTED_EDGE('no 3596',*,*,#3887,.T.);
#3923=CARTESIAN_POINT('',(0.0456091,0.00839484,0.016));
#3924=DIRECTION('',(-0.007445368,0.9999722829,0.0));
#3925=VECTOR('',#3924,1.0);
#3926=LINE('',#3923,#3925);
#3927=EDGE_CURVE('no 3594',#3876,#3328,#3926,.T.);
#3928=ORIENTED_EDGE('no 3597',*,*,#3927,.T.);
#3929=EDGE_LOOP('',(#3921,#3922,#3928));
#3930=FACE_OUTER_BOUND('',#3929,.T.);
#3931=CARTESIAN_POINT('',(0.0450397,0.0848698,0.016));
#3932=DIRECTION('',(0.0,0.0,1.0));
#3933=DIRECTION('',(0.0,-1.0,0.0));
#3934=AXIS2_PLACEMENT_3D('',#3931,#3932,#3933);
#3935=PLANE('',#3934);
#3936=ADVANCED_FACE('no 3605',(#3930),#3935,.T.);
#3937=ORIENTED_EDGE('no 6886',*,*,#3355,.T.);
#3938=CARTESIAN_POINT('',(0.0746275,0.0819948,0.013));
#3939=VERTEX_POINT('',#3938);
#3940=CARTESIAN_POINT('',(0.0783128,0.0819948,0.013));
#3941=VERTEX_POINT('',#3940);
#3942=CARTESIAN_POINT('',(0.0746275,0.0819948,0.013));
#3943=DIRECTION('',(1.0,0.0,0.0));
#3944=VECTOR('',#3943,1.0);
#3945=LINE('',#3942,#3944);
#3946=EDGE_CURVE('no 6879',#3939,#3941,#3945,.T.);
#3947=ORIENTED_EDGE('no 6887',*,*,#3946,.T.);
#3948=CARTESIAN_POINT('',(0.0783128,0.0819948,0.013));
#3949=DIRECTION('',(0.0,0.0,1.0));
#3950=VECTOR('',#3949,1.0);
#3951=LINE('',#3948,#3950);
#3952=EDGE_CURVE('no 6885',#3941,#3350,#3951,.T.);
#3953=ORIENTED_EDGE('no 6888',*,*,#3952,.T.);
#3954=EDGE_LOOP('',(#3937,#3947,#3953));
#3955=FACE_OUTER_BOUND('',#3954,.T.);
#3956=CARTESIAN_POINT('',(0.0783128,0.0819948,0.016));
#3957=DIRECTION('',(0.0,-1.0,-0.0));
#3958=DIRECTION('',(-0.7755271961,0.0,-0.6313141596));
#3959=AXIS2_PLACEMENT_3D('',#3956,#3957,#3958);
#3960=PLANE('',#3959);
#3961=ADVANCED_FACE('no 6896',(#3955),#3960,.T.);
#3962=ORIENTED_EDGE('no 6944',*,*,#3361,.F.);
#3963=CARTESIAN_POINT('',(0.0553128,0.0819948,0.013));
#3964=VERTEX_POINT('',#3963);
#3965=CARTESIAN_POINT('',(0.0783128,0.0819948,0.016));
#3966=DIRECTION('',(-0.9916004112,0.0,-0.1293391841));
#3967=VECTOR('',#3966,1.0);
#3968=LINE('',#3965,#3967);
#3969=EDGE_CURVE('no 6937',#3350,#3964,#3968,.T.);
#3970=ORIENTED_EDGE('no 6945',*,*,#3969,.T.);
#3971=CARTESIAN_POINT('',(0.0553128,0.0819948,0.013));
#3972=DIRECTION('',(1.0,0.0,0.0));
#3973=VECTOR('',#3972,1.0);
#3974=LINE('',#3971,#3973);
#3975=EDGE_CURVE('no 6943',#3964,#2346,#3974,.T.);
#3976=ORIENTED_EDGE('no 6946',*,*,#3975,.T.);
#3977=EDGE_LOOP('',(#3962,#3970,#3976));
#3978=FACE_OUTER_BOUND('',#3977,.T.);
#3979=CARTESIAN_POINT('',(0.0586275,0.0819948,0.013));
#3980=DIRECTION('',(0.0,-1.0,0.0));
#3981=DIRECTION('',(0.9885859445,0.0,0.1506579915));
#3982=AXIS2_PLACEMENT_3D('',#3979,#3980,#3981);
#3983=PLANE('',#3982);
#3984=ADVANCED_FACE('no 6954',(#3978),#3983,.T.);
#3985=ORIENTED_EDGE('no 25417',*,*,#3463,.T.);
#3986=ORIENTED_EDGE('no 25418',*,*,#3378,.T.);
#3987=CARTESIAN_POINT('',(0.0506514,0.0819948,0.0));
#3988=VERTEX_POINT('',#3987);
#3989=CARTESIAN_POINT('',(0.0506514,0.0819948,0.0));
#3990=DIRECTION('',(0.0,0.0,1.0));
#3991=VECTOR('',#3990,1.0);
#3992=LINE('',#3989,#3991);
#3993=EDGE_CURVE('no 17913',#3988,#3373,#3992,.T.);
#3994=ORIENTED_EDGE('no 25419',*,*,#3993,.F.);
#3995=EDGE_LOOP('',(#3985,#3986,#3994));
#3996=FACE_OUTER_BOUND('',#3995,.T.);
#3997=CARTESIAN_POINT('',(0.0506514,0.0819948,0.0));
#3998=DIRECTION('',(0.0,-1.0,0.0));
#3999=DIRECTION('',(0.799136974,0.0,0.6011489805));
#4000=AXIS2_PLACEMENT_3D('',#3997,#3998,#3999);
#4001=PLANE('',#4000);
#4002=ADVANCED_FACE('no 25427',(#3996),#4001,.T.);
#4003=CARTESIAN_POINT('',(0.0746275,0.0919948,0.013));
#4004=DIRECTION('',(0.0,-0.1414220562,-0.9899493937));
#4005=VECTOR('',#4004,1.0);
#4006=LINE('',#4003,#4005);
#4007=EDGE_CURVE('no 24966',#1349,#2837,#4006,.T.);
#4008=ORIENTED_EDGE('no 25002',*,*,#4007,.F.);
#4009=CARTESIAN_POINT('',(0.0746275,0.0920253,0.013));
#4010=VERTEX_POINT('',#4009);
#4011=CARTESIAN_POINT('',(0.0746275,0.0920253,0.013));
#4012=DIRECTION('',(0.0,0.0,-1.0));
#4013=VECTOR('',#4012,1.0);
#4014=LINE('',#4011,#4013);
#4015=EDGE_CURVE('no 24995',#4010,#3397,#4014,.T.);
#4016=ORIENTED_EDGE('no 25003',*,*,#4015,.T.);
#4017=ORIENTED_EDGE('no 25004',*,*,#3402,.T.);
#4018=EDGE_LOOP('',(#4008,#4016,#4017));
#4019=FACE_OUTER_BOUND('',#4018,.T.);
#4020=CARTESIAN_POINT('',(0.0746275,0.0909948,0.006));
#4021=DIRECTION('',(-1.0,0.0,0.0));
#4022=DIRECTION('',(0.0,0.1414220562,0.9899493937));
#4023=AXIS2_PLACEMENT_3D('',#4020,#4021,#4022);
#4024=PLANE('',#4023);
#4025=ADVANCED_FACE('no 25012',(#4019),#4024,.T.);
#4026=CARTESIAN_POINT('',(0.158451,0.0920253,0.0));
#4027=VERTEX_POINT('',#4026);
#4028=CARTESIAN_POINT('',(0.158451,0.0920253,0.0));
#4029=DIRECTION('',(-0.9974480275,0.0,0.0713963049));
#4030=VECTOR('',#4029,1.0);
#4031=LINE('',#4028,#4030);
#4032=EDGE_CURVE('no 24822',#4027,#3397,#4031,.T.);
#4033=ORIENTED_EDGE('no 24852',*,*,#4032,.F.);
#4034=CARTESIAN_POINT('',(0.0586275,0.0920253,0.006));
#4035=DIRECTION('',(0.9981985089,0.0,-0.0599978067));
#4036=VECTOR('',#4035,1.0);
#4037=LINE('',#4034,#4036);
#4038=EDGE_CURVE('no 24747',#2370,#4027,#4037,.T.);
#4039=ORIENTED_EDGE('no 24853',*,*,#4038,.F.);
#4040=ORIENTED_EDGE('no 24854',*,*,#3408,.T.);
#4041=EDGE_LOOP('',(#4033,#4039,#4040));
#4042=FACE_OUTER_BOUND('',#4041,.T.);
#4043=CARTESIAN_POINT('',(0.0746275,0.0920253,0.006));
#4044=DIRECTION('',(0.0,1.0,0.0));
#4045=DIRECTION('',(0.9974480491,0.0,-0.0713960035));
#4046=AXIS2_PLACEMENT_3D('',#4043,#4044,#4045);
#4047=PLANE('',#4046);
#4048=ADVANCED_FACE('no 24862',(#4042),#4047,.T.);
#4049=CARTESIAN_POINT('',(0.0746275,0.0909948,0.013));
#4050=VERTEX_POINT('',#4049);
#4051=CARTESIAN_POINT('',(0.0746275,0.0909948,0.013));
#4052=DIRECTION('',(0.0,-0.7893522174,-0.6139406135));
#4053=VECTOR('',#4052,1.0);
#4054=LINE('',#4051,#4053);
#4055=EDGE_CURVE('no 25629',#4050,#2875,#4054,.T.);
#4056=ORIENTED_EDGE('no 25647',*,*,#4055,.F.);
#4057=CARTESIAN_POINT('',(0.0746275,0.0909948,0.006));
#4058=DIRECTION('',(0.0,0.0,1.0));
#4059=VECTOR('',#4058,1.0);
#4060=LINE('',#4057,#4059);
#4061=EDGE_CURVE('no 24972',#2837,#4050,#4060,.T.);
#4062=ORIENTED_EDGE('no 25648',*,*,#4061,.F.);
#4063=ORIENTED_EDGE('no 25649',*,*,#3423,.F.);
#4064=EDGE_LOOP('',(#4056,#4062,#4063));
#4065=FACE_OUTER_BOUND('',#4064,.T.);
#4066=CARTESIAN_POINT('',(0.0746275,0.0819948,0.006));
#4067=DIRECTION('',(-1.0,0.0,0.0));
#4068=DIRECTION('',(0.0,0.7893524328,0.6139403366));
#4069=AXIS2_PLACEMENT_3D('',#4066,#4067,#4068);
#4070=PLANE('',#4069);
#4071=ADVANCED_FACE('no 25657',(#4065),#4070,.T.);
#4072=CARTESIAN_POINT('',(0.0406514,0.0920253,0.0));
#4073=DIRECTION('',(0.9485571078,0.0,0.3166060851));
#4074=VECTOR('',#4073,1.0);
#4075=LINE('',#4072,#4074);
#4076=EDGE_CURVE('no 24741',#3241,#2370,#4075,.T.);
#4077=ORIENTED_EDGE('no 24771',*,*,#4076,.F.);
#4078=CARTESIAN_POINT('',(0.0406514,0.0919948,0.013));
#4079=VERTEX_POINT('',#4078);
#4080=CARTESIAN_POINT('',(0.0406514,0.0919948,0.013));
#4081=DIRECTION('',(0.0,0.0023461474,-0.9999972478));
#4082=VECTOR('',#4081,1.0);
#4083=LINE('',#4080,#4082);
#4084=EDGE_CURVE('no 12124',#4079,#3241,#4083,.T.);
#4085=ORIENTED_EDGE('no 24772',*,*,#4084,.F.);
#4086=ORIENTED_EDGE('no 24773',*,*,#3440,.T.);
#4087=EDGE_LOOP('',(#4077,#4085,#4086));
#4088=FACE_OUTER_BOUND('',#4087,.T.);
#4089=CARTESIAN_POINT('',(0.0586275,0.0920253,0.006));
#4090=DIRECTION('',(0.0,1.0,0.0));
#4091=DIRECTION('',(-0.9485571226,0.0,-0.3166060409));
#4092=AXIS2_PLACEMENT_3D('',#4089,#4090,#4091);
#4093=PLANE('',#4092);
#4094=ADVANCED_FACE('no 24781',(#4088),#4093,.T.);
#4095=CARTESIAN_POINT('',(0.0506514,0.0919948,0.013));
#4096=VERTEX_POINT('',#4095);
#4097=CARTESIAN_POINT('',(0.0506514,0.0919948,0.013));
#4098=DIRECTION('',(-0.9999953661,0.0030442911,0.0));
#4099=VECTOR('',#4098,1.0);
#4100=LINE('',#4097,#4099);
#4101=EDGE_CURVE('no 24897',#4096,#3435,#4100,.T.);
#4102=ORIENTED_EDGE('no 24921',*,*,#4101,.F.);
#4103=CARTESIAN_POINT('',(0.0506514,0.0919948,0.013));
#4104=DIRECTION('',(0.9999927161,0.0038167589,0.0));
#4105=VECTOR('',#4104,1.0);
#4106=LINE('',#4103,#4105);
#4107=EDGE_CURVE('no 24920',#4096,#979,#4106,.T.);
#4108=ORIENTED_EDGE('no 24922',*,*,#4107,.T.);
#4109=ORIENTED_EDGE('no 24923',*,*,#3446,.F.);
#4110=EDGE_LOOP('',(#4102,#4108,#4109));
#4111=FACE_OUTER_BOUND('',#4110,.T.);
#4112=CARTESIAN_POINT('',(0.0406514,0.0920253,0.013));
#4113=DIRECTION('',(-0.0,0.0,1.0));
#4114=DIRECTION('',(0.9999953661,-0.0030442911,0.0));
#4115=AXIS2_PLACEMENT_3D('',#4112,#4113,#4114);
#4116=PLANE('',#4115);
#4117=ADVANCED_FACE('no 24931',(#4111),#4116,.T.);
#4118=CARTESIAN_POINT('',(0.148451,0.0819948,0.013));
#4119=VERTEX_POINT('',#4118);
#4120=CARTESIAN_POINT('',(0.148451,0.0819948,0.013));
#4121=DIRECTION('',(-0.9912809821,0.0,-0.1317649976));
#4122=VECTOR('',#4121,1.0);
#4123=LINE('',#4120,#4122);
#4124=EDGE_CURVE('no 25329',#4119,#3458,#4123,.T.);
#4125=ORIENTED_EDGE('no 25359',*,*,#4124,.F.);
#4126=CARTESIAN_POINT('',(0.148451,0.0819948,0.013));
#4127=DIRECTION('',(-0.9955346555,0.0,-0.0943967673));
#4128=VECTOR('',#4127,1.0);
#4129=LINE('',#4126,#4128);
#4130=EDGE_CURVE('no 25352',#4119,#2875,#4129,.T.);
#4131=ORIENTED_EDGE('no 25360',*,*,#4130,.T.);
#4132=ORIENTED_EDGE('no 25361',*,*,#3469,.T.);
#4133=EDGE_LOOP('',(#4125,#4131,#4132));
#4134=FACE_OUTER_BOUND('',#4133,.T.);
#4135=CARTESIAN_POINT('',(0.0506514,0.0819948,0.0));
#4136=DIRECTION('',(0.0,-1.0,0.0));
#4137=DIRECTION('',(0.9912809821,0.0,0.1317649976));
#4138=AXIS2_PLACEMENT_3D('',#4135,#4136,#4137);
#4139=PLANE('',#4138);
#4140=ADVANCED_FACE('no 25369',(#4134),#4139,.T.);
#4141=CARTESIAN_POINT('',(0.0506514,0.0112253,0.013));
#4142=VERTEX_POINT('',#4141);
#4143=CARTESIAN_POINT('',(0.0506514,0.0112253,0.013));
#4144=DIRECTION('',(-0.4919256262,-0.8706372254,0.0));
#4145=VECTOR('',#4144,1.0);
#4146=LINE('',#4143,#4145);
#4147=EDGE_CURVE('no 22712',#4142,#3481,#4146,.T.);
#4148=ORIENTED_EDGE('no 22715',*,*,#4147,.F.);
#4149=CARTESIAN_POINT('',(0.1584061909,0.0011951015,0.013));
#4150=DIRECTION('',(-0.9956956775,0.0926828889,0.0));
#4151=VECTOR('',#4150,1.0);
#4152=LINE('',#4149,#4151);
#4153=EDGE_CURVE('no 22706',#419,#4142,#4152,.T.);
#4154=ORIENTED_EDGE('no 22714',*,*,#4153,.F.);
#4155=ORIENTED_EDGE('no 22713',*,*,#3492,.T.);
#4156=EDGE_LOOP('',(#4148,#4154,#4155));
#4157=FACE_OUTER_BOUND('',#4156,.T.);
#4158=CARTESIAN_POINT('',(0.0478091,0.00619484,0.013));
#4159=DIRECTION('',(-0.0,0.0,1.0));
#4160=DIRECTION('',(0.9989920526,-0.0448874024,0.0));
#4161=AXIS2_PLACEMENT_3D('',#4158,#4159,#4160);
#4162=PLANE('',#4161);
#4163=ADVANCED_FACE('no 22723',(#4157),#4162,.F.);
#4164=ORIENTED_EDGE('no 1740',*,*,#3516,.F.);
#4165=CARTESIAN_POINT('',(0.0477341,0.0875642,0.016));
#4166=VERTEX_POINT('',#4165);
#4167=CARTESIAN_POINT('',(0.0475143,0.0880948,0.016));
#4168=DIRECTION('',(0.3826820445,-0.9238801074,0.0));
#4169=VECTOR('',#4168,1.0);
#4170=LINE('',#4167,#4169);
#4171=EDGE_CURVE('no 1733',#3505,#4166,#4170,.T.);
#4172=ORIENTED_EDGE('no 1741',*,*,#4171,.T.);
#4173=CARTESIAN_POINT('',(0.0477341,0.0875642,0.016));
#4174=DIRECTION('',(0.9991996603,0.0400004864,0.0));
#4175=VECTOR('',#4174,1.0);
#4176=LINE('',#4173,#4175);
#4177=EDGE_CURVE('no 1739',#4166,#692,#4176,.T.);
#4178=ORIENTED_EDGE('no 1742',*,*,#4177,.T.);
#4179=EDGE_LOOP('',(#4164,#4172,#4178));
#4180=FACE_OUTER_BOUND('',#4179,.T.);
#4181=CARTESIAN_POINT('',(0.158409,0.0919948,0.016));
#4182=DIRECTION('',(0.0,0.0,1.0));
#4183=DIRECTION('',(-0.9993821637,-0.0351467058,0.0));
#4184=AXIS2_PLACEMENT_3D('',#4181,#4182,#4183);
#4185=PLANE('',#4184);
#4186=ADVANCED_FACE('no 1750',(#4180),#4185,.T.);
#4187=CARTESIAN_POINT('',(0.15284,0.0891199,0.016));
#4188=VERTEX_POINT('',#4187);
#4189=CARTESIAN_POINT('',(0.15284,0.0891199,0.016));
#4190=DIRECTION('',(0.8885921788,0.4586980923,0.0));
#4191=VECTOR('',#4190,1.0);
#4192=LINE('',#4189,#4191);
#4193=EDGE_CURVE('no 2359',#4188,#692,#4192,.T.);
#4194=ORIENTED_EDGE('no 2389',*,*,#4193,.F.);
#4195=CARTESIAN_POINT('',(0.15284,0.0891199,0.016));
#4196=DIRECTION('',(0.9914455527,0.1305209411,0.0));
#4197=VECTOR('',#4196,1.0);
#4198=LINE('',#4195,#4197);
#4199=EDGE_CURVE('no 2382',#4188,#3527,#4198,.T.);
#4200=ORIENTED_EDGE('no 2390',*,*,#4199,.T.);
#4201=ORIENTED_EDGE('no 2391',*,*,#3532,.T.);
#4202=EDGE_LOOP('',(#4194,#4200,#4201));
#4203=FACE_OUTER_BOUND('',#4202,.T.);
#4204=CARTESIAN_POINT('',(0.158409,0.0919948,0.016));
#4205=DIRECTION('',(0.0,0.0,1.0));
#4206=DIRECTION('',(-0.8885921788,-0.4586980923,0.0));
#4207=AXIS2_PLACEMENT_3D('',#4204,#4205,#4206);
#4208=PLANE('',#4207);
#4209=ADVANCED_FACE('no 2399',(#4203),#4208,.T.);
#4210=CARTESIAN_POINT('',(0.153292,0.00399796,0.016));
#4211=VERTEX_POINT('',#4210);
#4212=CARTESIAN_POINT('',(0.158409,0.00119484,0.016));
#4213=DIRECTION('',(-0.8770274228,0.4804403184,0.0));
#4214=VECTOR('',#4213,1.0);
#4215=LINE('',#4212,#4214);
#4216=EDGE_CURVE('no 1153',#234,#4211,#4215,.T.);
#4217=ORIENTED_EDGE('no 1189',*,*,#4216,.F.);
#4218=ORIENTED_EDGE('no 1190',*,*,#3555,.T.);
#4219=CARTESIAN_POINT('',(0.153864,0.00404247,0.016));
#4220=DIRECTION('',(-0.9969861176,-0.077580161,0.0));
#4221=VECTOR('',#4220,1.0);
#4222=LINE('',#4219,#4221);
#4223=EDGE_CURVE('no 1188',#3550,#4211,#4222,.T.);
#4224=ORIENTED_EDGE('no 1191',*,*,#4223,.T.);
#4225=EDGE_LOOP('',(#4217,#4218,#4224));
#4226=FACE_OUTER_BOUND('',#4225,.T.);
#4227=CARTESIAN_POINT('',(0.153292,0.00399796,0.016));
#4228=DIRECTION('',(-0.0,0.0,1.0));
#4229=DIRECTION('',(0.8770373519,-0.4804221928,0.0));
#4230=AXIS2_PLACEMENT_3D('',#4227,#4228,#4229);
#4231=PLANE('',#4230);
#4232=ADVANCED_FACE('no 1199',(#4226),#4231,.T.);
#4233=CARTESIAN_POINT('',(0.154406,0.00423365,0.013));
#4234=VERTEX_POINT('',#4233);
#4235=CARTESIAN_POINT('',(0.153864,0.00404247,0.016));
#4236=DIRECTION('',(0.17743985,0.0625884696,-0.9821393909));
#4237=VECTOR('',#4236,1.0);
#4238=LINE('',#4235,#4237);
#4239=EDGE_CURVE('no 9093',#3550,#4234,#4238,.T.);
#4240=ORIENTED_EDGE('no 9117',*,*,#4239,.F.);
#4241=ORIENTED_EDGE('no 9118',*,*,#3562,.F.);
#4242=CARTESIAN_POINT('',(0.154406,0.00423365,0.013));
#4243=DIRECTION('',(0.0,0.0,1.0));
#4244=VECTOR('',#4243,1.0);
#4245=LINE('',#4242,#4244);
#4246=EDGE_CURVE('no 8931',#4234,#2967,#4245,.T.);
#4247=ORIENTED_EDGE('no 9119',*,*,#4246,.F.);
#4248=EDGE_LOOP('',(#4240,#4241,#4247));
#4249=FACE_OUTER_BOUND('',#4248,.T.);
#4250=CARTESIAN_POINT('',(0.154406,0.00423365,0.013));
#4251=DIRECTION('',(-0.3328970723,0.9429631696,0.000000061));
#4252=DIRECTION('',(-0.1772979611,-0.0625920863,0.9821647844));
#4253=AXIS2_PLACEMENT_3D('',#4250,#4251,#4252);
#4254=PLANE('',#4253);
#4255=ADVANCED_FACE('no 9127',(#4249),#4254,.T.);
#4256=CARTESIAN_POINT('',(0.154715,0.00444592,0.013));
#4257=VERTEX_POINT('',#4256);
#4258=CARTESIAN_POINT('',(0.154406,0.00423365,0.016));
#4259=DIRECTION('',(0.102205099,0.0702106031,-0.9922825147));
#4260=VECTOR('',#4259,1.0);
#4261=LINE('',#4258,#4260);
#4262=EDGE_CURVE('no 8983',#2967,#4257,#4261,.T.);
#4263=ORIENTED_EDGE('no 9019',*,*,#4262,.F.);
#4264=ORIENTED_EDGE('no 9020',*,*,#3576,.T.);
#4265=CARTESIAN_POINT('',(0.15488,0.00455849,0.013));
#4266=DIRECTION('',(-0.8246729056,-0.5656099352,0.0));
#4267=VECTOR('',#4266,1.0);
#4268=LINE('',#4265,#4267);
#4269=EDGE_CURVE('no 9018',#2998,#4257,#4268,.T.);
#4270=ORIENTED_EDGE('no 9021',*,*,#4269,.T.);
#4271=EDGE_LOOP('',(#4263,#4264,#4270));
#4272=FACE_OUTER_BOUND('',#4271,.T.);
#4273=CARTESIAN_POINT('',(0.154715,0.00444592,0.013));
#4274=DIRECTION('',(-0.5656099276,0.8246729108,-0.000002649));
#4275=DIRECTION('',(-0.1023679984,-0.0702068989,0.9922659846));
#4276=AXIS2_PLACEMENT_3D('',#4273,#4274,#4275);
#4277=PLANE('',#4276);
#4278=ADVANCED_FACE('no 9029',(#4272),#4277,.T.);
#4279=CARTESIAN_POINT('',(0.158409,0.0919948,0.013));
#4280=VERTEX_POINT('',#4279);
#4281=CARTESIAN_POINT('',(0.158409,0.00122528,0.013));
#4282=DIRECTION('',(0.0,1.0,0.0));
#4283=VECTOR('',#4282,1.0);
#4284=LINE('',#4281,#4283);
#4285=EDGE_CURVE('no 4914',#3039,#4280,#4284,.T.);
#4286=ORIENTED_EDGE('no 23764',*,*,#4285,.F.);
#4287=ORIENTED_EDGE('no 23763',*,*,#3609,.T.);
#4288=CARTESIAN_POINT('',(0.155609,0.0869948,0.013));
#4289=DIRECTION('',(0.4886038561,0.8725057431,0.0));
#4290=VECTOR('',#4289,1.0);
#4291=LINE('',#4288,#4290);
#4292=EDGE_CURVE('no 23744',#3116,#4280,#4291,.T.);
#4293=ORIENTED_EDGE('no 23762',*,*,#4292,.T.);
#4294=EDGE_LOOP('',(#4286,#4287,#4293));
#4295=FACE_OUTER_BOUND('',#4294,.T.);
#4296=CARTESIAN_POINT('',(0.158409,0.0919948,0.013));
#4297=DIRECTION('',(0.0,0.0,1.0));
#4298=DIRECTION('',(-0.4886038561,-0.8725057431,0.0));
#4299=AXIS2_PLACEMENT_3D('',#4296,#4297,#4298);
#4300=PLANE('',#4299);
#4301=ADVANCED_FACE('no 23772',(#4295),#4300,.F.);
#4302=CARTESIAN_POINT('',(0.15488,0.00455849,0.013));
#4303=VERTEX_POINT('',#4302);
#4304=CARTESIAN_POINT('',(0.155007,0.00466964,0.013));
#4305=DIRECTION('',(-0.7525032802,-0.6585885007,0.0));
#4306=VECTOR('',#4305,1.0);
#4307=LINE('',#4304,#4306);
#4308=EDGE_CURVE('no 8873',#3621,#4303,#4307,.T.);
#4309=ORIENTED_EDGE('no 23227',*,*,#4308,.F.);
#4310=ORIENTED_EDGE('no 23226',*,*,#3633,.F.);
#4311=CARTESIAN_POINT('',(0.1583937975,0.0012093302,0.013));
#4312=DIRECTION('',(-0.7238615367,0.68994527,0.0));
#4313=VECTOR('',#4312,1.0);
#4314=LINE('',#4311,#4313);
#4315=EDGE_CURVE('no 23178',#419,#4303,#4314,.T.);
#4316=ORIENTED_EDGE('no 23225',*,*,#4315,.T.);
#4317=EDGE_LOOP('',(#4309,#4310,#4316));
#4318=FACE_OUTER_BOUND('',#4317,.T.);
#4319=CARTESIAN_POINT('',(0.154913,0.00459744,0.013));
#4320=DIRECTION('',(-0.0,0.0,1.0));
#4321=DIRECTION('',(0.7197570439,-0.6942260423,0.0));
#4322=AXIS2_PLACEMENT_3D('',#4319,#4320,#4321);
#4323=PLANE('',#4322);
#4324=ADVANCED_FACE('no 23235',(#4318),#4323,.F.);
#4325=CARTESIAN_POINT('',(0.154965,0.0854392,0.016));
#4326=VERTEX_POINT('',#4325);
#4327=CARTESIAN_POINT('',(0.155045,0.00766534,0.016));
#4328=DIRECTION('',(-0.0010286227,0.999999471,0.0));
#4329=VECTOR('',#4328,1.0);
#4330=LINE('',#4327,#4329);
#4331=EDGE_CURVE('no 3107',#3644,#4326,#4330,.T.);
#4332=ORIENTED_EDGE('no 3137',*,*,#4331,.F.);
#4333=ORIENTED_EDGE('no 3138',*,*,#3649,.T.);
#4334=CARTESIAN_POINT('',(0.155314,0.0858948,0.016));
#4335=DIRECTION('',(-0.6087619527,-0.7933529384,0.0));
#4336=VECTOR('',#4335,1.0);
#4337=LINE('',#4334,#4336);
#4338=EDGE_CURVE('no 3136',#3077,#4326,#4337,.T.);
#4339=ORIENTED_EDGE('no 3139',*,*,#4338,.T.);
#4340=EDGE_LOOP('',(#4332,#4333,#4339));
#4341=FACE_OUTER_BOUND('',#4340,.T.);
#4342=CARTESIAN_POINT('',(0.154965,0.0854392,0.016));
#4343=DIRECTION('',(-0.0,0.0,1.0));
#4344=DIRECTION('',(0.0010376805,-0.9999994616,0.0));
#4345=AXIS2_PLACEMENT_3D('',#4342,#4343,#4344);
#4346=PLANE('',#4345);
#4347=ADVANCED_FACE('no 3147',(#4341),#4346,.T.);
#4348=CARTESIAN_POINT('',(0.155045,0.00766534,0.016));
#4349=DIRECTION('',(0.1064005602,-0.1550567179,-0.9821590172));
#4350=VECTOR('',#4349,1.0);
#4351=LINE('',#4348,#4350);
#4352=EDGE_CURVE('no 8549',#3644,#3668,#4351,.T.);
#4353=ORIENTED_EDGE('no 8556',*,*,#4352,.T.);
#4354=ORIENTED_EDGE('no 8557',*,*,#3673,.T.);
#4355=ORIENTED_EDGE('no 8558',*,*,#3655,.F.);
#4356=EDGE_LOOP('',(#4353,#4354,#4355));
#4357=FACE_OUTER_BOUND('',#4356,.T.);
#4358=CARTESIAN_POINT('',(0.155045,0.00766534,0.016));
#4359=DIRECTION('',(-0.8246681009,-0.5656169405,0.0000005545));
#4360=DIRECTION('',(0.1063500139,-0.1550590202,-0.9821641282));
#4361=AXIS2_PLACEMENT_3D('',#4358,#4359,#4360);
#4362=PLANE('',#4361);
#4363=ADVANCED_FACE('no 8566',(#4357),#4362,.T.);
#4364=ORIENTED_EDGE('no 24450',*,*,#3702,.F.);
#4365=ORIENTED_EDGE('no 24449',*,*,#3679,.F.);
#4366=CARTESIAN_POINT('',(0.15537,0.00719172,0.013));
#4367=DIRECTION('',(0.0020679697,0.9999978617,0.0));
#4368=VECTOR('',#4367,1.0);
#4369=LINE('',#4366,#4368);
#4370=EDGE_CURVE('no 24418',#3668,#3690,#4369,.T.);
#4371=ORIENTED_EDGE('no 24448',*,*,#4370,.T.);
#4372=EDGE_LOOP('',(#4364,#4365,#4371));
#4373=FACE_OUTER_BOUND('',#4372,.T.);
#4374=CARTESIAN_POINT('',(0.155534,0.0864254,0.013));
#4375=DIRECTION('',(0.0,0.0,1.0));
#4376=DIRECTION('',(-0.0020679697,-0.9999978617,0.0));
#4377=AXIS2_PLACEMENT_3D('',#4374,#4375,#4376);
#4378=PLANE('',#4377);
#4379=ADVANCED_FACE('no 24458',(#4373),#4378,.F.);
#4380=ORIENTED_EDGE('no 522',*,*,#3719,.F.);
#4381=CARTESIAN_POINT('',(0.0846593,0.0171707,0.016));
#4382=VERTEX_POINT('',#4381);
#4383=CARTESIAN_POINT('',(0.158409,0.00119484,0.016));
#4384=DIRECTION('',(-0.9773320295,0.2117123145,0.0));
#4385=VECTOR('',#4384,1.0);
#4386=LINE('',#4383,#4385);
#4387=EDGE_CURVE('no 515',#234,#4382,#4386,.T.);
#4388=ORIENTED_EDGE('no 523',*,*,#4387,.T.);
#4389=CARTESIAN_POINT('',(0.0846593,0.0171707,0.016));
#4390=DIRECTION('',(-0.9884342497,0.1516500383,0.0));
#4391=VECTOR('',#4390,1.0);
#4392=LINE('',#4389,#4391);
#4393=EDGE_CURVE('no 521',#4382,#3714,#4392,.T.);
#4394=ORIENTED_EDGE('no 524',*,*,#4393,.T.);
#4395=EDGE_LOOP('',(#4380,#4388,#4394));
#4396=FACE_OUTER_BOUND('',#4395,.T.);
#4397=CARTESIAN_POINT('',(0.0790074,0.0180378,0.016));
#4398=DIRECTION('',(0.0,0.0,1.0));
#4399=DIRECTION('',(0.978233756,-0.2075059482,0.0));
#4400=AXIS2_PLACEMENT_3D('',#4397,#4398,#4399);
#4401=PLANE('',#4400);
#4402=ADVANCED_FACE('no 532',(#4396),#4401,.T.);
#4403=CARTESIAN_POINT('',(0.0790074,0.0180378,0.013));
#4404=VERTEX_POINT('',#4403);
#4405=CARTESIAN_POINT('',(0.0540074,0.0180378,0.016));
#4406=DIRECTION('',(0.9928768385,0.0,-0.1191452206));
#4407=VECTOR('',#4406,1.0);
#4408=LINE('',#4405,#4407);
#4409=EDGE_CURVE('no 5417',#3140,#4404,#4408,.T.);
#4410=ORIENTED_EDGE('no 5447',*,*,#4409,.F.);
#4411=ORIENTED_EDGE('no 5448',*,*,#3725,.F.);
#4412=CARTESIAN_POINT('',(0.0790074,0.0180378,0.013));
#4413=DIRECTION('',(0.0,0.0,1.0));
#4414=VECTOR('',#4413,1.0);
#4415=LINE('',#4412,#4414);
#4416=EDGE_CURVE('no 5365',#4404,#3714,#4415,.T.);
#4417=ORIENTED_EDGE('no 5449',*,*,#4416,.F.);
#4418=EDGE_LOOP('',(#4410,#4411,#4417));
#4419=FACE_OUTER_BOUND('',#4418,.T.);
#4420=CARTESIAN_POINT('',(0.0790074,0.0180378,0.013));
#4421=DIRECTION('',(0.0,1.0,-0.0));
#4422=DIRECTION('',(-0.9928768669,0.0,0.119144984));
#4423=AXIS2_PLACEMENT_3D('',#4420,#4421,#4422);
#4424=PLANE('',#4423);
#4425=ADVANCED_FACE('no 5457',(#4419),#4424,.T.);
#4426=CARTESIAN_POINT('',(0.0540074,0.0370378,0.016));
#4427=VERTEX_POINT('',#4426);
#4428=CARTESIAN_POINT('',(0.0478091,0.0869948,0.016));
#4429=DIRECTION('',(0.1231279753,-0.9923908009,0.0));
#4430=VECTOR('',#4429,1.0);
#4431=LINE('',#4428,#4430);
#4432=EDGE_CURVE('no 1820',#3737,#4427,#4431,.T.);
#4433=ORIENTED_EDGE('no 1850',*,*,#4432,.F.);
#4434=ORIENTED_EDGE('no 1851',*,*,#3742,.F.);
#4435=CARTESIAN_POINT('',(0.0540074,0.0180378,0.016));
#4436=DIRECTION('',(0.0,1.0,0.0));
#4437=VECTOR('',#4436,1.0);
#4438=LINE('',#4435,#4437);
#4439=EDGE_CURVE('no 1849',#3140,#4427,#4438,.T.);
#4440=ORIENTED_EDGE('no 1852',*,*,#4439,.T.);
#4441=EDGE_LOOP('',(#4433,#4434,#4440));
#4442=FACE_OUTER_BOUND('',#4441,.T.);
#4443=CARTESIAN_POINT('',(0.0540074,0.0370378,0.016));
#4444=DIRECTION('',(0.0,0.0,1.0));
#4445=DIRECTION('',(-0.1231279753,0.9923908009,0.0));
#4446=AXIS2_PLACEMENT_3D('',#4443,#4444,#4445);
#4447=PLANE('',#4446);
#4448=ADVANCED_FACE('no 1860',(#4442),#4447,.T.);
#4449=CARTESIAN_POINT('',(0.0477341,0.0864254,0.016));
#4450=VERTEX_POINT('',#4449);
#4451=CARTESIAN_POINT('',(0.0478091,0.00619484,0.016));
#4452=DIRECTION('',(-0.0009348055,0.9999995631,0.0));
#4453=VECTOR('',#4452,1.0);
#4454=LINE('',#4451,#4453);
#4455=EDGE_CURVE('no 3942',#2613,#4450,#4454,.T.);
#4456=ORIENTED_EDGE('no 3966',*,*,#4455,.F.);
#4457=ORIENTED_EDGE('no 3967',*,*,#3748,.F.);
#4458=CARTESIAN_POINT('',(0.0478091,0.0869948,0.016));
#4459=DIRECTION('',(-0.1305269683,-0.9914447592,0.0));
#4460=VECTOR('',#4459,1.0);
#4461=LINE('',#4458,#4460);
#4462=EDGE_CURVE('no 3965',#3737,#4450,#4461,.T.);
#4463=ORIENTED_EDGE('no 3968',*,*,#4462,.T.);
#4464=EDGE_LOOP('',(#4456,#4457,#4463));
#4465=FACE_OUTER_BOUND('',#4464,.T.);
#4466=CARTESIAN_POINT('',(0.0477341,0.0864254,0.016));
#4467=DIRECTION('',(-0.0,0.0,1.0));
#4468=DIRECTION('',(0.0009343566,-0.9999995635,0.0));
#4469=AXIS2_PLACEMENT_3D('',#4466,#4467,#4468);
#4470=PLANE('',#4469);
#4471=ADVANCED_FACE('no 3976',(#4465),#4470,.T.);
#4472=CARTESIAN_POINT('',(0.0477341,0.00676424,0.016));
#4473=VERTEX_POINT('',#4472);
#4474=CARTESIAN_POINT('',(0.0477341,0.00676424,0.016));
#4475=DIRECTION('',(0.0245541064,-0.1864147759,-0.9821642567));
#4476=VECTOR('',#4475,1.0);
#4477=LINE('',#4474,#4476);
#4478=EDGE_CURVE('no 7295',#4473,#3481,#4477,.T.);
#4479=ORIENTED_EDGE('no 7302',*,*,#4478,.T.);
#4480=ORIENTED_EDGE('no 7303',*,*,#3763,.T.);
#4481=CARTESIAN_POINT('',(0.0477341,0.00676424,0.016));
#4482=DIRECTION('',(0.1305896347,-0.9914365069,0.0));
#4483=VECTOR('',#4482,1.0);
#4484=LINE('',#4481,#4483);
#4485=EDGE_CURVE('no 3936',#4473,#2613,#4484,.T.);
#4486=ORIENTED_EDGE('no 7304',*,*,#4485,.F.);
#4487=EDGE_LOOP('',(#4479,#4480,#4486));
#4488=FACE_OUTER_BOUND('',#4487,.T.);
#4489=CARTESIAN_POINT('',(0.0477341,0.00676424,0.016));
#4490=DIRECTION('',(-0.9914446339,-0.1305279201,0.000000164));
#4491=DIRECTION('',(0.0245423077,-0.1864160585,-0.9821643082));
#4492=AXIS2_PLACEMENT_3D('',#4489,#4490,#4491);
#4493=PLANE('',#4492);
#4494=ADVANCED_FACE('no 7312',(#4488),#4493,.T.);
#4495=CARTESIAN_POINT('',(0.0456514,0.0892253,0.013));
#4496=VERTEX_POINT('',#4495);
#4497=CARTESIAN_POINT('',(0.0456061033,0.0892002102,0.013));
#4498=DIRECTION('',(0.8747713914,0.4845358737,0.0));
#4499=VECTOR('',#4498,1.0);
#4500=LINE('',#4497,#4499);
#4501=EDGE_CURVE('no 21333',#4496,#3194,#4500,.T.);
#4502=ORIENTED_EDGE('no 21336',*,*,#4501,.F.);
#4503=CARTESIAN_POINT('',(0.0456514,0.0892253,0.013));
#4504=DIRECTION('',(-0.9914455527,-0.1305209411,0.0));
#4505=VECTOR('',#4504,1.0);
#4506=LINE('',#4503,#4505);
#4507=EDGE_CURVE('no 11544',#4496,#3775,#4506,.T.);
#4508=ORIENTED_EDGE('no 21335',*,*,#4507,.T.);
#4509=ORIENTED_EDGE('no 21334',*,*,#3780,.T.);
#4510=EDGE_LOOP('',(#4502,#4508,#4509));
#4511=FACE_OUTER_BOUND('',#4510,.T.);
#4512=CARTESIAN_POINT('',(0.0506514,0.0919948,0.013));
#4513=DIRECTION('',(0.0,0.0,1.0));
#4514=DIRECTION('',(-0.8905684562,-0.454849233,0.0));
#4515=AXIS2_PLACEMENT_3D('',#4512,#4513,#4514);
#4516=PLANE('',#4515);
#4517=ADVANCED_FACE('no 21344',(#4511),#4516,.F.);
#4518=CARTESIAN_POINT('',(0.0434514,0.0870253,0.013));
#4519=VERTEX_POINT('',#4518);
#4520=CARTESIAN_POINT('',(0.0435263,0.0875947,0.013));
#4521=DIRECTION('',(-0.1304184788,-0.9914590362,0.0));
#4522=VECTOR('',#4521,1.0);
#4523=LINE('',#4520,#4522);
#4524=EDGE_CURVE('no 10656',#3217,#4519,#4523,.T.);
#4525=ORIENTED_EDGE('no 10659',*,*,#4524,.F.);
#4526=ORIENTED_EDGE('no 10658',*,*,#3809,.F.);
#4527=CARTESIAN_POINT('',(0.0435263,0.0875947,0.0));
#4528=DIRECTION('',(-0.0057608375,-0.0437575811,0.9990255687));
#4529=VECTOR('',#4528,1.0);
#4530=LINE('',#4527,#4529);
#4531=EDGE_CURVE('no 10621',#3798,#4519,#4530,.T.);
#4532=ORIENTED_EDGE('no 10657',*,*,#4531,.T.);
#4533=EDGE_LOOP('',(#4525,#4526,#4532));
#4534=FACE_OUTER_BOUND('',#4533,.T.);
#4535=CARTESIAN_POINT('',(0.0434514,0.0870253,0.013));
#4536=DIRECTION('',(0.9914447592,-0.1305269686,0.0000000078));
#4537=DIRECTION('',(0.0057608375,0.0437575811,-0.9990255687));
#4538=AXIS2_PLACEMENT_3D('',#4535,#4536,#4537);
#4539=PLANE('',#4538);
#4540=ADVANCED_FACE('no 10667',(#4534),#4539,.F.);
#4541=CARTESIAN_POINT('',(0.0434514,0.0870253,0.0));
#4542=VERTEX_POINT('',#4541);
#4543=CARTESIAN_POINT('',(0.0434514,0.0870253,0.0));
#4544=DIRECTION('',(0.1304184788,0.9914590362,0.0));
#4545=VECTOR('',#4544,1.0);
#4546=LINE('',#4543,#4545);
#4547=EDGE_CURVE('no 10627',#4542,#3798,#4546,.T.);
#4548=ORIENTED_EDGE('no 12690',*,*,#4547,.T.);
#4549=ORIENTED_EDGE('no 12689',*,*,#3826,.F.);
#4550=CARTESIAN_POINT('',(0.0406514,0.0920253,0.0));
#4551=DIRECTION('',(0.4886033689,-0.8725060159,0.0));
#4552=VECTOR('',#4551,1.0);
#4553=LINE('',#4550,#4552);
#4554=EDGE_CURVE('no 12658',#3241,#4542,#4553,.T.);
#4555=ORIENTED_EDGE('no 12688',*,*,#4554,.T.);
#4556=EDGE_LOOP('',(#4548,#4549,#4555));
#4557=FACE_OUTER_BOUND('',#4556,.T.);
#4558=CARTESIAN_POINT('',(0.0434514,0.0870253,0.0));
#4559=DIRECTION('',(0.0,0.0,-1.0));
#4560=DIRECTION('',(-0.4886030949,0.8725061694,0.0));
#4561=AXIS2_PLACEMENT_3D('',#4558,#4559,#4560);
#4562=PLANE('',#4561);
#4563=ADVANCED_FACE('no 12698',(#4557),#4562,.F.);
#4564=CARTESIAN_POINT('',(0.045082,0.0891503,0.0));
#4565=VERTEX_POINT('',#4564);
#4566=CARTESIAN_POINT('',(0.0445514,0.0889305,0.0));
#4567=DIRECTION('',(0.9238682766,0.3827106054,0.0));
#4568=VECTOR('',#4567,1.0);
#4569=LINE('',#4566,#4568);
#4570=EDGE_CURVE('no 11759',#3263,#4565,#4569,.T.);
#4571=ORIENTED_EDGE('no 12794',*,*,#4570,.T.);
#4572=CARTESIAN_POINT('',(0.0406514,0.0920253,0.0));
#4573=DIRECTION('',(0.838866422,-0.5443373275,0.0));
#4574=VECTOR('',#4573,1.0);
#4575=LINE('',#4572,#4574);
#4576=EDGE_CURVE('no 12791',#3241,#4565,#4575,.T.);
#4577=ORIENTED_EDGE('no 12793',*,*,#4576,.F.);
#4578=ORIENTED_EDGE('no 12792',*,*,#3841,.T.);
#4579=EDGE_LOOP('',(#4571,#4577,#4578));
#4580=FACE_OUTER_BOUND('',#4579,.T.);
#4581=CARTESIAN_POINT('',(0.0445514,0.0889305,0.0));
#4582=DIRECTION('',(0.0,0.0,-1.0));
#4583=DIRECTION('',(-0.7833366361,0.6215977112,0.0));
#4584=AXIS2_PLACEMENT_3D('',#4581,#4582,#4583);
#4585=PLANE('',#4584);
#4586=ADVANCED_FACE('no 12802',(#4580),#4585,.F.);
#4587=CARTESIAN_POINT('',(0.045082,0.0891503,0.013));
#4588=DIRECTION('',(0.0,0.0,-1.0));
#4589=VECTOR('',#4588,1.0);
#4590=LINE('',#4587,#4589);
#4591=EDGE_CURVE('no 11550',#3775,#4565,#4590,.T.);
#4592=ORIENTED_EDGE('no 11762',*,*,#4591,.T.);
#4593=ORIENTED_EDGE('no 11761',*,*,#4570,.F.);
#4594=ORIENTED_EDGE('no 11760',*,*,#3865,.F.);
#4595=EDGE_LOOP('',(#4592,#4593,#4594));
#4596=FACE_OUTER_BOUND('',#4595,.T.);
#4597=CARTESIAN_POINT('',(0.045082,0.0891503,0.013));
#4598=DIRECTION('',(0.3826899313,-0.9238768405,-0.0000000552));
#4599=DIRECTION('',(-0.0407753826,-0.0168899928,-0.9990255734));
#4600=AXIS2_PLACEMENT_3D('',#4597,#4598,#4599);
#4601=PLANE('',#4600);
#4602=ADVANCED_FACE('no 11770',(#4596),#4601,.F.);
#4603=ORIENTED_EDGE('no 8273',*,*,#3881,.T.);
#4604=CARTESIAN_POINT('',(0.0456091,0.00839484,0.013));
#4605=VERTEX_POINT('',#4604);
#4606=CARTESIAN_POINT('',(0.0450397,0.00831987,0.013));
#4607=DIRECTION('',(0.9914432687,0.1305382892,0.0));
#4608=VECTOR('',#4607,1.0);
#4609=LINE('',#4606,#4608);
#4610=EDGE_CURVE('no 8266',#3289,#4605,#4609,.T.);
#4611=ORIENTED_EDGE('no 8274',*,*,#4610,.T.);
#4612=CARTESIAN_POINT('',(0.0456091,0.00839484,0.013));
#4613=VERTEX_POINT('',#4612);
#4614=CARTESIAN_POINT('',(0.0456091,0.00839484,0.013));
#4615=DIRECTION('',(0.0,0.0,1.0));
#4616=VECTOR('',#4615,1.0);
#4617=LINE('',#4614,#4616);
#4618=EDGE_CURVE('no 8272',#4613,#3876,#4617,.T.);
#4619=ORIENTED_EDGE('no 8275',*,*,#4618,.T.);
#4620=EDGE_LOOP('',(#4603,#4611,#4619));
#4621=FACE_OUTER_BOUND('',#4620,.T.);
#4622=CARTESIAN_POINT('',(0.0456091,0.00839484,0.016));
#4623=DIRECTION('',(0.1305259683,-0.9914448909,-0.00000009));
#4624=DIRECTION('',(-0.1864160599,-0.0245420079,-0.9821643154));
#4625=AXIS2_PLACEMENT_3D('',#4622,#4623,#4624);
#4626=PLANE('',#4625);
#4627=ADVANCED_FACE('no 8283',(#4621),#4626,.T.);
#4628=CARTESIAN_POINT('',(0.0456091,0.00839484,0.013));
#4629=DIRECTION('',(-0.007445368,0.9999722829,0.0));
#4630=VECTOR('',#4629,1.0);
#4631=LINE('',#4628,#4630);
#4632=EDGE_CURVE('no 21819',#4605,#3899,#4631,.T.);
#4633=ORIENTED_EDGE('no 21822',*,*,#4632,.F.);
#4634=ORIENTED_EDGE('no 21821',*,*,#4610,.F.);
#4635=ORIENTED_EDGE('no 21820',*,*,#3910,.T.);
#4636=EDGE_LOOP('',(#4633,#4634,#4635));
#4637=FACE_OUTER_BOUND('',#4636,.T.);
#4638=CARTESIAN_POINT('',(0.0450397,0.0848698,0.013));
#4639=DIRECTION('',(0.0,0.0,1.0));
#4640=DIRECTION('',(0.0,-1.0,0.0));
#4641=AXIS2_PLACEMENT_3D('',#4638,#4639,#4640);
#4642=PLANE('',#4641);
#4643=ADVANCED_FACE('no 21830',(#4637),#4642,.F.);
#4644=ORIENTED_EDGE('no 3624',*,*,#3927,.F.);
#4645=CARTESIAN_POINT('',(0.0456091,0.0847948,0.016));
#4646=VERTEX_POINT('',#4645);
#4647=CARTESIAN_POINT('',(0.0456091,0.00839484,0.016));
#4648=DIRECTION('',(0.0,1.0,0.0));
#4649=VECTOR('',#4648,1.0);
#4650=LINE('',#4647,#4649);
#4651=EDGE_CURVE('no 3617',#3876,#4646,#4650,.T.);
#4652=ORIENTED_EDGE('no 3625',*,*,#4651,.T.);
#4653=CARTESIAN_POINT('',(0.0456091,0.0847948,0.016));
#4654=DIRECTION('',(-0.9914438363,0.1305339784,0.0));
#4655=VECTOR('',#4654,1.0);
#4656=LINE('',#4653,#4655);
#4657=EDGE_CURVE('no 3623',#4646,#3328,#4656,.T.);
#4658=ORIENTED_EDGE('no 3626',*,*,#4657,.T.);
#4659=EDGE_LOOP('',(#4644,#4652,#4658));
#4660=FACE_OUTER_BOUND('',#4659,.T.);
#4661=CARTESIAN_POINT('',(0.0450397,0.0848698,0.016));
#4662=DIRECTION('',(0.0,0.0,1.0));
#4663=DIRECTION('',(0.0074454121,-0.9999722825,0.0));
#4664=AXIS2_PLACEMENT_3D('',#4661,#4662,#4663);
#4665=PLANE('',#4664);
#4666=ADVANCED_FACE('no 3634',(#4660),#4665,.T.);
#4667=CARTESIAN_POINT('',(0.148451,0.0919948,0.013));
#4668=VERTEX_POINT('',#4667);
#4669=CARTESIAN_POINT('',(0.148451,0.0919948,0.013));
#4670=DIRECTION('',(-0.9909499344,-0.1342319911,0.0));
#4671=VECTOR('',#4670,1.0);
#4672=LINE('',#4669,#4671);
#4673=EDGE_CURVE('no 25185',#4668,#3939,#4672,.T.);
#4674=ORIENTED_EDGE('no 25215',*,*,#4673,.F.);
#4675=CARTESIAN_POINT('',(0.148451,0.0919948,0.013));
#4676=DIRECTION('',(-0.9899885159,-0.141147931,0.0));
#4677=VECTOR('',#4676,1.0);
#4678=LINE('',#4675,#4677);
#4679=EDGE_CURVE('no 25214',#4668,#3941,#4678,.T.);
#4680=ORIENTED_EDGE('no 25216',*,*,#4679,.T.);
#4681=ORIENTED_EDGE('no 25217',*,*,#3946,.F.);
#4682=EDGE_LOOP('',(#4674,#4680,#4681));
#4683=FACE_OUTER_BOUND('',#4682,.T.);
#4684=CARTESIAN_POINT('',(0.0746275,0.0819948,0.013));
#4685=DIRECTION('',(0.0,0.0,-1.0));
#4686=DIRECTION('',(0.9909499344,0.1342319911,0.0));
#4687=AXIS2_PLACEMENT_3D('',#4684,#4685,#4686);
#4688=PLANE('',#4687);
#4689=ADVANCED_FACE('no 25225',(#4683),#4688,.T.);
#4690=CARTESIAN_POINT('',(0.0783128,0.0589948,0.013));
#4691=VERTEX_POINT('',#4690);
#4692=CARTESIAN_POINT('',(0.0783128,0.0819948,0.016));
#4693=DIRECTION('',(0.0,-0.9916004112,-0.1293391841));
#4694=VECTOR('',#4693,1.0);
#4695=LINE('',#4692,#4694);
#4696=EDGE_CURVE('no 6983',#3350,#4691,#4695,.T.);
#4697=ORIENTED_EDGE('no 7013',*,*,#4696,.F.);
#4698=ORIENTED_EDGE('no 7014',*,*,#3952,.F.);
#4699=CARTESIAN_POINT('',(0.0783128,0.0819948,0.013));
#4700=DIRECTION('',(0.0,-1.0,0.0));
#4701=VECTOR('',#4700,1.0);
#4702=LINE('',#4699,#4701);
#4703=EDGE_CURVE('no 7012',#3941,#4691,#4702,.T.);
#4704=ORIENTED_EDGE('no 7015',*,*,#4703,.T.);
#4705=EDGE_LOOP('',(#4697,#4698,#4704));
#4706=FACE_OUTER_BOUND('',#4705,.T.);
#4707=CARTESIAN_POINT('',(0.0783128,0.0589948,0.013));
#4708=DIRECTION('',(-1.0,0.0,0.0));
#4709=DIRECTION('',(0.0,0.9916004279,0.1293390558));
#4710=AXIS2_PLACEMENT_3D('',#4707,#4708,#4709);
#4711=PLANE('',#4710);
#4712=ADVANCED_FACE('no 7023',(#4706),#4711,.T.);
#4713=ORIENTED_EDGE('no 6961',*,*,#3969,.F.);
#4714=CARTESIAN_POINT('',(0.0553128,0.0819948,0.016));
#4715=VERTEX_POINT('',#4714);
#4716=CARTESIAN_POINT('',(0.0553128,0.0819948,0.016));
#4717=DIRECTION('',(1.0,0.0,0.0));
#4718=VECTOR('',#4717,1.0);
#4719=LINE('',#4716,#4718);
#4720=EDGE_CURVE('no 1901',#4715,#3350,#4719,.T.);
#4721=ORIENTED_EDGE('no 6962',*,*,#4720,.F.);
#4722=CARTESIAN_POINT('',(0.0553128,0.0819948,0.013));
#4723=DIRECTION('',(0.0,0.0,1.0));
#4724=VECTOR('',#4723,1.0);
#4725=LINE('',#4722,#4724);
#4726=EDGE_CURVE('no 6850',#3964,#4715,#4725,.T.);
#4727=ORIENTED_EDGE('no 6963',*,*,#4726,.F.);
#4728=EDGE_LOOP('',(#4713,#4721,#4727));
#4729=FACE_OUTER_BOUND('',#4728,.T.);
#4730=CARTESIAN_POINT('',(0.0553128,0.0819948,0.013));
#4731=DIRECTION('',(0.0,-1.0,0.0));
#4732=DIRECTION('',(0.9916004279,0.0,0.1293390558));
#4733=AXIS2_PLACEMENT_3D('',#4730,#4731,#4732);
#4734=PLANE('',#4733);
#4735=ADVANCED_FACE('no 6971',(#4729),#4734,.T.);
#4736=CARTESIAN_POINT('',(0.0586275,0.0919948,0.013));
#4737=VERTEX_POINT('',#4736);
#4738=CARTESIAN_POINT('',(0.0586275,0.0919948,0.013));
#4739=DIRECTION('',(-0.3146354914,-0.9492125724,0.0));
#4740=VECTOR('',#4739,1.0);
#4741=LINE('',#4738,#4740);
#4742=EDGE_CURVE('no 25283',#4737,#3964,#4741,.T.);
#4743=ORIENTED_EDGE('no 25307',*,*,#4742,.F.);
#4744=CARTESIAN_POINT('',(0.0586275,0.0919948,0.013));
#4745=DIRECTION('',(0.0,-1.0,0.0));
#4746=VECTOR('',#4745,1.0);
#4747=LINE('',#4744,#4746);
#4748=EDGE_CURVE('no 25306',#4737,#2346,#4747,.T.);
#4749=ORIENTED_EDGE('no 25308',*,*,#4748,.T.);
#4750=ORIENTED_EDGE('no 25309',*,*,#3975,.F.);
#4751=EDGE_LOOP('',(#4743,#4749,#4750));
#4752=FACE_OUTER_BOUND('',#4751,.T.);
#4753=CARTESIAN_POINT('',(0.0553128,0.0819948,0.013));
#4754=DIRECTION('',(0.0,0.0,-1.0));
#4755=DIRECTION('',(0.3146349209,0.9492127615,0.0));
#4756=AXIS2_PLACEMENT_3D('',#4753,#4754,#4755);
#4757=PLANE('',#4756);
#4758=ADVANCED_FACE('no 25317',(#4752),#4757,.T.);
#4759=CARTESIAN_POINT('',(0.0506514,0.0112253,0.013));
#4760=VERTEX_POINT('',#4759);
#4761=CARTESIAN_POINT('',(0.0506514,0.0819948,0.0));
#4762=DIRECTION('',(0.0,-0.9835433912,0.1806720719));
#4763=VECTOR('',#4762,1.0);
#4764=LINE('',#4761,#4763);
#4765=EDGE_CURVE('no 17890',#3988,#4760,#4764,.T.);
#4766=ORIENTED_EDGE('no 17920',*,*,#4765,.F.);
#4767=ORIENTED_EDGE('no 17921',*,*,#3993,.T.);
#4768=CARTESIAN_POINT('',(0.0506514,0.0819948,0.013));
#4769=DIRECTION('',(0.0,-1.0,0.0));
#4770=VECTOR('',#4769,1.0);
#4771=LINE('',#4768,#4770);
#4772=EDGE_CURVE('no 17919',#3373,#4760,#4771,.T.);
#4773=ORIENTED_EDGE('no 17922',*,*,#4772,.T.);
#4774=EDGE_LOOP('',(#4766,#4767,#4773));
#4775=FACE_OUTER_BOUND('',#4774,.T.);
#4776=CARTESIAN_POINT('',(0.0506514,0.0112253,0.013));
#4777=DIRECTION('',(1.0,-0.0,0.0));
#4778=DIRECTION('',(0.0,0.9835433912,-0.1806720719));
#4779=AXIS2_PLACEMENT_3D('',#4776,#4777,#4778);
#4780=PLANE('',#4779);
#4781=ADVANCED_FACE('no 17930',(#4775),#4780,.T.);
#4782=ORIENTED_EDGE('no 24973',*,*,#4007,.T.);
#4783=ORIENTED_EDGE('no 24974',*,*,#4061,.T.);
#4784=CARTESIAN_POINT('',(0.0746275,0.0909948,0.013));
#4785=VERTEX_POINT('',#4784);
#4786=CARTESIAN_POINT('',(0.0746275,0.0919948,0.013));
#4787=DIRECTION('',(0.0,-1.0,0.0));
#4788=VECTOR('',#4787,1.0);
#4789=LINE('',#4786,#4788);
#4790=EDGE_CURVE('no 24551',#1349,#4785,#4789,.T.);
#4791=ORIENTED_EDGE('no 24975',*,*,#4790,.F.);
#4792=EDGE_LOOP('',(#4782,#4783,#4791));
#4793=FACE_OUTER_BOUND('',#4792,.T.);
#4794=CARTESIAN_POINT('',(0.0746275,0.0919948,0.013));
#4795=DIRECTION('',(-1.0,-0.0,0.0));
#4796=DIRECTION('',(0.0,-0.1414220562,-0.9899493937));
#4797=AXIS2_PLACEMENT_3D('',#4794,#4795,#4796);
#4798=PLANE('',#4797);
#4799=ADVANCED_FACE('no 24983',(#4793),#4798,.T.);
#4800=ORIENTED_EDGE('no 25019',*,*,#4015,.F.);
#4801=CARTESIAN_POINT('',(0.0746275,0.0920253,0.006));
#4802=DIRECTION('',(0.0,0.0,1.0));
#4803=VECTOR('',#4802,1.0);
#4804=LINE('',#4801,#4803);
#4805=EDGE_CURVE('no 24874',#3397,#4010,#4804,.T.);
#4806=ORIENTED_EDGE('no 25021',*,*,#4805,.F.);
#4807=EDGE_LOOP('',(#4800,#4806));
#4808=FACE_OUTER_BOUND('',#4807,.T.);
#4809=CARTESIAN_POINT('',(0.0746275,0.0920253,0.006));
#4810=DIRECTION('',(-1.0,0.0,0.0));
#4811=DIRECTION('',(0.0,-0.004348968,0.9999905432));
#4812=AXIS2_PLACEMENT_3D('',#4809,#4810,#4811);
#4813=PLANE('',#4812);
#4814=ADVANCED_FACE('no 25029',(#4808),#4813,.T.);
#4815=ORIENTED_EDGE('no 24829',*,*,#4032,.T.);
#4816=CARTESIAN_POINT('',(0.158451,0.0920253,0.013));
#4817=VERTEX_POINT('',#4816);
#4818=CARTESIAN_POINT('',(0.0746275,0.0920253,0.006));
#4819=DIRECTION('',(0.996531272,0.0,0.0832191319));
#4820=VECTOR('',#4819,1.0);
#4821=LINE('',#4818,#4820);
#4822=EDGE_CURVE('no 24828',#3397,#4817,#4821,.T.);
#4823=ORIENTED_EDGE('no 24830',*,*,#4822,.T.);
#4824=CARTESIAN_POINT('',(0.158451,0.0920253,0.0));
#4825=DIRECTION('',(0.0,0.0,1.0));
#4826=VECTOR('',#4825,1.0);
#4827=LINE('',#4824,#4826);
#4828=EDGE_CURVE('no 11486',#4027,#4817,#4827,.T.);
#4829=ORIENTED_EDGE('no 24831',*,*,#4828,.F.);
#4830=EDGE_LOOP('',(#4815,#4823,#4829));
#4831=FACE_OUTER_BOUND('',#4830,.T.);
#4832=CARTESIAN_POINT('',(0.158451,0.0920253,0.0));
#4833=DIRECTION('',(0.0,1.0,-0.0));
#4834=DIRECTION('',(-0.9974480491,0.0,0.0713960035));
#4835=AXIS2_PLACEMENT_3D('',#4832,#4833,#4834);
#4836=PLANE('',#4835);
#4837=ADVANCED_FACE('no 24839',(#4831),#4836,.T.);
#4838=ORIENTED_EDGE('no 24748',*,*,#4076,.T.);
#4839=ORIENTED_EDGE('no 24749',*,*,#4038,.T.);
#4840=CARTESIAN_POINT('',(0.0406514,0.0920253,0.0));
#4841=DIRECTION('',(1.0,0.0,0.0));
#4842=VECTOR('',#4841,1.0);
#4843=LINE('',#4840,#4842);
#4844=EDGE_CURVE('no 12837',#3241,#4027,#4843,.T.);
#4845=ORIENTED_EDGE('no 24750',*,*,#4844,.F.);
#4846=EDGE_LOOP('',(#4838,#4839,#4845));
#4847=FACE_OUTER_BOUND('',#4846,.T.);
#4848=CARTESIAN_POINT('',(0.0406514,0.0920253,0.0));
#4849=DIRECTION('',(-0.0,1.0,0.0));
#4850=DIRECTION('',(0.9485571226,0.0,0.3166060409));
#4851=AXIS2_PLACEMENT_3D('',#4848,#4849,#4850);
#4852=PLANE('',#4851);
#4853=ADVANCED_FACE('no 24758',(#4847),#4852,.T.);
#4854=ORIENTED_EDGE('no 25630',*,*,#4055,.T.);
#4855=CARTESIAN_POINT('',(0.0746275,0.0819948,0.013));
#4856=VERTEX_POINT('',#4855);
#4857=CARTESIAN_POINT('',(0.0746275,0.0819948,0.013));
#4858=DIRECTION('',(0.0,0.0,-1.0));
#4859=VECTOR('',#4858,1.0);
#4860=LINE('',#4857,#4859);
#4861=EDGE_CURVE('no 25387',#4856,#2875,#4860,.T.);
#4862=ORIENTED_EDGE('no 25631',*,*,#4861,.F.);
#4863=CARTESIAN_POINT('',(0.0746275,0.0819948,0.013));
#4864=DIRECTION('',(0.0,1.0,0.0));
#4865=VECTOR('',#4864,1.0);
#4866=LINE('',#4863,#4865);
#4867=EDGE_CURVE('no 25191',#4856,#4050,#4866,.T.);
#4868=ORIENTED_EDGE('no 25632',*,*,#4867,.T.);
#4869=EDGE_LOOP('',(#4854,#4862,#4868));
#4870=FACE_OUTER_BOUND('',#4869,.T.);
#4871=CARTESIAN_POINT('',(0.0746275,0.0909948,0.013));
#4872=DIRECTION('',(-1.0,-0.0,0.0));
#4873=DIRECTION('',(0.0,-0.7893524328,-0.6139403366));
#4874=AXIS2_PLACEMENT_3D('',#4871,#4872,#4873);
#4875=PLANE('',#4874);
#4876=ADVANCED_FACE('no 25640',(#4870),#4875,.T.);
#4877=CARTESIAN_POINT('',(0.0406514,0.00122528,0.0));
#4878=VERTEX_POINT('',#4877);
#4879=CARTESIAN_POINT('',(0.0406514,0.0919948,0.013));
#4880=DIRECTION('',(0.0,-0.9898991605,-0.1417732416));
#4881=VECTOR('',#4880,1.0);
#4882=LINE('',#4879,#4881);
#4883=EDGE_CURVE('no 12101',#4079,#4878,#4882,.T.);
#4884=ORIENTED_EDGE('no 12131',*,*,#4883,.F.);
#4885=ORIENTED_EDGE('no 12132',*,*,#4084,.T.);
#4886=CARTESIAN_POINT('',(0.0406514,0.0920253,0.0));
#4887=DIRECTION('',(0.0,-1.0,0.0));
#4888=VECTOR('',#4887,1.0);
#4889=LINE('',#4886,#4888);
#4890=EDGE_CURVE('no 12130',#3241,#4878,#4889,.T.);
#4891=ORIENTED_EDGE('no 12133',*,*,#4890,.T.);
#4892=EDGE_LOOP('',(#4884,#4885,#4891));
#4893=FACE_OUTER_BOUND('',#4892,.T.);
#4894=CARTESIAN_POINT('',(0.0406514,0.00122528,0.0));
#4895=DIRECTION('',(-1.0,0.0,0.0));
#4896=DIRECTION('',(0.0,0.9898991912,0.1417730274));
#4897=AXIS2_PLACEMENT_3D('',#4894,#4895,#4896);
#4898=PLANE('',#4897);
#4899=ADVANCED_FACE('no 12141',(#4893),#4898,.T.);
#4900=ORIENTED_EDGE('no 25330',*,*,#4124,.T.);
#4901=CARTESIAN_POINT('',(0.148451,0.0819948,0.0));
#4902=VERTEX_POINT('',#4901);
#4903=CARTESIAN_POINT('',(0.148451,0.0819948,0.0));
#4904=DIRECTION('',(-1.0,0.0,0.0));
#4905=VECTOR('',#4904,1.0);
#4906=LINE('',#4903,#4905);
#4907=EDGE_CURVE('no 13208',#4902,#3458,#4906,.T.);
#4908=ORIENTED_EDGE('no 25331',*,*,#4907,.F.);
#4909=CARTESIAN_POINT('',(0.148451,0.0819948,0.013));
#4910=DIRECTION('',(0.0,0.0,-1.0));
#4911=VECTOR('',#4910,1.0);
#4912=LINE('',#4909,#4911);
#4913=EDGE_CURVE('no 17815',#4119,#4902,#4912,.T.);
#4914=ORIENTED_EDGE('no 25332',*,*,#4913,.F.);
#4915=EDGE_LOOP('',(#4900,#4908,#4914));
#4916=FACE_OUTER_BOUND('',#4915,.T.);
#4917=CARTESIAN_POINT('',(0.148451,0.0819948,0.013));
#4918=DIRECTION('',(0.0,-1.0,-0.0));
#4919=DIRECTION('',(-0.9912809821,0.0,-0.1317649976));
#4920=AXIS2_PLACEMENT_3D('',#4917,#4918,#4919);
#4921=PLANE('',#4920);
#4922=ADVANCED_FACE('no 25340',(#4916),#4921,.T.);
#4923=ORIENTED_EDGE('no 25388',*,*,#4130,.F.);
#4924=CARTESIAN_POINT('',(0.148451,0.0819948,0.013));
#4925=DIRECTION('',(-1.0,0.0,0.0));
#4926=VECTOR('',#4925,1.0);
#4927=LINE('',#4924,#4926);
#4928=EDGE_CURVE('no 25381',#4119,#2799,#4927,.T.);
#4929=ORIENTED_EDGE('no 25389',*,*,#4928,.T.);
#4930=ORIENTED_EDGE('no 25390',*,*,#4861,.T.);
#4931=EDGE_LOOP('',(#4923,#4929,#4930));
#4932=FACE_OUTER_BOUND('',#4931,.T.);
#4933=CARTESIAN_POINT('',(0.0746275,0.0819948,0.006));
#4934=DIRECTION('',(0.0,-1.0,0.0));
#4935=DIRECTION('',(0.9955346555,0.0,0.0943967673));
#4936=AXIS2_PLACEMENT_3D('',#4933,#4934,#4935);
#4937=PLANE('',#4936);
#4938=ADVANCED_FACE('no 25398',(#4932),#4937,.T.);
#4939=CARTESIAN_POINT('',(0.152209,0.00435092,0.013));
#4940=VERTEX_POINT('',#4939);
#4941=CARTESIAN_POINT('',(0.152209,0.00435092,0.013));
#4942=DIRECTION('',(-0.9977169105,0.0675349277,0.0));
#4943=VECTOR('',#4942,1.0);
#4944=LINE('',#4941,#4943);
#4945=EDGE_CURVE('no 22758',#4940,#4142,#4944,.T.);
#4946=ORIENTED_EDGE('no 22761',*,*,#4945,.F.);
#4947=CARTESIAN_POINT('',(0.1583966936,0.0012011045,0.013));
#4948=DIRECTION('',(-0.8911795984,0.4536506624,0.0));
#4949=VECTOR('',#4948,1.0);
#4950=LINE('',#4947,#4949);
#4951=EDGE_CURVE('no 22752',#419,#4940,#4950,.T.);
#4952=ORIENTED_EDGE('no 22760',*,*,#4951,.F.);
#4953=ORIENTED_EDGE('no 22759',*,*,#4153,.T.);
#4954=EDGE_LOOP('',(#4946,#4952,#4953));
#4955=FACE_OUTER_BOUND('',#4954,.T.);
#4956=CARTESIAN_POINT('',(0.0506514,0.0112253,0.013));
#4957=DIRECTION('',(0.0,0.0,1.0));
#4958=DIRECTION('',(0.9957216199,-0.0924037647,0.0));
#4959=AXIS2_PLACEMENT_3D('',#4956,#4957,#4958);
#4960=PLANE('',#4959);
#4961=ADVANCED_FACE('no 22769',(#4955),#4960,.F.);
#4962=CARTESIAN_POINT('',(0.0478091,0.0869948,0.013));
#4963=VERTEX_POINT('',#4962);
#4964=CARTESIAN_POINT('',(0.0478091,0.00619484,0.013));
#4965=DIRECTION('',(0.0,1.0,0.0));
#4966=VECTOR('',#4965,1.0);
#4967=LINE('',#4964,#4966);
#4968=EDGE_CURVE('no 22251',#3481,#4963,#4967,.T.);
#4969=ORIENTED_EDGE('no 22732',*,*,#4968,.T.);
#4970=CARTESIAN_POINT('',(0.0478091,0.0869948,0.013));
#4971=DIRECTION('',(0.0374860899,-0.9992971495,0.0));
#4972=VECTOR('',#4971,1.0);
#4973=LINE('',#4970,#4972);
#4974=EDGE_CURVE('no 21530',#4963,#4142,#4973,.T.);
#4975=ORIENTED_EDGE('no 22731',*,*,#4974,.T.);
#4976=ORIENTED_EDGE('no 22730',*,*,#4147,.T.);
#4977=EDGE_LOOP('',(#4969,#4975,#4976));
#4978=FACE_OUTER_BOUND('',#4977,.T.);
#4979=CARTESIAN_POINT('',(0.0478091,0.00619484,0.013));
#4980=DIRECTION('',(0.0,-0.0,1.0));
#4981=DIRECTION('',(0.4919260061,0.8706370108,0.0));
#4982=AXIS2_PLACEMENT_3D('',#4979,#4980,#4981);
#4983=PLANE('',#4982);
#4984=ADVANCED_FACE('no 22740',(#4978),#4983,.F.);
#4985=ORIENTED_EDGE('no 1769',*,*,#4177,.F.);
#4986=CARTESIAN_POINT('',(0.0477341,0.0875642,0.016));
#4987=DIRECTION('',(0.1305269683,-0.9914447592,0.0));
#4988=VECTOR('',#4987,1.0);
#4989=LINE('',#4986,#4988);
#4990=EDGE_CURVE('no 1762',#4166,#3737,#4989,.T.);
#4991=ORIENTED_EDGE('no 1770',*,*,#4990,.T.);
#4992=CARTESIAN_POINT('',(0.0478091,0.0869948,0.016));
#4993=DIRECTION('',(0.9989796815,0.0451618856,0.0));
#4994=VECTOR('',#4993,1.0);
#4995=LINE('',#4992,#4994);
#4996=EDGE_CURVE('no 1768',#3737,#692,#4995,.T.);
#4997=ORIENTED_EDGE('no 1771',*,*,#4996,.T.);
#4998=EDGE_LOOP('',(#4985,#4991,#4997));
#4999=FACE_OUTER_BOUND('',#4998,.T.);
#5000=CARTESIAN_POINT('',(0.158409,0.0919948,0.016));
#5001=DIRECTION('',(0.0,0.0,1.0));
#5002=DIRECTION('',(-0.9991996603,-0.0400004864,0.0));
#5003=AXIS2_PLACEMENT_3D('',#5000,#5001,#5002);
#5004=PLANE('',#5003);
#5005=ADVANCED_FACE('no 1779',(#4999),#5004,.T.);
#5006=CARTESIAN_POINT('',(0.152309,0.0889001,0.016));
#5007=VERTEX_POINT('',#5006);
#5008=CARTESIAN_POINT('',(0.152309,0.0889001,0.016));
#5009=DIRECTION('',(0.8917948771,0.4524399376,0.0));
#5010=VECTOR('',#5009,1.0);
#5011=LINE('',#5008,#5010);
#5012=EDGE_CURVE('no 2133',#5007,#692,#5011,.T.);
#5013=ORIENTED_EDGE('no 2360',*,*,#5012,.F.);
#5014=CARTESIAN_POINT('',(0.152309,0.0889001,0.016));
#5015=DIRECTION('',(0.9238780467,0.3826870194,0.0));
#5016=VECTOR('',#5015,1.0);
#5017=LINE('',#5014,#5016);
#5018=EDGE_CURVE('no 2353',#5007,#4188,#5017,.T.);
#5019=ORIENTED_EDGE('no 2361',*,*,#5018,.T.);
#5020=ORIENTED_EDGE('no 2362',*,*,#4193,.T.);
#5021=EDGE_LOOP('',(#5013,#5019,#5020));
#5022=FACE_OUTER_BOUND('',#5021,.T.);
#5023=CARTESIAN_POINT('',(0.158409,0.0919948,0.016));
#5024=DIRECTION('',(0.0,0.0,1.0));
#5025=DIRECTION('',(-0.8917948771,-0.4524399376,0.0));
#5026=AXIS2_PLACEMENT_3D('',#5023,#5024,#5025);
#5027=PLANE('',#5026);
#5028=ADVANCED_FACE('no 2370',(#5022),#5027,.T.);
#5029=CARTESIAN_POINT('',(0.152727,0.00410317,0.016));
#5030=VERTEX_POINT('',#5029);
#5031=CARTESIAN_POINT('',(0.158409,0.00119484,0.016));
#5032=DIRECTION('',(-0.8901680925,0.4556322718,0.0));
#5033=VECTOR('',#5032,1.0);
#5034=LINE('',#5031,#5033);
#5035=EDGE_CURVE('no 1124',#234,#5030,#5034,.T.);
#5036=ORIENTED_EDGE('no 1160',*,*,#5035,.F.);
#5037=ORIENTED_EDGE('no 1161',*,*,#4216,.T.);
#5038=CARTESIAN_POINT('',(0.153292,0.00399796,0.016));
#5039=DIRECTION('',(-0.9831007124,0.1830655327,0.0));
#5040=VECTOR('',#5039,1.0);
#5041=LINE('',#5038,#5040);
#5042=EDGE_CURVE('no 1159',#4211,#5030,#5041,.T.);
#5043=ORIENTED_EDGE('no 1162',*,*,#5042,.T.);
#5044=EDGE_LOOP('',(#5036,#5037,#5043));
#5045=FACE_OUTER_BOUND('',#5044,.T.);
#5046=CARTESIAN_POINT('',(0.152727,0.00410317,0.016));
#5047=DIRECTION('',(0.0,0.0,1.0));
#5048=DIRECTION('',(0.8901630896,-0.4556420459,0.0));
#5049=AXIS2_PLACEMENT_3D('',#5046,#5047,#5048);
#5050=PLANE('',#5049);
#5051=ADVANCED_FACE('no 1170',(#5045),#5050,.T.);
#5052=CARTESIAN_POINT('',(0.153864,0.00404247,0.013));
#5053=VERTEX_POINT('',#5052);
#5054=CARTESIAN_POINT('',(0.153292,0.00399796,0.016));
#5055=DIRECTION('',(0.1872727718,0.0145725718,-0.9821998519));
#5056=VECTOR('',#5055,1.0);
#5057=LINE('',#5054,#5056);
#5058=EDGE_CURVE('no 9174',#4211,#5053,#5057,.T.);
#5059=ORIENTED_EDGE('no 9198',*,*,#5058,.F.);
#5060=ORIENTED_EDGE('no 9199',*,*,#4223,.F.);
#5061=CARTESIAN_POINT('',(0.153864,0.00404247,0.013));
#5062=DIRECTION('',(0.0,0.0,1.0));
#5063=VECTOR('',#5062,1.0);
#5064=LINE('',#5061,#5063);
#5065=EDGE_CURVE('no 9070',#5053,#3550,#5064,.T.);
#5066=ORIENTED_EDGE('no 9200',*,*,#5065,.F.);
#5067=EDGE_LOOP('',(#5059,#5060,#5066));
#5068=FACE_OUTER_BOUND('',#5067,.T.);
#5069=CARTESIAN_POINT('',(0.153864,0.00404247,0.013));
#5070=DIRECTION('',(-0.0774927905,0.9969929124,-0.0000000138));
#5071=DIRECTION('',(-0.1874600303,-0.0145706024,0.9821641587));
#5072=AXIS2_PLACEMENT_3D('',#5069,#5070,#5071);
#5073=PLANE('',#5072);
#5074=ADVANCED_FACE('no 9208',(#5068),#5073,.T.);
#5075=CARTESIAN_POINT('',(0.154021,0.00410024,0.013));
#5076=VERTEX_POINT('',#5075);
#5077=CARTESIAN_POINT('',(0.153864,0.00404247,0.016));
#5078=DIRECTION('',(0.0522521548,0.0192267961,-0.9984488182));
#5079=VECTOR('',#5078,1.0);
#5080=LINE('',#5077,#5079);
#5081=EDGE_CURVE('no 9058',#3550,#5076,#5080,.T.);
#5082=ORIENTED_EDGE('no 9100',*,*,#5081,.F.);
#5083=ORIENTED_EDGE('no 9101',*,*,#4239,.T.);
#5084=CARTESIAN_POINT('',(0.154406,0.00423365,0.013));
#5085=DIRECTION('',(-0.944924983,-0.3272869941,0.0));
#5086=VECTOR('',#5085,1.0);
#5087=LINE('',#5084,#5086);
#5088=EDGE_CURVE('no 9099',#4234,#5076,#5087,.T.);
#5089=ORIENTED_EDGE('no 9102',*,*,#5088,.T.);
#5090=EDGE_LOOP('',(#5082,#5083,#5089));
#5091=FACE_OUTER_BOUND('',#5090,.T.);
#5092=CARTESIAN_POINT('',(0.154021,0.00410024,0.013));
#5093=DIRECTION('',(-0.3272862,0.944924573,0.001137857));
#5094=DIRECTION('',(-0.0520439823,-0.0192283935,0.9984596601));
#5095=AXIS2_PLACEMENT_3D('',#5092,#5093,#5094);
#5096=PLANE('',#5095);
#5097=ADVANCED_FACE('no 9110',(#5091),#5096,.T.);
#5098=CARTESIAN_POINT('',(0.154502,0.00429964,0.013));
#5099=VERTEX_POINT('',#5098);
#5100=CARTESIAN_POINT('',(0.154406,0.00423365,0.016));
#5101=DIRECTION('',(0.0319759016,0.0219801015,-0.9992469249));
#5102=VECTOR('',#5101,1.0);
#5103=LINE('',#5100,#5102);
#5104=EDGE_CURVE('no 8919',#2967,#5099,#5103,.T.);
#5105=ORIENTED_EDGE('no 8932',*,*,#5104,.T.);
#5106=CARTESIAN_POINT('',(0.154406,0.00423365,0.013));
#5107=VERTEX_POINT('',#5106);
#5108=CARTESIAN_POINT('',(0.154502,0.00429964,0.013));
#5109=DIRECTION('',(-0.8246915774,-0.5655827102,0.0));
#5110=VECTOR('',#5109,1.0);
#5111=LINE('',#5108,#5110);
#5112=EDGE_CURVE('no 8925',#5099,#5107,#5111,.T.);
#5113=ORIENTED_EDGE('no 8933',*,*,#5112,.T.);
#5114=ORIENTED_EDGE('no 8934',*,*,#4246,.T.);
#5115=EDGE_LOOP('',(#5105,#5113,#5114));
#5116=FACE_OUTER_BOUND('',#5115,.T.);
#5117=CARTESIAN_POINT('',(0.154406,0.00423365,0.016));
#5118=DIRECTION('',(-0.5655827108,0.824691577,0.000000019));
#5119=DIRECTION('',(0.0320479885,0.0219788921,-0.9992446421));
#5120=AXIS2_PLACEMENT_3D('',#5117,#5118,#5119);
#5121=PLANE('',#5120);
#5122=ADVANCED_FACE('no 8942',(#5116),#5121,.T.);
#5123=ORIENTED_EDGE('no 8990',*,*,#5104,.F.);
#5124=ORIENTED_EDGE('no 8991',*,*,#4262,.T.);
#5125=CARTESIAN_POINT('',(0.154715,0.00444592,0.013));
#5126=DIRECTION('',(-0.8243263787,-0.5661148482,0.0));
#5127=VECTOR('',#5126,1.0);
#5128=LINE('',#5125,#5127);
#5129=EDGE_CURVE('no 8989',#4257,#5099,#5128,.T.);
#5130=ORIENTED_EDGE('no 8992',*,*,#5129,.T.);
#5131=EDGE_LOOP('',(#5123,#5124,#5130));
#5132=FACE_OUTER_BOUND('',#5131,.T.);
#5133=CARTESIAN_POINT('',(0.154551,0.00432002,0.013));
#5134=DIRECTION('',(-0.6087262489,0.7933523231,-0.0066667284));
#5135=DIRECTION('',(-0.0483965768,-0.0287439862,0.9984145204));
#5136=AXIS2_PLACEMENT_3D('',#5133,#5134,#5135);
#5137=PLANE('',#5136);
#5138=ADVANCED_FACE('no 9000',(#5132),#5137,.T.);
#5139=ORIENTED_EDGE('no 23747',*,*,#4292,.F.);
#5140=CARTESIAN_POINT('',(0.155534,0.0875642,0.013));
#5141=VERTEX_POINT('',#5140);
#5142=CARTESIAN_POINT('',(0.155534,0.0875642,0.013));
#5143=DIRECTION('',(0.1305080332,-0.9914472519,0.0));
#5144=VECTOR('',#5143,1.0);
#5145=LINE('',#5142,#5144);
#5146=EDGE_CURVE('no 23738',#5141,#3116,#5145,.T.);
#5147=ORIENTED_EDGE('no 23746',*,*,#5146,.F.);
#5148=CARTESIAN_POINT('',(0.158409,0.0919948,0.013));
#5149=VERTEX_POINT('',#5148);
#5150=CARTESIAN_POINT('',(0.155534,0.0875642,0.013));
#5151=DIRECTION('',(0.544331241,0.8388703714,0.0));
#5152=VECTOR('',#5151,1.0);
#5153=LINE('',#5150,#5152);
#5154=EDGE_CURVE('no 23715',#5141,#5149,#5153,.T.);
#5155=ORIENTED_EDGE('no 23745',*,*,#5154,.T.);
#5156=EDGE_LOOP('',(#5139,#5147,#5155));
#5157=FACE_OUTER_BOUND('',#5156,.T.);
#5158=CARTESIAN_POINT('',(0.158409,0.0919948,0.013));
#5159=DIRECTION('',(0.0,0.0,1.0));
#5160=DIRECTION('',(-0.544331241,-0.8388703714,0.0));
#5161=AXIS2_PLACEMENT_3D('',#5158,#5159,#5160);
#5162=PLANE('',#5161);
#5163=ADVANCED_FACE('no 23755',(#5157),#5162,.F.);
#5164=CARTESIAN_POINT('',(0.154715,0.00444592,0.013));
#5165=VERTEX_POINT('',#5164);
#5166=CARTESIAN_POINT('',(0.15488,0.00455849,0.013));
#5167=DIRECTION('',(-0.8246729056,-0.5656099352,0.0));
#5168=VECTOR('',#5167,1.0);
#5169=LINE('',#5166,#5168);
#5170=EDGE_CURVE('no 9018',#4303,#5165,#5169,.T.);
#5171=ORIENTED_EDGE('no 23181',*,*,#5170,.F.);
#5172=ORIENTED_EDGE('no 23180',*,*,#4315,.F.);
#5173=CARTESIAN_POINT('',(0.1583939033,0.0012081266,0.013));
#5174=DIRECTION('',(-0.7506772339,0.6606691233,0.0));
#5175=VECTOR('',#5174,1.0);
#5176=LINE('',#5173,#5175);
#5177=EDGE_CURVE('no 23155',#419,#5165,#5176,.T.);
#5178=ORIENTED_EDGE('no 23179',*,*,#5177,.T.);
#5179=EDGE_LOOP('',(#5171,#5172,#5178));
#5180=FACE_OUTER_BOUND('',#5179,.T.);
#5181=CARTESIAN_POINT('',(0.154715,0.00444592,0.013));
#5182=DIRECTION('',(-0.0,0.0,1.0));
#5183=DIRECTION('',(0.7537170597,-0.657199052,0.0));
#5184=AXIS2_PLACEMENT_3D('',#5181,#5182,#5183);
#5185=PLANE('',#5184);
#5186=ADVANCED_FACE('no 23189',(#5180),#5185,.F.);
#5187=CARTESIAN_POINT('',(0.154609,0.00803875,0.016));
#5188=VERTEX_POINT('',#5187);
#5189=CARTESIAN_POINT('',(0.154609,0.00803875,0.016));
#5190=DIRECTION('',(0.0045994078,0.9999894227,0.0));
#5191=VECTOR('',#5190,1.0);
#5192=LINE('',#5189,#5191);
#5193=EDGE_CURVE('no 3072',#5188,#4326,#5192,.T.);
#5194=ORIENTED_EDGE('no 3108',*,*,#5193,.F.);
#5195=CARTESIAN_POINT('',(0.154609,0.00803875,0.016));
#5196=DIRECTION('',(0.7595184579,-0.6504857509,0.0));
#5197=VECTOR('',#5196,1.0);
#5198=LINE('',#5195,#5197);
#5199=EDGE_CURVE('no 3101',#5188,#3644,#5198,.T.);
#5200=ORIENTED_EDGE('no 3109',*,*,#5199,.T.);
#5201=ORIENTED_EDGE('no 3110',*,*,#4331,.T.);
#5202=EDGE_LOOP('',(#5194,#5200,#5201));
#5203=FACE_OUTER_BOUND('',#5202,.T.);
#5204=CARTESIAN_POINT('',(0.154965,0.0854392,0.016));
#5205=DIRECTION('',(0.0,0.0,1.0));
#5206=DIRECTION('',(-0.004594832,-0.9999894437,0.0));
#5207=AXIS2_PLACEMENT_3D('',#5204,#5205,#5206);
#5208=PLANE('',#5207);
#5209=ADVANCED_FACE('no 3118',(#5203),#5208,.T.);
#5210=ORIENTED_EDGE('no 8579',*,*,#4352,.F.);
#5211=CARTESIAN_POINT('',(0.155045,0.00766534,0.013));
#5212=VERTEX_POINT('',#5211);
#5213=CARTESIAN_POINT('',(0.155045,0.00766534,0.013));
#5214=DIRECTION('',(0.0,0.0,1.0));
#5215=VECTOR('',#5214,1.0);
#5216=LINE('',#5213,#5215);
#5217=EDGE_CURVE('no 8509',#5212,#3644,#5216,.T.);
#5218=ORIENTED_EDGE('no 8580',*,*,#5217,.F.);
#5219=CARTESIAN_POINT('',(0.155045,0.00766534,0.013));
#5220=DIRECTION('',(0.565617028,-0.8246680409,0.0));
#5221=VECTOR('',#5220,1.0);
#5222=LINE('',#5219,#5221);
#5223=EDGE_CURVE('no 8578',#5212,#3668,#5222,.T.);
#5224=ORIENTED_EDGE('no 8581',*,*,#5223,.T.);
#5225=EDGE_LOOP('',(#5210,#5218,#5224));
#5226=FACE_OUTER_BOUND('',#5225,.T.);
#5227=CARTESIAN_POINT('',(0.15537,0.00719172,0.013));
#5228=DIRECTION('',(-0.8246681009,-0.5656169405,0.0000005545));
#5229=DIRECTION('',(-0.1063500139,0.1550590202,0.9821641282));
#5230=AXIS2_PLACEMENT_3D('',#5227,#5228,#5229);
#5231=PLANE('',#5230);
#5232=ADVANCED_FACE('no 8589',(#5226),#5231,.T.);
#5233=CARTESIAN_POINT('',(0.155314,0.0858948,0.013));
#5234=VERTEX_POINT('',#5233);
#5235=CARTESIAN_POINT('',(0.155534,0.0864254,0.013));
#5236=DIRECTION('',(-0.3830077761,-0.9237451182,0.0));
#5237=VECTOR('',#5236,1.0);
#5238=LINE('',#5235,#5237);
#5239=EDGE_CURVE('no 24424',#3690,#5234,#5238,.T.);
#5240=ORIENTED_EDGE('no 24427',*,*,#5239,.F.);
#5241=ORIENTED_EDGE('no 24426',*,*,#4370,.F.);
#5242=CARTESIAN_POINT('',(0.15537,0.00719172,0.013));
#5243=DIRECTION('',(-0.0007115349,0.9999997469,0.0));
#5244=VECTOR('',#5243,1.0);
#5245=LINE('',#5242,#5244);
#5246=EDGE_CURVE('no 24395',#3668,#5234,#5245,.T.);
#5247=ORIENTED_EDGE('no 24425',*,*,#5246,.T.);
#5248=EDGE_LOOP('',(#5240,#5241,#5247));
#5249=FACE_OUTER_BOUND('',#5248,.T.);
#5250=CARTESIAN_POINT('',(0.155314,0.0858948,0.013));
#5251=DIRECTION('',(-0.0,0.0,1.0));
#5252=DIRECTION('',(0.0007105698,-0.9999997475,0.0));
#5253=AXIS2_PLACEMENT_3D('',#5250,#5251,#5252);
#5254=PLANE('',#5253);
#5255=ADVANCED_FACE('no 24435',(#5249),#5254,.F.);
#5256=ORIENTED_EDGE('no 580',*,*,#4387,.F.);
#5257=CARTESIAN_POINT('',(0.101659,0.0171707,0.016));
#5258=VERTEX_POINT('',#5257);
#5259=CARTESIAN_POINT('',(0.158409,0.00119484,0.016));
#5260=DIRECTION('',(-0.9625849418,0.2709801281,0.0));
#5261=VECTOR('',#5260,1.0);
#5262=LINE('',#5259,#5261);
#5263=EDGE_CURVE('no 573',#234,#5258,#5262,.T.);
#5264=ORIENTED_EDGE('no 581',*,*,#5263,.T.);
#5265=CARTESIAN_POINT('',(0.101659,0.0171707,0.016));
#5266=DIRECTION('',(-1.0,0.0,0.0));
#5267=VECTOR('',#5266,1.0);
#5268=LINE('',#5265,#5267);
#5269=EDGE_CURVE('no 579',#5258,#4382,#5268,.T.);
#5270=ORIENTED_EDGE('no 582',*,*,#5269,.T.);
#5271=EDGE_LOOP('',(#5256,#5264,#5270));
#5272=FACE_OUTER_BOUND('',#5271,.T.);
#5273=CARTESIAN_POINT('',(0.0846593,0.0171707,0.016));
#5274=DIRECTION('',(-0.0,0.0,1.0));
#5275=DIRECTION('',(0.9773320933,-0.2117120202,0.0));
#5276=AXIS2_PLACEMENT_3D('',#5273,#5274,#5275);
#5277=PLANE('',#5276);
#5278=ADVANCED_FACE('no 590',(#5272),#5277,.T.);
#5279=ORIENTED_EDGE('no 551',*,*,#4393,.F.);
#5280=CARTESIAN_POINT('',(0.0790074,0.0370378,0.016));
#5281=VERTEX_POINT('',#5280);
#5282=CARTESIAN_POINT('',(0.0846593,0.0171707,0.016));
#5283=DIRECTION('',(-0.2736278942,0.9618356281,0.0));
#5284=VECTOR('',#5283,1.0);
#5285=LINE('',#5282,#5284);
#5286=EDGE_CURVE('no 544',#4382,#5281,#5285,.T.);
#5287=ORIENTED_EDGE('no 552',*,*,#5286,.T.);
#5288=CARTESIAN_POINT('',(0.0790074,0.0370378,0.016));
#5289=DIRECTION('',(0.0,-1.0,0.0));
#5290=VECTOR('',#5289,1.0);
#5291=LINE('',#5288,#5290);
#5292=EDGE_CURVE('no 550',#5281,#3714,#5291,.T.);
#5293=ORIENTED_EDGE('no 553',*,*,#5292,.T.);
#5294=EDGE_LOOP('',(#5279,#5287,#5293));
#5295=FACE_OUTER_BOUND('',#5294,.T.);
#5296=CARTESIAN_POINT('',(0.0790074,0.0180378,0.016));
#5297=DIRECTION('',(-0.0,0.0,1.0));
#5298=DIRECTION('',(0.9884342497,-0.1516500383,0.0));
#5299=AXIS2_PLACEMENT_3D('',#5296,#5297,#5298);
#5300=PLANE('',#5299);
#5301=ADVANCED_FACE('no 561',(#5295),#5300,.T.);
#5302=ORIENTED_EDGE('no 5430',*,*,#4409,.T.);
#5303=CARTESIAN_POINT('',(0.0540074,0.0180378,0.013));
#5304=VERTEX_POINT('',#5303);
#5305=CARTESIAN_POINT('',(0.0790074,0.0180378,0.013));
#5306=DIRECTION('',(-1.0,0.0,0.0));
#5307=VECTOR('',#5306,1.0);
#5308=LINE('',#5305,#5307);
#5309=EDGE_CURVE('no 5423',#4404,#5304,#5308,.T.);
#5310=ORIENTED_EDGE('no 5431',*,*,#5309,.T.);
#5311=CARTESIAN_POINT('',(0.0540074,0.0180378,0.013));
#5312=DIRECTION('',(0.0,0.0,1.0));
#5313=VECTOR('',#5312,1.0);
#5314=LINE('',#5311,#5313);
#5315=EDGE_CURVE('no 5429',#5304,#3140,#5314,.T.);
#5316=ORIENTED_EDGE('no 5432',*,*,#5315,.T.);
#5317=EDGE_LOOP('',(#5302,#5310,#5316));
#5318=FACE_OUTER_BOUND('',#5317,.T.);
#5319=CARTESIAN_POINT('',(0.0540074,0.0180378,0.016));
#5320=DIRECTION('',(0.0,1.0,0.0));
#5321=DIRECTION('',(0.9928768669,0.0,-0.119144984));
#5322=AXIS2_PLACEMENT_3D('',#5319,#5320,#5321);
#5323=PLANE('',#5322);
#5324=ADVANCED_FACE('no 5440',(#5318),#5323,.T.);
#5325=CARTESIAN_POINT('',(0.0790074,0.0370378,0.016));
#5326=DIRECTION('',(0.0,-0.9877629653,-0.1559625735));
#5327=VECTOR('',#5326,1.0);
#5328=LINE('',#5325,#5327);
#5329=EDGE_CURVE('no 5359',#5281,#4404,#5328,.T.);
#5330=ORIENTED_EDGE('no 5366',*,*,#5329,.T.);
#5331=ORIENTED_EDGE('no 5367',*,*,#4416,.T.);
#5332=ORIENTED_EDGE('no 5368',*,*,#5292,.F.);
#5333=EDGE_LOOP('',(#5330,#5331,#5332));
#5334=FACE_OUTER_BOUND('',#5333,.T.);
#5335=CARTESIAN_POINT('',(0.0790074,0.0370378,0.016));
#5336=DIRECTION('',(-1.0,-0.0,0.0));
#5337=DIRECTION('',(0.0,-0.9877629005,-0.1559629843));
#5338=AXIS2_PLACEMENT_3D('',#5335,#5336,#5337);
#5339=PLANE('',#5338);
#5340=ADVANCED_FACE('no 5376',(#5334),#5339,.T.);
#5341=CARTESIAN_POINT('',(0.0478091,0.0869948,0.016));
#5342=DIRECTION('',(0.8321765804,-0.5545107204,0.0));
#5343=VECTOR('',#5342,1.0);
#5344=LINE('',#5341,#5343);
#5345=EDGE_CURVE('no 1791',#3737,#4715,#5344,.T.);
#5346=ORIENTED_EDGE('no 1827',*,*,#5345,.F.);
#5347=ORIENTED_EDGE('no 1828',*,*,#4432,.T.);
#5348=CARTESIAN_POINT('',(0.0540074,0.0370378,0.016));
#5349=DIRECTION('',(0.0290245912,0.9995786978,0.0));
#5350=VECTOR('',#5349,1.0);
#5351=LINE('',#5348,#5350);
#5352=EDGE_CURVE('no 1826',#4427,#4715,#5351,.T.);
#5353=ORIENTED_EDGE('no 1829',*,*,#5352,.T.);
#5354=EDGE_LOOP('',(#5346,#5347,#5353));
#5355=FACE_OUTER_BOUND('',#5354,.T.);
#5356=CARTESIAN_POINT('',(0.0553128,0.0819948,0.016));
#5357=DIRECTION('',(0.0,0.0,1.0));
#5358=DIRECTION('',(-0.8321765804,0.5545107204,0.0));
#5359=AXIS2_PLACEMENT_3D('',#5356,#5357,#5358);
#5360=PLANE('',#5359);
#5361=ADVANCED_FACE('no 1837',(#5355),#5360,.T.);
#5362=CARTESIAN_POINT('',(0.0540074,0.0370378,0.013));
#5363=VERTEX_POINT('',#5362);
#5364=CARTESIAN_POINT('',(0.0540074,0.0370378,0.013));
#5365=DIRECTION('',(0.0,-0.9877629653,0.1559625735));
#5366=VECTOR('',#5365,1.0);
#5367=LINE('',#5364,#5366);
#5368=EDGE_CURVE('no 5469',#5363,#3140,#5367,.T.);
#5369=ORIENTED_EDGE('no 5499',*,*,#5368,.F.);
#5370=CARTESIAN_POINT('',(0.0540074,0.0370378,0.013));
#5371=DIRECTION('',(0.0,0.0,1.0));
#5372=VECTOR('',#5371,1.0);
#5373=LINE('',#5370,#5372);
#5374=EDGE_CURVE('no 5498',#5363,#4427,#5373,.T.);
#5375=ORIENTED_EDGE('no 5500',*,*,#5374,.T.);
#5376=ORIENTED_EDGE('no 5501',*,*,#4439,.F.);
#5377=EDGE_LOOP('',(#5369,#5375,#5376));
#5378=FACE_OUTER_BOUND('',#5377,.T.);
#5379=CARTESIAN_POINT('',(0.0540074,0.0180378,0.016));
#5380=DIRECTION('',(1.0,-0.0,0.0));
#5381=DIRECTION('',(0.0,0.9877629005,-0.1559629843));
#5382=AXIS2_PLACEMENT_3D('',#5379,#5380,#5381);
#5383=PLANE('',#5382);
#5384=ADVANCED_FACE('no 5509',(#5378),#5383,.T.);
#5385=CARTESIAN_POINT('',(0.0477341,0.00676424,0.016));
#5386=DIRECTION('',(0.0,1.0,0.0));
#5387=VECTOR('',#5386,1.0);
#5388=LINE('',#5385,#5387);
#5389=EDGE_CURVE('no 3907',#4473,#4450,#5388,.T.);
#5390=ORIENTED_EDGE('no 3943',*,*,#5389,.F.);
#5391=ORIENTED_EDGE('no 3944',*,*,#4485,.T.);
#5392=ORIENTED_EDGE('no 3945',*,*,#4455,.T.);
#5393=EDGE_LOOP('',(#5390,#5391,#5392));
#5394=FACE_OUTER_BOUND('',#5393,.T.);
#5395=CARTESIAN_POINT('',(0.0477341,0.0864254,0.016));
#5396=DIRECTION('',(0.0,0.0,1.0));
#5397=DIRECTION('',(0.0,-1.0,0.0));
#5398=AXIS2_PLACEMENT_3D('',#5395,#5396,#5397);
#5399=PLANE('',#5398);
#5400=ADVANCED_FACE('no 3953',(#5394),#5399,.T.);
#5401=ORIENTED_EDGE('no 7325',*,*,#4478,.F.);
#5402=CARTESIAN_POINT('',(0.0477341,0.00676424,0.013));
#5403=VERTEX_POINT('',#5402);
#5404=CARTESIAN_POINT('',(0.0477341,0.00676424,0.013));
#5405=DIRECTION('',(0.0,0.0,1.0));
#5406=VECTOR('',#5405,1.0);
#5407=LINE('',#5404,#5406);
#5408=EDGE_CURVE('no 7249',#5403,#4473,#5407,.T.);
#5409=ORIENTED_EDGE('no 7326',*,*,#5408,.F.);
#5410=CARTESIAN_POINT('',(0.0477341,0.00676424,0.013));
#5411=DIRECTION('',(0.1305279513,-0.9914446298,0.0));
#5412=VECTOR('',#5411,1.0);
#5413=LINE('',#5410,#5412);
#5414=EDGE_CURVE('no 7324',#5403,#3481,#5413,.T.);
#5415=ORIENTED_EDGE('no 7327',*,*,#5414,.T.);
#5416=EDGE_LOOP('',(#5401,#5409,#5415));
#5417=FACE_OUTER_BOUND('',#5416,.T.);
#5418=CARTESIAN_POINT('',(0.0478091,0.00619484,0.013));
#5419=DIRECTION('',(-0.9914446339,-0.1305279201,0.000000164));
#5420=DIRECTION('',(-0.0245423077,0.1864160585,0.9821643082));
#5421=AXIS2_PLACEMENT_3D('',#5418,#5419,#5420);
#5422=PLANE('',#5421);
#5423=ADVANCED_FACE('no 7335',(#5417),#5422,.T.);
#5424=ORIENTED_EDGE('no 11553',*,*,#4591,.F.);
#5425=ORIENTED_EDGE('no 11552',*,*,#4507,.F.);
#5426=CARTESIAN_POINT('',(0.0456514,0.0892253,0.013));
#5427=DIRECTION('',(-0.0437575812,-0.0057605575,-0.9990255703));
#5428=VECTOR('',#5427,1.0);
#5429=LINE('',#5426,#5428);
#5430=EDGE_CURVE('no 11509',#4496,#4565,#5429,.T.);
#5431=ORIENTED_EDGE('no 11551',*,*,#5430,.T.);
#5432=EDGE_LOOP('',(#5424,#5425,#5431));
#5433=FACE_OUTER_BOUND('',#5432,.T.);
#5434=CARTESIAN_POINT('',(0.045082,0.0891503,0.0));
#5435=DIRECTION('',(0.130520941,-0.9914455527,-0.0000000015));
#5436=DIRECTION('',(0.0437575812,0.0057605575,0.9990255703));
#5437=AXIS2_PLACEMENT_3D('',#5434,#5435,#5436);
#5438=PLANE('',#5437);
#5439=ADVANCED_FACE('no 11561',(#5433),#5438,.F.);
#5440=CARTESIAN_POINT('',(0.0461785,0.0891199,0.013));
#5441=VERTEX_POINT('',#5440);
#5442=CARTESIAN_POINT('',(0.0461785,0.0891199,0.013));
#5443=DIRECTION('',(0.8412187943,0.5406948678,0.0));
#5444=VECTOR('',#5443,1.0);
#5445=LINE('',#5442,#5444);
#5446=EDGE_CURVE('no 21362',#5441,#3194,#5445,.T.);
#5447=ORIENTED_EDGE('no 21365',*,*,#5446,.F.);
#5448=CARTESIAN_POINT('',(0.0456165907,0.0892322605,0.013));
#5449=DIRECTION('',(0.9805878302,-0.1960803591,0.0));
#5450=VECTOR('',#5449,1.0);
#5451=LINE('',#5448,#5450);
#5452=EDGE_CURVE('no 21356',#4496,#5441,#5451,.T.);
#5453=ORIENTED_EDGE('no 21364',*,*,#5452,.F.);
#5454=ORIENTED_EDGE('no 21363',*,*,#4501,.T.);
#5455=EDGE_LOOP('',(#5447,#5453,#5454));
#5456=FACE_OUTER_BOUND('',#5455,.T.);
#5457=CARTESIAN_POINT('',(0.0506514,0.0919948,0.013));
#5458=DIRECTION('',(0.0,0.0,1.0));
#5459=DIRECTION('',(-0.8742510806,-0.4854740447,0.0));
#5460=AXIS2_PLACEMENT_3D('',#5457,#5458,#5459);
#5461=PLANE('',#5460);
#5462=ADVANCED_FACE('no 21373',(#5456),#5461,.F.);
#5463=ORIENTED_EDGE('no 10630',*,*,#4547,.F.);
#5464=CARTESIAN_POINT('',(0.0434514,0.0870253,0.0));
#5465=DIRECTION('',(0.0,0.0,1.0));
#5466=VECTOR('',#5465,1.0);
#5467=LINE('',#5464,#5466);
#5468=EDGE_CURVE('no 10592',#4542,#4519,#5467,.T.);
#5469=ORIENTED_EDGE('no 10629',*,*,#5468,.T.);
#5470=ORIENTED_EDGE('no 10628',*,*,#4531,.F.);
#5471=EDGE_LOOP('',(#5463,#5469,#5470));
#5472=FACE_OUTER_BOUND('',#5471,.T.);
#5473=CARTESIAN_POINT('',(0.0435263,0.0875947,0.0));
#5474=DIRECTION('',(0.9914447592,-0.1305269686,0.0000000078));
#5475=DIRECTION('',(-0.0057608375,-0.0437575811,0.9990255687));
#5476=AXIS2_PLACEMENT_3D('',#5473,#5474,#5475);
#5477=PLANE('',#5476);
#5478=ADVANCED_FACE('no 10638',(#5472),#5477,.F.);
#5479=ORIENTED_EDGE('no 12667',*,*,#4890,.T.);
#5480=CARTESIAN_POINT('',(0.0434514,0.0870253,0.0));
#5481=DIRECTION('',(-0.0326166616,-0.9994679351,0.0));
#5482=VECTOR('',#5481,1.0);
#5483=LINE('',#5480,#5482);
#5484=EDGE_CURVE('no 12664',#4542,#4878,#5483,.T.);
#5485=ORIENTED_EDGE('no 12666',*,*,#5484,.F.);
#5486=ORIENTED_EDGE('no 12665',*,*,#4554,.F.);
#5487=EDGE_LOOP('',(#5479,#5485,#5486));
#5488=FACE_OUTER_BOUND('',#5487,.T.);
#5489=CARTESIAN_POINT('',(0.0406514,0.0920253,0.0));
#5490=DIRECTION('',(0.0,0.0,-1.0));
#5491=DIRECTION('',(0.4886030949,-0.8725061694,0.0));
#5492=AXIS2_PLACEMENT_3D('',#5489,#5490,#5491);
#5493=PLANE('',#5492);
#5494=ADVANCED_FACE('no 12675',(#5488),#5493,.F.);
#5495=CARTESIAN_POINT('',(0.0456514,0.0892253,0.0));
#5496=VERTEX_POINT('',#5495);
#5497=CARTESIAN_POINT('',(0.045082,0.0891503,0.0));
#5498=DIRECTION('',(0.9914365069,0.1305896347,0.0));
#5499=VECTOR('',#5498,1.0);
#5500=LINE('',#5497,#5499);
#5501=EDGE_CURVE('no 11515',#4565,#5496,#5500,.T.);
#5502=ORIENTED_EDGE('no 12817',*,*,#5501,.T.);
#5503=CARTESIAN_POINT('',(0.0406514,0.0920253,0.0));
#5504=DIRECTION('',(0.8725060159,-0.4886033689,0.0));
#5505=VECTOR('',#5504,1.0);
#5506=LINE('',#5503,#5505);
#5507=EDGE_CURVE('no 12814',#3241,#5496,#5506,.T.);
#5508=ORIENTED_EDGE('no 12816',*,*,#5507,.F.);
#5509=ORIENTED_EDGE('no 12815',*,*,#4576,.T.);
#5510=EDGE_LOOP('',(#5502,#5508,#5509));
#5511=FACE_OUTER_BOUND('',#5510,.T.);
#5512=CARTESIAN_POINT('',(0.045082,0.0891503,0.0));
#5513=DIRECTION('',(0.0,0.0,-1.0));
#5514=DIRECTION('',(-0.8388691619,0.544333105,0.0));
#5515=AXIS2_PLACEMENT_3D('',#5512,#5513,#5514);
#5516=PLANE('',#5515);
#5517=ADVANCED_FACE('no 12825',(#5511),#5516,.F.);
#5518=CARTESIAN_POINT('',(0.0461785,0.00831987,0.016));
#5519=VERTEX_POINT('',#5518);
#5520=CARTESIAN_POINT('',(0.0461785,0.00831987,0.016));
#5521=DIRECTION('',(-0.1864148209,0.0245442907,-0.9821644935));
#5522=VECTOR('',#5521,1.0);
#5523=LINE('',#5520,#5522);
#5524=EDGE_CURVE('no 8312',#5519,#4613,#5523,.T.);
#5525=ORIENTED_EDGE('no 8365',*,*,#5524,.F.);
#5526=CARTESIAN_POINT('',(0.0456091,0.00839484,0.016));
#5527=DIRECTION('',(0.9914432687,-0.1305382892,0.0));
#5528=VECTOR('',#5527,1.0);
#5529=LINE('',#5526,#5528);
#5530=EDGE_CURVE('no 3646',#3876,#5519,#5529,.T.);
#5531=ORIENTED_EDGE('no 8366',*,*,#5530,.F.);
#5532=ORIENTED_EDGE('no 8367',*,*,#4618,.F.);
#5533=EDGE_LOOP('',(#5525,#5531,#5532));
#5534=FACE_OUTER_BOUND('',#5533,.T.);
#5535=CARTESIAN_POINT('',(0.0456091,0.00839484,0.013));
#5536=DIRECTION('',(-0.1305269408,-0.9914447628,0.0000001449));
#5537=DIRECTION('',(0.1864149115,-0.0245419884,0.9821645339));
#5538=AXIS2_PLACEMENT_3D('',#5535,#5536,#5537);
#5539=PLANE('',#5538);
#5540=ADVANCED_FACE('no 8375',(#5534),#5539,.T.);
#5541=CARTESIAN_POINT('',(0.0456514,0.0848253,0.013));
#5542=VERTEX_POINT('',#5541);
#5543=CARTESIAN_POINT('',(0.0456115298,0.0848282005,0.013));
#5544=DIRECTION('',(-0.9973643155,0.0725563381,0.0));
#5545=VECTOR('',#5544,1.0);
#5546=LINE('',#5543,#5545);
#5547=EDGE_CURVE('no 21848',#5542,#3899,#5546,.T.);
#5548=ORIENTED_EDGE('no 21851',*,*,#5547,.F.);
#5549=CARTESIAN_POINT('',(0.0456091,0.00839484,0.013));
#5550=VERTEX_POINT('',#5549);
#5551=CARTESIAN_POINT('',(0.0456091,0.00839484,0.013));
#5552=DIRECTION('',(0.0005534442,0.9999998468,0.0));
#5553=VECTOR('',#5552,1.0);
#5554=LINE('',#5551,#5553);
#5555=EDGE_CURVE('no 21842',#5550,#5542,#5554,.T.);
#5556=ORIENTED_EDGE('no 21850',*,*,#5555,.F.);
#5557=ORIENTED_EDGE('no 21849',*,*,#4632,.T.);
#5558=EDGE_LOOP('',(#5548,#5556,#5557));
#5559=FACE_OUTER_BOUND('',#5558,.T.);
#5560=CARTESIAN_POINT('',(0.0450397,0.0848698,0.013));
#5561=DIRECTION('',(0.0,0.0,1.0));
#5562=DIRECTION('',(0.0074454121,-0.9999722825,0.0));
#5563=AXIS2_PLACEMENT_3D('',#5560,#5561,#5562);
#5564=PLANE('',#5563);
#5565=ADVANCED_FACE('no 21859',(#5559),#5564,.F.);
#5566=ORIENTED_EDGE('no 3653',*,*,#4651,.F.);
#5567=ORIENTED_EDGE('no 3654',*,*,#5530,.T.);
#5568=CARTESIAN_POINT('',(0.0461785,0.00831987,0.016));
#5569=DIRECTION('',(-0.0074453709,0.9999722828,0.0));
#5570=VECTOR('',#5569,1.0);
#5571=LINE('',#5568,#5570);
#5572=EDGE_CURVE('no 3652',#5519,#4646,#5571,.T.);
#5573=ORIENTED_EDGE('no 3655',*,*,#5572,.T.);
#5574=EDGE_LOOP('',(#5566,#5567,#5573));
#5575=FACE_OUTER_BOUND('',#5574,.T.);
#5576=CARTESIAN_POINT('',(0.0456091,0.0847948,0.016));
#5577=DIRECTION('',(0.0,0.0,1.0));
#5578=DIRECTION('',(0.0,-1.0,0.0));
#5579=AXIS2_PLACEMENT_3D('',#5576,#5577,#5578);
#5580=PLANE('',#5579);
#5581=ADVANCED_FACE('no 3663',(#5575),#5580,.T.);
#5582=CARTESIAN_POINT('',(0.0746275,0.0909948,0.013));
#5583=VERTEX_POINT('',#5582);
#5584=CARTESIAN_POINT('',(0.148451,0.0919948,0.013));
#5585=DIRECTION('',(-0.999908269,-0.0135445036,0.0));
#5586=VECTOR('',#5585,1.0);
#5587=LINE('',#5584,#5586);
#5588=EDGE_CURVE('no 25162',#4668,#5583,#5587,.T.);
#5589=ORIENTED_EDGE('no 25192',*,*,#5588,.F.);
#5590=ORIENTED_EDGE('no 25193',*,*,#4673,.T.);
#5591=CARTESIAN_POINT('',(0.0746275,0.0819948,0.013));
#5592=DIRECTION('',(0.0,1.0,0.0));
#5593=VECTOR('',#5592,1.0);
#5594=LINE('',#5591,#5593);
#5595=EDGE_CURVE('no 25191',#3939,#5583,#5594,.T.);
#5596=ORIENTED_EDGE('no 25194',*,*,#5595,.T.);
#5597=EDGE_LOOP('',(#5589,#5590,#5596));
#5598=FACE_OUTER_BOUND('',#5597,.T.);
#5599=CARTESIAN_POINT('',(0.0746275,0.0909948,0.013));
#5600=DIRECTION('',(0.0,0.0,-1.0));
#5601=DIRECTION('',(0.999908269,0.0135445036,0.0));
#5602=AXIS2_PLACEMENT_3D('',#5599,#5600,#5601);
#5603=PLANE('',#5602);
#5604=ADVANCED_FACE('no 25202',(#5598),#5603,.T.);
#5605=ORIENTED_EDGE('no 25232',*,*,#4679,.F.);
#5606=CARTESIAN_POINT('',(0.148451,0.0819948,0.013));
#5607=VERTEX_POINT('',#5606);
#5608=CARTESIAN_POINT('',(0.148451,0.0919948,0.013));
#5609=DIRECTION('',(0.0,-1.0,0.0));
#5610=VECTOR('',#5609,1.0);
#5611=LINE('',#5608,#5610);
#5612=EDGE_CURVE('no 22925',#4668,#5607,#5611,.T.);
#5613=ORIENTED_EDGE('no 25233',*,*,#5612,.T.);
#5614=CARTESIAN_POINT('',(0.0783128,0.0819948,0.013));
#5615=DIRECTION('',(1.0,0.0,0.0));
#5616=VECTOR('',#5615,1.0);
#5617=LINE('',#5614,#5616);
#5618=EDGE_CURVE('no 19725',#3941,#5607,#5617,.T.);
#5619=ORIENTED_EDGE('no 25234',*,*,#5618,.F.);
#5620=EDGE_LOOP('',(#5605,#5613,#5619));
#5621=FACE_OUTER_BOUND('',#5620,.T.);
#5622=CARTESIAN_POINT('',(0.0783128,0.0819948,0.013));
#5623=DIRECTION('',(0.0,0.0,-1.0));
#5624=DIRECTION('',(0.9899885159,0.141147931,0.0));
#5625=AXIS2_PLACEMENT_3D('',#5622,#5623,#5624);
#5626=PLANE('',#5625);
#5627=ADVANCED_FACE('no 25242',(#5621),#5626,.T.);
#5628=ORIENTED_EDGE('no 6990',*,*,#4696,.T.);
#5629=CARTESIAN_POINT('',(0.0783128,0.0589948,0.016));
#5630=VERTEX_POINT('',#5629);
#5631=CARTESIAN_POINT('',(0.0783128,0.0589948,0.013));
#5632=DIRECTION('',(0.0,0.0,1.0));
#5633=VECTOR('',#5632,1.0);
#5634=LINE('',#5631,#5633);
#5635=EDGE_CURVE('no 6989',#4691,#5630,#5634,.T.);
#5636=ORIENTED_EDGE('no 6991',*,*,#5635,.T.);
#5637=CARTESIAN_POINT('',(0.0783128,0.0819948,0.016));
#5638=DIRECTION('',(0.0,-1.0,0.0));
#5639=VECTOR('',#5638,1.0);
#5640=LINE('',#5637,#5639);
#5641=EDGE_CURVE('no 4544',#3350,#5630,#5640,.T.);
#5642=ORIENTED_EDGE('no 6992',*,*,#5641,.F.);
#5643=EDGE_LOOP('',(#5628,#5636,#5642));
#5644=FACE_OUTER_BOUND('',#5643,.T.);
#5645=CARTESIAN_POINT('',(0.0783128,0.0819948,0.016));
#5646=DIRECTION('',(-1.0,-0.0,0.0));
#5647=DIRECTION('',(0.0,-0.9916004279,-0.1293390558));
#5648=AXIS2_PLACEMENT_3D('',#5645,#5646,#5647);
#5649=PLANE('',#5648);
#5650=ADVANCED_FACE('no 7000',(#5644),#5649,.T.);
#5651=CARTESIAN_POINT('',(0.0930123,0.0788483,0.013));
#5652=VERTEX_POINT('',#5651);
#5653=CARTESIAN_POINT('',(0.0783128,0.0819948,0.013));
#5654=DIRECTION('',(0.9778486316,-0.2093132909,0.0));
#5655=VECTOR('',#5654,1.0);
#5656=LINE('',#5653,#5655);
#5657=EDGE_CURVE('no 19696',#3941,#5652,#5656,.T.);
#5658=ORIENTED_EDGE('no 19703',*,*,#5657,.T.);
#5659=CARTESIAN_POINT('',(0.0930123,0.0788483,0.013));
#5660=DIRECTION('',(-0.5950498896,-0.8036887637,0.0));
#5661=VECTOR('',#5660,1.0);
#5662=LINE('',#5659,#5661);
#5663=EDGE_CURVE('no 19702',#5652,#4691,#5662,.T.);
#5664=ORIENTED_EDGE('no 19704',*,*,#5663,.T.);
#5665=ORIENTED_EDGE('no 19705',*,*,#4703,.F.);
#5666=EDGE_LOOP('',(#5658,#5664,#5665));
#5667=FACE_OUTER_BOUND('',#5666,.T.);
#5668=CARTESIAN_POINT('',(0.0783128,0.0819948,0.013));
#5669=DIRECTION('',(0.0,0.0,-1.0));
#5670=DIRECTION('',(0.9778480494,-0.2093160106,0.0));
#5671=AXIS2_PLACEMENT_3D('',#5668,#5669,#5670);
#5672=PLANE('',#5671);
#5673=ADVANCED_FACE('no 19713',(#5667),#5672,.T.);
#5674=CARTESIAN_POINT('',(0.0553128,0.0819948,0.016));
#5675=DIRECTION('',(0.9953287491,0.0965436757,0.0));
#5676=VECTOR('',#5675,1.0);
#5677=LINE('',#5674,#5676);
#5678=EDGE_CURVE('no 1797',#4715,#692,#5677,.T.);
#5679=ORIENTED_EDGE('no 1908',*,*,#5678,.F.);
#5680=ORIENTED_EDGE('no 1909',*,*,#4720,.T.);
#5681=CARTESIAN_POINT('',(0.0783128,0.0819948,0.016));
#5682=DIRECTION('',(0.9922962013,0.1238880498,0.0));
#5683=VECTOR('',#5682,1.0);
#5684=LINE('',#5681,#5683);
#5685=EDGE_CURVE('no 1907',#3350,#692,#5684,.T.);
#5686=ORIENTED_EDGE('no 1910',*,*,#5685,.T.);
#5687=EDGE_LOOP('',(#5679,#5680,#5686));
#5688=FACE_OUTER_BOUND('',#5687,.T.);
#5689=CARTESIAN_POINT('',(0.158409,0.0919948,0.016));
#5690=DIRECTION('',(0.0,0.0,1.0));
#5691=DIRECTION('',(-0.9953287491,-0.0965436757,0.0));
#5692=AXIS2_PLACEMENT_3D('',#5689,#5690,#5691);
#5693=PLANE('',#5692);
#5694=ADVANCED_FACE('no 1918',(#5688),#5693,.T.);
#5695=CARTESIAN_POINT('',(0.0553128,0.0589948,0.016));
#5696=VERTEX_POINT('',#5695);
#5697=CARTESIAN_POINT('',(0.0553128,0.0819948,0.013));
#5698=DIRECTION('',(0.0,-0.9916004112,0.1293391841));
#5699=VECTOR('',#5698,1.0);
#5700=LINE('',#5697,#5699);
#5701=EDGE_CURVE('no 6815',#3964,#5696,#5700,.T.);
#5702=ORIENTED_EDGE('no 6851',*,*,#5701,.F.);
#5703=ORIENTED_EDGE('no 6852',*,*,#4726,.T.);
#5704=CARTESIAN_POINT('',(0.0553128,0.0589948,0.016));
#5705=DIRECTION('',(0.0,1.0,0.0));
#5706=VECTOR('',#5705,1.0);
#5707=LINE('',#5704,#5706);
#5708=EDGE_CURVE('no 1878',#5696,#4715,#5707,.T.);
#5709=ORIENTED_EDGE('no 6853',*,*,#5708,.F.);
#5710=EDGE_LOOP('',(#5702,#5703,#5709));
#5711=FACE_OUTER_BOUND('',#5710,.T.);
#5712=CARTESIAN_POINT('',(0.0553128,0.0589948,0.016));
#5713=DIRECTION('',(1.0,-0.0,0.0));
#5714=DIRECTION('',(0.0,0.9916004279,-0.1293390558));
#5715=AXIS2_PLACEMENT_3D('',#5712,#5713,#5714);
#5716=PLANE('',#5715);
#5717=ADVANCED_FACE('no 6861',(#5711),#5716,.T.);
#5718=CARTESIAN_POINT('',(0.0586275,0.0919948,0.013));
#5719=DIRECTION('',(-0.6235550822,-0.7817794187,0.0));
#5720=VECTOR('',#5719,1.0);
#5721=LINE('',#5718,#5720);
#5722=EDGE_CURVE('no 25254',#4737,#3373,#5721,.T.);
#5723=ORIENTED_EDGE('no 25284',*,*,#5722,.F.);
#5724=ORIENTED_EDGE('no 25285',*,*,#4742,.T.);
#5725=CARTESIAN_POINT('',(0.0506514,0.0819948,0.013));
#5726=DIRECTION('',(1.0,0.0,0.0));
#5727=VECTOR('',#5726,1.0);
#5728=LINE('',#5725,#5727);
#5729=EDGE_CURVE('no 20774',#3373,#3964,#5728,.T.);
#5730=ORIENTED_EDGE('no 25286',*,*,#5729,.F.);
#5731=EDGE_LOOP('',(#5723,#5724,#5730));
#5732=FACE_OUTER_BOUND('',#5731,.T.);
#5733=CARTESIAN_POINT('',(0.0506514,0.0819948,0.013));
#5734=DIRECTION('',(0.0,0.0,-1.0));
#5735=DIRECTION('',(0.6235552361,0.781779296,0.0));
#5736=AXIS2_PLACEMENT_3D('',#5733,#5734,#5735);
#5737=PLANE('',#5736);
#5738=ADVANCED_FACE('no 25294',(#5732),#5737,.T.);
#5739=ORIENTED_EDGE('no 17891',*,*,#4765,.T.);
#5740=CARTESIAN_POINT('',(0.0506514,0.0112253,0.0));
#5741=VERTEX_POINT('',#5740);
#5742=CARTESIAN_POINT('',(0.0506514,0.0112253,0.0));
#5743=DIRECTION('',(0.0,0.0,1.0));
#5744=VECTOR('',#5743,1.0);
#5745=LINE('',#5742,#5744);
#5746=EDGE_CURVE('no 17844',#5741,#4760,#5745,.T.);
#5747=ORIENTED_EDGE('no 17892',*,*,#5746,.F.);
#5748=CARTESIAN_POINT('',(0.0506514,0.0819948,0.0));
#5749=DIRECTION('',(0.0,-1.0,0.0));
#5750=VECTOR('',#5749,1.0);
#5751=LINE('',#5748,#5750);
#5752=EDGE_CURVE('no 14024',#3988,#5741,#5751,.T.);
#5753=ORIENTED_EDGE('no 17893',*,*,#5752,.F.);
#5754=EDGE_LOOP('',(#5739,#5747,#5753));
#5755=FACE_OUTER_BOUND('',#5754,.T.);
#5756=CARTESIAN_POINT('',(0.0506514,0.0819948,0.0));
#5757=DIRECTION('',(1.0,0.0,0.0));
#5758=DIRECTION('',(0.0,-0.9835433912,0.1806720719));
#5759=AXIS2_PLACEMENT_3D('',#5756,#5757,#5758);
#5760=PLANE('',#5759);
#5761=ADVANCED_FACE('no 17901',(#5755),#5760,.T.);
#5762=CARTESIAN_POINT('',(0.0553128,0.0819948,0.013));
#5763=DIRECTION('',(-0.0657249383,-0.9978377786,0.0));
#5764=VECTOR('',#5763,1.0);
#5765=LINE('',#5762,#5764);
#5766=EDGE_CURVE('no 20768',#3964,#4760,#5765,.T.);
#5767=ORIENTED_EDGE('no 20775',*,*,#5766,.T.);
#5768=ORIENTED_EDGE('no 20776',*,*,#4772,.F.);
#5769=ORIENTED_EDGE('no 20777',*,*,#5729,.T.);
#5770=EDGE_LOOP('',(#5767,#5768,#5769));
#5771=FACE_OUTER_BOUND('',#5770,.T.);
#5772=CARTESIAN_POINT('',(0.0553128,0.0819948,0.013));
#5773=DIRECTION('',(-0.0,0.0,-1.0));
#5774=DIRECTION('',(-0.0657249852,-0.9978377756,0.0));
#5775=AXIS2_PLACEMENT_3D('',#5772,#5773,#5774);
#5776=PLANE('',#5775);
#5777=ADVANCED_FACE('no 20785',(#5771),#5776,.T.);
#5778=ORIENTED_EDGE('no 24875',*,*,#4822,.F.);
#5779=ORIENTED_EDGE('no 24876',*,*,#4805,.T.);
#5780=CARTESIAN_POINT('',(0.158451,0.0920253,0.013));
#5781=DIRECTION('',(-1.0,0.0,0.0));
#5782=VECTOR('',#5781,1.0);
#5783=LINE('',#5780,#5782);
#5784=EDGE_CURVE('no 10157',#4817,#4010,#5783,.T.);
#5785=ORIENTED_EDGE('no 24877',*,*,#5784,.F.);
#5786=EDGE_LOOP('',(#5778,#5779,#5785));
#5787=FACE_OUTER_BOUND('',#5786,.T.);
#5788=CARTESIAN_POINT('',(0.158451,0.0920253,0.013));
#5789=DIRECTION('',(0.0,1.0,0.0));
#5790=DIRECTION('',(-0.9965313059,0.0,-0.0832187255));
#5791=AXIS2_PLACEMENT_3D('',#5788,#5789,#5790);
#5792=PLANE('',#5791);
#5793=ADVANCED_FACE('no 24885',(#5787),#5792,.T.);
#5794=CARTESIAN_POINT('',(0.158451,0.0920253,0.0));
#5795=DIRECTION('',(-0.0004577354,-0.9899124016,0.1416800182));
#5796=VECTOR('',#5795,1.0);
#5797=LINE('',#5794,#5796);
#5798=EDGE_CURVE('no 11457',#4027,#419,#5797,.T.);
#5799=ORIENTED_EDGE('no 11487',*,*,#5798,.F.);
#5800=ORIENTED_EDGE('no 11488',*,*,#4828,.T.);
#5801=CARTESIAN_POINT('',(0.1584090141,0.0012252994,0.013));
#5802=DIRECTION('',(0.0004623999,0.9999998931,0.0));
#5803=VECTOR('',#5802,1.0);
#5804=LINE('',#5801,#5803);
#5805=EDGE_CURVE('no 10209',#419,#4817,#5804,.T.);
#5806=ORIENTED_EDGE('no 11489',*,*,#5805,.F.);
#5807=EDGE_LOOP('',(#5799,#5800,#5806));
#5808=FACE_OUTER_BOUND('',#5807,.T.);
#5809=CARTESIAN_POINT('',(0.158451,0.00122528,0.013));
#5810=DIRECTION('',(1.0,-0.0,0.0));
#5811=DIRECTION('',(0.0,0.9899057865,-0.1417269694));
#5812=AXIS2_PLACEMENT_3D('',#5809,#5810,#5811);
#5813=PLANE('',#5812);
#5814=ADVANCED_FACE('no 11497',(#5808),#5813,.T.);
#5815=ORIENTED_EDGE('no 12844',*,*,#5507,.F.);
#5816=ORIENTED_EDGE('no 12845',*,*,#4844,.T.);
#5817=CARTESIAN_POINT('',(0.158451,0.0920253,0.0));
#5818=DIRECTION('',(-0.999692057,-0.0248151391,0.0));
#5819=VECTOR('',#5818,1.0);
#5820=LINE('',#5817,#5819);
#5821=EDGE_CURVE('no 12843',#4027,#5496,#5820,.T.);
#5822=ORIENTED_EDGE('no 12846',*,*,#5821,.T.);
#5823=EDGE_LOOP('',(#5815,#5816,#5822));
#5824=FACE_OUTER_BOUND('',#5823,.T.);
#5825=CARTESIAN_POINT('',(0.0456514,0.0892253,0.0));
#5826=DIRECTION('',(0.0,0.0,-1.0));
#5827=DIRECTION('',(-0.8725057431,0.4886038561,0.0));
#5828=AXIS2_PLACEMENT_3D('',#5825,#5826,#5827);
#5829=PLANE('',#5828);
#5830=ADVANCED_FACE('no 12854',(#5824),#5829,.T.);
#5831=ORIENTED_EDGE('no 12102',*,*,#4883,.T.);
#5832=CARTESIAN_POINT('',(0.0406514,0.00122528,0.013));
#5833=VERTEX_POINT('',#5832);
#5834=CARTESIAN_POINT('',(0.0406514,0.00122528,0.013));
#5835=DIRECTION('',(0.0,0.0,-1.0));
#5836=VECTOR('',#5835,1.0);
#5837=LINE('',#5834,#5836);
#5838=EDGE_CURVE('no 11434',#5833,#4878,#5837,.T.);
#5839=ORIENTED_EDGE('no 12103',*,*,#5838,.F.);
#5840=CARTESIAN_POINT('',(0.0406514,0.0919948,0.013));
#5841=DIRECTION('',(0.0,-1.0,0.0));
#5842=VECTOR('',#5841,1.0);
#5843=LINE('',#5840,#5842);
#5844=EDGE_CURVE('no 10012',#4079,#5833,#5843,.T.);
#5845=ORIENTED_EDGE('no 12104',*,*,#5844,.F.);
#5846=EDGE_LOOP('',(#5831,#5839,#5845));
#5847=FACE_OUTER_BOUND('',#5846,.T.);
#5848=CARTESIAN_POINT('',(0.0406514,0.0919948,0.013));
#5849=DIRECTION('',(-1.0,-0.0,0.0));
#5850=DIRECTION('',(0.0,-0.9898991912,-0.1417730274));
#5851=AXIS2_PLACEMENT_3D('',#5848,#5849,#5850);
#5852=PLANE('',#5851);
#5853=ADVANCED_FACE('no 12112',(#5847),#5852,.T.);
#5854=CARTESIAN_POINT('',(0.148451,0.0112253,0.0));
#5855=VERTEX_POINT('',#5854);
#5856=CARTESIAN_POINT('',(0.148451,0.0819948,0.013));
#5857=DIRECTION('',(0.0,-0.9835433912,-0.1806720719));
#5858=VECTOR('',#5857,1.0);
#5859=LINE('',#5856,#5858);
#5860=EDGE_CURVE('no 17780',#4119,#5855,#5859,.T.);
#5861=ORIENTED_EDGE('no 17816',*,*,#5860,.F.);
#5862=ORIENTED_EDGE('no 17817',*,*,#4913,.T.);
#5863=CARTESIAN_POINT('',(0.148451,0.0112253,0.0));
#5864=DIRECTION('',(0.0,1.0,0.0));
#5865=VECTOR('',#5864,1.0);
#5866=LINE('',#5863,#5865);
#5867=EDGE_CURVE('no 13289',#5855,#4902,#5866,.T.);
#5868=ORIENTED_EDGE('no 17818',*,*,#5867,.F.);
#5869=EDGE_LOOP('',(#5861,#5862,#5868));
#5870=FACE_OUTER_BOUND('',#5869,.T.);
#5871=CARTESIAN_POINT('',(0.148451,0.0112253,0.0));
#5872=DIRECTION('',(-1.0,0.0,0.0));
#5873=DIRECTION('',(0.0,0.9835433912,0.1806720719));
#5874=AXIS2_PLACEMENT_3D('',#5871,#5872,#5873);
#5875=PLANE('',#5874);
#5876=ADVANCED_FACE('no 17826',(#5870),#5875,.T.);
#5877=CARTESIAN_POINT('',(0.152727,0.00410317,0.013));
#5878=VERTEX_POINT('',#5877);
#5879=CARTESIAN_POINT('',(0.152727,0.00410317,0.013));
#5880=DIRECTION('',(-0.9021675574,0.4313857884,0.0));
#5881=VECTOR('',#5880,1.0);
#5882=LINE('',#5879,#5881);
#5883=EDGE_CURVE('no 9278',#5878,#4940,#5882,.T.);
#5884=ORIENTED_EDGE('no 22974',*,*,#5883,.F.);
#5885=CARTESIAN_POINT('',(0.1583966539,0.0012011594,0.013));
#5886=DIRECTION('',(-0.8901680925,0.4556322718,0.0));
#5887=VECTOR('',#5886,1.0);
#5888=LINE('',#5885,#5887);
#5889=EDGE_CURVE('no 22971',#419,#5878,#5888,.T.);
#5890=ORIENTED_EDGE('no 22973',*,*,#5889,.F.);
#5891=ORIENTED_EDGE('no 22972',*,*,#4951,.T.);
#5892=EDGE_LOOP('',(#5884,#5890,#5891));
#5893=FACE_OUTER_BOUND('',#5892,.T.);
#5894=CARTESIAN_POINT('',(0.152209,0.00435092,0.013));
#5895=DIRECTION('',(0.0,0.0,1.0));
#5896=DIRECTION('',(0.8929449104,-0.4501659549,0.0));
#5897=AXIS2_PLACEMENT_3D('',#5894,#5895,#5896);
#5898=PLANE('',#5897);
#5899=ADVANCED_FACE('no 22982',(#5893),#5898,.F.);
#5900=CARTESIAN_POINT('',(0.151773,0.00472433,0.013));
#5901=VERTEX_POINT('',#5900);
#5902=CARTESIAN_POINT('',(0.0506514,0.0112253,0.013));
#5903=VERTEX_POINT('',#5902);
#5904=CARTESIAN_POINT('',(0.151773,0.00472433,0.013));
#5905=DIRECTION('',(-0.9979398759,0.064156092,0.0));
#5906=VECTOR('',#5905,1.0);
#5907=LINE('',#5904,#5906);
#5908=EDGE_CURVE('no 22781',#5901,#5903,#5907,.T.);
#5909=ORIENTED_EDGE('no 22784',*,*,#5908,.F.);
#5910=CARTESIAN_POINT('',(0.152209,0.00435092,0.013));
#5911=DIRECTION('',(-0.7597759603,0.6501849661,0.0));
#5912=VECTOR('',#5911,1.0);
#5913=LINE('',#5910,#5912);
#5914=EDGE_CURVE('no 9330',#4940,#5901,#5913,.T.);
#5915=ORIENTED_EDGE('no 22783',*,*,#5914,.F.);
#5916=ORIENTED_EDGE('no 22782',*,*,#4945,.T.);
#5917=EDGE_LOOP('',(#5909,#5915,#5916));
#5918=FACE_OUTER_BOUND('',#5917,.T.);
#5919=CARTESIAN_POINT('',(0.0506514,0.0112253,0.013));
#5920=DIRECTION('',(0.0,0.0,1.0));
#5921=DIRECTION('',(0.997716933,-0.0675345955,0.0));
#5922=AXIS2_PLACEMENT_3D('',#5919,#5920,#5921);
#5923=PLANE('',#5922);
#5924=ADVANCED_FACE('no 22792',(#5918),#5923,.F.);
#5925=CARTESIAN_POINT('',(0.0506514,0.0112253,0.013));
#5926=DIRECTION('',(0.0,1.0,0.0));
#5927=VECTOR('',#5926,1.0);
#5928=LINE('',#5925,#5927);
#5929=EDGE_CURVE('no 21536',#4142,#3194,#5928,.T.);
#5930=ORIENTED_EDGE('no 21539',*,*,#5929,.F.);
#5931=ORIENTED_EDGE('no 21538',*,*,#4974,.F.);
#5932=CARTESIAN_POINT('',(0.0478091,0.0869948,0.013));
#5933=DIRECTION('',(0.4941911524,0.8693532682,0.0));
#5934=VECTOR('',#5933,1.0);
#5935=LINE('',#5932,#5934);
#5936=EDGE_CURVE('no 21507',#4963,#3194,#5935,.T.);
#5937=ORIENTED_EDGE('no 21537',*,*,#5936,.T.);
#5938=EDGE_LOOP('',(#5930,#5931,#5937));
#5939=FACE_OUTER_BOUND('',#5938,.T.);
#5940=CARTESIAN_POINT('',(0.0506514,0.0919948,0.013));
#5941=DIRECTION('',(0.0,0.0,1.0));
#5942=DIRECTION('',(-0.4941911524,-0.8693532682,0.0));
#5943=AXIS2_PLACEMENT_3D('',#5940,#5941,#5942);
#5944=PLANE('',#5943);
#5945=ADVANCED_FACE('no 21547',(#5939),#5944,.F.);
#5946=CARTESIAN_POINT('',(0.0477341,0.0864254,0.013));
#5947=VERTEX_POINT('',#5946);
#5948=CARTESIAN_POINT('',(0.0478091,0.0869948,0.013));
#5949=DIRECTION('',(-0.1305896347,-0.9914365069,0.0));
#5950=VECTOR('',#5949,1.0);
#5951=LINE('',#5948,#5950);
#5952=EDGE_CURVE('no 22257',#4963,#5947,#5951,.T.);
#5953=ORIENTED_EDGE('no 22260',*,*,#5952,.F.);
#5954=ORIENTED_EDGE('no 22259',*,*,#4968,.F.);
#5955=CARTESIAN_POINT('',(0.0478091,0.00619484,0.013));
#5956=DIRECTION('',(-0.0009343566,0.9999995635,0.0));
#5957=VECTOR('',#5956,1.0);
#5958=LINE('',#5955,#5957);
#5959=EDGE_CURVE('no 22228',#3481,#5947,#5958,.T.);
#5960=ORIENTED_EDGE('no 22258',*,*,#5959,.T.);
#5961=EDGE_LOOP('',(#5953,#5954,#5960));
#5962=FACE_OUTER_BOUND('',#5961,.T.);
#5963=CARTESIAN_POINT('',(0.0477341,0.0864254,0.013));
#5964=DIRECTION('',(-0.0,0.0,1.0));
#5965=DIRECTION('',(0.0009343566,-0.9999995635,0.0));
#5966=AXIS2_PLACEMENT_3D('',#5963,#5964,#5965);
#5967=PLANE('',#5966);
#5968=ADVANCED_FACE('no 22268',(#5962),#5967,.F.);
#5969=ORIENTED_EDGE('no 1798',*,*,#4996,.F.);
#5970=ORIENTED_EDGE('no 1799',*,*,#5345,.T.);
#5971=ORIENTED_EDGE('no 1800',*,*,#5678,.T.);
#5972=EDGE_LOOP('',(#5969,#5970,#5971));
#5973=FACE_OUTER_BOUND('',#5972,.T.);
#5974=CARTESIAN_POINT('',(0.158409,0.0919948,0.016));
#5975=DIRECTION('',(0.0,0.0,1.0));
#5976=DIRECTION('',(-0.9989796815,-0.0451618856,0.0));
#5977=AXIS2_PLACEMENT_3D('',#5974,#5975,#5976);
#5978=PLANE('',#5977);
#5979=ADVANCED_FACE('no 1808',(#5973),#5978,.T.);
#5980=CARTESIAN_POINT('',(0.0930123,0.0788483,0.016));
#5981=VERTEX_POINT('',#5980);
#5982=CARTESIAN_POINT('',(0.0930123,0.0788483,0.016));
#5983=DIRECTION('',(0.9803863891,0.1970850782,0.0));
#5984=VECTOR('',#5983,1.0);
#5985=LINE('',#5982,#5984);
#5986=EDGE_CURVE('no 1936',#5981,#692,#5985,.T.);
#5987=ORIENTED_EDGE('no 2134',*,*,#5986,.F.);
#5988=CARTESIAN_POINT('',(0.0930123,0.0788483,0.016));
#5989=DIRECTION('',(0.9859345138,0.1671320871,0.0));
#5990=VECTOR('',#5989,1.0);
#5991=LINE('',#5988,#5990);
#5992=EDGE_CURVE('no 2127',#5981,#5007,#5991,.T.);
#5993=ORIENTED_EDGE('no 2135',*,*,#5992,.T.);
#5994=ORIENTED_EDGE('no 2136',*,*,#5012,.T.);
#5995=EDGE_LOOP('',(#5987,#5993,#5994));
#5996=FACE_OUTER_BOUND('',#5995,.T.);
#5997=CARTESIAN_POINT('',(0.158409,0.0919948,0.016));
#5998=DIRECTION('',(0.0,0.0,1.0));
#5999=DIRECTION('',(-0.9803863891,-0.1970850782,0.0));
#6000=AXIS2_PLACEMENT_3D('',#5997,#5998,#5999);
#6001=PLANE('',#6000);
#6002=ADVANCED_FACE('no 2144',(#5996),#6001,.T.);
#6003=CARTESIAN_POINT('',(0.152209,0.00435092,0.016));
#6004=VERTEX_POINT('',#6003);
#6005=CARTESIAN_POINT('',(0.158409,0.00119484,0.016));
#6006=DIRECTION('',(-0.8911795984,0.4536506624,0.0));
#6007=VECTOR('',#6006,1.0);
#6008=LINE('',#6005,#6007);
#6009=EDGE_CURVE('no 892',#234,#6004,#6008,.T.);
#6010=ORIENTED_EDGE('no 1131',*,*,#6009,.F.);
#6011=ORIENTED_EDGE('no 1132',*,*,#5035,.T.);
#6012=CARTESIAN_POINT('',(0.152727,0.00410317,0.016));
#6013=DIRECTION('',(-0.9021268534,0.4314709033,0.0));
#6014=VECTOR('',#6013,1.0);
#6015=LINE('',#6012,#6014);
#6016=EDGE_CURVE('no 1130',#5030,#6004,#6015,.T.);
#6017=ORIENTED_EDGE('no 1133',*,*,#6016,.T.);
#6018=EDGE_LOOP('',(#6010,#6011,#6017));
#6019=FACE_OUTER_BOUND('',#6018,.T.);
#6020=CARTESIAN_POINT('',(0.152209,0.00435092,0.016));
#6021=DIRECTION('',(0.0,0.0,1.0));
#6022=DIRECTION('',(0.8911789344,-0.4536519666,0.0));
#6023=AXIS2_PLACEMENT_3D('',#6020,#6021,#6022);
#6024=PLANE('',#6023);
#6025=ADVANCED_FACE('no 1141',(#6019),#6024,.T.);
#6026=CARTESIAN_POINT('',(0.153292,0.00399796,0.013));
#6027=VERTEX_POINT('',#6026);
#6028=CARTESIAN_POINT('',(0.152727,0.00410317,0.016));
#6029=DIRECTION('',(0.18496978,-0.0344436647,-0.982140425));
#6030=VECTOR('',#6029,1.0);
#6031=LINE('',#6028,#6030);
#6032=EDGE_CURVE('no 9220',#5030,#6027,#6031,.T.);
#6033=ORIENTED_EDGE('no 9250',*,*,#6032,.F.);
#6034=ORIENTED_EDGE('no 9251',*,*,#5042,.F.);
#6035=CARTESIAN_POINT('',(0.153292,0.00399796,0.013));
#6036=DIRECTION('',(0.0,0.0,1.0));
#6037=VECTOR('',#6036,1.0);
#6038=LINE('',#6035,#6037);
#6039=EDGE_CURVE('no 9151',#6027,#4211,#6038,.T.);
#6040=ORIENTED_EDGE('no 9252',*,*,#6039,.F.);
#6041=EDGE_LOOP('',(#6033,#6034,#6040));
#6042=FACE_OUTER_BOUND('',#6041,.T.);
#6043=CARTESIAN_POINT('',(0.153292,0.00399796,0.013));
#6044=DIRECTION('',(0.1831889651,0.9830777197,-0.000000089));
#6045=DIRECTION('',(-0.1848399746,0.0344435953,0.9821648652));
#6046=AXIS2_PLACEMENT_3D('',#6043,#6044,#6045);
#6047=PLANE('',#6046);
#6048=ADVANCED_FACE('no 9260',(#6042),#6047,.T.);
#6049=CARTESIAN_POINT('',(0.153451,0.00402528,0.013));
#6050=VERTEX_POINT('',#6049);
#6051=CARTESIAN_POINT('',(0.153292,0.00399796,0.016));
#6052=DIRECTION('',(0.0529235296,0.0090935272,-0.998557163));
#6053=VECTOR('',#6052,1.0);
#6054=LINE('',#6051,#6053);
#6055=EDGE_CURVE('no 9139',#4211,#6050,#6054,.T.);
#6056=ORIENTED_EDGE('no 9181',*,*,#6055,.F.);
#6057=ORIENTED_EDGE('no 9182',*,*,#5058,.T.);
#6058=CARTESIAN_POINT('',(0.153864,0.00404247,0.013));
#6059=DIRECTION('',(-0.9991349169,-0.0415862693,0.0));
#6060=VECTOR('',#6059,1.0);
#6061=LINE('',#6058,#6060);
#6062=EDGE_CURVE('no 9180',#5053,#6050,#6061,.T.);
#6063=ORIENTED_EDGE('no 9183',*,*,#6062,.T.);
#6064=EDGE_LOOP('',(#6056,#6057,#6063));
#6065=FACE_OUTER_BOUND('',#6064,.T.);
#6066=CARTESIAN_POINT('',(0.153451,0.00402528,0.013));
#6067=DIRECTION('',(-0.0415812167,0.9991114003,0.0068856533));
#6068=DIRECTION('',(-0.0531149007,-0.0090923101,0.998547013));
#6069=AXIS2_PLACEMENT_3D('',#6066,#6067,#6068);
#6070=PLANE('',#6069);
#6071=ADVANCED_FACE('no 9191',(#6065),#6070,.T.);
#6072=ORIENTED_EDGE('no 9071',*,*,#5081,.T.);
#6073=CARTESIAN_POINT('',(0.154021,0.00410024,0.013));
#6074=VERTEX_POINT('',#6073);
#6075=CARTESIAN_POINT('',(0.154021,0.00410024,0.013));
#6076=DIRECTION('',(-0.9384828575,-0.345325826,0.0));
#6077=VECTOR('',#6076,1.0);
#6078=LINE('',#6075,#6077);
#6079=EDGE_CURVE('no 9064',#6074,#5053,#6078,.T.);
#6080=ORIENTED_EDGE('no 9072',*,*,#6079,.T.);
#6081=ORIENTED_EDGE('no 9073',*,*,#5065,.T.);
#6082=EDGE_LOOP('',(#6072,#6080,#6081));
#6083=FACE_OUTER_BOUND('',#6082,.T.);
#6084=CARTESIAN_POINT('',(0.153864,0.00404247,0.016));
#6085=DIRECTION('',(-0.346567071,0.9380251944,-0.000000013));
#6086=DIRECTION('',(0.0520439823,0.0192283935,-0.9984596601));
#6087=AXIS2_PLACEMENT_3D('',#6084,#6085,#6086);
#6088=PLANE('',#6087);
#6089=ADVANCED_FACE('no 9081',(#6083),#6088,.T.);
#6090=ORIENTED_EDGE('no 23718',*,*,#5154,.F.);
#6091=CARTESIAN_POINT('',(0.155314,0.0880948,0.013));
#6092=VERTEX_POINT('',#6091);
#6093=CARTESIAN_POINT('',(0.155314,0.0880948,0.013));
#6094=DIRECTION('',(0.382676216,-0.9238825216,0.0));
#6095=VECTOR('',#6094,1.0);
#6096=LINE('',#6093,#6095);
#6097=EDGE_CURVE('no 23709',#6092,#5141,#6096,.T.);
#6098=ORIENTED_EDGE('no 23717',*,*,#6097,.F.);
#6099=CARTESIAN_POINT('',(0.155314,0.0880948,0.013));
#6100=DIRECTION('',(0.6215959971,0.7833379963,0.0));
#6101=VECTOR('',#6100,1.0);
#6102=LINE('',#6099,#6101);
#6103=EDGE_CURVE('no 23686',#6092,#5149,#6102,.T.);
#6104=ORIENTED_EDGE('no 23716',*,*,#6103,.T.);
#6105=EDGE_LOOP('',(#6090,#6098,#6104));
#6106=FACE_OUTER_BOUND('',#6105,.T.);
#6107=CARTESIAN_POINT('',(0.158409,0.0919948,0.013));
#6108=DIRECTION('',(0.0,0.0,1.0));
#6109=DIRECTION('',(-0.6215959971,-0.7833379963,0.0));
#6110=AXIS2_PLACEMENT_3D('',#6107,#6108,#6109);
#6111=PLANE('',#6110);
#6112=ADVANCED_FACE('no 23726',(#6106),#6111,.F.);
#6113=CARTESIAN_POINT('',(0.154502,0.00429964,0.013));
#6114=VERTEX_POINT('',#6113);
#6115=CARTESIAN_POINT('',(0.154715,0.00444592,0.013));
#6116=DIRECTION('',(-0.8243263787,-0.5661148482,0.0));
#6117=VECTOR('',#6116,1.0);
#6118=LINE('',#6115,#6117);
#6119=EDGE_CURVE('no 8989',#5165,#6114,#6118,.T.);
#6120=ORIENTED_EDGE('no 23158',*,*,#6119,.F.);
#6121=ORIENTED_EDGE('no 23157',*,*,#5177,.F.);
#6122=CARTESIAN_POINT('',(0.1583941733,0.0012066224,0.013));
#6123=DIRECTION('',(-0.7828978318,0.6221502913,0.0));
#6124=VECTOR('',#6123,1.0);
#6125=LINE('',#6122,#6124);
#6126=EDGE_CURVE('no 23109',#419,#6114,#6125,.T.);
#6127=ORIENTED_EDGE('no 23156',*,*,#6126,.T.);
#6128=EDGE_LOOP('',(#6120,#6121,#6127));
#6129=FACE_OUTER_BOUND('',#6128,.T.);
#6130=CARTESIAN_POINT('',(0.154551,0.00432002,0.013));
#6131=DIRECTION('',(-0.0,0.0,1.0));
#6132=DIRECTION('',(0.7800215564,-0.6257526441,0.0));
#6133=AXIS2_PLACEMENT_3D('',#6130,#6131,#6132);
#6134=PLANE('',#6133);
#6135=ADVANCED_FACE('no 23166',(#6129),#6134,.F.);
#6136=CARTESIAN_POINT('',(0.154509,0.0850896,0.016));
#6137=VERTEX_POINT('',#6136);
#6138=CARTESIAN_POINT('',(0.154609,0.00803875,0.016));
#6139=DIRECTION('',(-0.0012978431,0.9999991578,0.0));
#6140=VECTOR('',#6139,1.0);
#6141=LINE('',#6138,#6140);
#6142=EDGE_CURVE('no 3049',#5188,#6137,#6141,.T.);
#6143=ORIENTED_EDGE('no 3079',*,*,#6142,.F.);
#6144=ORIENTED_EDGE('no 3080',*,*,#5193,.T.);
#6145=CARTESIAN_POINT('',(0.154965,0.0854392,0.016));
#6146=DIRECTION('',(-0.7933542749,-0.608760211,0.0));
#6147=VECTOR('',#6146,1.0);
#6148=LINE('',#6145,#6147);
#6149=EDGE_CURVE('no 3078',#4326,#6137,#6148,.T.);
#6150=ORIENTED_EDGE('no 3081',*,*,#6149,.T.);
#6151=EDGE_LOOP('',(#6143,#6144,#6150));
#6152=FACE_OUTER_BOUND('',#6151,.T.);
#6153=CARTESIAN_POINT('',(0.154509,0.0850896,0.016));
#6154=DIRECTION('',(-0.0,0.0,1.0));
#6155=DIRECTION('',(0.0012976702,-0.999999158,0.0));
#6156=AXIS2_PLACEMENT_3D('',#6153,#6154,#6155);
#6157=PLANE('',#6156);
#6158=ADVANCED_FACE('no 3089',(#6152),#6157,.T.);
#6159=CARTESIAN_POINT('',(0.154609,0.00803875,0.013));
#6160=VERTEX_POINT('',#6159);
#6161=CARTESIAN_POINT('',(0.155045,0.00766534,0.016));
#6162=DIRECTION('',(-0.1427435793,0.1222520182,-0.9821805916));
#6163=VECTOR('',#6162,1.0);
#6164=LINE('',#6161,#6163);
#6165=EDGE_CURVE('no 8497',#3644,#6160,#6164,.T.);
#6166=ORIENTED_EDGE('no 8527',*,*,#6165,.F.);
#6167=ORIENTED_EDGE('no 8528',*,*,#5199,.F.);
#6168=CARTESIAN_POINT('',(0.154609,0.00803875,0.013));
#6169=DIRECTION('',(0.0,0.0,1.0));
#6170=VECTOR('',#6169,1.0);
#6171=LINE('',#6168,#6170);
#6172=EDGE_CURVE('no 8457',#6160,#5188,#6171,.T.);
#6173=ORIENTED_EDGE('no 8529',*,*,#6172,.F.);
#6174=EDGE_LOOP('',(#6166,#6167,#6173));
#6175=FACE_OUTER_BOUND('',#6174,.T.);
#6176=CARTESIAN_POINT('',(0.154609,0.00803875,0.013));
#6177=DIRECTION('',(-0.6501849357,-0.7597759863,0.0000002086));
#6178=DIRECTION('',(0.1428560698,-0.1222500598,0.9821644802));
#6179=AXIS2_PLACEMENT_3D('',#6176,#6177,#6178);
#6180=PLANE('',#6179);
#6181=ADVANCED_FACE('no 8537',(#6175),#6180,.T.);
#6182=ORIENTED_EDGE('no 8510',*,*,#6165,.T.);
#6183=CARTESIAN_POINT('',(0.154609,0.00803875,0.013));
#6184=DIRECTION('',(0.7595184579,-0.6504857509,0.0));
#6185=VECTOR('',#6184,1.0);
#6186=LINE('',#6183,#6185);
#6187=EDGE_CURVE('no 8503',#6160,#5212,#6186,.T.);
#6188=ORIENTED_EDGE('no 8511',*,*,#6187,.T.);
#6189=ORIENTED_EDGE('no 8512',*,*,#5217,.T.);
#6190=EDGE_LOOP('',(#6182,#6188,#6189));
#6191=FACE_OUTER_BOUND('',#6190,.T.);
#6192=CARTESIAN_POINT('',(0.155045,0.00766534,0.016));
#6193=DIRECTION('',(-0.6501849357,-0.7597759863,0.0000002086));
#6194=DIRECTION('',(-0.1428560698,0.1222500598,-0.9821644802));
#6195=AXIS2_PLACEMENT_3D('',#6192,#6193,#6194);
#6196=PLANE('',#6195);
#6197=ADVANCED_FACE('no 8520',(#6191),#6196,.T.);
#6198=ORIENTED_EDGE('no 24398',*,*,#5246,.F.);
#6199=ORIENTED_EDGE('no 24397',*,*,#5223,.F.);
#6200=CARTESIAN_POINT('',(0.155045,0.00766534,0.013));
#6201=DIRECTION('',(0.003438582,0.9999940881,0.0));
#6202=VECTOR('',#6201,1.0);
#6203=LINE('',#6200,#6202);
#6204=EDGE_CURVE('no 24372',#5212,#5234,#6203,.T.);
#6205=ORIENTED_EDGE('no 24396',*,*,#6204,.T.);
#6206=EDGE_LOOP('',(#6198,#6199,#6205));
#6207=FACE_OUTER_BOUND('',#6206,.T.);
#6208=CARTESIAN_POINT('',(0.155314,0.0858948,0.013));
#6209=DIRECTION('',(0.0,0.0,1.0));
#6210=DIRECTION('',(-0.0034375703,-0.9999940915,0.0));
#6211=AXIS2_PLACEMENT_3D('',#6208,#6209,#6210);
#6212=PLANE('',#6211);
#6213=ADVANCED_FACE('no 24406',(#6207),#6212,.F.);
#6214=ORIENTED_EDGE('no 609',*,*,#5263,.F.);
#6215=CARTESIAN_POINT('',(0.103739,0.0169808,0.016));
#6216=VERTEX_POINT('',#6215);
#6217=CARTESIAN_POINT('',(0.158409,0.00119484,0.016));
#6218=DIRECTION('',(-0.9607497659,0.277416451,0.0));
#6219=VECTOR('',#6218,1.0);
#6220=LINE('',#6217,#6219);
#6221=EDGE_CURVE('no 602',#234,#6216,#6220,.T.);
#6222=ORIENTED_EDGE('no 610',*,*,#6221,.T.);
#6223=CARTESIAN_POINT('',(0.103739,0.0169808,0.016));
#6224=DIRECTION('',(-0.9958592202,0.0909088201,0.0));
#6225=VECTOR('',#6224,1.0);
#6226=LINE('',#6223,#6225);
#6227=EDGE_CURVE('no 608',#6216,#5258,#6226,.T.);
#6228=ORIENTED_EDGE('no 611',*,*,#6227,.T.);
#6229=EDGE_LOOP('',(#6214,#6222,#6228));
#6230=FACE_OUTER_BOUND('',#6229,.T.);
#6231=CARTESIAN_POINT('',(0.101659,0.0171707,0.016));
#6232=DIRECTION('',(0.0,0.0,1.0));
#6233=DIRECTION('',(0.9625849795,-0.2709799942,0.0));
#6234=AXIS2_PLACEMENT_3D('',#6231,#6232,#6233);
#6235=PLANE('',#6234);
#6236=ADVANCED_FACE('no 619',(#6230),#6235,.T.);
#6237=CARTESIAN_POINT('',(0.101659,0.0171707,0.013));
#6238=VERTEX_POINT('',#6237);
#6239=CARTESIAN_POINT('',(0.0846593,0.0171707,0.016));
#6240=DIRECTION('',(0.9847830339,0.0,-0.1737883081));
#6241=VECTOR('',#6240,1.0);
#6242=LINE('',#6239,#6241);
#6243=EDGE_CURVE('no 6249',#4382,#6238,#6242,.T.);
#6244=ORIENTED_EDGE('no 6279',*,*,#6243,.F.);
#6245=ORIENTED_EDGE('no 6280',*,*,#5269,.F.);
#6246=CARTESIAN_POINT('',(0.101659,0.0171707,0.013));
#6247=DIRECTION('',(0.0,0.0,1.0));
#6248=VECTOR('',#6247,1.0);
#6249=LINE('',#6246,#6248);
#6250=EDGE_CURVE('no 6197',#6238,#5258,#6249,.T.);
#6251=ORIENTED_EDGE('no 6281',*,*,#6250,.F.);
#6252=EDGE_LOOP('',(#6244,#6245,#6251));
#6253=FACE_OUTER_BOUND('',#6252,.T.);
#6254=CARTESIAN_POINT('',(0.101659,0.0171707,0.013));
#6255=DIRECTION('',(0.0,1.0,-0.0));
#6256=DIRECTION('',(-0.9847836293,0.0,0.1737849346));
#6257=AXIS2_PLACEMENT_3D('',#6254,#6255,#6256);
#6258=PLANE('',#6257);
#6259=ADVANCED_FACE('no 6289',(#6253),#6258,.T.);
#6260=CARTESIAN_POINT('',(0.0846593,0.0341707,0.016));
#6261=VERTEX_POINT('',#6260);
#6262=CARTESIAN_POINT('',(0.0790074,0.0370378,0.016));
#6263=DIRECTION('',(0.891812683,-0.4524048392,0.0));
#6264=VECTOR('',#6263,1.0);
#6265=LINE('',#6262,#6264);
#6266=EDGE_CURVE('no 2017',#5281,#6261,#6265,.T.);
#6267=ORIENTED_EDGE('no 2047',*,*,#6266,.F.);
#6268=ORIENTED_EDGE('no 2048',*,*,#5286,.F.);
#6269=CARTESIAN_POINT('',(0.0846593,0.0171707,0.016));
#6270=DIRECTION('',(0.0,1.0,0.0));
#6271=VECTOR('',#6270,1.0);
#6272=LINE('',#6269,#6271);
#6273=EDGE_CURVE('no 2046',#4382,#6261,#6272,.T.);
#6274=ORIENTED_EDGE('no 2049',*,*,#6273,.T.);
#6275=EDGE_LOOP('',(#6267,#6268,#6274));
#6276=FACE_OUTER_BOUND('',#6275,.T.);
#6277=CARTESIAN_POINT('',(0.0846593,0.0341707,0.016));
#6278=DIRECTION('',(0.0,0.0,1.0));
#6279=DIRECTION('',(-0.891812683,0.4524048392,0.0));
#6280=AXIS2_PLACEMENT_3D('',#6277,#6278,#6279);
#6281=PLANE('',#6280);
#6282=ADVANCED_FACE('no 2057',(#6276),#6281,.T.);
#6283=CARTESIAN_POINT('',(0.0846593,0.0171707,0.013));
#6284=VERTEX_POINT('',#6283);
#6285=CARTESIAN_POINT('',(0.0540074,0.0180378,0.013));
#6286=DIRECTION('',(0.9996000775,-0.0282787022,0.0));
#6287=VECTOR('',#6286,1.0);
#6288=LINE('',#6285,#6287);
#6289=EDGE_CURVE('no 20066',#5304,#6284,#6288,.T.);
#6290=ORIENTED_EDGE('no 20096',*,*,#6289,.F.);
#6291=ORIENTED_EDGE('no 20097',*,*,#5309,.F.);
#6292=CARTESIAN_POINT('',(0.0790074,0.0180378,0.013));
#6293=DIRECTION('',(0.9884352976,-0.1516432079,0.0));
#6294=VECTOR('',#6293,1.0);
#6295=LINE('',#6292,#6294);
#6296=EDGE_CURVE('no 20095',#4404,#6284,#6295,.T.);
#6297=ORIENTED_EDGE('no 20098',*,*,#6296,.T.);
#6298=EDGE_LOOP('',(#6290,#6291,#6297));
#6299=FACE_OUTER_BOUND('',#6298,.T.);
#6300=CARTESIAN_POINT('',(0.0846593,0.0171707,0.013));
#6301=DIRECTION('',(0.0,0.0,-1.0));
#6302=DIRECTION('',(-0.9996000775,0.0282787022,0.0));
#6303=AXIS2_PLACEMENT_3D('',#6300,#6301,#6302);
#6304=PLANE('',#6303);
#6305=ADVANCED_FACE('no 20106',(#6299),#6304,.T.);
#6306=ORIENTED_EDGE('no 5476',*,*,#5368,.T.);
#6307=ORIENTED_EDGE('no 5477',*,*,#5315,.F.);
#6308=CARTESIAN_POINT('',(0.0540074,0.0180378,0.013));
#6309=DIRECTION('',(0.0,1.0,0.0));
#6310=VECTOR('',#6309,1.0);
#6311=LINE('',#6308,#6310);
#6312=EDGE_CURVE('no 5475',#5304,#5363,#6311,.T.);
#6313=ORIENTED_EDGE('no 5478',*,*,#6312,.T.);
#6314=EDGE_LOOP('',(#6306,#6307,#6313));
#6315=FACE_OUTER_BOUND('',#6314,.T.);
#6316=CARTESIAN_POINT('',(0.0540074,0.0370378,0.013));
#6317=DIRECTION('',(1.0,0.0,0.0));
#6318=DIRECTION('',(0.0,-0.9877629005,0.1559629843));
#6319=AXIS2_PLACEMENT_3D('',#6316,#6317,#6318);
#6320=PLANE('',#6319);
#6321=ADVANCED_FACE('no 5486',(#6315),#6320,.T.);
#6322=ORIENTED_EDGE('no 5395',*,*,#5329,.F.);
#6323=CARTESIAN_POINT('',(0.0790074,0.0370378,0.013));
#6324=VERTEX_POINT('',#6323);
#6325=CARTESIAN_POINT('',(0.0790074,0.0370378,0.016));
#6326=DIRECTION('',(0.0,0.0,-1.0));
#6327=VECTOR('',#6326,1.0);
#6328=LINE('',#6325,#6327);
#6329=EDGE_CURVE('no 5388',#5281,#6324,#6328,.T.);
#6330=ORIENTED_EDGE('no 5396',*,*,#6329,.T.);
#6331=CARTESIAN_POINT('',(0.0790074,0.0370378,0.013));
#6332=DIRECTION('',(0.0,-1.0,0.0));
#6333=VECTOR('',#6332,1.0);
#6334=LINE('',#6331,#6333);
#6335=EDGE_CURVE('no 5394',#6324,#4404,#6334,.T.);
#6336=ORIENTED_EDGE('no 5397',*,*,#6335,.T.);
#6337=EDGE_LOOP('',(#6322,#6330,#6336));
#6338=FACE_OUTER_BOUND('',#6337,.T.);
#6339=CARTESIAN_POINT('',(0.0790074,0.0180378,0.013));
#6340=DIRECTION('',(-1.0,0.0,0.0));
#6341=DIRECTION('',(0.0,0.9877629005,0.1559629843));
#6342=AXIS2_PLACEMENT_3D('',#6339,#6340,#6341);
#6343=PLANE('',#6342);
#6344=ADVANCED_FACE('no 5405',(#6338),#6343,.T.);
#6345=ORIENTED_EDGE('no 1879',*,*,#5352,.F.);
#6346=CARTESIAN_POINT('',(0.0540074,0.0370378,0.016));
#6347=DIRECTION('',(0.0593477734,0.9982373675,0.0));
#6348=VECTOR('',#6347,1.0);
#6349=LINE('',#6346,#6348);
#6350=EDGE_CURVE('no 1872',#4427,#5696,#6349,.T.);
#6351=ORIENTED_EDGE('no 1880',*,*,#6350,.T.);
#6352=ORIENTED_EDGE('no 1881',*,*,#5708,.T.);
#6353=EDGE_LOOP('',(#6345,#6351,#6352));
#6354=FACE_OUTER_BOUND('',#6353,.T.);
#6355=CARTESIAN_POINT('',(0.0553128,0.0819948,0.016));
#6356=DIRECTION('',(0.0,0.0,1.0));
#6357=DIRECTION('',(-0.0290245912,-0.9995786978,0.0));
#6358=AXIS2_PLACEMENT_3D('',#6355,#6356,#6357);
#6359=PLANE('',#6358);
#6360=ADVANCED_FACE('no 1889',(#6354),#6359,.T.);
#6361=CARTESIAN_POINT('',(0.0790074,0.0370378,0.016));
#6362=DIRECTION('',(-0.9928768385,0.0,-0.1191452206));
#6363=VECTOR('',#6362,1.0);
#6364=LINE('',#6361,#6363);
#6365=EDGE_CURVE('no 5521',#5281,#5363,#6364,.T.);
#6366=ORIENTED_EDGE('no 5545',*,*,#6365,.F.);
#6367=CARTESIAN_POINT('',(0.0540074,0.0370378,0.016));
#6368=DIRECTION('',(1.0,0.0,0.0));
#6369=VECTOR('',#6368,1.0);
#6370=LINE('',#6367,#6369);
#6371=EDGE_CURVE('no 4428',#4427,#5281,#6370,.T.);
#6372=ORIENTED_EDGE('no 5546',*,*,#6371,.F.);
#6373=ORIENTED_EDGE('no 5547',*,*,#5374,.F.);
#6374=EDGE_LOOP('',(#6366,#6372,#6373));
#6375=FACE_OUTER_BOUND('',#6374,.T.);
#6376=CARTESIAN_POINT('',(0.0540074,0.0370378,0.013));
#6377=DIRECTION('',(0.0,-1.0,0.0));
#6378=DIRECTION('',(0.9928768669,0.0,0.119144984));
#6379=AXIS2_PLACEMENT_3D('',#6376,#6377,#6378);
#6380=PLANE('',#6379);
#6381=ADVANCED_FACE('no 5555',(#6375),#6380,.T.);
#6382=CARTESIAN_POINT('',(0.0475143,0.0858948,0.016));
#6383=VERTEX_POINT('',#6382);
#6384=CARTESIAN_POINT('',(0.0477341,0.00676424,0.016));
#6385=DIRECTION('',(-0.0027776772,0.9999961422,0.0));
#6386=VECTOR('',#6385,1.0);
#6387=LINE('',#6384,#6386);
#6388=EDGE_CURVE('no 3884',#4473,#6383,#6387,.T.);
#6389=ORIENTED_EDGE('no 3914',*,*,#6388,.F.);
#6390=ORIENTED_EDGE('no 3915',*,*,#5389,.T.);
#6391=CARTESIAN_POINT('',(0.0477341,0.0864254,0.016));
#6392=DIRECTION('',(-0.3826870194,-0.9238780467,0.0));
#6393=VECTOR('',#6392,1.0);
#6394=LINE('',#6391,#6393);
#6395=EDGE_CURVE('no 3913',#4450,#6383,#6394,.T.);
#6396=ORIENTED_EDGE('no 3916',*,*,#6395,.T.);
#6397=EDGE_LOOP('',(#6389,#6390,#6396));
#6398=FACE_OUTER_BOUND('',#6397,.T.);
#6399=CARTESIAN_POINT('',(0.0475143,0.0858948,0.016));
#6400=DIRECTION('',(-0.0,0.0,1.0));
#6401=DIRECTION('',(0.0027774404,-0.9999961429,0.0));
#6402=AXIS2_PLACEMENT_3D('',#6399,#6400,#6401);
#6403=PLANE('',#6402);
#6404=ADVANCED_FACE('no 3924',(#6398),#6403,.T.);
#6405=CARTESIAN_POINT('',(0.0475143,0.00729484,0.016));
#6406=VERTEX_POINT('',#6405);
#6407=CARTESIAN_POINT('',(0.0475143,0.00729484,0.016));
#6408=DIRECTION('',(0.0719598741,-0.1737120527,-0.9821638862));
#6409=VECTOR('',#6408,1.0);
#6410=LINE('',#6407,#6409);
#6411=EDGE_CURVE('no 7243',#6406,#5403,#6410,.T.);
#6412=ORIENTED_EDGE('no 7250',*,*,#6411,.T.);
#6413=ORIENTED_EDGE('no 7251',*,*,#5408,.T.);
#6414=CARTESIAN_POINT('',(0.0475143,0.00729484,0.016));
#6415=DIRECTION('',(0.3827106054,-0.9238682766,0.0));
#6416=VECTOR('',#6415,1.0);
#6417=LINE('',#6414,#6416);
#6418=EDGE_CURVE('no 3878',#6406,#4473,#6417,.T.);
#6419=ORIENTED_EDGE('no 7252',*,*,#6418,.F.);
#6420=EDGE_LOOP('',(#6412,#6413,#6419));
#6421=FACE_OUTER_BOUND('',#6420,.T.);
#6422=CARTESIAN_POINT('',(0.0475143,0.00729484,0.016));
#6423=DIRECTION('',(-0.9238792472,-0.3826841211,-0.0000000904));
#6424=DIRECTION('',(0.0719537371,-0.1737110895,-0.9821645061));
#6425=AXIS2_PLACEMENT_3D('',#6422,#6423,#6424);
#6426=PLANE('',#6425);
#6427=ADVANCED_FACE('no 7260',(#6421),#6426,.T.);
#6428=ORIENTED_EDGE('no 22231',*,*,#5959,.F.);
#6429=ORIENTED_EDGE('no 22230',*,*,#5414,.F.);
#6430=CARTESIAN_POINT('',(0.0477341,0.00676424,0.013));
#6431=DIRECTION('',(0.0,1.0,0.0));
#6432=VECTOR('',#6431,1.0);
#6433=LINE('',#6430,#6432);
#6434=EDGE_CURVE('no 22199',#5403,#5947,#6433,.T.);
#6435=ORIENTED_EDGE('no 22229',*,*,#6434,.T.);
#6436=EDGE_LOOP('',(#6428,#6429,#6435));
#6437=FACE_OUTER_BOUND('',#6436,.T.);
#6438=CARTESIAN_POINT('',(0.0477341,0.0864254,0.013));
#6439=DIRECTION('',(0.0,0.0,1.0));
#6440=DIRECTION('',(0.0,-1.0,0.0));
#6441=AXIS2_PLACEMENT_3D('',#6438,#6439,#6440);
#6442=PLANE('',#6441);
#6443=ADVANCED_FACE('no 22239',(#6437),#6442,.F.);
#6444=CARTESIAN_POINT('',(0.0456514,0.0892253,0.0));
#6445=DIRECTION('',(0.0,0.0,1.0));
#6446=VECTOR('',#6445,1.0);
#6447=LINE('',#6444,#6446);
#6448=EDGE_CURVE('no 11521',#5496,#4496,#6447,.T.);
#6449=ORIENTED_EDGE('no 11524',*,*,#6448,.F.);
#6450=ORIENTED_EDGE('no 11523',*,*,#5501,.F.);
#6451=ORIENTED_EDGE('no 11522',*,*,#5430,.F.);
#6452=EDGE_LOOP('',(#6449,#6450,#6451));
#6453=FACE_OUTER_BOUND('',#6452,.T.);
#6454=CARTESIAN_POINT('',(0.0456514,0.0892253,0.013));
#6455=DIRECTION('',(0.130520941,-0.9914455527,-0.0000000015));
#6456=DIRECTION('',(-0.0437575812,-0.0057605575,-0.9990255703));
#6457=AXIS2_PLACEMENT_3D('',#6454,#6455,#6456);
#6458=PLANE('',#6457);
#6459=ADVANCED_FACE('no 11532',(#6453),#6458,.F.);
#6460=CARTESIAN_POINT('',(0.0467091,0.0889001,0.013));
#6461=VERTEX_POINT('',#6460);
#6462=CARTESIAN_POINT('',(0.0467091,0.0889001,0.013));
#6463=DIRECTION('',(0.7865867408,0.6174797966,0.0));
#6464=VECTOR('',#6463,1.0);
#6465=LINE('',#6462,#6464);
#6466=EDGE_CURVE('no 21391',#6461,#3194,#6465,.T.);
#6467=ORIENTED_EDGE('no 21394',*,*,#6466,.F.);
#6468=CARTESIAN_POINT('',(0.0461785,0.0891199,0.013));
#6469=DIRECTION('',(0.9238780467,-0.3826870194,0.0));
#6470=VECTOR('',#6469,1.0);
#6471=LINE('',#6468,#6470);
#6472=EDGE_CURVE('no 21385',#5441,#6461,#6471,.T.);
#6473=ORIENTED_EDGE('no 21393',*,*,#6472,.F.);
#6474=ORIENTED_EDGE('no 21392',*,*,#5446,.T.);
#6475=EDGE_LOOP('',(#6467,#6473,#6474));
#6476=FACE_OUTER_BOUND('',#6475,.T.);
#6477=CARTESIAN_POINT('',(0.0506514,0.0919948,0.013));
#6478=DIRECTION('',(0.0,0.0,1.0));
#6479=DIRECTION('',(-0.8412187943,-0.5406948678,0.0));
#6480=AXIS2_PLACEMENT_3D('',#6477,#6478,#6479);
#6481=PLANE('',#6480);
#6482=ADVANCED_FACE('no 21402',(#6476),#6481,.F.);
#6483=CARTESIAN_POINT('',(0.0435263,0.0864559,0.013));
#6484=VERTEX_POINT('',#6483);
#6485=CARTESIAN_POINT('',(0.0434514,0.0870253,0.013));
#6486=DIRECTION('',(0.1304184788,-0.9914590362,0.0));
#6487=VECTOR('',#6486,1.0);
#6488=LINE('',#6485,#6487);
#6489=EDGE_CURVE('no 10598',#4519,#6484,#6488,.T.);
#6490=ORIENTED_EDGE('no 10601',*,*,#6489,.F.);
#6491=ORIENTED_EDGE('no 10600',*,*,#5468,.F.);
#6492=CARTESIAN_POINT('',(0.0434514,0.0870253,0.0));
#6493=DIRECTION('',(0.0057608375,-0.0437575811,0.9990255687));
#6494=VECTOR('',#6493,1.0);
#6495=LINE('',#6492,#6494);
#6496=EDGE_CURVE('no 10563',#4542,#6484,#6495,.T.);
#6497=ORIENTED_EDGE('no 10599',*,*,#6496,.T.);
#6498=EDGE_LOOP('',(#6490,#6491,#6497));
#6499=FACE_OUTER_BOUND('',#6498,.T.);
#6500=CARTESIAN_POINT('',(0.0435263,0.0864559,0.013));
#6501=DIRECTION('',(0.9914447592,0.1305269686,-0.0000000078));
#6502=DIRECTION('',(-0.0057608375,0.0437575811,-0.9990255687));
#6503=AXIS2_PLACEMENT_3D('',#6500,#6501,#6502);
#6504=PLANE('',#6503);
#6505=ADVANCED_FACE('no 10609',(#6499),#6504,.F.);
#6506=CARTESIAN_POINT('',(0.0437662,0.00608061,0.0));
#6507=VERTEX_POINT('',#6506);
#6508=CARTESIAN_POINT('',(0.0434514,0.0870253,0.0));
#6509=DIRECTION('',(0.003889046,-0.9999924376,0.0));
#6510=VECTOR('',#6509,1.0);
#6511=LINE('',#6508,#6510);
#6512=EDGE_CURVE('no 13752',#4542,#6507,#6511,.T.);
#6513=ORIENTED_EDGE('no 13755',*,*,#6512,.F.);
#6514=ORIENTED_EDGE('no 13754',*,*,#5484,.T.);
#6515=CARTESIAN_POINT('',(0.0406514,0.00122528,0.0));
#6516=DIRECTION('',(0.539962063,0.8416893551,0.0));
#6517=VECTOR('',#6516,1.0);
#6518=LINE('',#6515,#6517);
#6519=EDGE_CURVE('no 13729',#4878,#6507,#6518,.T.);
#6520=ORIENTED_EDGE('no 13753',*,*,#6519,.T.);
#6521=EDGE_LOOP('',(#6513,#6514,#6520));
#6522=FACE_OUTER_BOUND('',#6521,.T.);
#6523=CARTESIAN_POINT('',(0.0437662,0.00608061,0.0));
#6524=DIRECTION('',(-0.0,0.0,-1.0));
#6525=DIRECTION('',(-0.5399677938,-0.8416856786,0.0));
#6526=AXIS2_PLACEMENT_3D('',#6523,#6524,#6525);
#6527=PLANE('',#6526);
#6528=ADVANCED_FACE('no 13763',(#6522),#6527,.F.);
#6529=ORIENTED_EDGE('no 8319',*,*,#5524,.T.);
#6530=CARTESIAN_POINT('',(0.0461785,0.00831987,0.013));
#6531=VERTEX_POINT('',#6530);
#6532=CARTESIAN_POINT('',(0.0456565995,0.008388586,0.013));
#6533=DIRECTION('',(0.9914432687,-0.1305382892,0.0));
#6534=VECTOR('',#6533,1.0);
#6535=LINE('',#6532,#6534);
#6536=EDGE_CURVE('no 8318',#5550,#6531,#6535,.T.);
#6537=ORIENTED_EDGE('no 8320',*,*,#6536,.T.);
#6538=CARTESIAN_POINT('',(0.0461785,0.00831987,0.016));
#6539=DIRECTION('',(0.0,0.0,-1.0));
#6540=VECTOR('',#6539,1.0);
#6541=LINE('',#6538,#6540);
#6542=EDGE_CURVE('no 7116',#5519,#6531,#6541,.T.);
#6543=ORIENTED_EDGE('no 8321',*,*,#6542,.F.);
#6544=EDGE_LOOP('',(#6529,#6537,#6543));
#6545=FACE_OUTER_BOUND('',#6544,.T.);
#6546=CARTESIAN_POINT('',(0.0461785,0.00831987,0.016));
#6547=DIRECTION('',(-0.1305259731,-0.9914448902,0.0000000706));
#6548=DIRECTION('',(-0.1713579167,0.022559589,-0.9849505213));
#6549=AXIS2_PLACEMENT_3D('',#6546,#6547,#6548);
#6550=PLANE('',#6549);
#6551=ADVANCED_FACE('no 8329',(#6545),#6550,.T.);
#6552=CARTESIAN_POINT('',(0.0462208,0.0849002,0.013));
#6553=VERTEX_POINT('',#6552);
#6554=CARTESIAN_POINT('',(0.0456514,0.0848253,0.013));
#6555=DIRECTION('',(0.9914590362,0.1304184788,0.0));
#6556=VECTOR('',#6555,1.0);
#6557=LINE('',#6554,#6556);
#6558=EDGE_CURVE('no 12606',#5542,#6553,#6557,.T.);
#6559=ORIENTED_EDGE('no 21926',*,*,#6558,.T.);
#6560=CARTESIAN_POINT('',(0.0456090531,0.0083889702,0.013));
#6561=DIRECTION('',(0.0079952627,0.9999680374,0.0));
#6562=VECTOR('',#6561,1.0);
#6563=LINE('',#6560,#6562);
#6564=EDGE_CURVE('no 21923',#5550,#6553,#6563,.T.);
#6565=ORIENTED_EDGE('no 21925',*,*,#6564,.F.);
#6566=ORIENTED_EDGE('no 21924',*,*,#5555,.T.);
#6567=EDGE_LOOP('',(#6559,#6565,#6566));
#6568=FACE_OUTER_BOUND('',#6567,.T.);
#6569=CARTESIAN_POINT('',(0.0456514,0.0848253,0.013));
#6570=DIRECTION('',(-0.0,0.0,1.0));
#6571=DIRECTION('',(0.0000676956,-0.9999999977,0.0));
#6572=AXIS2_PLACEMENT_3D('',#6569,#6570,#6571);
#6573=PLANE('',#6572);
#6574=ADVANCED_FACE('no 21934',(#6568),#6573,.F.);
#6575=ORIENTED_EDGE('no 3682',*,*,#5572,.F.);
#6576=CARTESIAN_POINT('',(0.0461785,0.0848698,0.016));
#6577=VERTEX_POINT('',#6576);
#6578=CARTESIAN_POINT('',(0.0461785,0.00831987,0.016));
#6579=DIRECTION('',(0.0,1.0,0.0));
#6580=VECTOR('',#6579,1.0);
#6581=LINE('',#6578,#6580);
#6582=EDGE_CURVE('no 3675',#5519,#6577,#6581,.T.);
#6583=ORIENTED_EDGE('no 3683',*,*,#6582,.T.);
#6584=CARTESIAN_POINT('',(0.0461785,0.0848698,0.016));
#6585=DIRECTION('',(-0.9914437068,-0.1305349614,0.0));
#6586=VECTOR('',#6585,1.0);
#6587=LINE('',#6584,#6586);
#6588=EDGE_CURVE('no 3681',#6577,#4646,#6587,.T.);
#6589=ORIENTED_EDGE('no 3684',*,*,#6588,.T.);
#6590=EDGE_LOOP('',(#6575,#6583,#6589));
#6591=FACE_OUTER_BOUND('',#6590,.T.);
#6592=CARTESIAN_POINT('',(0.0456091,0.0847948,0.016));
#6593=DIRECTION('',(-0.0,0.0,1.0));
#6594=DIRECTION('',(0.0074453621,-0.9999722829,0.0));
#6595=AXIS2_PLACEMENT_3D('',#6592,#6593,#6594);
#6596=PLANE('',#6595);
#6597=ADVANCED_FACE('no 3692',(#6591),#6596,.T.);
#6598=ORIENTED_EDGE('no 25163',*,*,#5588,.T.);
#6599=CARTESIAN_POINT('',(0.0746275,0.0919948,0.013));
#6600=VERTEX_POINT('',#6599);
#6601=CARTESIAN_POINT('',(0.0746275,0.0919948,0.013));
#6602=DIRECTION('',(0.0,-1.0,0.0));
#6603=VECTOR('',#6602,1.0);
#6604=LINE('',#6601,#6603);
#6605=EDGE_CURVE('no 24551',#6600,#5583,#6604,.T.);
#6606=ORIENTED_EDGE('no 25164',*,*,#6605,.F.);
#6607=CARTESIAN_POINT('',(0.0746275,0.0919948,0.013));
#6608=DIRECTION('',(1.0,0.0,0.0));
#6609=VECTOR('',#6608,1.0);
#6610=LINE('',#6607,#6609);
#6611=EDGE_CURVE('no 10128',#6600,#4668,#6610,.T.);
#6612=ORIENTED_EDGE('no 25165',*,*,#6611,.T.);
#6613=EDGE_LOOP('',(#6598,#6606,#6612));
#6614=FACE_OUTER_BOUND('',#6613,.T.);
#6615=CARTESIAN_POINT('',(0.148451,0.0919948,0.013));
#6616=DIRECTION('',(-0.0,0.0,-1.0));
#6617=DIRECTION('',(-0.999908269,-0.0135445036,0.0));
#6618=AXIS2_PLACEMENT_3D('',#6615,#6616,#6617);
#6619=PLANE('',#6618);
#6620=ADVANCED_FACE('no 25173',(#6614),#6619,.T.);
#6621=ORIENTED_EDGE('no 22928',*,*,#5612,.F.);
#6622=CARTESIAN_POINT('',(0.151212,0.0063121,0.013));
#6623=VERTEX_POINT('',#6622);
#6624=CARTESIAN_POINT('',(0.148451,0.0919948,0.013));
#6625=VERTEX_POINT('',#6624);
#6626=CARTESIAN_POINT('',(0.151212,0.0063121,0.013));
#6627=DIRECTION('',(-0.0322068243,0.9994812257,0.0));
#6628=VECTOR('',#6627,1.0);
#6629=LINE('',#6626,#6628);
#6630=EDGE_CURVE('no 22919',#6623,#6625,#6629,.T.);
#6631=ORIENTED_EDGE('no 22927',*,*,#6630,.F.);
#6632=CARTESIAN_POINT('',(0.151212,0.0063121,0.013));
#6633=DIRECTION('',(-0.0364547112,0.9993353061,0.0));
#6634=VECTOR('',#6633,1.0);
#6635=LINE('',#6632,#6634);
#6636=EDGE_CURVE('no 22896',#6623,#5607,#6635,.T.);
#6637=ORIENTED_EDGE('no 22926',*,*,#6636,.T.);
#6638=EDGE_LOOP('',(#6621,#6631,#6637));
#6639=FACE_OUTER_BOUND('',#6638,.T.);
#6640=CARTESIAN_POINT('',(0.148451,0.0819948,0.013));
#6641=DIRECTION('',(-0.0,0.0,1.0));
#6642=DIRECTION('',(0.0364547112,-0.9993353061,0.0));
#6643=AXIS2_PLACEMENT_3D('',#6640,#6641,#6642);
#6644=PLANE('',#6643);
#6645=ADVANCED_FACE('no 22936',(#6639),#6644,.F.);
#6646=ORIENTED_EDGE('no 19732',*,*,#5657,.F.);
#6647=ORIENTED_EDGE('no 19733',*,*,#5618,.T.);
#6648=CARTESIAN_POINT('',(0.148451,0.0819948,0.013));
#6649=VERTEX_POINT('',#6648);
#6650=CARTESIAN_POINT('',(0.148451,0.0819948,0.013));
#6651=DIRECTION('',(-0.9983932374,-0.0566651873,0.0));
#6652=VECTOR('',#6651,1.0);
#6653=LINE('',#6650,#6652);
#6654=EDGE_CURVE('no 19731',#6649,#5652,#6653,.T.);
#6655=ORIENTED_EDGE('no 19734',*,*,#6654,.T.);
#6656=EDGE_LOOP('',(#6646,#6647,#6655));
#6657=FACE_OUTER_BOUND('',#6656,.T.);
#6658=CARTESIAN_POINT('',(0.0930123,0.0788483,0.013));
#6659=DIRECTION('',(0.0,0.0,-1.0));
#6660=DIRECTION('',(-0.9778480494,0.2093160106,0.0));
#6661=AXIS2_PLACEMENT_3D('',#6658,#6659,#6660);
#6662=PLANE('',#6661);
#6663=ADVANCED_FACE('no 19742',(#6657),#6662,.T.);
#6664=CARTESIAN_POINT('',(0.0553128,0.0589948,0.016));
#6665=DIRECTION('',(0.9916004112,0.0,-0.1293391841));
#6666=VECTOR('',#6665,1.0);
#6667=LINE('',#6664,#6666);
#6668=EDGE_CURVE('no 7035',#5696,#4691,#6667,.T.);
#6669=ORIENTED_EDGE('no 7059',*,*,#6668,.F.);
#6670=CARTESIAN_POINT('',(0.0783128,0.0589948,0.016));
#6671=DIRECTION('',(-1.0,0.0,0.0));
#6672=VECTOR('',#6671,1.0);
#6673=LINE('',#6670,#6672);
#6674=EDGE_CURVE('no 4683',#5630,#5696,#6673,.T.);
#6675=ORIENTED_EDGE('no 7060',*,*,#6674,.F.);
#6676=ORIENTED_EDGE('no 7061',*,*,#5635,.F.);
#6677=EDGE_LOOP('',(#6669,#6675,#6676));
#6678=FACE_OUTER_BOUND('',#6677,.T.);
#6679=CARTESIAN_POINT('',(0.0783128,0.0589948,0.013));
#6680=DIRECTION('',(0.0,1.0,-0.0));
#6681=DIRECTION('',(-0.9916004279,0.0,0.1293390558));
#6682=AXIS2_PLACEMENT_3D('',#6679,#6680,#6681);
#6683=PLANE('',#6682);
#6684=ADVANCED_FACE('no 7069',(#6678),#6683,.T.);
#6685=CARTESIAN_POINT('',(0.0790074,0.0370378,0.016));
#6686=DIRECTION('',(-0.0316187413,0.9995000026,0.0));
#6687=VECTOR('',#6686,1.0);
#6688=LINE('',#6685,#6687);
#6689=EDGE_CURVE('no 4515',#5281,#5630,#6688,.T.);
#6690=ORIENTED_EDGE('no 4545',*,*,#6689,.F.);
#6691=CARTESIAN_POINT('',(0.0783128,0.0819948,0.016));
#6692=DIRECTION('',(0.0154484754,-0.9998806652,0.0));
#6693=VECTOR('',#6692,1.0);
#6694=LINE('',#6691,#6693);
#6695=EDGE_CURVE('no 1959',#3350,#5281,#6694,.T.);
#6696=ORIENTED_EDGE('no 4546',*,*,#6695,.F.);
#6697=ORIENTED_EDGE('no 4547',*,*,#5641,.T.);
#6698=EDGE_LOOP('',(#6690,#6696,#6697));
#6699=FACE_OUTER_BOUND('',#6698,.T.);
#6700=CARTESIAN_POINT('',(0.0783128,0.0589948,0.016));
#6701=DIRECTION('',(-0.0,0.0,1.0));
#6702=DIRECTION('',(0.0316185003,-0.9995000102,0.0));
#6703=AXIS2_PLACEMENT_3D('',#6700,#6701,#6702);
#6704=PLANE('',#6703);
#6705=ADVANCED_FACE('no 4555',(#6699),#6704,.T.);
#6706=ORIENTED_EDGE('no 19761',*,*,#5663,.F.);
#6707=CARTESIAN_POINT('',(0.0930123,0.0788483,0.013));
#6708=DIRECTION('',(-0.3176167408,-0.9482191761,0.0));
#6709=VECTOR('',#6708,1.0);
#6710=LINE('',#6707,#6709);
#6711=EDGE_CURVE('no 19754',#5652,#6324,#6710,.T.);
#6712=ORIENTED_EDGE('no 19762',*,*,#6711,.T.);
#6713=CARTESIAN_POINT('',(0.0790074,0.0370378,0.013));
#6714=DIRECTION('',(-0.0316187413,0.9995000026,0.0));
#6715=VECTOR('',#6714,1.0);
#6716=LINE('',#6713,#6715);
#6717=EDGE_CURVE('no 19760',#6324,#4691,#6716,.T.);
#6718=ORIENTED_EDGE('no 19763',*,*,#6717,.T.);
#6719=EDGE_LOOP('',(#6706,#6712,#6718));
#6720=FACE_OUTER_BOUND('',#6719,.T.);
#6721=CARTESIAN_POINT('',(0.0783128,0.0589948,0.013));
#6722=DIRECTION('',(0.0,0.0,-1.0));
#6723=DIRECTION('',(0.595050972,0.8036879622,0.0));
#6724=AXIS2_PLACEMENT_3D('',#6721,#6722,#6723);
#6725=PLANE('',#6724);
#6726=ADVANCED_FACE('no 19771',(#6720),#6725,.T.);
#6727=ORIENTED_EDGE('no 1937',*,*,#5685,.F.);
#6728=CARTESIAN_POINT('',(0.0783128,0.0819948,0.016));
#6729=DIRECTION('',(0.9778486316,-0.2093132909,0.0));
#6730=VECTOR('',#6729,1.0);
#6731=LINE('',#6728,#6730);
#6732=EDGE_CURVE('no 1930',#3350,#5981,#6731,.T.);
#6733=ORIENTED_EDGE('no 1938',*,*,#6732,.T.);
#6734=ORIENTED_EDGE('no 1939',*,*,#5986,.T.);
#6735=EDGE_LOOP('',(#6727,#6733,#6734));
#6736=FACE_OUTER_BOUND('',#6735,.T.);
#6737=CARTESIAN_POINT('',(0.158409,0.0919948,0.016));
#6738=DIRECTION('',(0.0,0.0,1.0));
#6739=DIRECTION('',(-0.9922962043,-0.1238880255,0.0));
#6740=AXIS2_PLACEMENT_3D('',#6737,#6738,#6739);
#6741=PLANE('',#6740);
#6742=ADVANCED_FACE('no 1947',(#6736),#6741,.T.);
#6743=ORIENTED_EDGE('no 6828',*,*,#5701,.T.);
#6744=CARTESIAN_POINT('',(0.0553128,0.0589948,0.013));
#6745=VERTEX_POINT('',#6744);
#6746=CARTESIAN_POINT('',(0.0553128,0.0589948,0.016));
#6747=DIRECTION('',(0.0,0.0,-1.0));
#6748=VECTOR('',#6747,1.0);
#6749=LINE('',#6746,#6748);
#6750=EDGE_CURVE('no 6821',#5696,#6745,#6749,.T.);
#6751=ORIENTED_EDGE('no 6829',*,*,#6750,.T.);
#6752=CARTESIAN_POINT('',(0.0553128,0.0589948,0.013));
#6753=DIRECTION('',(0.0,1.0,0.0));
#6754=VECTOR('',#6753,1.0);
#6755=LINE('',#6752,#6754);
#6756=EDGE_CURVE('no 6827',#6745,#3964,#6755,.T.);
#6757=ORIENTED_EDGE('no 6830',*,*,#6756,.T.);
#6758=EDGE_LOOP('',(#6743,#6751,#6757));
#6759=FACE_OUTER_BOUND('',#6758,.T.);
#6760=CARTESIAN_POINT('',(0.0553128,0.0819948,0.013));
#6761=DIRECTION('',(1.0,0.0,0.0));
#6762=DIRECTION('',(0.0,-0.9916004279,0.1293390558));
#6763=AXIS2_PLACEMENT_3D('',#6760,#6761,#6762);
#6764=PLANE('',#6763);
#6765=ADVANCED_FACE('no 6838',(#6759),#6764,.T.);
#6766=ORIENTED_EDGE('no 25261',*,*,#5722,.T.);
#6767=CARTESIAN_POINT('',(0.0506514,0.0919948,0.013));
#6768=VERTEX_POINT('',#6767);
#6769=CARTESIAN_POINT('',(0.0506514,0.0819948,0.013));
#6770=DIRECTION('',(0.0,1.0,0.0));
#6771=VECTOR('',#6770,1.0);
#6772=LINE('',#6769,#6771);
#6773=EDGE_CURVE('no 25260',#3373,#6768,#6772,.T.);
#6774=ORIENTED_EDGE('no 25262',*,*,#6773,.T.);
#6775=CARTESIAN_POINT('',(0.0586275,0.0919948,0.013));
#6776=DIRECTION('',(-1.0,0.0,0.0));
#6777=VECTOR('',#6776,1.0);
#6778=LINE('',#6775,#6777);
#6779=EDGE_CURVE('no 24632',#4737,#6768,#6778,.T.);
#6780=ORIENTED_EDGE('no 25263',*,*,#6779,.F.);
#6781=EDGE_LOOP('',(#6766,#6774,#6780));
#6782=FACE_OUTER_BOUND('',#6781,.T.);
#6783=CARTESIAN_POINT('',(0.0586275,0.0919948,0.013));
#6784=DIRECTION('',(-0.0,0.0,-1.0));
#6785=DIRECTION('',(-0.6235552361,-0.781779296,0.0));
#6786=AXIS2_PLACEMENT_3D('',#6783,#6784,#6785);
#6787=PLANE('',#6786);
#6788=ADVANCED_FACE('no 25271',(#6782),#6787,.T.);
#6789=CARTESIAN_POINT('',(0.148451,0.0112253,0.0));
#6790=VERTEX_POINT('',#6789);
#6791=CARTESIAN_POINT('',(0.0506514,0.0112253,0.013));
#6792=DIRECTION('',(0.9912809821,0.0,-0.1317649976));
#6793=VECTOR('',#6792,1.0);
#6794=LINE('',#6791,#6793);
#6795=EDGE_CURVE('no 17838',#4760,#6790,#6794,.T.);
#6796=ORIENTED_EDGE('no 17845',*,*,#6795,.T.);
#6797=CARTESIAN_POINT('',(0.0506514,0.0112253,0.0));
#6798=VERTEX_POINT('',#6797);
#6799=CARTESIAN_POINT('',(0.0506514,0.0112253,0.0));
#6800=DIRECTION('',(1.0,0.0,0.0));
#6801=VECTOR('',#6800,1.0);
#6802=LINE('',#6799,#6801);
#6803=EDGE_CURVE('no 14134',#6798,#6790,#6802,.T.);
#6804=ORIENTED_EDGE('no 17846',*,*,#6803,.F.);
#6805=ORIENTED_EDGE('no 17847',*,*,#5746,.T.);
#6806=EDGE_LOOP('',(#6796,#6804,#6805));
#6807=FACE_OUTER_BOUND('',#6806,.T.);
#6808=CARTESIAN_POINT('',(0.0506514,0.0112253,0.013));
#6809=DIRECTION('',(0.0,1.0,0.0));
#6810=DIRECTION('',(0.9912809821,0.0,-0.1317649976));
#6811=AXIS2_PLACEMENT_3D('',#6808,#6809,#6810);
#6812=PLANE('',#6811);
#6813=ADVANCED_FACE('no 17855',(#6807),#6812,.T.);
#6814=ORIENTED_EDGE('no 20798',*,*,#5766,.F.);
#6815=CARTESIAN_POINT('',(0.0553128,0.0819948,0.013));
#6816=DIRECTION('',(-0.029024402,-0.9995787033,0.0));
#6817=VECTOR('',#6816,1.0);
#6818=LINE('',#6815,#6817);
#6819=EDGE_CURVE('no 20797',#3964,#5363,#6818,.T.);
#6820=ORIENTED_EDGE('no 20799',*,*,#6819,.T.);
#6821=CARTESIAN_POINT('',(0.0506514,0.0112253,0.013));
#6822=DIRECTION('',(0.1289293974,0.9916537755,0.0));
#6823=VECTOR('',#6822,1.0);
#6824=LINE('',#6821,#6823);
#6825=EDGE_CURVE('no 20043',#4760,#5363,#6824,.T.);
#6826=ORIENTED_EDGE('no 20800',*,*,#6825,.F.);
#6827=EDGE_LOOP('',(#6814,#6820,#6826));
#6828=FACE_OUTER_BOUND('',#6827,.T.);
#6829=CARTESIAN_POINT('',(0.0506514,0.0112253,0.013));
#6830=DIRECTION('',(0.0,0.0,-1.0));
#6831=DIRECTION('',(0.0657249852,0.9978377756,0.0));
#6832=AXIS2_PLACEMENT_3D('',#6829,#6830,#6831);
#6833=PLANE('',#6832);
#6834=ADVANCED_FACE('no 20808',(#6828),#6833,.T.);
#6835=CARTESIAN_POINT('',(0.148451,0.0919948,0.013));
#6836=VERTEX_POINT('',#6835);
#6837=CARTESIAN_POINT('',(0.148451,0.0919948,0.013));
#6838=DIRECTION('',(-0.999999915,0.000412374,0.0));
#6839=VECTOR('',#6838,1.0);
#6840=LINE('',#6837,#6839);
#6841=EDGE_CURVE('no 10116',#6836,#4010,#6840,.T.);
#6842=ORIENTED_EDGE('no 10158',*,*,#6841,.F.);
#6843=CARTESIAN_POINT('',(0.148451,0.0919948,0.013));
#6844=DIRECTION('',(0.9999953661,0.0030442911,0.0));
#6845=VECTOR('',#6844,1.0);
#6846=LINE('',#6843,#6845);
#6847=EDGE_CURVE('no 10151',#6836,#4817,#6846,.T.);
#6848=ORIENTED_EDGE('no 10159',*,*,#6847,.T.);
#6849=ORIENTED_EDGE('no 10160',*,*,#5784,.T.);
#6850=EDGE_LOOP('',(#6842,#6848,#6849));
#6851=FACE_OUTER_BOUND('',#6850,.T.);
#6852=CARTESIAN_POINT('',(0.0746275,0.0920253,0.013));
#6853=DIRECTION('',(-0.0,0.0,1.0));
#6854=DIRECTION('',(0.999999915,-0.000412374,0.0));
#6855=AXIS2_PLACEMENT_3D('',#6852,#6853,#6854);
#6856=PLANE('',#6855);
#6857=ADVANCED_FACE('no 10168',(#6851),#6856,.T.);
#6858=ORIENTED_EDGE('no 11464',*,*,#5798,.T.);
#6859=CARTESIAN_POINT('',(0.158451,0.00122528,0.0));
#6860=VERTEX_POINT('',#6859);
#6861=CARTESIAN_POINT('',(0.158451,0.00122528,0.0));
#6862=DIRECTION('',(-0.0032307435,-0.0023415198,0.9999920398));
#6863=VECTOR('',#6862,1.0);
#6864=LINE('',#6861,#6863);
#6865=EDGE_CURVE('no 11405',#6860,#419,#6864,.T.);
#6866=ORIENTED_EDGE('no 11465',*,*,#6865,.F.);
#6867=CARTESIAN_POINT('',(0.158451,0.00122528,0.0));
#6868=DIRECTION('',(0.0,1.0,0.0));
#6869=VECTOR('',#6868,1.0);
#6870=LINE('',#6867,#6869);
#6871=EDGE_CURVE('no 11463',#6860,#4027,#6870,.T.);
#6872=ORIENTED_EDGE('no 11466',*,*,#6871,.T.);
#6873=EDGE_LOOP('',(#6858,#6866,#6872));
#6874=FACE_OUTER_BOUND('',#6873,.T.);
#6875=CARTESIAN_POINT('',(0.158451,0.0920253,0.0));
#6876=DIRECTION('',(1.0,0.0,0.0));
#6877=DIRECTION('',(0.0,-0.9899057865,0.1417269694));
#6878=AXIS2_PLACEMENT_3D('',#6875,#6876,#6877);
#6879=PLANE('',#6878);
#6880=ADVANCED_FACE('no 11474',(#6874),#6879,.T.);
#6881=ORIENTED_EDGE('no 12867',*,*,#5821,.F.);
#6882=CARTESIAN_POINT('',(0.0462208,0.0891503,0.0));
#6883=VERTEX_POINT('',#6882);
#6884=CARTESIAN_POINT('',(0.158451,0.0920253,0.0));
#6885=DIRECTION('',(-0.9996720463,-0.0256085896,0.0));
#6886=VECTOR('',#6885,1.0);
#6887=LINE('',#6884,#6886);
#6888=EDGE_CURVE('no 12866',#4027,#6883,#6887,.T.);
#6889=ORIENTED_EDGE('no 12868',*,*,#6888,.T.);
#6890=CARTESIAN_POINT('',(0.0456514,0.0892253,0.0));
#6891=DIRECTION('',(0.9914455527,-0.1305209411,0.0));
#6892=VECTOR('',#6891,1.0);
#6893=LINE('',#6890,#6892);
#6894=EDGE_CURVE('no 11608',#5496,#6883,#6893,.T.);
#6895=ORIENTED_EDGE('no 12869',*,*,#6894,.F.);
#6896=EDGE_LOOP('',(#6881,#6889,#6895));
#6897=FACE_OUTER_BOUND('',#6896,.T.);
#6898=CARTESIAN_POINT('',(0.0456514,0.0892253,0.0));
#6899=DIRECTION('',(0.0,0.0,-1.0));
#6900=DIRECTION('',(0.999692058,0.0248151014,0.0));
#6901=AXIS2_PLACEMENT_3D('',#6898,#6899,#6900);
#6902=PLANE('',#6901);
#6903=ADVANCED_FACE('no 12877',(#6897),#6902,.T.);
#6904=CARTESIAN_POINT('',(0.1584504865,0.0011948293,0.01300458));
#6905=DIRECTION('',(-0.9939614383,0.0002569362,-0.109729637));
#6906=VECTOR('',#6905,1.0);
#6907=LINE('',#6904,#6906);
#6908=EDGE_CURVE('no 11393',#419,#4878,#6907,.T.);
#6909=ORIENTED_EDGE('no 11435',*,*,#6908,.F.);
#6910=CARTESIAN_POINT('',(0.1584509921,0.0011948291,0.013));
#6911=DIRECTION('',(-0.9999999666,0.0002584971,0.0));
#6912=VECTOR('',#6911,1.0);
#6913=LINE('',#6910,#6912);
#6914=EDGE_CURVE('no 11428',#419,#5833,#6913,.T.);
#6915=ORIENTED_EDGE('no 11436',*,*,#6914,.T.);
#6916=ORIENTED_EDGE('no 11437',*,*,#5838,.T.);
#6917=EDGE_LOOP('',(#6909,#6915,#6916));
#6918=FACE_OUTER_BOUND('',#6917,.T.);
#6919=CARTESIAN_POINT('',(0.0406514,0.00122528,0.0));
#6920=DIRECTION('',(0.0,-1.0,0.0));
#6921=DIRECTION('',(0.9939657393,0.0,0.1096909712));
#6922=AXIS2_PLACEMENT_3D('',#6919,#6920,#6921);
#6923=PLANE('',#6922);
#6924=ADVANCED_FACE('no 11445',(#6918),#6923,.T.);
#6925=ORIENTED_EDGE('no 17793',*,*,#5860,.T.);
#6926=CARTESIAN_POINT('',(0.148451,0.0112253,0.013));
#6927=VERTEX_POINT('',#6926);
#6928=CARTESIAN_POINT('',(0.148451,0.0112253,0.0));
#6929=DIRECTION('',(0.0,0.0,1.0));
#6930=VECTOR('',#6929,1.0);
#6931=LINE('',#6928,#6930);
#6932=EDGE_CURVE('no 17786',#6790,#6927,#6931,.T.);
#6933=ORIENTED_EDGE('no 17794',*,*,#6932,.T.);
#6934=CARTESIAN_POINT('',(0.148451,0.0112253,0.013));
#6935=DIRECTION('',(0.0,1.0,0.0));
#6936=VECTOR('',#6935,1.0);
#6937=LINE('',#6934,#6936);
#6938=EDGE_CURVE('no 17792',#6927,#4119,#6937,.T.);
#6939=ORIENTED_EDGE('no 17795',*,*,#6938,.T.);
#6940=EDGE_LOOP('',(#6925,#6933,#6939));
#6941=FACE_OUTER_BOUND('',#6940,.T.);
#6942=CARTESIAN_POINT('',(0.148451,0.0819948,0.013));
#6943=DIRECTION('',(-1.0,-0.0,0.0));
#6944=DIRECTION('',(0.0,-0.9835433912,-0.1806720719));
#6945=AXIS2_PLACEMENT_3D('',#6942,#6943,#6944);
#6946=PLANE('',#6945);
#6947=ADVANCED_FACE('no 17803',(#6941),#6946,.T.);
#6948=CARTESIAN_POINT('',(0.153292,0.00399796,0.013));
#6949=DIRECTION('',(-0.9830777229,0.1831889484,0.0));
#6950=VECTOR('',#6949,1.0);
#6951=LINE('',#6948,#6950);
#6952=EDGE_CURVE('no 9226',#6027,#5878,#6951,.T.);
#6953=ORIENTED_EDGE('no 22997',*,*,#6952,.F.);
#6954=CARTESIAN_POINT('',(0.1583961738,0.0012018662,0.013));
#6955=DIRECTION('',(-0.8770274228,0.4804403184,0.0));
#6956=VECTOR('',#6955,1.0);
#6957=LINE('',#6954,#6956);
#6958=EDGE_CURVE('no 22994',#419,#6027,#6957,.T.);
#6959=ORIENTED_EDGE('no 22996',*,*,#6958,.F.);
#6960=ORIENTED_EDGE('no 22995',*,*,#5889,.T.);
#6961=EDGE_LOOP('',(#6953,#6959,#6960));
#6962=FACE_OUTER_BOUND('',#6961,.T.);
#6963=CARTESIAN_POINT('',(0.152727,0.00410317,0.013));
#6964=DIRECTION('',(0.0,0.0,1.0));
#6965=DIRECTION('',(0.8920939432,-0.4518499712,0.0));
#6966=AXIS2_PLACEMENT_3D('',#6963,#6964,#6965);
#6967=PLANE('',#6966);
#6968=ADVANCED_FACE('no 23005',(#6962),#6967,.F.);
#6969=CARTESIAN_POINT('',(0.152209,0.00435092,0.016));
#6970=DIRECTION('',(0.1695882762,-0.081110995,-0.9821714835));
#6971=VECTOR('',#6970,1.0);
#6972=LINE('',#6969,#6971);
#6973=EDGE_CURVE('no 9272',#6004,#5878,#6972,.T.);
#6974=ORIENTED_EDGE('no 9285',*,*,#6973,.T.);
#6975=ORIENTED_EDGE('no 9286',*,*,#5883,.T.);
#6976=CARTESIAN_POINT('',(0.152209,0.00435092,0.013));
#6977=DIRECTION('',(0.0,0.0,1.0));
#6978=VECTOR('',#6977,1.0);
#6979=LINE('',#6976,#6978);
#6980=EDGE_CURVE('no 9284',#4940,#6004,#6979,.T.);
#6981=ORIENTED_EDGE('no 9287',*,*,#6980,.T.);
#6982=EDGE_LOOP('',(#6974,#6975,#6981));
#6983=FACE_OUTER_BOUND('',#6982,.T.);
#6984=CARTESIAN_POINT('',(0.152209,0.00435092,0.016));
#6985=DIRECTION('',(0.4313857871,0.902167558,0.0000000074));
#6986=DIRECTION('',(0.1696290778,-0.0811108372,-0.9821644506));
#6987=AXIS2_PLACEMENT_3D('',#6984,#6985,#6986);
#6988=PLANE('',#6987);
#6989=ADVANCED_FACE('no 9295',(#6983),#6988,.T.);
#6990=CARTESIAN_POINT('',(0.151773,0.00472433,0.016));
#6991=VERTEX_POINT('',#6990);
#6992=CARTESIAN_POINT('',(0.151773,0.00472433,0.016));
#6993=DIRECTION('',(0.1427435793,-0.1222520182,-0.9821805916));
#6994=VECTOR('',#6993,1.0);
#6995=LINE('',#6992,#6994);
#6996=EDGE_CURVE('no 9324',#6991,#4940,#6995,.T.);
#6997=ORIENTED_EDGE('no 9337',*,*,#6996,.T.);
#6998=ORIENTED_EDGE('no 9338',*,*,#5914,.T.);
#6999=CARTESIAN_POINT('',(0.151773,0.00472433,0.013));
#7000=DIRECTION('',(0.0,0.0,1.0));
#7001=VECTOR('',#7000,1.0);
#7002=LINE('',#6999,#7001);
#7003=EDGE_CURVE('no 9336',#5901,#6991,#7002,.T.);
#7004=ORIENTED_EDGE('no 9339',*,*,#7003,.T.);
#7005=EDGE_LOOP('',(#6997,#6998,#7004));
#7006=FACE_OUTER_BOUND('',#7005,.T.);
#7007=CARTESIAN_POINT('',(0.151773,0.00472433,0.016));
#7008=DIRECTION('',(0.6501849357,0.7597759863,0.0000002086));
#7009=DIRECTION('',(0.1428560698,-0.1222500598,-0.9821644802));
#7010=AXIS2_PLACEMENT_3D('',#7007,#7008,#7009);
#7011=PLANE('',#7010);
#7012=ADVANCED_FACE('no 9347',(#7006),#7011,.T.);
#7013=CARTESIAN_POINT('',(0.151448,0.00519796,0.013));
#7014=VERTEX_POINT('',#7013);
#7015=CARTESIAN_POINT('',(0.151448,0.00519796,0.013));
#7016=DIRECTION('',(-0.9982169446,0.0596902967,0.0));
#7017=VECTOR('',#7016,1.0);
#7018=LINE('',#7015,#7017);
#7019=EDGE_CURVE('no 22804',#7014,#5903,#7018,.T.);
#7020=ORIENTED_EDGE('no 22807',*,*,#7019,.F.);
#7021=CARTESIAN_POINT('',(0.151773,0.00472433,0.013));
#7022=DIRECTION('',(-0.565617028,0.8246680409,0.0));
#7023=VECTOR('',#7022,1.0);
#7024=LINE('',#7021,#7023);
#7025=EDGE_CURVE('no 9382',#5901,#7014,#7024,.T.);
#7026=ORIENTED_EDGE('no 22806',*,*,#7025,.F.);
#7027=ORIENTED_EDGE('no 22805',*,*,#5908,.T.);
#7028=EDGE_LOOP('',(#7020,#7026,#7027));
#7029=FACE_OUTER_BOUND('',#7028,.T.);
#7030=CARTESIAN_POINT('',(0.0506514,0.0112253,0.013));
#7031=DIRECTION('',(0.0,0.0,1.0));
#7032=DIRECTION('',(0.9979398759,-0.064156092,0.0));
#7033=AXIS2_PLACEMENT_3D('',#7030,#7031,#7032);
#7034=PLANE('',#7033);
#7035=ADVANCED_FACE('no 22815',(#7029),#7034,.F.);
#7036=ORIENTED_EDGE('no 21510',*,*,#5936,.F.);
#7037=CARTESIAN_POINT('',(0.0477341,0.0875642,0.013));
#7038=VERTEX_POINT('',#7037);
#7039=CARTESIAN_POINT('',(0.0477341,0.0875642,0.013));
#7040=DIRECTION('',(0.1305269683,-0.9914447592,0.0));
#7041=VECTOR('',#7040,1.0);
#7042=LINE('',#7039,#7041);
#7043=EDGE_CURVE('no 21501',#7038,#4963,#7042,.T.);
#7044=ORIENTED_EDGE('no 21509',*,*,#7043,.F.);
#7045=CARTESIAN_POINT('',(0.0477341,0.0875642,0.013));
#7046=DIRECTION('',(0.5499310416,0.8352100631,0.0));
#7047=VECTOR('',#7046,1.0);
#7048=LINE('',#7045,#7047);
#7049=EDGE_CURVE('no 21478',#7038,#3194,#7048,.T.);
#7050=ORIENTED_EDGE('no 21508',*,*,#7049,.T.);
#7051=EDGE_LOOP('',(#7036,#7044,#7050));
#7052=FACE_OUTER_BOUND('',#7051,.T.);
#7053=CARTESIAN_POINT('',(0.0506514,0.0919948,0.013));
#7054=DIRECTION('',(0.0,0.0,1.0));
#7055=DIRECTION('',(-0.5499310416,-0.8352100631,0.0));
#7056=AXIS2_PLACEMENT_3D('',#7053,#7054,#7055);
#7057=PLANE('',#7056);
#7058=ADVANCED_FACE('no 21518',(#7052),#7057,.F.);
#7059=ORIENTED_EDGE('no 2163',*,*,#5992,.F.);
#7060=CARTESIAN_POINT('',(0.134012,0.0788483,0.016));
#7061=VERTEX_POINT('',#7060);
#7062=CARTESIAN_POINT('',(0.0930123,0.0788483,0.016));
#7063=DIRECTION('',(1.0,0.0,0.0));
#7064=VECTOR('',#7063,1.0);
#7065=LINE('',#7062,#7064);
#7066=EDGE_CURVE('no 2156',#5981,#7061,#7065,.T.);
#7067=ORIENTED_EDGE('no 2164',*,*,#7066,.T.);
#7068=CARTESIAN_POINT('',(0.134012,0.0788483,0.016));
#7069=DIRECTION('',(0.8764494278,0.4814939257,0.0));
#7070=VECTOR('',#7069,1.0);
#7071=LINE('',#7068,#7070);
#7072=EDGE_CURVE('no 2162',#7061,#5007,#7071,.T.);
#7073=ORIENTED_EDGE('no 2165',*,*,#7072,.T.);
#7074=EDGE_LOOP('',(#7059,#7067,#7073));
#7075=FACE_OUTER_BOUND('',#7074,.T.);
#7076=CARTESIAN_POINT('',(0.152309,0.0889001,0.016));
#7077=DIRECTION('',(0.0,0.0,1.0));
#7078=DIRECTION('',(-0.9859345138,-0.1671320871,0.0));
#7079=AXIS2_PLACEMENT_3D('',#7076,#7077,#7078);
#7080=PLANE('',#7079);
#7081=ADVANCED_FACE('no 2173',(#7075),#7080,.T.);
#7082=CARTESIAN_POINT('',(0.123056,0.0168366,0.016));
#7083=VERTEX_POINT('',#7082);
#7084=CARTESIAN_POINT('',(0.158409,0.00119484,0.016));
#7085=DIRECTION('',(-0.914488862,0.4046110741,0.0));
#7086=VECTOR('',#7085,1.0);
#7087=LINE('',#7084,#7086);
#7088=EDGE_CURVE('no 747',#234,#7083,#7087,.T.);
#7089=ORIENTED_EDGE('no 899',*,*,#7088,.F.);
#7090=ORIENTED_EDGE('no 900',*,*,#6009,.T.);
#7091=CARTESIAN_POINT('',(0.152209,0.00435092,0.016));
#7092=DIRECTION('',(-0.9192425018,0.3936917866,0.0));
#7093=VECTOR('',#7092,1.0);
#7094=LINE('',#7091,#7093);
#7095=EDGE_CURVE('no 898',#6004,#7083,#7094,.T.);
#7096=ORIENTED_EDGE('no 901',*,*,#7095,.T.);
#7097=EDGE_LOOP('',(#7089,#7090,#7096));
#7098=FACE_OUTER_BOUND('',#7097,.T.);
#7099=CARTESIAN_POINT('',(0.123056,0.0168366,0.016));
#7100=DIRECTION('',(0.0,0.0,1.0));
#7101=DIRECTION('',(0.9144894457,-0.4046097548,0.0));
#7102=AXIS2_PLACEMENT_3D('',#7099,#7100,#7101);
#7103=PLANE('',#7102);
#7104=ADVANCED_FACE('no 909',(#7098),#7103,.T.);
#7105=ORIENTED_EDGE('no 9302',*,*,#6973,.F.);
#7106=ORIENTED_EDGE('no 9303',*,*,#6016,.F.);
#7107=CARTESIAN_POINT('',(0.152727,0.00410317,0.013));
#7108=DIRECTION('',(0.0,0.0,1.0));
#7109=VECTOR('',#7108,1.0);
#7110=LINE('',#7107,#7109);
#7111=EDGE_CURVE('no 9232',#5878,#5030,#7110,.T.);
#7112=ORIENTED_EDGE('no 9304',*,*,#7111,.F.);
#7113=EDGE_LOOP('',(#7105,#7106,#7112));
#7114=FACE_OUTER_BOUND('',#7113,.T.);
#7115=CARTESIAN_POINT('',(0.152727,0.00410317,0.013));
#7116=DIRECTION('',(0.4313857871,0.902167558,0.0000000074));
#7117=DIRECTION('',(-0.1696290778,0.0811108372,0.9821644506));
#7118=AXIS2_PLACEMENT_3D('',#7115,#7116,#7117);
#7119=PLANE('',#7118);
#7120=ADVANCED_FACE('no 9312',(#7114),#7119,.T.);
#7121=ORIENTED_EDGE('no 9233',*,*,#6032,.T.);
#7122=ORIENTED_EDGE('no 9234',*,*,#6952,.T.);
#7123=ORIENTED_EDGE('no 9235',*,*,#7111,.T.);
#7124=EDGE_LOOP('',(#7121,#7122,#7123));
#7125=FACE_OUTER_BOUND('',#7124,.T.);
#7126=CARTESIAN_POINT('',(0.152727,0.00410317,0.016));
#7127=DIRECTION('',(0.1831889651,0.9830777197,-0.000000089));
#7128=DIRECTION('',(0.1848399746,-0.0344435953,-0.9821648652));
#7129=AXIS2_PLACEMENT_3D('',#7126,#7127,#7128);
#7130=PLANE('',#7129);
#7131=ADVANCED_FACE('no 9243',(#7125),#7130,.T.);
#7132=ORIENTED_EDGE('no 9152',*,*,#6055,.T.);
#7133=CARTESIAN_POINT('',(0.153451,0.00402528,0.013));
#7134=DIRECTION('',(-0.9855572972,-0.1693422979,0.0));
#7135=VECTOR('',#7134,1.0);
#7136=LINE('',#7133,#7135);
#7137=EDGE_CURVE('no 9145',#6050,#6027,#7136,.T.);
#7138=ORIENTED_EDGE('no 9153',*,*,#7137,.T.);
#7139=ORIENTED_EDGE('no 9154',*,*,#6039,.T.);
#7140=EDGE_LOOP('',(#7132,#7138,#7139));
#7141=FACE_OUTER_BOUND('',#7140,.T.);
#7142=CARTESIAN_POINT('',(0.153292,0.00399796,0.016));
#7143=DIRECTION('',(-0.1687279411,0.9856626613,-0.0000000173));
#7144=DIRECTION('',(0.0531149007,0.0090923101,-0.998547013));
#7145=AXIS2_PLACEMENT_3D('',#7142,#7143,#7144);
#7146=PLANE('',#7145);
#7147=ADVANCED_FACE('no 9162',(#7141),#7146,.T.);
#7148=ORIENTED_EDGE('no 23043',*,*,#6062,.F.);
#7149=CARTESIAN_POINT('',(0.1583953044,0.0012034209,0.013));
#7150=DIRECTION('',(-0.8474107837,0.5309378152,0.0));
#7151=VECTOR('',#7150,1.0);
#7152=LINE('',#7149,#7151);
#7153=EDGE_CURVE('no 23040',#419,#5053,#7152,.T.);
#7154=ORIENTED_EDGE('no 23042',*,*,#7153,.F.);
#7155=CARTESIAN_POINT('',(0.1583958937,0.0012023221,0.013));
#7156=DIRECTION('',(-0.8684470098,0.4957819997,0.0));
#7157=VECTOR('',#7156,1.0);
#7158=LINE('',#7155,#7157);
#7159=EDGE_CURVE('no 23017',#419,#6050,#7158,.T.);
#7160=ORIENTED_EDGE('no 23041',*,*,#7159,.T.);
#7161=EDGE_LOOP('',(#7148,#7154,#7160));
#7162=FACE_OUTER_BOUND('',#7161,.T.);
#7163=CARTESIAN_POINT('',(0.153451,0.00402528,0.013));
#7164=DIRECTION('',(-0.0,0.0,1.0));
#7165=DIRECTION('',(0.8707262034,-0.4917681149,0.0));
#7166=AXIS2_PLACEMENT_3D('',#7163,#7164,#7165);
#7167=PLANE('',#7166);
#7168=ADVANCED_FACE('no 23051',(#7162),#7167,.F.);
#7169=ORIENTED_EDGE('no 23066',*,*,#6079,.F.);
#7170=CARTESIAN_POINT('',(0.154021,0.00410024,0.013));
#7171=VERTEX_POINT('',#7170);
#7172=CARTESIAN_POINT('',(0.1583949879,0.0012041177,0.013));
#7173=DIRECTION('',(-0.8337943181,0.5520752078,0.0));
#7174=VECTOR('',#7173,1.0);
#7175=LINE('',#7172,#7174);
#7176=EDGE_CURVE('no 23063',#419,#7171,#7175,.T.);
#7177=ORIENTED_EDGE('no 23065',*,*,#7176,.F.);
#7178=ORIENTED_EDGE('no 23064',*,*,#7153,.T.);
#7179=EDGE_LOOP('',(#7169,#7177,#7178));
#7180=FACE_OUTER_BOUND('',#7179,.T.);
#7181=CARTESIAN_POINT('',(0.153864,0.00404247,0.013));
#7182=DIRECTION('',(-0.0,0.0,1.0));
#7183=DIRECTION('',(0.8499451897,-0.5268711176,0.0));
#7184=AXIS2_PLACEMENT_3D('',#7181,#7182,#7183);
#7185=PLANE('',#7184);
#7186=ADVANCED_FACE('no 23074',(#7180),#7185,.F.);
#7187=ORIENTED_EDGE('no 23689',*,*,#6103,.F.);
#7188=CARTESIAN_POINT('',(0.154965,0.0885505,0.013));
#7189=VERTEX_POINT('',#7188);
#7190=CARTESIAN_POINT('',(0.154965,0.0885505,0.013));
#7191=DIRECTION('',(0.6087687734,-0.7933477047,0.0));
#7192=VECTOR('',#7191,1.0);
#7193=LINE('',#7190,#7192);
#7194=EDGE_CURVE('no 23680',#7189,#6092,#7193,.T.);
#7195=ORIENTED_EDGE('no 23688',*,*,#7194,.F.);
#7196=CARTESIAN_POINT('',(0.154965,0.0885505,0.013));
#7197=DIRECTION('',(0.7071057812,0.7071077812,0.0));
#7198=VECTOR('',#7197,1.0);
#7199=LINE('',#7196,#7198);
#7200=EDGE_CURVE('no 23657',#7189,#5149,#7199,.T.);
#7201=ORIENTED_EDGE('no 23687',*,*,#7200,.T.);
#7202=EDGE_LOOP('',(#7187,#7195,#7201));
#7203=FACE_OUTER_BOUND('',#7202,.T.);
#7204=CARTESIAN_POINT('',(0.158409,0.0919948,0.013));
#7205=DIRECTION('',(0.0,0.0,1.0));
#7206=DIRECTION('',(-0.7071057812,-0.7071077812,0.0));
#7207=AXIS2_PLACEMENT_3D('',#7204,#7205,#7206);
#7208=PLANE('',#7207);
#7209=ADVANCED_FACE('no 23697',(#7203),#7208,.F.);
#7210=CARTESIAN_POINT('',(0.154406,0.00423365,0.013));
#7211=VERTEX_POINT('',#7210);
#7212=CARTESIAN_POINT('',(0.154502,0.00429964,0.013));
#7213=DIRECTION('',(-0.8246915774,-0.5655827102,0.0));
#7214=VECTOR('',#7213,1.0);
#7215=LINE('',#7212,#7214);
#7216=EDGE_CURVE('no 8925',#6114,#7211,#7215,.T.);
#7217=ORIENTED_EDGE('no 23112',*,*,#7216,.F.);
#7218=ORIENTED_EDGE('no 23111',*,*,#6126,.F.);
#7219=CARTESIAN_POINT('',(0.1583943402,0.0012059687,0.013));
#7220=DIRECTION('',(-0.7964946901,0.6046455232,0.0));
#7221=VECTOR('',#7220,1.0);
#7222=LINE('',#7219,#7221);
#7223=EDGE_CURVE('no 23086',#419,#7211,#7222,.T.);
#7224=ORIENTED_EDGE('no 23110',*,*,#7223,.T.);
#7225=EDGE_LOOP('',(#7217,#7218,#7224));
#7226=FACE_OUTER_BOUND('',#7225,.T.);
#7227=CARTESIAN_POINT('',(0.154406,0.00423365,0.013));
#7228=DIRECTION('',(-0.0,0.0,1.0));
#7229=DIRECTION('',(0.799421108,-0.6007710812,0.0));
#7230=AXIS2_PLACEMENT_3D('',#7227,#7228,#7229);
#7231=PLANE('',#7230);
#7232=ADVANCED_FACE('no 23120',(#7226),#7231,.F.);
#7233=CARTESIAN_POINT('',(0.154091,0.0082865,0.016));
#7234=VERTEX_POINT('',#7233);
#7235=CARTESIAN_POINT('',(0.154091,0.0082865,0.016));
#7236=DIRECTION('',(0.005442408,0.99998519,0.0));
#7237=VECTOR('',#7236,1.0);
#7238=LINE('',#7235,#7237);
#7239=EDGE_CURVE('no 3014',#7234,#6137,#7238,.T.);
#7240=ORIENTED_EDGE('no 3050',*,*,#7239,.F.);
#7241=CARTESIAN_POINT('',(0.154091,0.0082865,0.016));
#7242=DIRECTION('',(0.9021268534,-0.4314709033,0.0));
#7243=VECTOR('',#7242,1.0);
#7244=LINE('',#7241,#7243);
#7245=EDGE_CURVE('no 3043',#7234,#5188,#7244,.T.);
#7246=ORIENTED_EDGE('no 3051',*,*,#7245,.T.);
#7247=ORIENTED_EDGE('no 3052',*,*,#6142,.T.);
#7248=EDGE_LOOP('',(#7240,#7246,#7247));
#7249=FACE_OUTER_BOUND('',#7248,.T.);
#7250=CARTESIAN_POINT('',(0.154509,0.0850896,0.016));
#7251=DIRECTION('',(0.0,0.0,1.0));
#7252=DIRECTION('',(-0.005444251,-0.99998518,0.0));
#7253=AXIS2_PLACEMENT_3D('',#7250,#7251,#7252);
#7254=PLANE('',#7253);
#7255=ADVANCED_FACE('no 3060',(#7249),#7254,.T.);
#7256=CARTESIAN_POINT('',(0.154091,0.0082865,0.013));
#7257=VERTEX_POINT('',#7256);
#7258=CARTESIAN_POINT('',(0.154609,0.00803875,0.016));
#7259=DIRECTION('',(-0.1695882762,0.081110995,-0.9821714835));
#7260=VECTOR('',#7259,1.0);
#7261=LINE('',#7258,#7260);
#7262=EDGE_CURVE('no 8445',#5188,#7257,#7261,.T.);
#7263=ORIENTED_EDGE('no 8458',*,*,#7262,.T.);
#7264=CARTESIAN_POINT('',(0.154091,0.0082865,0.013));
#7265=DIRECTION('',(0.9021268534,-0.4314709033,0.0));
#7266=VECTOR('',#7265,1.0);
#7267=LINE('',#7264,#7266);
#7268=EDGE_CURVE('no 8451',#7257,#6160,#7267,.T.);
#7269=ORIENTED_EDGE('no 8459',*,*,#7268,.T.);
#7270=ORIENTED_EDGE('no 8460',*,*,#6172,.T.);
#7271=EDGE_LOOP('',(#7263,#7269,#7270));
#7272=FACE_OUTER_BOUND('',#7271,.T.);
#7273=CARTESIAN_POINT('',(0.154609,0.00803875,0.016));
#7274=DIRECTION('',(-0.4313857871,-0.902167558,0.0000000074));
#7275=DIRECTION('',(-0.1696290778,0.0811108372,-0.9821644506));
#7276=AXIS2_PLACEMENT_3D('',#7273,#7274,#7275);
#7277=PLANE('',#7276);
#7278=ADVANCED_FACE('no 8468',(#7272),#7277,.T.);
#7279=CARTESIAN_POINT('',(0.155007,0.0854696,0.013));
#7280=VERTEX_POINT('',#7279);
#7281=CARTESIAN_POINT('',(0.155045,0.00766534,0.013));
#7282=DIRECTION('',(-0.0004884051,0.9999998807,0.0));
#7283=VECTOR('',#7282,1.0);
#7284=LINE('',#7281,#7283);
#7285=EDGE_CURVE('no 24326',#5212,#7280,#7284,.T.);
#7286=ORIENTED_EDGE('no 24329',*,*,#7285,.F.);
#7287=ORIENTED_EDGE('no 24328',*,*,#6187,.F.);
#7288=CARTESIAN_POINT('',(0.154609,0.00803875,0.013));
#7289=DIRECTION('',(0.0051400022,0.9999867901,0.0));
#7290=VECTOR('',#7289,1.0);
#7291=LINE('',#7288,#7290);
#7292=EDGE_CURVE('no 24303',#6160,#7280,#7291,.T.);
#7293=ORIENTED_EDGE('no 24327',*,*,#7292,.T.);
#7294=EDGE_LOOP('',(#7286,#7287,#7293));
#7295=FACE_OUTER_BOUND('',#7294,.T.);
#7296=CARTESIAN_POINT('',(0.154965,0.0854392,0.013));
#7297=DIRECTION('',(0.0,0.0,1.0));
#7298=DIRECTION('',(-0.004594832,-0.9999894437,0.0));
#7299=AXIS2_PLACEMENT_3D('',#7296,#7297,#7298);
#7300=PLANE('',#7299);
#7301=ADVANCED_FACE('no 24337',(#7295),#7300,.F.);
#7302=CARTESIAN_POINT('',(0.155007,0.0854696,0.013));
#7303=DIRECTION('',(0.5853791588,0.8107596688,0.0));
#7304=VECTOR('',#7303,1.0);
#7305=LINE('',#7302,#7304);
#7306=EDGE_CURVE('no 15672',#7280,#5234,#7305,.T.);
#7307=ORIENTED_EDGE('no 24375',*,*,#7306,.T.);
#7308=ORIENTED_EDGE('no 24374',*,*,#6204,.F.);
#7309=ORIENTED_EDGE('no 24373',*,*,#7285,.T.);
#7310=EDGE_LOOP('',(#7307,#7308,#7309));
#7311=FACE_OUTER_BOUND('',#7310,.T.);
#7312=CARTESIAN_POINT('',(0.155007,0.0854696,0.013));
#7313=DIRECTION('',(-0.0,0.0,1.0));
#7314=DIRECTION('',(0.0004937409,-0.9999998781,0.0));
#7315=AXIS2_PLACEMENT_3D('',#7312,#7313,#7314);
#7316=PLANE('',#7315);
#7317=ADVANCED_FACE('no 24383',(#7311),#7316,.F.);
#7318=ORIENTED_EDGE('no 725',*,*,#6221,.F.);
#7319=CARTESIAN_POINT('',(0.120739,0.0169808,0.016));
#7320=VERTEX_POINT('',#7319);
#7321=CARTESIAN_POINT('',(0.158409,0.00119484,0.016));
#7322=DIRECTION('',(-0.9222915957,0.3864947767,0.0));
#7323=VECTOR('',#7322,1.0);
#7324=LINE('',#7321,#7323);
#7325=EDGE_CURVE('no 718',#234,#7320,#7324,.T.);
#7326=ORIENTED_EDGE('no 726',*,*,#7325,.T.);
#7327=CARTESIAN_POINT('',(0.120739,0.0169808,0.016));
#7328=DIRECTION('',(-1.0,0.0,0.0));
#7329=VECTOR('',#7328,1.0);
#7330=LINE('',#7327,#7329);
#7331=EDGE_CURVE('no 724',#7320,#6216,#7330,.T.);
#7332=ORIENTED_EDGE('no 727',*,*,#7331,.T.);
#7333=EDGE_LOOP('',(#7318,#7326,#7332));
#7334=FACE_OUTER_BOUND('',#7333,.T.);
#7335=CARTESIAN_POINT('',(0.103739,0.0169808,0.016));
#7336=DIRECTION('',(-0.0,0.0,1.0));
#7337=DIRECTION('',(0.9607501707,-0.2774150493,0.0));
#7338=AXIS2_PLACEMENT_3D('',#7335,#7336,#7337);
#7339=PLANE('',#7338);
#7340=ADVANCED_FACE('no 735',(#7334),#7339,.T.);
#7341=ORIENTED_EDGE('no 638',*,*,#6227,.F.);
#7342=CARTESIAN_POINT('',(0.101659,0.0341707,0.016));
#7343=VERTEX_POINT('',#7342);
#7344=CARTESIAN_POINT('',(0.103739,0.0169808,0.016));
#7345=DIRECTION('',(-0.1200870443,0.9927633665,0.0));
#7346=VECTOR('',#7345,1.0);
#7347=LINE('',#7344,#7346);
#7348=EDGE_CURVE('no 631',#6216,#7343,#7347,.T.);
#7349=ORIENTED_EDGE('no 639',*,*,#7348,.T.);
#7350=CARTESIAN_POINT('',(0.101659,0.0341707,0.016));
#7351=DIRECTION('',(0.0,-1.0,0.0));
#7352=VECTOR('',#7351,1.0);
#7353=LINE('',#7350,#7352);
#7354=EDGE_CURVE('no 637',#7343,#5258,#7353,.T.);
#7355=ORIENTED_EDGE('no 640',*,*,#7354,.T.);
#7356=EDGE_LOOP('',(#7341,#7349,#7355));
#7357=FACE_OUTER_BOUND('',#7356,.T.);
#7358=CARTESIAN_POINT('',(0.101659,0.0171707,0.016));
#7359=DIRECTION('',(-0.0,0.0,1.0));
#7360=DIRECTION('',(0.9958592202,-0.0909088201,0.0));
#7361=AXIS2_PLACEMENT_3D('',#7358,#7359,#7360);
#7362=PLANE('',#7361);
#7363=ADVANCED_FACE('no 648',(#7357),#7362,.T.);
#7364=ORIENTED_EDGE('no 6262',*,*,#6243,.T.);
#7365=CARTESIAN_POINT('',(0.101659,0.0171707,0.013));
#7366=DIRECTION('',(-1.0,0.0,0.0));
#7367=VECTOR('',#7366,1.0);
#7368=LINE('',#7365,#7367);
#7369=EDGE_CURVE('no 6255',#6238,#6284,#7368,.T.);
#7370=ORIENTED_EDGE('no 6263',*,*,#7369,.T.);
#7371=CARTESIAN_POINT('',(0.0846593,0.0171707,0.013));
#7372=DIRECTION('',(0.0,0.0,1.0));
#7373=VECTOR('',#7372,1.0);
#7374=LINE('',#7371,#7373);
#7375=EDGE_CURVE('no 6261',#6284,#4382,#7374,.T.);
#7376=ORIENTED_EDGE('no 6264',*,*,#7375,.T.);
#7377=EDGE_LOOP('',(#7364,#7370,#7376));
#7378=FACE_OUTER_BOUND('',#7377,.T.);
#7379=CARTESIAN_POINT('',(0.0846593,0.0171707,0.016));
#7380=DIRECTION('',(0.0,1.0,0.0));
#7381=DIRECTION('',(0.9847836293,0.0,-0.1737849346));
#7382=AXIS2_PLACEMENT_3D('',#7379,#7380,#7381);
#7383=PLANE('',#7382);
#7384=ADVANCED_FACE('no 6272',(#7378),#7383,.T.);
#7385=CARTESIAN_POINT('',(0.101659,0.0341707,0.016));
#7386=DIRECTION('',(0.0,-0.9847835588,-0.1737853339));
#7387=VECTOR('',#7386,1.0);
#7388=LINE('',#7385,#7387);
#7389=EDGE_CURVE('no 6191',#7343,#6238,#7388,.T.);
#7390=ORIENTED_EDGE('no 6198',*,*,#7389,.T.);
#7391=ORIENTED_EDGE('no 6199',*,*,#6250,.T.);
#7392=ORIENTED_EDGE('no 6200',*,*,#7354,.F.);
#7393=EDGE_LOOP('',(#7390,#7391,#7392));
#7394=FACE_OUTER_BOUND('',#7393,.T.);
#7395=CARTESIAN_POINT('',(0.101659,0.0341707,0.016));
#7396=DIRECTION('',(-1.0,-0.0,0.0));
#7397=DIRECTION('',(0.0,-0.9847836293,-0.1737849346));
#7398=AXIS2_PLACEMENT_3D('',#7395,#7396,#7397);
#7399=PLANE('',#7398);
#7400=ADVANCED_FACE('no 6208',(#7394),#7399,.T.);
#7401=CARTESIAN_POINT('',(0.0849636,0.0534488,0.016));
#7402=VERTEX_POINT('',#7401);
#7403=CARTESIAN_POINT('',(0.0790074,0.0370378,0.016));
#7404=DIRECTION('',(0.341163049,0.9400041351,0.0));
#7405=VECTOR('',#7404,1.0);
#7406=LINE('',#7403,#7405);
#7407=EDGE_CURVE('no 1988',#5281,#7402,#7406,.T.);
#7408=ORIENTED_EDGE('no 2024',*,*,#7407,.F.);
#7409=ORIENTED_EDGE('no 2025',*,*,#6266,.T.);
#7410=CARTESIAN_POINT('',(0.0846593,0.0341707,0.016));
#7411=DIRECTION('',(0.0157818073,0.9998754595,0.0));
#7412=VECTOR('',#7411,1.0);
#7413=LINE('',#7410,#7412);
#7414=EDGE_CURVE('no 2023',#6261,#7402,#7413,.T.);
#7415=ORIENTED_EDGE('no 2026',*,*,#7414,.T.);
#7416=EDGE_LOOP('',(#7408,#7409,#7415));
#7417=FACE_OUTER_BOUND('',#7416,.T.);
#7418=CARTESIAN_POINT('',(0.0849636,0.0534488,0.016));
#7419=DIRECTION('',(0.0,0.0,1.0));
#7420=DIRECTION('',(-0.341163049,-0.9400041351,0.0));
#7421=AXIS2_PLACEMENT_3D('',#7418,#7419,#7420);
#7422=PLANE('',#7421);
#7423=ADVANCED_FACE('no 2034',(#7417),#7422,.T.);
#7424=CARTESIAN_POINT('',(0.0846593,0.0341707,0.013));
#7425=VERTEX_POINT('',#7424);
#7426=CARTESIAN_POINT('',(0.0846593,0.0341707,0.013));
#7427=DIRECTION('',(0.0,-0.9847835588,0.1737853339));
#7428=VECTOR('',#7427,1.0);
#7429=LINE('',#7426,#7428);
#7430=EDGE_CURVE('no 6301',#7425,#4382,#7429,.T.);
#7431=ORIENTED_EDGE('no 6331',*,*,#7430,.F.);
#7432=CARTESIAN_POINT('',(0.0846593,0.0341707,0.013));
#7433=DIRECTION('',(0.0,0.0,1.0));
#7434=VECTOR('',#7433,1.0);
#7435=LINE('',#7432,#7434);
#7436=EDGE_CURVE('no 6330',#7425,#6261,#7435,.T.);
#7437=ORIENTED_EDGE('no 6332',*,*,#7436,.T.);
#7438=ORIENTED_EDGE('no 6333',*,*,#6273,.F.);
#7439=EDGE_LOOP('',(#7431,#7437,#7438));
#7440=FACE_OUTER_BOUND('',#7439,.T.);
#7441=CARTESIAN_POINT('',(0.0846593,0.0171707,0.016));
#7442=DIRECTION('',(1.0,-0.0,0.0));
#7443=DIRECTION('',(0.0,0.9847836293,-0.1737849346));
#7444=AXIS2_PLACEMENT_3D('',#7441,#7442,#7443);
#7445=PLANE('',#7444);
#7446=ADVANCED_FACE('no 6341',(#7440),#7445,.T.);
#7447=CARTESIAN_POINT('',(0.148451,0.0112253,0.013));
#7448=VERTEX_POINT('',#7447);
#7449=CARTESIAN_POINT('',(0.0540074,0.0180378,0.013));
#7450=DIRECTION('',(0.9974085239,-0.071946067,0.0));
#7451=VECTOR('',#7450,1.0);
#7452=LINE('',#7449,#7451);
#7453=EDGE_CURVE('no 20020',#5304,#7448,#7452,.T.);
#7454=ORIENTED_EDGE('no 20073',*,*,#7453,.F.);
#7455=ORIENTED_EDGE('no 20074',*,*,#6289,.T.);
#7456=CARTESIAN_POINT('',(0.0846593,0.0171707,0.013));
#7457=DIRECTION('',(0.9956849512,-0.0927980491,0.0));
#7458=VECTOR('',#7457,1.0);
#7459=LINE('',#7456,#7458);
#7460=EDGE_CURVE('no 20072',#6284,#7448,#7459,.T.);
#7461=ORIENTED_EDGE('no 20075',*,*,#7460,.T.);
#7462=EDGE_LOOP('',(#7454,#7455,#7461));
#7463=FACE_OUTER_BOUND('',#7462,.T.);
#7464=CARTESIAN_POINT('',(0.148451,0.0112253,0.013));
#7465=DIRECTION('',(0.0,0.0,-1.0));
#7466=DIRECTION('',(-0.9974085311,0.0719459662,0.0));
#7467=AXIS2_PLACEMENT_3D('',#7464,#7465,#7466);
#7468=PLANE('',#7467);
#7469=ADVANCED_FACE('no 20083',(#7463),#7468,.T.);
#7470=ORIENTED_EDGE('no 20113',*,*,#6296,.F.);
#7471=CARTESIAN_POINT('',(0.0846593,0.0341707,0.013));
#7472=DIRECTION('',(-0.3306310494,-0.9437600909,0.0));
#7473=VECTOR('',#7472,1.0);
#7474=LINE('',#7471,#7473);
#7475=EDGE_CURVE('no 19841',#7425,#4404,#7474,.T.);
#7476=ORIENTED_EDGE('no 20114',*,*,#7475,.F.);
#7477=CARTESIAN_POINT('',(0.0846593,0.0171707,0.013));
#7478=DIRECTION('',(0.0,1.0,0.0));
#7479=VECTOR('',#7478,1.0);
#7480=LINE('',#7477,#7479);
#7481=EDGE_CURVE('no 6307',#6284,#7425,#7480,.T.);
#7482=ORIENTED_EDGE('no 20115',*,*,#7481,.F.);
#7483=EDGE_LOOP('',(#7470,#7476,#7482));
#7484=FACE_OUTER_BOUND('',#7483,.T.);
#7485=CARTESIAN_POINT('',(0.0846593,0.0171707,0.013));
#7486=DIRECTION('',(0.0,0.0,-1.0));
#7487=DIRECTION('',(-0.9884342497,0.1516500383,0.0));
#7488=AXIS2_PLACEMENT_3D('',#7485,#7486,#7487);
#7489=PLANE('',#7488);
#7490=ADVANCED_FACE('no 20123',(#7484),#7489,.T.);
#7491=CARTESIAN_POINT('',(0.0506514,0.0112253,0.013));
#7492=DIRECTION('',(0.4419122967,0.8970582601,0.0));
#7493=VECTOR('',#7492,1.0);
#7494=LINE('',#7491,#7493);
#7495=EDGE_CURVE('no 20014',#4142,#5304,#7494,.T.);
#7496=ORIENTED_EDGE('no 20044',*,*,#7495,.F.);
#7497=ORIENTED_EDGE('no 20045',*,*,#6825,.T.);
#7498=ORIENTED_EDGE('no 20046',*,*,#6312,.F.);
#7499=EDGE_LOOP('',(#7496,#7497,#7498));
#7500=FACE_OUTER_BOUND('',#7499,.T.);
#7501=CARTESIAN_POINT('',(0.0540074,0.0180378,0.013));
#7502=DIRECTION('',(-0.0,0.0,-1.0));
#7503=DIRECTION('',(-0.4419117646,-0.8970585222,0.0));
#7504=AXIS2_PLACEMENT_3D('',#7501,#7502,#7503);
#7505=PLANE('',#7504);
#7506=ADVANCED_FACE('no 20054',(#7500),#7505,.T.);
#7507=ORIENTED_EDGE('no 5528',*,*,#6365,.T.);
#7508=CARTESIAN_POINT('',(0.0540074,0.0370378,0.013));
#7509=DIRECTION('',(1.0,0.0,0.0));
#7510=VECTOR('',#7509,1.0);
#7511=LINE('',#7508,#7510);
#7512=EDGE_CURVE('no 5527',#5363,#6324,#7511,.T.);
#7513=ORIENTED_EDGE('no 5529',*,*,#7512,.T.);
#7514=ORIENTED_EDGE('no 5530',*,*,#6329,.F.);
#7515=EDGE_LOOP('',(#7507,#7513,#7514));
#7516=FACE_OUTER_BOUND('',#7515,.T.);
#7517=CARTESIAN_POINT('',(0.0790074,0.0370378,0.016));
#7518=DIRECTION('',(0.0,-1.0,-0.0));
#7519=DIRECTION('',(-0.9928768669,0.0,-0.119144984));
#7520=AXIS2_PLACEMENT_3D('',#7517,#7518,#7519);
#7521=PLANE('',#7520);
#7522=ADVANCED_FACE('no 5538',(#7516),#7521,.T.);
#7523=CARTESIAN_POINT('',(0.0849636,0.0534488,0.013));
#7524=VERTEX_POINT('',#7523);
#7525=CARTESIAN_POINT('',(0.0849636,0.0534488,0.013));
#7526=DIRECTION('',(-0.3411644399,-0.9400036303,0.0));
#7527=VECTOR('',#7526,1.0);
#7528=LINE('',#7525,#7527);
#7529=EDGE_CURVE('no 19789',#7524,#6324,#7528,.T.);
#7530=ORIENTED_EDGE('no 19813',*,*,#7529,.F.);
#7531=CARTESIAN_POINT('',(0.0849636,0.0534488,0.013));
#7532=DIRECTION('',(-0.1658719204,-0.9861473044,0.0));
#7533=VECTOR('',#7532,1.0);
#7534=LINE('',#7531,#7533);
#7535=EDGE_CURVE('no 19812',#7524,#4404,#7534,.T.);
#7536=ORIENTED_EDGE('no 19814',*,*,#7535,.T.);
#7537=ORIENTED_EDGE('no 19815',*,*,#6335,.F.);
#7538=EDGE_LOOP('',(#7530,#7536,#7537));
#7539=FACE_OUTER_BOUND('',#7538,.T.);
#7540=CARTESIAN_POINT('',(0.0790074,0.0370378,0.013));
#7541=DIRECTION('',(0.0,0.0,-1.0));
#7542=DIRECTION('',(0.341163049,0.9400041351,0.0));
#7543=AXIS2_PLACEMENT_3D('',#7540,#7541,#7542);
#7544=PLANE('',#7543);
#7545=ADVANCED_FACE('no 19823',(#7539),#7544,.T.);
#7546=CARTESIAN_POINT('',(0.0568718,0.0389073,0.016));
#7547=VERTEX_POINT('',#7546);
#7548=CARTESIAN_POINT('',(0.0540074,0.0370378,0.016));
#7549=DIRECTION('',(0.8374215241,0.5465575825,0.0));
#7550=VECTOR('',#7549,1.0);
#7551=LINE('',#7548,#7550);
#7552=EDGE_CURVE('no 4399',#4427,#7547,#7551,.T.);
#7553=ORIENTED_EDGE('no 4406',*,*,#7552,.T.);
#7554=CARTESIAN_POINT('',(0.0568718,0.0389073,0.016));
#7555=DIRECTION('',(-0.0773777662,0.9970018462,0.0));
#7556=VECTOR('',#7555,1.0);
#7557=LINE('',#7554,#7556);
#7558=EDGE_CURVE('no 4405',#7547,#5696,#7557,.T.);
#7559=ORIENTED_EDGE('no 4407',*,*,#7558,.T.);
#7560=ORIENTED_EDGE('no 4408',*,*,#6350,.F.);
#7561=EDGE_LOOP('',(#7553,#7559,#7560));
#7562=FACE_OUTER_BOUND('',#7561,.T.);
#7563=CARTESIAN_POINT('',(0.0540074,0.0370378,0.016));
#7564=DIRECTION('',(0.0,-0.0,1.0));
#7565=DIRECTION('',(0.8374246598,0.546552778,0.0));
#7566=AXIS2_PLACEMENT_3D('',#7563,#7564,#7565);
#7567=PLANE('',#7566);
#7568=ADVANCED_FACE('no 4416',(#7562),#7567,.T.);
#7569=ORIENTED_EDGE('no 4435',*,*,#7552,.F.);
#7570=ORIENTED_EDGE('no 4436',*,*,#6371,.T.);
#7571=CARTESIAN_POINT('',(0.0790074,0.0370378,0.016));
#7572=DIRECTION('',(-0.9964524987,0.084157102,0.0));
#7573=VECTOR('',#7572,1.0);
#7574=LINE('',#7571,#7573);
#7575=EDGE_CURVE('no 4434',#5281,#7547,#7574,.T.);
#7576=ORIENTED_EDGE('no 4437',*,*,#7575,.T.);
#7577=EDGE_LOOP('',(#7569,#7570,#7576));
#7578=FACE_OUTER_BOUND('',#7577,.T.);
#7579=CARTESIAN_POINT('',(0.0568718,0.0389073,0.016));
#7580=DIRECTION('',(0.0,0.0,1.0));
#7581=DIRECTION('',(-0.8374246598,-0.546552778,0.0));
#7582=AXIS2_PLACEMENT_3D('',#7579,#7580,#7581);
#7583=PLANE('',#7582);
#7584=ADVANCED_FACE('no 4445',(#7578),#7583,.T.);
#7585=CARTESIAN_POINT('',(0.0475143,0.00729484,0.016));
#7586=DIRECTION('',(0.0,1.0,0.0));
#7587=VECTOR('',#7586,1.0);
#7588=LINE('',#7585,#7587);
#7589=EDGE_CURVE('no 3849',#6406,#6383,#7588,.T.);
#7590=ORIENTED_EDGE('no 3885',*,*,#7589,.F.);
#7591=ORIENTED_EDGE('no 3886',*,*,#6418,.T.);
#7592=ORIENTED_EDGE('no 3887',*,*,#6388,.T.);
#7593=EDGE_LOOP('',(#7590,#7591,#7592));
#7594=FACE_OUTER_BOUND('',#7593,.T.);
#7595=CARTESIAN_POINT('',(0.0475143,0.0858948,0.016));
#7596=DIRECTION('',(0.0,0.0,1.0));
#7597=DIRECTION('',(0.0,-1.0,0.0));
#7598=AXIS2_PLACEMENT_3D('',#7595,#7596,#7597);
#7599=PLANE('',#7598);
#7600=ADVANCED_FACE('no 3895',(#7594),#7599,.T.);
#7601=ORIENTED_EDGE('no 7273',*,*,#6411,.F.);
#7602=CARTESIAN_POINT('',(0.0475143,0.00729484,0.013));
#7603=VERTEX_POINT('',#7602);
#7604=CARTESIAN_POINT('',(0.0475143,0.00729484,0.013));
#7605=DIRECTION('',(0.0,0.0,1.0));
#7606=VECTOR('',#7605,1.0);
#7607=LINE('',#7604,#7606);
#7608=EDGE_CURVE('no 7197',#7603,#6406,#7607,.T.);
#7609=ORIENTED_EDGE('no 7274',*,*,#7608,.F.);
#7610=CARTESIAN_POINT('',(0.0475143,0.00729484,0.013));
#7611=DIRECTION('',(0.3826841051,-0.9238792538,0.0));
#7612=VECTOR('',#7611,1.0);
#7613=LINE('',#7610,#7612);
#7614=EDGE_CURVE('no 7272',#7603,#5403,#7613,.T.);
#7615=ORIENTED_EDGE('no 7275',*,*,#7614,.T.);
#7616=EDGE_LOOP('',(#7601,#7609,#7615));
#7617=FACE_OUTER_BOUND('',#7616,.T.);
#7618=CARTESIAN_POINT('',(0.0477341,0.00676424,0.013));
#7619=DIRECTION('',(-0.9238792472,-0.3826841211,-0.0000000904));
#7620=DIRECTION('',(-0.0719537371,0.1737110895,0.9821645061));
#7621=AXIS2_PLACEMENT_3D('',#7618,#7619,#7620);
#7622=PLANE('',#7621);
#7623=ADVANCED_FACE('no 7283',(#7617),#7622,.T.);
#7624=CARTESIAN_POINT('',(0.0475143,0.0858948,0.013));
#7625=VERTEX_POINT('',#7624);
#7626=CARTESIAN_POINT('',(0.0477341,0.0864254,0.013));
#7627=DIRECTION('',(-0.3827106054,-0.9238682766,0.0));
#7628=VECTOR('',#7627,1.0);
#7629=LINE('',#7626,#7628);
#7630=EDGE_CURVE('no 22205',#5947,#7625,#7629,.T.);
#7631=ORIENTED_EDGE('no 22208',*,*,#7630,.F.);
#7632=ORIENTED_EDGE('no 22207',*,*,#6434,.F.);
#7633=CARTESIAN_POINT('',(0.0477341,0.00676424,0.013));
#7634=DIRECTION('',(-0.0027776772,0.9999961422,0.0));
#7635=VECTOR('',#7634,1.0);
#7636=LINE('',#7633,#7635);
#7637=EDGE_CURVE('no 22176',#5403,#7625,#7636,.T.);
#7638=ORIENTED_EDGE('no 22206',*,*,#7637,.T.);
#7639=EDGE_LOOP('',(#7631,#7632,#7638));
#7640=FACE_OUTER_BOUND('',#7639,.T.);
#7641=CARTESIAN_POINT('',(0.0475143,0.0858948,0.013));
#7642=DIRECTION('',(-0.0,0.0,1.0));
#7643=DIRECTION('',(0.0027774404,-0.9999961429,0.0));
#7644=AXIS2_PLACEMENT_3D('',#7641,#7642,#7643);
#7645=PLANE('',#7644);
#7646=ADVANCED_FACE('no 22216',(#7640),#7645,.F.);
#7647=ORIENTED_EDGE('no 11640',*,*,#6448,.T.);
#7648=CARTESIAN_POINT('',(0.0462208,0.0891503,0.013));
#7649=VERTEX_POINT('',#7648);
#7650=CARTESIAN_POINT('',(0.0462208,0.0891503,0.013));
#7651=DIRECTION('',(-0.9914365069,0.1305896347,0.0));
#7652=VECTOR('',#7651,1.0);
#7653=LINE('',#7650,#7652);
#7654=EDGE_CURVE('no 11637',#7649,#4496,#7653,.T.);
#7655=ORIENTED_EDGE('no 11639',*,*,#7654,.F.);
#7656=CARTESIAN_POINT('',(0.0462208,0.0891503,0.013));
#7657=DIRECTION('',(-0.0437573197,0.005763609,-0.9990255641));
#7658=VECTOR('',#7657,1.0);
#7659=LINE('',#7656,#7658);
#7660=EDGE_CURVE('no 11602',#7649,#5496,#7659,.T.);
#7661=ORIENTED_EDGE('no 11638',*,*,#7660,.T.);
#7662=EDGE_LOOP('',(#7647,#7655,#7661));
#7663=FACE_OUTER_BOUND('',#7662,.T.);
#7664=CARTESIAN_POINT('',(0.0456514,0.0892253,0.0));
#7665=DIRECTION('',(-0.130520941,-0.9914455527,0.0000000015));
#7666=DIRECTION('',(0.0437575812,-0.0057605575,0.9990255703));
#7667=AXIS2_PLACEMENT_3D('',#7664,#7665,#7666);
#7668=PLANE('',#7667);
#7669=ADVANCED_FACE('no 11648',(#7663),#7668,.F.);
#7670=CARTESIAN_POINT('',(0.0471647,0.0885505,0.013));
#7671=VERTEX_POINT('',#7670);
#7672=CARTESIAN_POINT('',(0.0471647,0.0885505,0.013));
#7673=DIRECTION('',(0.711408613,0.7027786176,0.0));
#7674=VECTOR('',#7673,1.0);
#7675=LINE('',#7672,#7674);
#7676=EDGE_CURVE('no 21420',#7671,#3194,#7675,.T.);
#7677=ORIENTED_EDGE('no 21423',*,*,#7676,.F.);
#7678=CARTESIAN_POINT('',(0.0467091,0.0889001,0.013));
#7679=DIRECTION('',(0.7933542749,-0.608760211,0.0));
#7680=VECTOR('',#7679,1.0);
#7681=LINE('',#7678,#7680);
#7682=EDGE_CURVE('no 21414',#6461,#7671,#7681,.T.);
#7683=ORIENTED_EDGE('no 21422',*,*,#7682,.F.);
#7684=ORIENTED_EDGE('no 21421',*,*,#6466,.T.);
#7685=EDGE_LOOP('',(#7677,#7683,#7684));
#7686=FACE_OUTER_BOUND('',#7685,.T.);
#7687=CARTESIAN_POINT('',(0.0506514,0.0919948,0.013));
#7688=DIRECTION('',(0.0,0.0,1.0));
#7689=DIRECTION('',(-0.7865867408,-0.6174797966,0.0));
#7690=AXIS2_PLACEMENT_3D('',#7687,#7688,#7689);
#7691=PLANE('',#7690);
#7692=ADVANCED_FACE('no 21431',(#7686),#7691,.F.);
#7693=CARTESIAN_POINT('',(0.0435263,0.0864559,0.0));
#7694=VERTEX_POINT('',#7693);
#7695=CARTESIAN_POINT('',(0.0435263,0.0864559,0.0));
#7696=DIRECTION('',(-0.1304184788,0.9914590362,0.0));
#7697=VECTOR('',#7696,1.0);
#7698=LINE('',#7695,#7697);
#7699=EDGE_CURVE('no 10569',#7694,#4542,#7698,.T.);
#7700=ORIENTED_EDGE('no 10572',*,*,#7699,.F.);
#7701=CARTESIAN_POINT('',(0.0435263,0.0864559,0.0));
#7702=DIRECTION('',(0.0,0.0,1.0));
#7703=VECTOR('',#7702,1.0);
#7704=LINE('',#7701,#7703);
#7705=EDGE_CURVE('no 10383',#7694,#6484,#7704,.T.);
#7706=ORIENTED_EDGE('no 10571',*,*,#7705,.T.);
#7707=ORIENTED_EDGE('no 10570',*,*,#6496,.F.);
#7708=EDGE_LOOP('',(#7700,#7706,#7707));
#7709=FACE_OUTER_BOUND('',#7708,.T.);
#7710=CARTESIAN_POINT('',(0.0434514,0.0870253,0.0));
#7711=DIRECTION('',(0.9914447592,0.1305269686,-0.0000000078));
#7712=DIRECTION('',(0.0057608375,-0.0437575811,0.9990255687));
#7713=AXIS2_PLACEMENT_3D('',#7710,#7711,#7712);
#7714=PLANE('',#7713);
#7715=ADVANCED_FACE('no 10580',(#7709),#7714,.F.);
#7716=CARTESIAN_POINT('',(0.0438785,0.00551737,0.0));
#7717=VERTEX_POINT('',#7716);
#7718=CARTESIAN_POINT('',(0.0438785,0.00551737,0.0));
#7719=DIRECTION('',(-0.195533478,0.9806970271,0.0));
#7720=VECTOR('',#7719,1.0);
#7721=LINE('',#7718,#7720);
#7722=EDGE_CURVE('no 11283',#7717,#6507,#7721,.T.);
#7723=ORIENTED_EDGE('no 13732',*,*,#7722,.T.);
#7724=ORIENTED_EDGE('no 13731',*,*,#6519,.F.);
#7725=CARTESIAN_POINT('',(0.0406514,0.00122528,0.0));
#7726=DIRECTION('',(0.6009569003,0.7992814298,0.0));
#7727=VECTOR('',#7726,1.0);
#7728=LINE('',#7725,#7727);
#7729=EDGE_CURVE('no 13700',#4878,#7717,#7728,.T.);
#7730=ORIENTED_EDGE('no 13730',*,*,#7729,.T.);
#7731=EDGE_LOOP('',(#7723,#7724,#7730));
#7732=FACE_OUTER_BOUND('',#7731,.T.);
#7733=CARTESIAN_POINT('',(0.0438785,0.00551737,0.0));
#7734=DIRECTION('',(-0.0,0.0,-1.0));
#7735=DIRECTION('',(-0.6009560512,-0.7992820682,0.0));
#7736=AXIS2_PLACEMENT_3D('',#7733,#7734,#7735);
#7737=PLANE('',#7736);
#7738=ADVANCED_FACE('no 13740',(#7732),#7737,.F.);
#7739=CARTESIAN_POINT('',(0.0435263,0.0864559,0.0));
#7740=DIRECTION('',(0.0029847349,-0.9999955457,0.0));
#7741=VECTOR('',#7740,1.0);
#7742=LINE('',#7739,#7741);
#7743=EDGE_CURVE('no 13775',#7694,#6507,#7742,.T.);
#7744=ORIENTED_EDGE('no 13778',*,*,#7743,.F.);
#7745=ORIENTED_EDGE('no 13777',*,*,#7699,.T.);
#7746=ORIENTED_EDGE('no 13776',*,*,#6512,.T.);
#7747=EDGE_LOOP('',(#7744,#7745,#7746));
#7748=FACE_OUTER_BOUND('',#7747,.T.);
#7749=CARTESIAN_POINT('',(0.0437662,0.00608061,0.0));
#7750=DIRECTION('',(0.0,0.0,-1.0));
#7751=DIRECTION('',(-0.0038896217,0.9999924354,0.0));
#7752=AXIS2_PLACEMENT_3D('',#7749,#7750,#7751);
#7753=PLANE('',#7752);
#7754=ADVANCED_FACE('no 13786',(#7748),#7753,.F.);
#7755=CARTESIAN_POINT('',(0.0461785,0.00831987,0.013));
#7756=DIRECTION('',(0.0005523611,0.9999998474,0.0));
#7757=VECTOR('',#7756,1.0);
#7758=LINE('',#7755,#7757);
#7759=EDGE_CURVE('no 21946',#6531,#6553,#7758,.T.);
#7760=ORIENTED_EDGE('no 21949',*,*,#7759,.F.);
#7761=ORIENTED_EDGE('no 21948',*,*,#6536,.F.);
#7762=ORIENTED_EDGE('no 21947',*,*,#6564,.T.);
#7763=EDGE_LOOP('',(#7760,#7761,#7762));
#7764=FACE_OUTER_BOUND('',#7763,.T.);
#7765=CARTESIAN_POINT('',(0.0461785,0.0848698,0.013));
#7766=DIRECTION('',(0.0,0.0,1.0));
#7767=DIRECTION('',(-0.0068241081,-0.9999767155,0.0));
#7768=AXIS2_PLACEMENT_3D('',#7765,#7766,#7767);
#7769=PLANE('',#7768);
#7770=ADVANCED_FACE('no 21957',(#7764),#7769,.F.);
#7771=CARTESIAN_POINT('',(0.0467091,0.00810009,0.016));
#7772=VERTEX_POINT('',#7771);
#7773=CARTESIAN_POINT('',(0.0467091,0.00810009,0.016));
#7774=DIRECTION('',(-0.1737120593,0.0719537246,-0.9821643355));
#7775=VECTOR('',#7774,1.0);
#7776=LINE('',#7773,#7775);
#7777=EDGE_CURVE('no 7081',#7772,#6531,#7776,.T.);
#7778=ORIENTED_EDGE('no 7117',*,*,#7777,.F.);
#7779=CARTESIAN_POINT('',(0.0461785,0.00831987,0.016));
#7780=DIRECTION('',(0.923880589,-0.3826808817,0.0));
#7781=VECTOR('',#7780,1.0);
#7782=LINE('',#7779,#7781);
#7783=EDGE_CURVE('no 3704',#5519,#7772,#7782,.T.);
#7784=ORIENTED_EDGE('no 7118',*,*,#7783,.F.);
#7785=ORIENTED_EDGE('no 7119',*,*,#6542,.T.);
#7786=EDGE_LOOP('',(#7778,#7784,#7785));
#7787=FACE_OUTER_BOUND('',#7786,.T.);
#7788=CARTESIAN_POINT('',(0.0461785,0.00831987,0.013));
#7789=DIRECTION('',(-0.3826820669,-0.9238800981,-0.0000001265));
#7790=DIRECTION('',(0.1737120593,-0.0719537246,0.9821643355));
#7791=AXIS2_PLACEMENT_3D('',#7788,#7789,#7790);
#7792=PLANE('',#7791);
#7793=ADVANCED_FACE('no 7127',(#7787),#7792,.T.);
#7794=CARTESIAN_POINT('',(0.0462208,0.0849002,0.0));
#7795=VERTEX_POINT('',#7794);
#7796=CARTESIAN_POINT('',(0.0462208,0.0849002,0.0));
#7797=DIRECTION('',(0.0,0.0,1.0));
#7798=VECTOR('',#7797,1.0);
#7799=LINE('',#7796,#7798);
#7800=EDGE_CURVE('no 12490',#7795,#6553,#7799,.T.);
#7801=ORIENTED_EDGE('no 12609',*,*,#7800,.T.);
#7802=ORIENTED_EDGE('no 12608',*,*,#6558,.F.);
#7803=CARTESIAN_POINT('',(0.0456514,0.0848253,0.013));
#7804=DIRECTION('',(0.043757581,0.0057611275,-0.999025567));
#7805=VECTOR('',#7804,1.0);
#7806=LINE('',#7803,#7805);
#7807=EDGE_CURVE('no 12571',#5542,#7795,#7806,.T.);
#7808=ORIENTED_EDGE('no 12607',*,*,#7807,.T.);
#7809=EDGE_LOOP('',(#7801,#7802,#7808));
#7810=FACE_OUTER_BOUND('',#7809,.T.);
#7811=CARTESIAN_POINT('',(0.0462208,0.0849002,0.0));
#7812=DIRECTION('',(-0.1305339777,0.9914438364,-0.0000000168));
#7813=DIRECTION('',(-0.043757581,-0.0057611275,0.999025567));
#7814=AXIS2_PLACEMENT_3D('',#7811,#7812,#7813);
#7815=PLANE('',#7814);
#7816=ADVANCED_FACE('no 12617',(#7810),#7815,.F.);
#7817=ORIENTED_EDGE('no 3711',*,*,#6582,.F.);
#7818=ORIENTED_EDGE('no 3712',*,*,#7783,.T.);
#7819=CARTESIAN_POINT('',(0.0467091,0.00810009,0.016));
#7820=DIRECTION('',(-0.006911415,0.9999761159,0.0));
#7821=VECTOR('',#7820,1.0);
#7822=LINE('',#7819,#7821);
#7823=EDGE_CURVE('no 3710',#7772,#6577,#7822,.T.);
#7824=ORIENTED_EDGE('no 3713',*,*,#7823,.T.);
#7825=EDGE_LOOP('',(#7817,#7818,#7824));
#7826=FACE_OUTER_BOUND('',#7825,.T.);
#7827=CARTESIAN_POINT('',(0.0461785,0.0848698,0.016));
#7828=DIRECTION('',(0.0,0.0,1.0));
#7829=DIRECTION('',(0.0,-1.0,0.0));
#7830=AXIS2_PLACEMENT_3D('',#7827,#7828,#7829);
#7831=PLANE('',#7830);
#7832=ADVANCED_FACE('no 3721',(#7826),#7831,.T.);
#7833=CARTESIAN_POINT('',(0.148451,0.0112253,0.013));
#7834=VERTEX_POINT('',#7833);
#7835=CARTESIAN_POINT('',(0.148451,0.0112253,0.013));
#7836=DIRECTION('',(0.0,1.0,0.0));
#7837=VECTOR('',#7836,1.0);
#7838=LINE('',#7835,#7837);
#7839=EDGE_CURVE('no 17792',#7834,#5607,#7838,.T.);
#7840=ORIENTED_EDGE('no 22899',*,*,#7839,.T.);
#7841=ORIENTED_EDGE('no 22898',*,*,#6636,.F.);
#7842=CARTESIAN_POINT('',(0.151212,0.0063121,0.013));
#7843=DIRECTION('',(-0.4898791865,0.8717903318,0.0));
#7844=VECTOR('',#7843,1.0);
#7845=LINE('',#7842,#7844);
#7846=EDGE_CURVE('no 22873',#6623,#7834,#7845,.T.);
#7847=ORIENTED_EDGE('no 22897',*,*,#7846,.T.);
#7848=EDGE_LOOP('',(#7840,#7841,#7847));
#7849=FACE_OUTER_BOUND('',#7848,.T.);
#7850=CARTESIAN_POINT('',(0.148451,0.0112253,0.013));
#7851=DIRECTION('',(-0.0,0.0,1.0));
#7852=DIRECTION('',(0.4898791865,-0.8717903318,0.0));
#7853=AXIS2_PLACEMENT_3D('',#7850,#7851,#7852);
#7854=PLANE('',#7853);
#7855=ADVANCED_FACE('no 22907',(#7849),#7854,.F.);
#7856=CARTESIAN_POINT('',(0.151209,0.0869948,0.013));
#7857=VERTEX_POINT('',#7856);
#7858=CARTESIAN_POINT('',(0.151209,0.0869948,0.013));
#7859=DIRECTION('',(-0.4829940088,0.8756236563,0.0));
#7860=VECTOR('',#7859,1.0);
#7861=LINE('',#7858,#7860);
#7862=EDGE_CURVE('no 22948',#7857,#6625,#7861,.T.);
#7863=ORIENTED_EDGE('no 22951',*,*,#7862,.F.);
#7864=CARTESIAN_POINT('',(0.151209,0.0869948,0.013));
#7865=DIRECTION('',(0.0000387846,-0.9999999992,0.0));
#7866=VECTOR('',#7865,1.0);
#7867=LINE('',#7864,#7866);
#7868=EDGE_CURVE('no 22292',#7857,#6623,#7867,.T.);
#7869=ORIENTED_EDGE('no 22950',*,*,#7868,.T.);
#7870=ORIENTED_EDGE('no 22949',*,*,#6630,.T.);
#7871=EDGE_LOOP('',(#7863,#7869,#7870));
#7872=FACE_OUTER_BOUND('',#7871,.T.);
#7873=CARTESIAN_POINT('',(0.148451,0.0919948,0.013));
#7874=DIRECTION('',(0.0,0.0,1.0));
#7875=DIRECTION('',(0.0322048094,-0.9994812906,0.0));
#7876=AXIS2_PLACEMENT_3D('',#7873,#7874,#7875);
#7877=PLANE('',#7876);
#7878=ADVANCED_FACE('no 22959',(#7872),#7877,.F.);
#7879=ORIENTED_EDGE('no 19865',*,*,#6654,.F.);
#7880=CARTESIAN_POINT('',(0.134012,0.0788483,0.013));
#7881=VERTEX_POINT('',#7880);
#7882=CARTESIAN_POINT('',(0.148451,0.0819948,0.013));
#7883=DIRECTION('',(-0.9770696687,-0.2129198499,0.0));
#7884=VECTOR('',#7883,1.0);
#7885=LINE('',#7882,#7884);
#7886=EDGE_CURVE('no 19864',#6649,#7881,#7885,.T.);
#7887=ORIENTED_EDGE('no 19866',*,*,#7886,.T.);
#7888=CARTESIAN_POINT('',(0.0930123,0.0788483,0.013));
#7889=DIRECTION('',(1.0,0.0,0.0));
#7890=VECTOR('',#7889,1.0);
#7891=LINE('',#7888,#7890);
#7892=EDGE_CURVE('no 5059',#5652,#7881,#7891,.T.);
#7893=ORIENTED_EDGE('no 19867',*,*,#7892,.F.);
#7894=EDGE_LOOP('',(#7879,#7887,#7893));
#7895=FACE_OUTER_BOUND('',#7894,.T.);
#7896=CARTESIAN_POINT('',(0.0930123,0.0788483,0.013));
#7897=DIRECTION('',(0.0,0.0,-1.0));
#7898=DIRECTION('',(0.9983932133,0.0566656121,0.0));
#7899=AXIS2_PLACEMENT_3D('',#7896,#7897,#7898);
#7900=PLANE('',#7899);
#7901=ADVANCED_FACE('no 19875',(#7895),#7900,.T.);
#7902=ORIENTED_EDGE('no 7042',*,*,#6668,.T.);
#7903=CARTESIAN_POINT('',(0.0783128,0.0589948,0.013));
#7904=DIRECTION('',(-1.0,0.0,0.0));
#7905=VECTOR('',#7904,1.0);
#7906=LINE('',#7903,#7905);
#7907=EDGE_CURVE('no 7041',#4691,#6745,#7906,.T.);
#7908=ORIENTED_EDGE('no 7043',*,*,#7907,.T.);
#7909=ORIENTED_EDGE('no 7044',*,*,#6750,.F.);
#7910=EDGE_LOOP('',(#7902,#7908,#7909));
#7911=FACE_OUTER_BOUND('',#7910,.T.);
#7912=CARTESIAN_POINT('',(0.0553128,0.0589948,0.016));
#7913=DIRECTION('',(0.0,1.0,0.0));
#7914=DIRECTION('',(0.9916004279,0.0,-0.1293390558));
#7915=AXIS2_PLACEMENT_3D('',#7912,#7913,#7914);
#7916=PLANE('',#7915);
#7917=ADVANCED_FACE('no 7052',(#7911),#7916,.T.);
#7918=CARTESIAN_POINT('',(0.0568718,0.0549073,0.016));
#7919=VERTEX_POINT('',#7918);
#7920=CARTESIAN_POINT('',(0.0553128,0.0589948,0.016));
#7921=DIRECTION('',(0.3563660167,-0.9343464358,0.0));
#7922=VECTOR('',#7921,1.0);
#7923=LINE('',#7920,#7922);
#7924=EDGE_CURVE('no 4671',#5696,#7919,#7923,.T.);
#7925=ORIENTED_EDGE('no 4684',*,*,#7924,.T.);
#7926=CARTESIAN_POINT('',(0.0568718,0.0549073,0.016));
#7927=DIRECTION('',(0.9823090806,0.1872668423,0.0));
#7928=VECTOR('',#7927,1.0);
#7929=LINE('',#7926,#7928);
#7930=EDGE_CURVE('no 4677',#7919,#5630,#7929,.T.);
#7931=ORIENTED_EDGE('no 4685',*,*,#7930,.T.);
#7932=ORIENTED_EDGE('no 4686',*,*,#6674,.T.);
#7933=EDGE_LOOP('',(#7925,#7931,#7932));
#7934=FACE_OUTER_BOUND('',#7933,.T.);
#7935=CARTESIAN_POINT('',(0.0553128,0.0589948,0.016));
#7936=DIRECTION('',(-0.0,0.0,1.0));
#7937=DIRECTION('',(0.3563548793,-0.9343506836,0.0));
#7938=AXIS2_PLACEMENT_3D('',#7935,#7936,#7937);
#7939=PLANE('',#7938);
#7940=ADVANCED_FACE('no 4694',(#7934),#7939,.T.);
#7941=CARTESIAN_POINT('',(0.0768718,0.0549073,0.016));
#7942=VERTEX_POINT('',#7941);
#7943=CARTESIAN_POINT('',(0.0790074,0.0370378,0.016));
#7944=DIRECTION('',(-0.1186664552,0.9929341733,0.0));
#7945=VECTOR('',#7944,1.0);
#7946=LINE('',#7943,#7945);
#7947=EDGE_CURVE('no 4486',#5281,#7942,#7946,.T.);
#7948=ORIENTED_EDGE('no 4522',*,*,#7947,.F.);
#7949=ORIENTED_EDGE('no 4523',*,*,#6689,.T.);
#7950=CARTESIAN_POINT('',(0.0783128,0.0589948,0.016));
#7951=DIRECTION('',(-0.3324821654,-0.9431095428,0.0));
#7952=VECTOR('',#7951,1.0);
#7953=LINE('',#7950,#7952);
#7954=EDGE_CURVE('no 4521',#5630,#7942,#7953,.T.);
#7955=ORIENTED_EDGE('no 4524',*,*,#7954,.T.);
#7956=EDGE_LOOP('',(#7948,#7949,#7955));
#7957=FACE_OUTER_BOUND('',#7956,.T.);
#7958=CARTESIAN_POINT('',(0.0768718,0.0549073,0.016));
#7959=DIRECTION('',(-0.0,0.0,1.0));
#7960=DIRECTION('',(0.1186679987,-0.9929339888,0.0));
#7961=AXIS2_PLACEMENT_3D('',#7958,#7959,#7960);
#7962=PLANE('',#7961);
#7963=ADVANCED_FACE('no 4532',(#7957),#7962,.T.);
#7964=ORIENTED_EDGE('no 1966',*,*,#6732,.F.);
#7965=ORIENTED_EDGE('no 1967',*,*,#6695,.T.);
#7966=CARTESIAN_POINT('',(0.0790074,0.0370378,0.016));
#7967=DIRECTION('',(0.3176170269,0.9482190803,0.0));
#7968=VECTOR('',#7967,1.0);
#7969=LINE('',#7966,#7968);
#7970=EDGE_CURVE('no 1965',#5281,#5981,#7969,.T.);
#7971=ORIENTED_EDGE('no 1968',*,*,#7970,.T.);
#7972=EDGE_LOOP('',(#7964,#7965,#7971));
#7973=FACE_OUTER_BOUND('',#7972,.T.);
#7974=CARTESIAN_POINT('',(0.0930123,0.0788483,0.016));
#7975=DIRECTION('',(0.0,0.0,1.0));
#7976=DIRECTION('',(-0.9778480494,0.2093160106,0.0));
#7977=AXIS2_PLACEMENT_3D('',#7974,#7975,#7976);
#7978=PLANE('',#7977);
#7979=ADVANCED_FACE('no 1976',(#7973),#7978,.T.);
#7980=ORIENTED_EDGE('no 19790',*,*,#6711,.F.);
#7981=CARTESIAN_POINT('',(0.0930123,0.0788483,0.013));
#7982=DIRECTION('',(-0.3020801619,-0.9532825267,0.0));
#7983=VECTOR('',#7982,1.0);
#7984=LINE('',#7981,#7983);
#7985=EDGE_CURVE('no 19783',#5652,#7524,#7984,.T.);
#7986=ORIENTED_EDGE('no 19791',*,*,#7985,.T.);
#7987=ORIENTED_EDGE('no 19792',*,*,#7529,.T.);
#7988=EDGE_LOOP('',(#7980,#7986,#7987));
#7989=FACE_OUTER_BOUND('',#7988,.T.);
#7990=CARTESIAN_POINT('',(0.0790074,0.0370378,0.013));
#7991=DIRECTION('',(0.0,0.0,-1.0));
#7992=DIRECTION('',(0.3176170269,0.9482190803,0.0));
#7993=AXIS2_PLACEMENT_3D('',#7990,#7991,#7992);
#7994=PLANE('',#7993);
#7995=ADVANCED_FACE('no 19800',(#7989),#7994,.T.);
#7996=CARTESIAN_POINT('',(0.0768718,0.0389073,0.013));
#7997=VERTEX_POINT('',#7996);
#7998=CARTESIAN_POINT('',(0.0768718,0.0389073,0.013));
#7999=DIRECTION('',(0.752428262,-0.6586742067,0.0));
#8000=VECTOR('',#7999,1.0);
#8001=LINE('',#7998,#8000);
#8002=EDGE_CURVE('no 20912',#7997,#6324,#8001,.T.);
#8003=ORIENTED_EDGE('no 20930',*,*,#8002,.F.);
#8004=CARTESIAN_POINT('',(0.0783128,0.0589948,0.013));
#8005=DIRECTION('',(-0.0715522838,-0.9974368505,0.0));
#8006=VECTOR('',#8005,1.0);
#8007=LINE('',#8004,#8006);
#8008=EDGE_CURVE('no 20745',#4691,#7997,#8007,.T.);
#8009=ORIENTED_EDGE('no 20931',*,*,#8008,.F.);
#8010=ORIENTED_EDGE('no 20932',*,*,#6717,.F.);
#8011=EDGE_LOOP('',(#8003,#8009,#8010));
#8012=FACE_OUTER_BOUND('',#8011,.T.);
#8013=CARTESIAN_POINT('',(0.0790074,0.0370378,0.013));
#8014=DIRECTION('',(0.0,0.0,-1.0));
#8015=DIRECTION('',(-0.7524371114,0.6586640975,0.0));
#8016=AXIS2_PLACEMENT_3D('',#8013,#8014,#8015);
#8017=PLANE('',#8016);
#8018=ADVANCED_FACE('no 20940',(#8012),#8017,.T.);
#8019=ORIENTED_EDGE('no 20821',*,*,#6819,.F.);
#8020=ORIENTED_EDGE('no 20822',*,*,#6756,.F.);
#8021=CARTESIAN_POINT('',(0.0553128,0.0589948,0.013));
#8022=DIRECTION('',(-0.0593477734,-0.9982373675,0.0));
#8023=VECTOR('',#8022,1.0);
#8024=LINE('',#8021,#8023);
#8025=EDGE_CURVE('no 20820',#6745,#5363,#8024,.T.);
#8026=ORIENTED_EDGE('no 20823',*,*,#8025,.T.);
#8027=EDGE_LOOP('',(#8019,#8020,#8026));
#8028=FACE_OUTER_BOUND('',#8027,.T.);
#8029=CARTESIAN_POINT('',(0.0540074,0.0370378,0.013));
#8030=DIRECTION('',(0.0,0.0,-1.0));
#8031=DIRECTION('',(0.0290245912,0.9995786978,0.0));
#8032=AXIS2_PLACEMENT_3D('',#8029,#8030,#8031);
#8033=PLANE('',#8032);
#8034=ADVANCED_FACE('no 20831',(#8028),#8033,.T.);
#8035=ORIENTED_EDGE('no 17868',*,*,#6795,.F.);
#8036=CARTESIAN_POINT('',(0.0506514,0.0112253,0.013));
#8037=DIRECTION('',(1.0,0.0,0.0));
#8038=VECTOR('',#8037,1.0);
#8039=LINE('',#8036,#8038);
#8040=EDGE_CURVE('no 17867',#4760,#6927,#8039,.T.);
#8041=ORIENTED_EDGE('no 17869',*,*,#8040,.T.);
#8042=ORIENTED_EDGE('no 17870',*,*,#6932,.F.);
#8043=EDGE_LOOP('',(#8035,#8041,#8042));
#8044=FACE_OUTER_BOUND('',#8043,.T.);
#8045=CARTESIAN_POINT('',(0.148451,0.0112253,0.0));
#8046=DIRECTION('',(0.0,1.0,-0.0));
#8047=DIRECTION('',(-0.9912809821,0.0,0.1317649976));
#8048=AXIS2_PLACEMENT_3D('',#8045,#8046,#8047);
#8049=PLANE('',#8048);
#8050=ADVANCED_FACE('no 17878',(#8044),#8049,.T.);
#8051=ORIENTED_EDGE('no 11406',*,*,#6908,.T.);
#8052=CARTESIAN_POINT('',(0.0406514,0.00122528,0.0));
#8053=DIRECTION('',(1.0,0.0,0.0));
#8054=VECTOR('',#8053,1.0);
#8055=LINE('',#8052,#8054);
#8056=EDGE_CURVE('no 11399',#4878,#6860,#8055,.T.);
#8057=ORIENTED_EDGE('no 11407',*,*,#8056,.T.);
#8058=ORIENTED_EDGE('no 11408',*,*,#6865,.T.);
#8059=EDGE_LOOP('',(#8051,#8057,#8058));
#8060=FACE_OUTER_BOUND('',#8059,.T.);
#8061=CARTESIAN_POINT('',(0.158451,0.00122528,0.013));
#8062=DIRECTION('',(0.0,-1.0,-0.0));
#8063=DIRECTION('',(-0.9939657393,0.0,-0.1096909712));
#8064=AXIS2_PLACEMENT_3D('',#8061,#8062,#8063);
#8065=PLANE('',#8064);
#8066=ADVANCED_FACE('no 11416',(#8060),#8065,.T.);
#8067=CARTESIAN_POINT('',(0.155651,0.00622528,0.0));
#8068=VERTEX_POINT('',#8067);
#8069=CARTESIAN_POINT('',(0.155651,0.00622528,0.0));
#8070=DIRECTION('',(0.4886038561,-0.8725057431,0.0));
#8071=VECTOR('',#8070,1.0);
#8072=LINE('',#8069,#8071);
#8073=EDGE_CURVE('no 14417',#8068,#6860,#8072,.T.);
#8074=ORIENTED_EDGE('no 14435',*,*,#8073,.F.);
#8075=CARTESIAN_POINT('',(0.158451,0.0920253,0.0));
#8076=DIRECTION('',(-0.0326166616,-0.9994679351,0.0));
#8077=VECTOR('',#8076,1.0);
#8078=LINE('',#8075,#8077);
#8079=EDGE_CURVE('no 13526',#4027,#8068,#8078,.T.);
#8080=ORIENTED_EDGE('no 14436',*,*,#8079,.F.);
#8081=ORIENTED_EDGE('no 14437',*,*,#6871,.F.);
#8082=EDGE_LOOP('',(#8074,#8080,#8081));
#8083=FACE_OUTER_BOUND('',#8082,.T.);
#8084=CARTESIAN_POINT('',(0.158451,0.00122528,0.0));
#8085=DIRECTION('',(0.0,0.0,-1.0));
#8086=DIRECTION('',(-0.4886038561,0.8725057431,0.0));
#8087=AXIS2_PLACEMENT_3D('',#8084,#8085,#8086);
#8088=PLANE('',#8087);
#8089=ADVANCED_FACE('no 14445',(#8083),#8088,.T.);
#8090=ORIENTED_EDGE('no 12896',*,*,#6888,.F.);
#8091=CARTESIAN_POINT('',(0.0467514,0.0889305,0.0));
#8092=VERTEX_POINT('',#8091);
#8093=CARTESIAN_POINT('',(0.158451,0.0920253,0.0));
#8094=DIRECTION('',(-0.999616397,-0.0276958272,0.0));
#8095=VECTOR('',#8094,1.0);
#8096=LINE('',#8093,#8095);
#8097=EDGE_CURVE('no 12889',#4027,#8092,#8096,.T.);
#8098=ORIENTED_EDGE('no 12897',*,*,#8097,.T.);
#8099=CARTESIAN_POINT('',(0.0467514,0.0889305,0.0));
#8100=DIRECTION('',(-0.9238682766,0.3827106054,0.0));
#8101=VECTOR('',#8100,1.0);
#8102=LINE('',#8099,#8101);
#8103=EDGE_CURVE('no 12895',#8092,#6883,#8102,.T.);
#8104=ORIENTED_EDGE('no 12898',*,*,#8103,.T.);
#8105=EDGE_LOOP('',(#8090,#8098,#8104));
#8106=FACE_OUTER_BOUND('',#8105,.T.);
#8107=CARTESIAN_POINT('',(0.0462208,0.0891503,0.0));
#8108=DIRECTION('',(0.0,0.0,-1.0));
#8109=DIRECTION('',(0.9996720562,0.0256082014,0.0));
#8110=AXIS2_PLACEMENT_3D('',#8107,#8108,#8109);
#8111=PLANE('',#8110);
#8112=ADVANCED_FACE('no 12906',(#8106),#8111,.T.);
#8113=ORIENTED_EDGE('no 11615',*,*,#7660,.T.);
#8114=ORIENTED_EDGE('no 11616',*,*,#6894,.T.);
#8115=CARTESIAN_POINT('',(0.0462208,0.0891503,0.0));
#8116=DIRECTION('',(0.0,0.0,1.0));
#8117=VECTOR('',#8116,1.0);
#8118=LINE('',#8115,#8117);
#8119=EDGE_CURVE('no 11614',#6883,#7649,#8118,.T.);
#8120=ORIENTED_EDGE('no 11617',*,*,#8119,.T.);
#8121=EDGE_LOOP('',(#8113,#8114,#8120));
#8122=FACE_OUTER_BOUND('',#8121,.T.);
#8123=CARTESIAN_POINT('',(0.0462208,0.0891503,0.013));
#8124=DIRECTION('',(-0.130520941,-0.9914455527,0.0000000015));
#8125=DIRECTION('',(-0.0437575812,0.0057605575,-0.9990255703));
#8126=AXIS2_PLACEMENT_3D('',#8123,#8124,#8125);
#8127=PLANE('',#8126);
#8128=ADVANCED_FACE('no 11625',(#8122),#8127,.T.);
#8129=ORIENTED_EDGE('no 23020',*,*,#7137,.F.);
#8130=ORIENTED_EDGE('no 23019',*,*,#7159,.F.);
#8131=ORIENTED_EDGE('no 23018',*,*,#6958,.T.);
#8132=EDGE_LOOP('',(#8129,#8130,#8131));
#8133=FACE_OUTER_BOUND('',#8132,.T.);
#8134=CARTESIAN_POINT('',(0.153292,0.00399796,0.013));
#8135=DIRECTION('',(-0.0,0.0,1.0));
#8136=DIRECTION('',(0.8792323516,-0.4763931905,0.0));
#8137=AXIS2_PLACEMENT_3D('',#8134,#8135,#8136);
#8138=PLANE('',#8137);
#8139=ADVANCED_FACE('no 23028',(#8133),#8138,.F.);
#8140=ORIENTED_EDGE('no 9354',*,*,#6996,.F.);
#8141=CARTESIAN_POINT('',(0.152209,0.00435092,0.016));
#8142=DIRECTION('',(-0.7597759603,0.6501849661,0.0));
#8143=VECTOR('',#8142,1.0);
#8144=LINE('',#8141,#8143);
#8145=EDGE_CURVE('no 921',#6004,#6991,#8144,.T.);
#8146=ORIENTED_EDGE('no 9355',*,*,#8145,.F.);
#8147=ORIENTED_EDGE('no 9356',*,*,#6980,.F.);
#8148=EDGE_LOOP('',(#8140,#8146,#8147));
#8149=FACE_OUTER_BOUND('',#8148,.T.);
#8150=CARTESIAN_POINT('',(0.152209,0.00435092,0.013));
#8151=DIRECTION('',(0.6501849357,0.7597759863,0.0000002086));
#8152=DIRECTION('',(-0.1428560698,0.1222500598,0.9821644802));
#8153=AXIS2_PLACEMENT_3D('',#8150,#8151,#8152);
#8154=PLANE('',#8153);
#8155=ADVANCED_FACE('no 9364',(#8149),#8154,.T.);
#8156=CARTESIAN_POINT('',(0.151448,0.00519796,0.013));
#8157=DIRECTION('',(0.1064005062,-0.1550599131,0.9821585186));
#8158=VECTOR('',#8157,1.0);
#8159=LINE('',#8156,#8158);
#8160=EDGE_CURVE('no 9376',#7014,#6991,#8159,.T.);
#8161=ORIENTED_EDGE('no 9383',*,*,#8160,.T.);
#8162=ORIENTED_EDGE('no 9384',*,*,#7003,.F.);
#8163=ORIENTED_EDGE('no 9385',*,*,#7025,.T.);
#8164=EDGE_LOOP('',(#8161,#8162,#8163));
#8165=FACE_OUTER_BOUND('',#8164,.T.);
#8166=CARTESIAN_POINT('',(0.151448,0.00519796,0.013));
#8167=DIRECTION('',(0.8246681009,0.5656169405,0.0000005545));
#8168=DIRECTION('',(0.1063500139,-0.1550590202,0.9821641282));
#8169=AXIS2_PLACEMENT_3D('',#8166,#8167,#8168);
#8170=PLANE('',#8169);
#8171=ADVANCED_FACE('no 9393',(#8165),#8170,.T.);
#8172=CARTESIAN_POINT('',(0.0506514,0.0112253,0.013));
#8173=DIRECTION('',(1.0,0.0,0.0));
#8174=VECTOR('',#8173,1.0);
#8175=LINE('',#8172,#8174);
#8176=EDGE_CURVE('no 17867',#5903,#7834,#8175,.T.);
#8177=ORIENTED_EDGE('no 22830',*,*,#8176,.T.);
#8178=CARTESIAN_POINT('',(0.151448,0.00519796,0.013));
#8179=DIRECTION('',(-0.4451748358,0.8954436697,0.0));
#8180=VECTOR('',#8179,1.0);
#8181=LINE('',#8178,#8180);
#8182=EDGE_CURVE('no 22827',#7014,#7834,#8181,.T.);
#8183=ORIENTED_EDGE('no 22829',*,*,#8182,.F.);
#8184=ORIENTED_EDGE('no 22828',*,*,#7019,.T.);
#8185=EDGE_LOOP('',(#8177,#8183,#8184));
#8186=FACE_OUTER_BOUND('',#8185,.T.);
#8187=CARTESIAN_POINT('',(0.0506514,0.0112253,0.013));
#8188=DIRECTION('',(-0.0,0.0,1.0));
#8189=DIRECTION('',(0.9982169446,-0.0596902967,0.0));
#8190=AXIS2_PLACEMENT_3D('',#8187,#8188,#8189);
#8191=PLANE('',#8190);
#8192=ADVANCED_FACE('no 22838',(#8186),#8191,.F.);
#8193=ORIENTED_EDGE('no 21481',*,*,#7049,.F.);
#8194=CARTESIAN_POINT('',(0.0475143,0.0880948,0.013));
#8195=VERTEX_POINT('',#8194);
#8196=CARTESIAN_POINT('',(0.0475143,0.0880948,0.013));
#8197=DIRECTION('',(0.3826820445,-0.9238801074,0.0));
#8198=VECTOR('',#8197,1.0);
#8199=LINE('',#8196,#8198);
#8200=EDGE_CURVE('no 21472',#8195,#7038,#8199,.T.);
#8201=ORIENTED_EDGE('no 21480',*,*,#8200,.F.);
#8202=CARTESIAN_POINT('',(0.0475143,0.0880948,0.013));
#8203=DIRECTION('',(0.6267690591,0.7792050735,0.0));
#8204=VECTOR('',#8203,1.0);
#8205=LINE('',#8202,#8204);
#8206=EDGE_CURVE('no 21449',#8195,#3194,#8205,.T.);
#8207=ORIENTED_EDGE('no 21479',*,*,#8206,.T.);
#8208=EDGE_LOOP('',(#8193,#8201,#8207));
#8209=FACE_OUTER_BOUND('',#8208,.T.);
#8210=CARTESIAN_POINT('',(0.0506514,0.0919948,0.013));
#8211=DIRECTION('',(0.0,0.0,1.0));
#8212=DIRECTION('',(-0.6267690591,-0.7792050735,0.0));
#8213=AXIS2_PLACEMENT_3D('',#8210,#8211,#8212);
#8214=PLANE('',#8213);
#8215=ADVANCED_FACE('no 21489',(#8209),#8214,.F.);
#8216=CARTESIAN_POINT('',(0.134012,0.0788483,0.016));
#8217=DIRECTION('',(-0.9973336847,0.0,-0.0729761694));
#8218=VECTOR('',#8217,1.0);
#8219=LINE('',#8216,#8218);
#8220=EDGE_CURVE('no 5053',#7061,#5652,#8219,.T.);
#8221=ORIENTED_EDGE('no 5083',*,*,#8220,.F.);
#8222=ORIENTED_EDGE('no 5084',*,*,#7066,.F.);
#8223=CARTESIAN_POINT('',(0.0930123,0.0788483,0.013));
#8224=DIRECTION('',(0.0,0.0,1.0));
#8225=VECTOR('',#8224,1.0);
#8226=LINE('',#8223,#8225);
#8227=EDGE_CURVE('no 5030',#5652,#5981,#8226,.T.);
#8228=ORIENTED_EDGE('no 5085',*,*,#8227,.F.);
#8229=EDGE_LOOP('',(#8221,#8222,#8228));
#8230=FACE_OUTER_BOUND('',#8229,.T.);
#8231=CARTESIAN_POINT('',(0.0930123,0.0788483,0.013));
#8232=DIRECTION('',(0.0,-1.0,0.0));
#8233=DIRECTION('',(0.9973337206,0.0,0.0729756796));
#8234=AXIS2_PLACEMENT_3D('',#8231,#8232,#8233);
#8235=PLANE('',#8234);
#8236=ADVANCED_FACE('no 5093',(#8230),#8235,.T.);
#8237=ORIENTED_EDGE('no 2192',*,*,#7072,.F.);
#8238=CARTESIAN_POINT('',(0.151853,0.0885505,0.016));
#8239=VERTEX_POINT('',#8238);
#8240=CARTESIAN_POINT('',(0.134012,0.0788483,0.016));
#8241=DIRECTION('',(0.8785004354,0.4777415461,0.0));
#8242=VECTOR('',#8241,1.0);
#8243=LINE('',#8240,#8242);
#8244=EDGE_CURVE('no 2185',#7061,#8239,#8243,.T.);
#8245=ORIENTED_EDGE('no 2193',*,*,#8244,.T.);
#8246=CARTESIAN_POINT('',(0.151853,0.0885505,0.016));
#8247=DIRECTION('',(0.7933542749,0.608760211,0.0));
#8248=VECTOR('',#8247,1.0);
#8249=LINE('',#8246,#8248);
#8250=EDGE_CURVE('no 2191',#8239,#5007,#8249,.T.);
#8251=ORIENTED_EDGE('no 2194',*,*,#8250,.T.);
#8252=EDGE_LOOP('',(#8237,#8245,#8251));
#8253=FACE_OUTER_BOUND('',#8252,.T.);
#8254=CARTESIAN_POINT('',(0.152309,0.0889001,0.016));
#8255=DIRECTION('',(0.0,0.0,1.0));
#8256=DIRECTION('',(-0.8764471456,-0.48149808,0.0));
#8257=AXIS2_PLACEMENT_3D('',#8254,#8255,#8256);
#8258=PLANE('',#8257);
#8259=ADVANCED_FACE('no 2202',(#8253),#8258,.T.);
#8260=ORIENTED_EDGE('no 754',*,*,#7325,.F.);
#8261=ORIENTED_EDGE('no 755',*,*,#7088,.T.);
#8262=CARTESIAN_POINT('',(0.123056,0.0168366,0.016));
#8263=DIRECTION('',(-0.9980683007,0.0621262187,0.0));
#8264=VECTOR('',#8263,1.0);
#8265=LINE('',#8262,#8264);
#8266=EDGE_CURVE('no 753',#7083,#7320,#8265,.T.);
#8267=ORIENTED_EDGE('no 756',*,*,#8266,.T.);
#8268=EDGE_LOOP('',(#8260,#8261,#8267));
#8269=FACE_OUTER_BOUND('',#8268,.T.);
#8270=CARTESIAN_POINT('',(0.120739,0.0169808,0.016));
#8271=DIRECTION('',(0.0,0.0,1.0));
#8272=DIRECTION('',(0.9222927953,-0.3864919142,0.0));
#8273=AXIS2_PLACEMENT_3D('',#8270,#8271,#8272);
#8274=PLANE('',#8273);
#8275=ADVANCED_FACE('no 764',(#8269),#8274,.T.);
#8276=ORIENTED_EDGE('no 928',*,*,#7095,.F.);
#8277=ORIENTED_EDGE('no 929',*,*,#8145,.T.);
#8278=CARTESIAN_POINT('',(0.151773,0.00472433,0.016));
#8279=DIRECTION('',(-0.9213953486,0.388626571,0.0));
#8280=VECTOR('',#8279,1.0);
#8281=LINE('',#8278,#8280);
#8282=EDGE_CURVE('no 927',#6991,#7083,#8281,.T.);
#8283=ORIENTED_EDGE('no 930',*,*,#8282,.T.);
#8284=EDGE_LOOP('',(#8276,#8277,#8283));
#8285=FACE_OUTER_BOUND('',#8284,.T.);
#8286=CARTESIAN_POINT('',(0.123056,0.0168366,0.016));
#8287=DIRECTION('',(0.0,0.0,1.0));
#8288=DIRECTION('',(0.9192425018,-0.3936917866,0.0));
#8289=AXIS2_PLACEMENT_3D('',#8286,#8287,#8288);
#8290=PLANE('',#8289);
#8291=ADVANCED_FACE('no 938',(#8285),#8290,.T.);
#8292=CARTESIAN_POINT('',(0.154406,0.00423365,0.013));
#8293=DIRECTION('',(-0.944924983,-0.3272869941,0.0));
#8294=VECTOR('',#8293,1.0);
#8295=LINE('',#8292,#8294);
#8296=EDGE_CURVE('no 9099',#7211,#7171,#8295,.T.);
#8297=ORIENTED_EDGE('no 23089',*,*,#8296,.F.);
#8298=ORIENTED_EDGE('no 23088',*,*,#7223,.F.);
#8299=ORIENTED_EDGE('no 23087',*,*,#7176,.T.);
#8300=EDGE_LOOP('',(#8297,#8298,#8299));
#8301=FACE_OUTER_BOUND('',#8300,.T.);
#8302=CARTESIAN_POINT('',(0.154021,0.00410024,0.013));
#8303=DIRECTION('',(-0.0,0.0,1.0));
#8304=DIRECTION('',(0.8364726053,-0.5480087414,0.0));
#8305=AXIS2_PLACEMENT_3D('',#8302,#8303,#8304);
#8306=PLANE('',#8305);
#8307=ADVANCED_FACE('no 23097',(#8301),#8306,.F.);
#8308=ORIENTED_EDGE('no 23660',*,*,#7200,.F.);
#8309=CARTESIAN_POINT('',(0.154509,0.0889001,0.013));
#8310=VERTEX_POINT('',#8309);
#8311=CARTESIAN_POINT('',(0.154509,0.0889001,0.013));
#8312=DIRECTION('',(0.7933542749,-0.608760211,0.0));
#8313=VECTOR('',#8312,1.0);
#8314=LINE('',#8311,#8313);
#8315=EDGE_CURVE('no 23651',#8310,#7189,#8314,.T.);
#8316=ORIENTED_EDGE('no 23659',*,*,#8315,.F.);
#8317=CARTESIAN_POINT('',(0.154509,0.0889001,0.013));
#8318=DIRECTION('',(0.7833362497,0.6215981981,0.0));
#8319=VECTOR('',#8318,1.0);
#8320=LINE('',#8317,#8319);
#8321=EDGE_CURVE('no 23628',#8310,#5149,#8320,.T.);
#8322=ORIENTED_EDGE('no 23658',*,*,#8321,.T.);
#8323=EDGE_LOOP('',(#8308,#8316,#8322));
#8324=FACE_OUTER_BOUND('',#8323,.T.);
#8325=CARTESIAN_POINT('',(0.158409,0.0919948,0.013));
#8326=DIRECTION('',(0.0,0.0,1.0));
#8327=DIRECTION('',(-0.7833362497,-0.6215981981,0.0));
#8328=AXIS2_PLACEMENT_3D('',#8325,#8326,#8327);
#8329=PLANE('',#8328);
#8330=ADVANCED_FACE('no 23668',(#8324),#8329,.F.);
#8331=CARTESIAN_POINT('',(0.153978,0.0848698,0.016));
#8332=VERTEX_POINT('',#8331);
#8333=CARTESIAN_POINT('',(0.154091,0.0082865,0.016));
#8334=DIRECTION('',(-0.0014755159,0.9999989114,0.0));
#8335=VECTOR('',#8334,1.0);
#8336=LINE('',#8333,#8335);
#8337=EDGE_CURVE('no 2991',#7234,#8332,#8336,.T.);
#8338=ORIENTED_EDGE('no 3021',*,*,#8337,.F.);
#8339=ORIENTED_EDGE('no 3022',*,*,#7239,.T.);
#8340=CARTESIAN_POINT('',(0.154509,0.0850896,0.016));
#8341=DIRECTION('',(-0.9238825216,-0.382676216,0.0));
#8342=VECTOR('',#8341,1.0);
#8343=LINE('',#8340,#8342);
#8344=EDGE_CURVE('no 3020',#6137,#8332,#8343,.T.);
#8345=ORIENTED_EDGE('no 3023',*,*,#8344,.T.);
#8346=EDGE_LOOP('',(#8338,#8339,#8345));
#8347=FACE_OUTER_BOUND('',#8346,.T.);
#8348=CARTESIAN_POINT('',(0.153978,0.0848698,0.016));
#8349=DIRECTION('',(-0.0,0.0,1.0));
#8350=DIRECTION('',(0.0014684499,-0.9999989218,0.0));
#8351=AXIS2_PLACEMENT_3D('',#8348,#8349,#8350);
#8352=PLANE('',#8351);
#8353=ADVANCED_FACE('no 3031',(#8347),#8352,.T.);
#8354=ORIENTED_EDGE('no 8475',*,*,#7262,.F.);
#8355=ORIENTED_EDGE('no 8476',*,*,#7245,.F.);
#8356=CARTESIAN_POINT('',(0.154091,0.0082865,0.013));
#8357=DIRECTION('',(0.0,0.0,1.0));
#8358=VECTOR('',#8357,1.0);
#8359=LINE('',#8356,#8358);
#8360=EDGE_CURVE('no 8399',#7257,#7234,#8359,.T.);
#8361=ORIENTED_EDGE('no 8477',*,*,#8360,.F.);
#8362=EDGE_LOOP('',(#8354,#8355,#8361));
#8363=FACE_OUTER_BOUND('',#8362,.T.);
#8364=CARTESIAN_POINT('',(0.154091,0.0082865,0.013));
#8365=DIRECTION('',(-0.4313857871,-0.902167558,0.0000000074));
#8366=DIRECTION('',(0.1696290778,-0.0811108372,0.9821644506));
#8367=AXIS2_PLACEMENT_3D('',#8364,#8365,#8366);
#8368=PLANE('',#8367);
#8369=ADVANCED_FACE('no 8485',(#8363),#8368,.T.);
#8370=CARTESIAN_POINT('',(0.154551,0.08512,0.013));
#8371=VERTEX_POINT('',#8370);
#8372=CARTESIAN_POINT('',(0.154609,0.00803875,0.013));
#8373=DIRECTION('',(-0.0007524526,0.9999997169,0.0));
#8374=VECTOR('',#8373,1.0);
#8375=LINE('',#8372,#8374);
#8376=EDGE_CURVE('no 24257',#6160,#8371,#8375,.T.);
#8377=ORIENTED_EDGE('no 24260',*,*,#8376,.F.);
#8378=ORIENTED_EDGE('no 24259',*,*,#7268,.F.);
#8379=CARTESIAN_POINT('',(0.154091,0.0082865,0.013));
#8380=DIRECTION('',(0.0059868645,0.9999820786,0.0));
#8381=VECTOR('',#8380,1.0);
#8382=LINE('',#8379,#8381);
#8383=EDGE_CURVE('no 24234',#7257,#8371,#8382,.T.);
#8384=ORIENTED_EDGE('no 24258',*,*,#8383,.T.);
#8385=EDGE_LOOP('',(#8377,#8378,#8384));
#8386=FACE_OUTER_BOUND('',#8385,.T.);
#8387=CARTESIAN_POINT('',(0.154509,0.0850896,0.013));
#8388=DIRECTION('',(0.0,0.0,1.0));
#8389=DIRECTION('',(-0.005444251,-0.99998518,0.0));
#8390=AXIS2_PLACEMENT_3D('',#8387,#8388,#8389);
#8391=PLANE('',#8390);
#8392=ADVANCED_FACE('no 24268',(#8386),#8391,.F.);
#8393=CARTESIAN_POINT('',(0.154551,0.08512,0.013));
#8394=DIRECTION('',(0.7933477047,0.6087687734,0.0));
#8395=VECTOR('',#8394,1.0);
#8396=LINE('',#8393,#8395);
#8397=EDGE_CURVE('no 15776',#8371,#7280,#8396,.T.);
#8398=ORIENTED_EDGE('no 24306',*,*,#8397,.T.);
#8399=ORIENTED_EDGE('no 24305',*,*,#7292,.F.);
#8400=ORIENTED_EDGE('no 24304',*,*,#8376,.T.);
#8401=EDGE_LOOP('',(#8398,#8399,#8400));
#8402=FACE_OUTER_BOUND('',#8401,.T.);
#8403=CARTESIAN_POINT('',(0.154551,0.08512,0.013));
#8404=DIRECTION('',(-0.0,0.0,1.0));
#8405=DIRECTION('',(0.0007485248,-0.9999997199,0.0));
#8406=AXIS2_PLACEMENT_3D('',#8403,#8404,#8405);
#8407=PLANE('',#8406);
#8408=ADVANCED_FACE('no 24314',(#8402),#8407,.F.);
#8409=ORIENTED_EDGE('no 15675',*,*,#7306,.F.);
#8410=CARTESIAN_POINT('',(0.155007,0.0854696,0.0));
#8411=VERTEX_POINT('',#8410);
#8412=CARTESIAN_POINT('',(0.155007,0.0854696,0.0));
#8413=DIRECTION('',(0.0,0.0,1.0));
#8414=VECTOR('',#8413,1.0);
#8415=LINE('',#8412,#8414);
#8416=EDGE_CURVE('no 15666',#8411,#7280,#8415,.T.);
#8417=ORIENTED_EDGE('no 15674',*,*,#8416,.F.);
#8418=CARTESIAN_POINT('',(0.155314,0.0858948,0.013));
#8419=DIRECTION('',(-0.0235961913,-0.0326811092,-0.9991872522));
#8420=VECTOR('',#8419,1.0);
#8421=LINE('',#8418,#8420);
#8422=EDGE_CURVE('no 15660',#5234,#8411,#8421,.T.);
#8423=ORIENTED_EDGE('no 15673',*,*,#8422,.F.);
#8424=EDGE_LOOP('',(#8409,#8417,#8423));
#8425=FACE_OUTER_BOUND('',#8424,.T.);
#8426=CARTESIAN_POINT('',(0.155314,0.0858948,0.013));
#8427=DIRECTION('',(-0.8104482779,0.5858101987,-0.0000000439));
#8428=DIRECTION('',(-0.0236219922,-0.0326802892,-0.9991866693));
#8429=AXIS2_PLACEMENT_3D('',#8426,#8427,#8428);
#8430=PLANE('',#8429);
#8431=ADVANCED_FACE('no 15683',(#8425),#8430,.F.);
#8432=CARTESIAN_POINT('',(0.120739,0.0169808,0.013));
#8433=VERTEX_POINT('',#8432);
#8434=CARTESIAN_POINT('',(0.103739,0.0169808,0.016));
#8435=DIRECTION('',(0.9847835588,0.0,-0.1737853339));
#8436=VECTOR('',#8435,1.0);
#8437=LINE('',#8434,#8436);
#8438=EDGE_CURVE('no 6457',#6216,#8433,#8437,.T.);
#8439=ORIENTED_EDGE('no 6487',*,*,#8438,.F.);
#8440=ORIENTED_EDGE('no 6488',*,*,#7331,.F.);
#8441=CARTESIAN_POINT('',(0.120739,0.0169808,0.013));
#8442=DIRECTION('',(0.0,0.0,1.0));
#8443=VECTOR('',#8442,1.0);
#8444=LINE('',#8441,#8443);
#8445=EDGE_CURVE('no 6405',#8433,#7320,#8444,.T.);
#8446=ORIENTED_EDGE('no 6489',*,*,#8445,.F.);
#8447=EDGE_LOOP('',(#8439,#8440,#8446));
#8448=FACE_OUTER_BOUND('',#8447,.T.);
#8449=CARTESIAN_POINT('',(0.120739,0.0169808,0.013));
#8450=DIRECTION('',(0.0,1.0,-0.0));
#8451=DIRECTION('',(-0.9847836293,0.0,0.1737849346));
#8452=AXIS2_PLACEMENT_3D('',#8449,#8450,#8451);
#8453=PLANE('',#8452);
#8454=ADVANCED_FACE('no 6497',(#8448),#8453,.T.);
#8455=ORIENTED_EDGE('no 667',*,*,#7348,.F.);
#8456=CARTESIAN_POINT('',(0.101964,0.0364488,0.016));
#8457=VERTEX_POINT('',#8456);
#8458=CARTESIAN_POINT('',(0.103739,0.0169808,0.016));
#8459=DIRECTION('',(-0.0908011043,0.9958690473,0.0));
#8460=VECTOR('',#8459,1.0);
#8461=LINE('',#8458,#8460);
#8462=EDGE_CURVE('no 660',#6216,#8457,#8461,.T.);
#8463=ORIENTED_EDGE('no 668',*,*,#8462,.T.);
#8464=CARTESIAN_POINT('',(0.101964,0.0364488,0.016));
#8465=DIRECTION('',(-0.1326994765,-0.9911563191,0.0));
#8466=VECTOR('',#8465,1.0);
#8467=LINE('',#8464,#8466);
#8468=EDGE_CURVE('no 666',#8457,#7343,#8467,.T.);
#8469=ORIENTED_EDGE('no 669',*,*,#8468,.T.);
#8470=EDGE_LOOP('',(#8455,#8463,#8469));
#8471=FACE_OUTER_BOUND('',#8470,.T.);
#8472=CARTESIAN_POINT('',(0.101659,0.0341707,0.016));
#8473=DIRECTION('',(-0.0,0.0,1.0));
#8474=DIRECTION('',(0.1200870443,-0.9927633665,0.0));
#8475=AXIS2_PLACEMENT_3D('',#8472,#8473,#8474);
#8476=PLANE('',#8475);
#8477=ADVANCED_FACE('no 677',(#8471),#8476,.T.);
#8478=ORIENTED_EDGE('no 20136',*,*,#7460,.F.);
#8479=ORIENTED_EDGE('no 20137',*,*,#7369,.F.);
#8480=CARTESIAN_POINT('',(0.101659,0.0171707,0.013));
#8481=DIRECTION('',(0.9920242978,-0.1260467871,0.0));
#8482=VECTOR('',#8481,1.0);
#8483=LINE('',#8480,#8482);
#8484=EDGE_CURVE('no 20135',#6238,#7448,#8483,.T.);
#8485=ORIENTED_EDGE('no 20138',*,*,#8484,.T.);
#8486=EDGE_LOOP('',(#8478,#8479,#8485));
#8487=FACE_OUTER_BOUND('',#8486,.T.);
#8488=CARTESIAN_POINT('',(0.148451,0.0112253,0.013));
#8489=DIRECTION('',(0.0,0.0,-1.0));
#8490=DIRECTION('',(-0.9956850393,0.0927971037,0.0));
#8491=AXIS2_PLACEMENT_3D('',#8488,#8489,#8490);
#8492=PLANE('',#8491);
#8493=ADVANCED_FACE('no 20146',(#8487),#8492,.T.);
#8494=ORIENTED_EDGE('no 6308',*,*,#7430,.T.);
#8495=ORIENTED_EDGE('no 6309',*,*,#7375,.F.);
#8496=ORIENTED_EDGE('no 6310',*,*,#7481,.T.);
#8497=EDGE_LOOP('',(#8494,#8495,#8496));
#8498=FACE_OUTER_BOUND('',#8497,.T.);
#8499=CARTESIAN_POINT('',(0.0846593,0.0341707,0.013));
#8500=DIRECTION('',(1.0,0.0,0.0));
#8501=DIRECTION('',(0.0,-0.9847836293,0.1737849346));
#8502=AXIS2_PLACEMENT_3D('',#8499,#8500,#8501);
#8503=PLANE('',#8502);
#8504=ADVANCED_FACE('no 6318',(#8498),#8503,.T.);
#8505=ORIENTED_EDGE('no 6227',*,*,#7389,.F.);
#8506=CARTESIAN_POINT('',(0.101659,0.0341707,0.013));
#8507=VERTEX_POINT('',#8506);
#8508=CARTESIAN_POINT('',(0.101659,0.0341707,0.016));
#8509=DIRECTION('',(0.0,0.0,-1.0));
#8510=VECTOR('',#8509,1.0);
#8511=LINE('',#8508,#8510);
#8512=EDGE_CURVE('no 6220',#7343,#8507,#8511,.T.);
#8513=ORIENTED_EDGE('no 6228',*,*,#8512,.T.);
#8514=CARTESIAN_POINT('',(0.101659,0.0341707,0.013));
#8515=DIRECTION('',(0.0,-1.0,0.0));
#8516=VECTOR('',#8515,1.0);
#8517=LINE('',#8514,#8516);
#8518=EDGE_CURVE('no 6226',#8507,#6238,#8517,.T.);
#8519=ORIENTED_EDGE('no 6229',*,*,#8518,.T.);
#8520=EDGE_LOOP('',(#8505,#8513,#8519));
#8521=FACE_OUTER_BOUND('',#8520,.T.);
#8522=CARTESIAN_POINT('',(0.101659,0.0171707,0.013));
#8523=DIRECTION('',(-1.0,0.0,0.0));
#8524=DIRECTION('',(0.0,0.9847836293,0.1737849346));
#8525=AXIS2_PLACEMENT_3D('',#8522,#8523,#8524);
#8526=PLANE('',#8525);
#8527=ADVANCED_FACE('no 6237',(#8521),#8526,.T.);
#8528=ORIENTED_EDGE('no 1995',*,*,#7970,.F.);
#8529=ORIENTED_EDGE('no 1996',*,*,#7407,.T.);
#8530=CARTESIAN_POINT('',(0.0849636,0.0534488,0.016));
#8531=DIRECTION('',(0.302081984,0.9532819494,0.0));
#8532=VECTOR('',#8531,1.0);
#8533=LINE('',#8530,#8532);
#8534=EDGE_CURVE('no 1994',#7402,#5981,#8533,.T.);
#8535=ORIENTED_EDGE('no 1997',*,*,#8534,.T.);
#8536=EDGE_LOOP('',(#8528,#8529,#8535));
#8537=FACE_OUTER_BOUND('',#8536,.T.);
#8538=CARTESIAN_POINT('',(0.0930123,0.0788483,0.016));
#8539=DIRECTION('',(0.0,0.0,1.0));
#8540=DIRECTION('',(-0.3176170269,-0.9482190803,0.0));
#8541=AXIS2_PLACEMENT_3D('',#8538,#8539,#8540);
#8542=PLANE('',#8541);
#8543=ADVANCED_FACE('no 2005',(#8537),#8542,.T.);
#8544=ORIENTED_EDGE('no 2076',*,*,#7414,.F.);
#8545=CARTESIAN_POINT('',(0.0849636,0.0364488,0.016));
#8546=VERTEX_POINT('',#8545);
#8547=CARTESIAN_POINT('',(0.0846593,0.0341707,0.016));
#8548=DIRECTION('',(0.1323879962,0.9911979714,0.0));
#8549=VECTOR('',#8548,1.0);
#8550=LINE('',#8547,#8549);
#8551=EDGE_CURVE('no 2069',#6261,#8546,#8550,.T.);
#8552=ORIENTED_EDGE('no 2077',*,*,#8551,.T.);
#8553=CARTESIAN_POINT('',(0.0849636,0.0364488,0.016));
#8554=DIRECTION('',(0.0,1.0,0.0));
#8555=VECTOR('',#8554,1.0);
#8556=LINE('',#8553,#8555);
#8557=EDGE_CURVE('no 2075',#8546,#7402,#8556,.T.);
#8558=ORIENTED_EDGE('no 2078',*,*,#8557,.T.);
#8559=EDGE_LOOP('',(#8544,#8552,#8558));
#8560=FACE_OUTER_BOUND('',#8559,.T.);
#8561=CARTESIAN_POINT('',(0.0849636,0.0534488,0.016));
#8562=DIRECTION('',(0.0,0.0,1.0));
#8563=DIRECTION('',(-0.0157818073,-0.9998754595,0.0));
#8564=AXIS2_PLACEMENT_3D('',#8561,#8562,#8563);
#8565=PLANE('',#8564);
#8566=ADVANCED_FACE('no 2086',(#8560),#8565,.T.);
#8567=CARTESIAN_POINT('',(0.101659,0.0341707,0.016));
#8568=DIRECTION('',(-0.9847830339,0.0,-0.1737883081));
#8569=VECTOR('',#8568,1.0);
#8570=LINE('',#8567,#8569);
#8571=EDGE_CURVE('no 6353',#7343,#7425,#8570,.T.);
#8572=ORIENTED_EDGE('no 6377',*,*,#8571,.F.);
#8573=CARTESIAN_POINT('',(0.0846593,0.0341707,0.016));
#8574=DIRECTION('',(1.0,0.0,0.0));
#8575=VECTOR('',#8574,1.0);
#8576=LINE('',#8573,#8575);
#8577=EDGE_CURVE('no 4625',#6261,#7343,#8576,.T.);
#8578=ORIENTED_EDGE('no 6378',*,*,#8577,.F.);
#8579=ORIENTED_EDGE('no 6379',*,*,#7436,.F.);
#8580=EDGE_LOOP('',(#8572,#8578,#8579));
#8581=FACE_OUTER_BOUND('',#8580,.T.);
#8582=CARTESIAN_POINT('',(0.0846593,0.0341707,0.013));
#8583=DIRECTION('',(0.0,-1.0,0.0));
#8584=DIRECTION('',(0.9847836293,0.0,0.1737849346));
#8585=AXIS2_PLACEMENT_3D('',#8582,#8583,#8584);
#8586=PLANE('',#8585);
#8587=ADVANCED_FACE('no 6387',(#8581),#8586,.T.);
#8588=ORIENTED_EDGE('no 20021',*,*,#7495,.T.);
#8589=ORIENTED_EDGE('no 20022',*,*,#7453,.T.);
#8590=CARTESIAN_POINT('',(0.0506514,0.0112253,0.013));
#8591=DIRECTION('',(1.0,0.0,0.0));
#8592=VECTOR('',#8591,1.0);
#8593=LINE('',#8590,#8592);
#8594=EDGE_CURVE('no 17867',#4142,#7448,#8593,.T.);
#8595=ORIENTED_EDGE('no 20023',*,*,#8594,.F.);
#8596=EDGE_LOOP('',(#8588,#8589,#8595));
#8597=FACE_OUTER_BOUND('',#8596,.T.);
#8598=CARTESIAN_POINT('',(0.0506514,0.0112253,0.013));
#8599=DIRECTION('',(0.0,0.0,-1.0));
#8600=DIRECTION('',(0.4419117646,0.8970585222,0.0));
#8601=AXIS2_PLACEMENT_3D('',#8598,#8599,#8600);
#8602=PLANE('',#8601);
#8603=ADVANCED_FACE('no 20031',(#8597),#8602,.T.);
#8604=ORIENTED_EDGE('no 19842',*,*,#7535,.F.);
#8605=CARTESIAN_POINT('',(0.0849636,0.0534488,0.013));
#8606=DIRECTION('',(-0.0157827845,-0.9998754441,0.0));
#8607=VECTOR('',#8606,1.0);
#8608=LINE('',#8605,#8607);
#8609=EDGE_CURVE('no 19835',#7524,#7425,#8608,.T.);
#8610=ORIENTED_EDGE('no 19843',*,*,#8609,.T.);
#8611=ORIENTED_EDGE('no 19844',*,*,#7475,.T.);
#8612=EDGE_LOOP('',(#8604,#8610,#8611));
#8613=FACE_OUTER_BOUND('',#8612,.T.);
#8614=CARTESIAN_POINT('',(0.0790074,0.0180378,0.013));
#8615=DIRECTION('',(0.0,0.0,-1.0));
#8616=DIRECTION('',(0.1658710751,0.9861474466,0.0));
#8617=AXIS2_PLACEMENT_3D('',#8614,#8615,#8616);
#8618=PLANE('',#8617);
#8619=ADVANCED_FACE('no 19852',(#8613),#8618,.T.);
#8620=CARTESIAN_POINT('',(0.0568718,0.0389073,0.013));
#8621=VERTEX_POINT('',#8620);
#8622=CARTESIAN_POINT('',(0.0568718,0.0389073,0.013));
#8623=DIRECTION('',(-0.8374215241,-0.5465575825,0.0));
#8624=VECTOR('',#8623,1.0);
#8625=LINE('',#8622,#8624);
#8626=EDGE_CURVE('no 20849',#8621,#5363,#8625,.T.);
#8627=ORIENTED_EDGE('no 20873',*,*,#8626,.F.);
#8628=CARTESIAN_POINT('',(0.0568718,0.0389073,0.013));
#8629=DIRECTION('',(0.9964524987,-0.084157102,0.0));
#8630=VECTOR('',#8629,1.0);
#8631=LINE('',#8628,#8630);
#8632=EDGE_CURVE('no 20872',#8621,#6324,#8631,.T.);
#8633=ORIENTED_EDGE('no 20874',*,*,#8632,.T.);
#8634=ORIENTED_EDGE('no 20875',*,*,#7512,.F.);
#8635=EDGE_LOOP('',(#8627,#8633,#8634));
#8636=FACE_OUTER_BOUND('',#8635,.T.);
#8637=CARTESIAN_POINT('',(0.0540074,0.0370378,0.013));
#8638=DIRECTION('',(0.0,0.0,-1.0));
#8639=DIRECTION('',(0.8374246598,0.546552778,0.0));
#8640=AXIS2_PLACEMENT_3D('',#8637,#8638,#8639);
#8641=PLANE('',#8640);
#8642=ADVANCED_FACE('no 20883',(#8636),#8641,.T.);
#8643=ORIENTED_EDGE('no 4707',*,*,#7924,.F.);
#8644=ORIENTED_EDGE('no 4708',*,*,#7558,.F.);
#8645=CARTESIAN_POINT('',(0.0568718,0.0389073,0.016));
#8646=DIRECTION('',(0.0,1.0,0.0));
#8647=VECTOR('',#8646,1.0);
#8648=LINE('',#8645,#8647);
#8649=EDGE_CURVE('no 4706',#7547,#7919,#8648,.T.);
#8650=ORIENTED_EDGE('no 4709',*,*,#8649,.T.);
#8651=EDGE_LOOP('',(#8643,#8644,#8650));
#8652=FACE_OUTER_BOUND('',#8651,.T.);
#8653=CARTESIAN_POINT('',(0.0568718,0.0549073,0.016));
#8654=DIRECTION('',(0.0,0.0,1.0));
#8655=DIRECTION('',(-0.3563548793,0.9343506836,0.0));
#8656=AXIS2_PLACEMENT_3D('',#8653,#8654,#8655);
#8657=PLANE('',#8656);
#8658=ADVANCED_FACE('no 4717',(#8652),#8657,.T.);
#8659=ORIENTED_EDGE('no 4464',*,*,#7575,.F.);
#8660=CARTESIAN_POINT('',(0.0768718,0.0389073,0.016));
#8661=VERTEX_POINT('',#8660);
#8662=CARTESIAN_POINT('',(0.0790074,0.0370378,0.016));
#8663=DIRECTION('',(-0.752428262,0.6586742067,0.0));
#8664=VECTOR('',#8663,1.0);
#8665=LINE('',#8662,#8664);
#8666=EDGE_CURVE('no 4457',#5281,#8661,#8665,.T.);
#8667=ORIENTED_EDGE('no 4465',*,*,#8666,.T.);
#8668=CARTESIAN_POINT('',(0.0768718,0.0389073,0.016));
#8669=DIRECTION('',(-1.0,0.0,0.0));
#8670=VECTOR('',#8669,1.0);
#8671=LINE('',#8668,#8670);
#8672=EDGE_CURVE('no 4463',#8661,#7547,#8671,.T.);
#8673=ORIENTED_EDGE('no 4466',*,*,#8672,.T.);
#8674=EDGE_LOOP('',(#8659,#8667,#8673));
#8675=FACE_OUTER_BOUND('',#8674,.T.);
#8676=CARTESIAN_POINT('',(0.0568718,0.0389073,0.016));
#8677=DIRECTION('',(-0.0,0.0,1.0));
#8678=DIRECTION('',(0.9964526366,-0.0841554693,0.0));
#8679=AXIS2_PLACEMENT_3D('',#8676,#8677,#8678);
#8680=PLANE('',#8679);
#8681=ADVANCED_FACE('no 4474',(#8675),#8680,.T.);
#8682=CARTESIAN_POINT('',(0.0471647,0.0854392,0.016));
#8683=VERTEX_POINT('',#8682);
#8684=CARTESIAN_POINT('',(0.0475143,0.00729484,0.016));
#8685=DIRECTION('',(-0.0044737266,0.9999899928,0.0));
#8686=VECTOR('',#8685,1.0);
#8687=LINE('',#8684,#8686);
#8688=EDGE_CURVE('no 3826',#6406,#8683,#8687,.T.);
#8689=ORIENTED_EDGE('no 3856',*,*,#8688,.F.);
#8690=ORIENTED_EDGE('no 3857',*,*,#7589,.T.);
#8691=CARTESIAN_POINT('',(0.0475143,0.0858948,0.016));
#8692=DIRECTION('',(-0.6087579862,-0.793355982,0.0));
#8693=VECTOR('',#8692,1.0);
#8694=LINE('',#8691,#8693);
#8695=EDGE_CURVE('no 3855',#6383,#8683,#8694,.T.);
#8696=ORIENTED_EDGE('no 3858',*,*,#8695,.T.);
#8697=EDGE_LOOP('',(#8689,#8690,#8696));
#8698=FACE_OUTER_BOUND('',#8697,.T.);
#8699=CARTESIAN_POINT('',(0.0471647,0.0854392,0.016));
#8700=DIRECTION('',(-0.0,0.0,1.0));
#8701=DIRECTION('',(0.00447401,-0.9999899916,0.0));
#8702=AXIS2_PLACEMENT_3D('',#8699,#8700,#8701);
#8703=PLANE('',#8702);
#8704=ADVANCED_FACE('no 3866',(#8698),#8703,.T.);
#8705=CARTESIAN_POINT('',(0.0471647,0.00775047,0.016));
#8706=VERTEX_POINT('',#8705);
#8707=CARTESIAN_POINT('',(0.0471647,0.00775047,0.016));
#8708=DIRECTION('',(0.1144550127,-0.1491680133,-0.9821654412));
#8709=VECTOR('',#8708,1.0);
#8710=LINE('',#8707,#8709);
#8711=EDGE_CURVE('no 7191',#8706,#7603,#8710,.T.);
#8712=ORIENTED_EDGE('no 7198',*,*,#8711,.T.);
#8713=ORIENTED_EDGE('no 7199',*,*,#7608,.T.);
#8714=CARTESIAN_POINT('',(0.0471647,0.00775047,0.016));
#8715=DIRECTION('',(0.6087425832,-0.7933678008,0.0));
#8716=VECTOR('',#8715,1.0);
#8717=LINE('',#8714,#8716);
#8718=EDGE_CURVE('no 3820',#8706,#6406,#8717,.T.);
#8719=ORIENTED_EDGE('no 7200',*,*,#8718,.F.);
#8720=EDGE_LOOP('',(#8712,#8713,#8719));
#8721=FACE_OUTER_BOUND('',#8720,.T.);
#8722=CARTESIAN_POINT('',(0.0471647,0.00775047,0.016));
#8723=DIRECTION('',(-0.7933521444,-0.6087629875,0.0000005108));
#8724=DIRECTION('',(0.1144620366,-0.1491700476,-0.9821643137));
#8725=AXIS2_PLACEMENT_3D('',#8722,#8723,#8724);
#8726=PLANE('',#8725);
#8727=ADVANCED_FACE('no 7208',(#8721),#8726,.T.);
#8728=ORIENTED_EDGE('no 22179',*,*,#7637,.F.);
#8729=ORIENTED_EDGE('no 22178',*,*,#7614,.F.);
#8730=CARTESIAN_POINT('',(0.0475143,0.00729484,0.013));
#8731=DIRECTION('',(0.0,1.0,0.0));
#8732=VECTOR('',#8731,1.0);
#8733=LINE('',#8730,#8732);
#8734=EDGE_CURVE('no 22153',#7603,#7625,#8733,.T.);
#8735=ORIENTED_EDGE('no 22177',*,*,#8734,.T.);
#8736=EDGE_LOOP('',(#8728,#8729,#8735));
#8737=FACE_OUTER_BOUND('',#8736,.T.);
#8738=CARTESIAN_POINT('',(0.0475143,0.0858948,0.013));
#8739=DIRECTION('',(0.0,0.0,1.0));
#8740=DIRECTION('',(0.0,-1.0,0.0));
#8741=AXIS2_PLACEMENT_3D('',#8738,#8739,#8740);
#8742=PLANE('',#8741);
#8743=ADVANCED_FACE('no 22187',(#8737),#8742,.F.);
#8744=ORIENTED_EDGE('no 21452',*,*,#8206,.F.);
#8745=CARTESIAN_POINT('',(0.0471647,0.0885505,0.013));
#8746=DIRECTION('',(0.6087648069,-0.7933507483,0.0));
#8747=VECTOR('',#8746,1.0);
#8748=LINE('',#8745,#8747);
#8749=EDGE_CURVE('no 21443',#7671,#8195,#8748,.T.);
#8750=ORIENTED_EDGE('no 21451',*,*,#8749,.F.);
#8751=ORIENTED_EDGE('no 21450',*,*,#7676,.T.);
#8752=EDGE_LOOP('',(#8744,#8750,#8751));
#8753=FACE_OUTER_BOUND('',#8752,.T.);
#8754=CARTESIAN_POINT('',(0.0506514,0.0919948,0.013));
#8755=DIRECTION('',(0.0,0.0,1.0));
#8756=DIRECTION('',(-0.711408613,-0.7027786176,0.0));
#8757=AXIS2_PLACEMENT_3D('',#8754,#8755,#8756);
#8758=PLANE('',#8757);
#8759=ADVANCED_FACE('no 21460',(#8753),#8758,.F.);
#8760=CARTESIAN_POINT('',(0.0437461,0.0859253,0.013));
#8761=VERTEX_POINT('',#8760);
#8762=CARTESIAN_POINT('',(0.0435263,0.0864559,0.013));
#8763=DIRECTION('',(0.3827106054,-0.9238682766,0.0));
#8764=VECTOR('',#8763,1.0);
#8765=LINE('',#8762,#8764);
#8766=EDGE_CURVE('no 10389',#6484,#8761,#8765,.T.);
#8767=ORIENTED_EDGE('no 10392',*,*,#8766,.F.);
#8768=ORIENTED_EDGE('no 10391',*,*,#7705,.F.);
#8769=CARTESIAN_POINT('',(0.0435263,0.0864559,0.0));
#8770=DIRECTION('',(0.0168897931,-0.0407750832,0.999025589));
#8771=VECTOR('',#8770,1.0);
#8772=LINE('',#8769,#8771);
#8773=EDGE_CURVE('no 10354',#7694,#8761,#8772,.T.);
#8774=ORIENTED_EDGE('no 10390',*,*,#8773,.T.);
#8775=EDGE_LOOP('',(#8767,#8768,#8774));
#8776=FACE_OUTER_BOUND('',#8775,.T.);
#8777=CARTESIAN_POINT('',(0.0437461,0.0859253,0.013));
#8778=DIRECTION('',(0.9238780465,0.3826870199,-0.0000000139));
#8779=DIRECTION('',(-0.0168897931,0.0407750832,-0.999025589));
#8780=AXIS2_PLACEMENT_3D('',#8777,#8778,#8779);
#8781=PLANE('',#8780);
#8782=ADVANCED_FACE('no 10400',(#8776),#8781,.F.);
#8783=CARTESIAN_POINT('',(0.0441327,0.00500237,0.0));
#8784=VERTEX_POINT('',#8783);
#8785=CARTESIAN_POINT('',(0.0438785,0.00551737,0.0));
#8786=DIRECTION('',(0.4426109432,-0.896713752,0.0));
#8787=VECTOR('',#8786,1.0);
#8788=LINE('',#8785,#8787);
#8789=EDGE_CURVE('no 13706',#7717,#8784,#8788,.T.);
#8790=ORIENTED_EDGE('no 13709',*,*,#8789,.F.);
#8791=ORIENTED_EDGE('no 13708',*,*,#7729,.F.);
#8792=CARTESIAN_POINT('',(0.0406514,0.00122528,0.0));
#8793=DIRECTION('',(0.6777286342,0.7353121095,0.0));
#8794=VECTOR('',#8793,1.0);
#8795=LINE('',#8792,#8794);
#8796=EDGE_CURVE('no 13671',#4878,#8784,#8795,.T.);
#8797=ORIENTED_EDGE('no 13707',*,*,#8796,.T.);
#8798=EDGE_LOOP('',(#8790,#8791,#8797));
#8799=FACE_OUTER_BOUND('',#8798,.T.);
#8800=CARTESIAN_POINT('',(0.0441327,0.00500237,0.0));
#8801=DIRECTION('',(-0.0,0.0,-1.0));
#8802=DIRECTION('',(-0.6777273068,-0.7353133329,0.0));
#8803=AXIS2_PLACEMENT_3D('',#8800,#8801,#8802);
#8804=PLANE('',#8803);
#8805=ADVANCED_FACE('no 13717',(#8799),#8804,.F.);
#8806=ORIENTED_EDGE('no 11286',*,*,#7722,.F.);
#8807=CARTESIAN_POINT('',(0.0438785,0.00551737,0.013));
#8808=VERTEX_POINT('',#8807);
#8809=CARTESIAN_POINT('',(0.0438785,0.00551737,0.013));
#8810=DIRECTION('',(0.0,0.0,-1.0));
#8811=VECTOR('',#8810,1.0);
#8812=LINE('',#8809,#8811);
#8813=EDGE_CURVE('no 11277',#8808,#7717,#8812,.T.);
#8814=ORIENTED_EDGE('no 11285',*,*,#8813,.F.);
#8815=CARTESIAN_POINT('',(0.0437662,0.00608061,0.0));
#8816=DIRECTION('',(0.0086256563,-0.0432838817,0.9990255771));
#8817=VECTOR('',#8816,1.0);
#8818=LINE('',#8815,#8817);
#8819=EDGE_CURVE('no 11271',#6507,#8808,#8818,.T.);
#8820=ORIENTED_EDGE('no 11284',*,*,#8819,.F.);
#8821=EDGE_LOOP('',(#8806,#8814,#8820));
#8822=FACE_OUTER_BOUND('',#8821,.T.);
#8823=CARTESIAN_POINT('',(0.0437662,0.00608061,0.0));
#8824=DIRECTION('',(0.9807160566,0.1954380115,-0.0000000039));
#8825=DIRECTION('',(0.0086256563,-0.0432838817,0.9990255771));
#8826=AXIS2_PLACEMENT_3D('',#8823,#8824,#8825);
#8827=PLANE('',#8826);
#8828=ADVANCED_FACE('no 11294',(#8822),#8827,.F.);
#8829=CARTESIAN_POINT('',(0.0437461,0.0859253,0.0));
#8830=VERTEX_POINT('',#8829);
#8831=CARTESIAN_POINT('',(0.0437461,0.0859253,0.0));
#8832=DIRECTION('',(0.0002517387,-0.9999999683,0.0));
#8833=VECTOR('',#8832,1.0);
#8834=LINE('',#8831,#8833);
#8835=EDGE_CURVE('no 13798',#8830,#6507,#8834,.T.);
#8836=ORIENTED_EDGE('no 13801',*,*,#8835,.F.);
#8837=CARTESIAN_POINT('',(0.0437461,0.0859253,0.0));
#8838=DIRECTION('',(-0.3826870194,0.9238780467,0.0));
#8839=VECTOR('',#8838,1.0);
#8840=LINE('',#8837,#8839);
#8841=EDGE_CURVE('no 10360',#8830,#7694,#8840,.T.);
#8842=ORIENTED_EDGE('no 13800',*,*,#8841,.T.);
#8843=ORIENTED_EDGE('no 13799',*,*,#7743,.T.);
#8844=EDGE_LOOP('',(#8836,#8842,#8843));
#8845=FACE_OUTER_BOUND('',#8844,.T.);
#8846=CARTESIAN_POINT('',(0.0437662,0.00608061,0.0));
#8847=DIRECTION('',(0.0,0.0,-1.0));
#8848=DIRECTION('',(-0.0029845186,0.9999955463,0.0));
#8849=AXIS2_PLACEMENT_3D('',#8846,#8847,#8848);
#8850=PLANE('',#8849);
#8851=ADVANCED_FACE('no 13809',(#8845),#8850,.F.);
#8852=CARTESIAN_POINT('',(0.0467091,0.00810009,0.013));
#8853=VERTEX_POINT('',#8852);
#8854=CARTESIAN_POINT('',(0.0467091,0.00810009,0.013));
#8855=DIRECTION('',(-0.0063579353,0.9999797881,0.0));
#8856=VECTOR('',#8855,1.0);
#8857=LINE('',#8854,#8856);
#8858=EDGE_CURVE('no 21969',#8853,#6553,#8857,.T.);
#8859=ORIENTED_EDGE('no 21972',*,*,#8858,.F.);
#8860=CARTESIAN_POINT('',(0.0461785,0.00831987,0.013));
#8861=DIRECTION('',(0.923880589,-0.3826808817,0.0));
#8862=VECTOR('',#8861,1.0);
#8863=LINE('',#8860,#8862);
#8864=EDGE_CURVE('no 7087',#6531,#8853,#8863,.T.);
#8865=ORIENTED_EDGE('no 21971',*,*,#8864,.F.);
#8866=ORIENTED_EDGE('no 21970',*,*,#7759,.T.);
#8867=EDGE_LOOP('',(#8859,#8865,#8866));
#8868=FACE_OUTER_BOUND('',#8867,.T.);
#8869=CARTESIAN_POINT('',(0.0461785,0.0848698,0.013));
#8870=DIRECTION('',(0.0,0.0,1.0));
#8871=DIRECTION('',(0.0,-1.0,0.0));
#8872=AXIS2_PLACEMENT_3D('',#8869,#8870,#8871);
#8873=PLANE('',#8872);
#8874=ADVANCED_FACE('no 21980',(#8868),#8873,.F.);
#8875=ORIENTED_EDGE('no 7094',*,*,#7777,.T.);
#8876=ORIENTED_EDGE('no 7095',*,*,#8864,.T.);
#8877=CARTESIAN_POINT('',(0.0467091,0.00810009,0.013));
#8878=DIRECTION('',(0.0,0.0,1.0));
#8879=VECTOR('',#8878,1.0);
#8880=LINE('',#8877,#8879);
#8881=EDGE_CURVE('no 7093',#8853,#7772,#8880,.T.);
#8882=ORIENTED_EDGE('no 7096',*,*,#8881,.T.);
#8883=EDGE_LOOP('',(#8875,#8876,#8882));
#8884=FACE_OUTER_BOUND('',#8883,.T.);
#8885=CARTESIAN_POINT('',(0.0467091,0.00810009,0.016));
#8886=DIRECTION('',(-0.3826820669,-0.9238800981,-0.0000001265));
#8887=DIRECTION('',(-0.1737120593,0.0719537246,-0.9821643355));
#8888=AXIS2_PLACEMENT_3D('',#8885,#8886,#8887);
#8889=PLANE('',#8888);
#8890=ADVANCED_FACE('no 7104',(#8884),#8889,.T.);
#8891=CARTESIAN_POINT('',(0.0456514,0.0848253,0.0));
#8892=VERTEX_POINT('',#8891);
#8893=CARTESIAN_POINT('',(0.0456514,0.0848253,0.0));
#8894=DIRECTION('',(0.0,0.0,1.0));
#8895=VECTOR('',#8894,1.0);
#8896=LINE('',#8893,#8895);
#8897=EDGE_CURVE('no 12583',#8892,#5542,#8896,.T.);
#8898=ORIENTED_EDGE('no 12586',*,*,#8897,.F.);
#8899=CARTESIAN_POINT('',(0.0462208,0.0849002,0.0));
#8900=DIRECTION('',(-0.9914438363,-0.1305339784,0.0));
#8901=VECTOR('',#8900,1.0);
#8902=LINE('',#8899,#8901);
#8903=EDGE_CURVE('no 12577',#7795,#8892,#8902,.T.);
#8904=ORIENTED_EDGE('no 12585',*,*,#8903,.F.);
#8905=ORIENTED_EDGE('no 12584',*,*,#7807,.F.);
#8906=EDGE_LOOP('',(#8898,#8904,#8905));
#8907=FACE_OUTER_BOUND('',#8906,.T.);
#8908=CARTESIAN_POINT('',(0.0456514,0.0848253,0.013));
#8909=DIRECTION('',(-0.1305339777,0.9914438364,-0.0000000168));
#8910=DIRECTION('',(0.043757581,0.0057611275,-0.999025567));
#8911=AXIS2_PLACEMENT_3D('',#8908,#8909,#8910);
#8912=PLANE('',#8911);
#8913=ADVANCED_FACE('no 12594',(#8907),#8912,.F.);
#8914=ORIENTED_EDGE('no 12493',*,*,#7800,.F.);
#8915=CARTESIAN_POINT('',(0.0467514,0.08512,0.0));
#8916=VERTEX_POINT('',#8915);
#8917=CARTESIAN_POINT('',(0.0467514,0.08512,0.0));
#8918=DIRECTION('',(-0.9238813145,-0.3826791303,0.0));
#8919=VECTOR('',#8918,1.0);
#8920=LINE('',#8917,#8919);
#8921=EDGE_CURVE('no 12484',#8916,#7795,#8920,.T.);
#8922=ORIENTED_EDGE('no 12492',*,*,#8921,.F.);
#8923=CARTESIAN_POINT('',(0.0462208,0.0849002,0.013));
#8924=DIRECTION('',(0.0407753829,0.0168894929,-0.9990255818));
#8925=VECTOR('',#8924,1.0);
#8926=LINE('',#8923,#8925);
#8927=EDGE_CURVE('no 12478',#6553,#8916,#8926,.T.);
#8928=ORIENTED_EDGE('no 12491',*,*,#8927,.F.);
#8929=EDGE_LOOP('',(#8914,#8922,#8928));
#8930=FACE_OUTER_BOUND('',#8929,.T.);
#8931=CARTESIAN_POINT('',(0.0462208,0.0849002,0.013));
#8932=DIRECTION('',(-0.3826791302,0.9238813145,-0.0000000011));
#8933=DIRECTION('',(0.0407753829,0.0168894929,-0.9990255818));
#8934=AXIS2_PLACEMENT_3D('',#8931,#8932,#8933);
#8935=PLANE('',#8934);
#8936=ADVANCED_FACE('no 12501',(#8930),#8935,.F.);
#8937=ORIENTED_EDGE('no 3740',*,*,#7823,.F.);
#8938=CARTESIAN_POINT('',(0.0467091,0.0850896,0.016));
#8939=VERTEX_POINT('',#8938);
#8940=CARTESIAN_POINT('',(0.0467091,0.00810009,0.016));
#8941=DIRECTION('',(0.0,1.0,0.0));
#8942=VECTOR('',#8941,1.0);
#8943=LINE('',#8940,#8942);
#8944=EDGE_CURVE('no 3733',#7772,#8939,#8943,.T.);
#8945=ORIENTED_EDGE('no 3741',*,*,#8944,.T.);
#8946=CARTESIAN_POINT('',(0.0467091,0.0850896,0.016));
#8947=DIRECTION('',(-0.9238825216,-0.382676216,0.0));
#8948=VECTOR('',#8947,1.0);
#8949=LINE('',#8946,#8948);
#8950=EDGE_CURVE('no 3739',#8939,#6577,#8949,.T.);
#8951=ORIENTED_EDGE('no 3742',*,*,#8950,.T.);
#8952=EDGE_LOOP('',(#8937,#8945,#8951));
#8953=FACE_OUTER_BOUND('',#8952,.T.);
#8954=CARTESIAN_POINT('',(0.0461785,0.0848698,0.016));
#8955=DIRECTION('',(-0.0,0.0,1.0));
#8956=DIRECTION('',(0.0069114208,-0.9999761158,0.0));
#8957=AXIS2_PLACEMENT_3D('',#8954,#8955,#8956);
#8958=PLANE('',#8957);
#8959=ADVANCED_FACE('no 3750',(#8953),#8958,.T.);
#8960=ORIENTED_EDGE('no 22876',*,*,#7846,.F.);
#8961=CARTESIAN_POINT('',(0.151257,0.00573951,0.013));
#8962=VERTEX_POINT('',#8961);
#8963=CARTESIAN_POINT('',(0.151257,0.00573951,0.013));
#8964=DIRECTION('',(-0.0775005242,0.9969923113,0.0));
#8965=VECTOR('',#8964,1.0);
#8966=LINE('',#8963,#8965);
#8967=EDGE_CURVE('no 9486',#8962,#6623,#8966,.T.);
#8968=ORIENTED_EDGE('no 22875',*,*,#8967,.F.);
#8969=CARTESIAN_POINT('',(0.151257,0.00573951,0.013));
#8970=DIRECTION('',(-0.455304017,0.8903360332,0.0));
#8971=VECTOR('',#8970,1.0);
#8972=LINE('',#8969,#8971);
#8973=EDGE_CURVE('no 22850',#8962,#7834,#8972,.T.);
#8974=ORIENTED_EDGE('no 22874',*,*,#8973,.T.);
#8975=EDGE_LOOP('',(#8960,#8968,#8974));
#8976=FACE_OUTER_BOUND('',#8975,.T.);
#8977=CARTESIAN_POINT('',(0.148451,0.0112253,0.013));
#8978=DIRECTION('',(0.0,0.0,1.0));
#8979=DIRECTION('',(0.455304017,-0.8903360332,0.0));
#8980=AXIS2_PLACEMENT_3D('',#8977,#8978,#8979);
#8981=PLANE('',#8980);
#8982=ADVANCED_FACE('no 22884',(#8976),#8981,.F.);
#8983=ORIENTED_EDGE('no 22295',*,*,#7868,.F.);
#8984=CARTESIAN_POINT('',(0.151284,0.0864254,0.013));
#8985=VERTEX_POINT('',#8984);
#8986=CARTESIAN_POINT('',(0.151284,0.0864254,0.013));
#8987=DIRECTION('',(-0.1305339784,0.9914438363,0.0));
#8988=VECTOR('',#8987,1.0);
#8989=LINE('',#8986,#8988);
#8990=EDGE_CURVE('no 22286',#8985,#7857,#8989,.T.);
#8991=ORIENTED_EDGE('no 22294',*,*,#8990,.F.);
#8992=CARTESIAN_POINT('',(0.151212,0.0063121,0.013));
#8993=DIRECTION('',(0.0008987268,0.9999995961,0.0));
#8994=VECTOR('',#8993,1.0);
#8995=LINE('',#8992,#8994);
#8996=EDGE_CURVE('no 22280',#6623,#8985,#8995,.T.);
#8997=ORIENTED_EDGE('no 22293',*,*,#8996,.F.);
#8998=EDGE_LOOP('',(#8983,#8991,#8997));
#8999=FACE_OUTER_BOUND('',#8998,.T.);
#9000=CARTESIAN_POINT('',(0.151212,0.0063121,0.013));
#9001=DIRECTION('',(0.0,-0.0,1.0));
#9002=DIRECTION('',(0.0008967106,0.999999598,0.0));
#9003=AXIS2_PLACEMENT_3D('',#9000,#9001,#9002);
#9004=PLANE('',#9003);
#9005=ADVANCED_FACE('no 22303',(#8999),#9004,.F.);
#9006=CARTESIAN_POINT('',(0.151284,0.0875642,0.013));
#9007=VERTEX_POINT('',#9006);
#9008=CARTESIAN_POINT('',(0.151209,0.0869948,0.013));
#9009=DIRECTION('',(0.1305339784,0.9914438363,0.0));
#9010=VECTOR('',#9009,1.0);
#9011=LINE('',#9008,#9010);
#9012=EDGE_CURVE('no 23484',#7857,#9007,#9011,.T.);
#9013=ORIENTED_EDGE('no 23487',*,*,#9012,.F.);
#9014=ORIENTED_EDGE('no 23486',*,*,#7862,.T.);
#9015=CARTESIAN_POINT('',(0.148451,0.0919948,0.013));
#9016=DIRECTION('',(0.5387050713,-0.842494419,0.0));
#9017=VECTOR('',#9016,1.0);
#9018=LINE('',#9015,#9017);
#9019=EDGE_CURVE('no 23455',#6625,#9007,#9018,.T.);
#9020=ORIENTED_EDGE('no 23485',*,*,#9019,.T.);
#9021=EDGE_LOOP('',(#9013,#9014,#9020));
#9022=FACE_OUTER_BOUND('',#9021,.T.);
#9023=CARTESIAN_POINT('',(0.151284,0.0875642,0.013));
#9024=DIRECTION('',(0.0,0.0,1.0));
#9025=DIRECTION('',(-0.5386601074,0.842523168,0.0));
#9026=AXIS2_PLACEMENT_3D('',#9023,#9024,#9025);
#9027=PLANE('',#9026);
#9028=ADVANCED_FACE('no 23495',(#9022),#9027,.F.);
#9029=ORIENTED_EDGE('no 19888',*,*,#7886,.F.);
#9030=CARTESIAN_POINT('',(0.134012,0.0618483,0.013));
#9031=VERTEX_POINT('',#9030);
#9032=CARTESIAN_POINT('',(0.148451,0.0819948,0.013));
#9033=DIRECTION('',(-0.5825369331,-0.8128042332,0.0));
#9034=VECTOR('',#9033,1.0);
#9035=LINE('',#9032,#9034);
#9036=EDGE_CURVE('no 19887',#6649,#9031,#9035,.T.);
#9037=ORIENTED_EDGE('no 19889',*,*,#9036,.T.);
#9038=CARTESIAN_POINT('',(0.134012,0.0788483,0.013));
#9039=DIRECTION('',(0.0,-1.0,0.0));
#9040=VECTOR('',#9039,1.0);
#9041=LINE('',#9038,#9040);
#9042=EDGE_CURVE('no 5128',#7881,#9031,#9041,.T.);
#9043=ORIENTED_EDGE('no 19890',*,*,#9042,.F.);
#9044=EDGE_LOOP('',(#9029,#9037,#9043));
#9045=FACE_OUTER_BOUND('',#9044,.T.);
#9046=CARTESIAN_POINT('',(0.134012,0.0788483,0.013));
#9047=DIRECTION('',(0.0,0.0,-1.0));
#9048=DIRECTION('',(0.9770691911,0.2129220416,0.0));
#9049=AXIS2_PLACEMENT_3D('',#9046,#9047,#9048);
#9050=PLANE('',#9049);
#9051=ADVANCED_FACE('no 19898',(#9045),#9050,.T.);
#9052=ORIENTED_EDGE('no 5066',*,*,#8220,.T.);
#9053=ORIENTED_EDGE('no 5067',*,*,#7892,.T.);
#9054=CARTESIAN_POINT('',(0.134012,0.0788483,0.013));
#9055=DIRECTION('',(0.0,0.0,1.0));
#9056=VECTOR('',#9055,1.0);
#9057=LINE('',#9054,#9056);
#9058=EDGE_CURVE('no 5065',#7881,#7061,#9057,.T.);
#9059=ORIENTED_EDGE('no 5068',*,*,#9058,.T.);
#9060=EDGE_LOOP('',(#9052,#9053,#9059));
#9061=FACE_OUTER_BOUND('',#9060,.T.);
#9062=CARTESIAN_POINT('',(0.134012,0.0788483,0.016));
#9063=DIRECTION('',(0.0,-1.0,-0.0));
#9064=DIRECTION('',(-0.9973337206,0.0,-0.0729756796));
#9065=AXIS2_PLACEMENT_3D('',#9062,#9063,#9064);
#9066=PLANE('',#9065);
#9067=ADVANCED_FACE('no 5076',(#9061),#9066,.T.);
#9068=CARTESIAN_POINT('',(0.0568718,0.0549073,0.013));
#9069=VERTEX_POINT('',#9068);
#9070=CARTESIAN_POINT('',(0.0783128,0.0589948,0.013));
#9071=DIRECTION('',(-0.9823090806,-0.1872668423,0.0));
#9072=VECTOR('',#9071,1.0);
#9073=LINE('',#9070,#9072);
#9074=EDGE_CURVE('no 20693',#4691,#9069,#9073,.T.);
#9075=ORIENTED_EDGE('no 20700',*,*,#9074,.T.);
#9076=CARTESIAN_POINT('',(0.0568718,0.0549073,0.013));
#9077=DIRECTION('',(-0.3563660167,0.9343464358,0.0));
#9078=VECTOR('',#9077,1.0);
#9079=LINE('',#9076,#9078);
#9080=EDGE_CURVE('no 20699',#9069,#6745,#9079,.T.);
#9081=ORIENTED_EDGE('no 20701',*,*,#9080,.T.);
#9082=ORIENTED_EDGE('no 20702',*,*,#7907,.F.);
#9083=EDGE_LOOP('',(#9075,#9081,#9082));
#9084=FACE_OUTER_BOUND('',#9083,.T.);
#9085=CARTESIAN_POINT('',(0.0783128,0.0589948,0.013));
#9086=DIRECTION('',(-0.0,0.0,-1.0));
#9087=DIRECTION('',(-0.9823084618,-0.187270088,0.0));
#9088=AXIS2_PLACEMENT_3D('',#9085,#9086,#9087);
#9089=PLANE('',#9088);
#9090=ADVANCED_FACE('no 20710',(#9084),#9089,.T.);
#9091=ORIENTED_EDGE('no 4730',*,*,#7930,.F.);
#9092=CARTESIAN_POINT('',(0.0568718,0.0549073,0.016));
#9093=DIRECTION('',(1.0,0.0,0.0));
#9094=VECTOR('',#9093,1.0);
#9095=LINE('',#9092,#9094);
#9096=EDGE_CURVE('no 4729',#7919,#7942,#9095,.T.);
#9097=ORIENTED_EDGE('no 4731',*,*,#9096,.T.);
#9098=ORIENTED_EDGE('no 4732',*,*,#7954,.F.);
#9099=EDGE_LOOP('',(#9091,#9097,#9098));
#9100=FACE_OUTER_BOUND('',#9099,.T.);
#9101=CARTESIAN_POINT('',(0.0783128,0.0589948,0.016));
#9102=DIRECTION('',(0.0,0.0,1.0));
#9103=DIRECTION('',(-0.9823084618,-0.187270088,0.0));
#9104=AXIS2_PLACEMENT_3D('',#9101,#9102,#9103);
#9105=PLANE('',#9104);
#9106=ADVANCED_FACE('no 4740',(#9100),#9105,.T.);
#9107=ORIENTED_EDGE('no 4493',*,*,#8666,.F.);
#9108=ORIENTED_EDGE('no 4494',*,*,#7947,.T.);
#9109=CARTESIAN_POINT('',(0.0768718,0.0549073,0.016));
#9110=DIRECTION('',(0.0,-1.0,0.0));
#9111=VECTOR('',#9110,1.0);
#9112=LINE('',#9109,#9111);
#9113=EDGE_CURVE('no 4492',#7942,#8661,#9112,.T.);
#9114=ORIENTED_EDGE('no 4495',*,*,#9113,.T.);
#9115=EDGE_LOOP('',(#9107,#9108,#9114));
#9116=FACE_OUTER_BOUND('',#9115,.T.);
#9117=CARTESIAN_POINT('',(0.0768718,0.0389073,0.016));
#9118=DIRECTION('',(-0.0,0.0,1.0));
#9119=DIRECTION('',(0.7524371114,-0.6586640975,0.0));
#9120=AXIS2_PLACEMENT_3D('',#9117,#9118,#9119);
#9121=PLANE('',#9120);
#9122=ADVANCED_FACE('no 4503',(#9116),#9121,.T.);
#9123=CARTESIAN_POINT('',(0.0930123,0.0618483,0.013));
#9124=VERTEX_POINT('',#9123);
#9125=CARTESIAN_POINT('',(0.0849636,0.0534488,0.013));
#9126=DIRECTION('',(0.6918685822,0.7220234518,0.0));
#9127=VECTOR('',#9126,1.0);
#9128=LINE('',#9125,#9127);
#9129=EDGE_CURVE('no 20469',#7524,#9124,#9128,.T.);
#9130=ORIENTED_EDGE('no 20493',*,*,#9129,.F.);
#9131=ORIENTED_EDGE('no 20494',*,*,#7985,.F.);
#9132=CARTESIAN_POINT('',(0.0930123,0.0618483,0.013));
#9133=DIRECTION('',(0.0,1.0,0.0));
#9134=VECTOR('',#9133,1.0);
#9135=LINE('',#9132,#9134);
#9136=EDGE_CURVE('no 5007',#9124,#5652,#9135,.T.);
#9137=ORIENTED_EDGE('no 20495',*,*,#9136,.F.);
#9138=EDGE_LOOP('',(#9130,#9131,#9137));
#9139=FACE_OUTER_BOUND('',#9138,.T.);
#9140=CARTESIAN_POINT('',(0.0930123,0.0618483,0.013));
#9141=DIRECTION('',(-0.0,0.0,-1.0));
#9142=DIRECTION('',(-0.6918731091,-0.7220191139,0.0));
#9143=AXIS2_PLACEMENT_3D('',#9140,#9141,#9142);
#9144=PLANE('',#9143);
#9145=ADVANCED_FACE('no 20503',(#9139),#9144,.T.);
#9146=ORIENTED_EDGE('no 20913',*,*,#8632,.F.);
#9147=CARTESIAN_POINT('',(0.0768718,0.0389073,0.013));
#9148=DIRECTION('',(-1.0,0.0,0.0));
#9149=VECTOR('',#9148,1.0);
#9150=LINE('',#9147,#9149);
#9151=EDGE_CURVE('no 5215',#7997,#8621,#9150,.T.);
#9152=ORIENTED_EDGE('no 20914',*,*,#9151,.F.);
#9153=ORIENTED_EDGE('no 20915',*,*,#8002,.T.);
#9154=EDGE_LOOP('',(#9146,#9152,#9153));
#9155=FACE_OUTER_BOUND('',#9154,.T.);
#9156=CARTESIAN_POINT('',(0.0790074,0.0370378,0.013));
#9157=DIRECTION('',(0.0,0.0,-1.0));
#9158=DIRECTION('',(-0.9964526366,0.0841554693,0.0));
#9159=AXIS2_PLACEMENT_3D('',#9156,#9157,#9158);
#9160=PLANE('',#9159);
#9161=ADVANCED_FACE('no 20923',(#9155),#9160,.T.);
#9162=CARTESIAN_POINT('',(0.0768718,0.0549073,0.013));
#9163=VERTEX_POINT('',#9162);
#9164=CARTESIAN_POINT('',(0.0783128,0.0589948,0.013));
#9165=DIRECTION('',(-0.3324821654,-0.9431095428,0.0));
#9166=VECTOR('',#9165,1.0);
#9167=LINE('',#9164,#9166);
#9168=EDGE_CURVE('no 20722',#4691,#9163,#9167,.T.);
#9169=ORIENTED_EDGE('no 20746',*,*,#9168,.F.);
#9170=ORIENTED_EDGE('no 20747',*,*,#8008,.T.);
#9171=CARTESIAN_POINT('',(0.0768718,0.0549073,0.013));
#9172=DIRECTION('',(0.0,-1.0,0.0));
#9173=VECTOR('',#9172,1.0);
#9174=LINE('',#9171,#9173);
#9175=EDGE_CURVE('no 5186',#9163,#7997,#9174,.T.);
#9176=ORIENTED_EDGE('no 20748',*,*,#9175,.F.);
#9177=EDGE_LOOP('',(#9169,#9170,#9176));
#9178=FACE_OUTER_BOUND('',#9177,.T.);
#9179=CARTESIAN_POINT('',(0.0768718,0.0549073,0.013));
#9180=DIRECTION('',(0.0,0.0,-1.0));
#9181=DIRECTION('',(0.3324818749,0.9431096452,0.0));
#9182=AXIS2_PLACEMENT_3D('',#9179,#9180,#9181);
#9183=PLANE('',#9182);
#9184=ADVANCED_FACE('no 20756',(#9178),#9183,.T.);
#9185=ORIENTED_EDGE('no 20850',*,*,#8025,.F.);
#9186=CARTESIAN_POINT('',(0.0553128,0.0589948,0.013));
#9187=DIRECTION('',(0.0773761975,-0.9970019679,0.0));
#9188=VECTOR('',#9187,1.0);
#9189=LINE('',#9186,#9188);
#9190=EDGE_CURVE('no 20843',#6745,#8621,#9189,.T.);
#9191=ORIENTED_EDGE('no 20851',*,*,#9190,.T.);
#9192=ORIENTED_EDGE('no 20852',*,*,#8626,.T.);
#9193=EDGE_LOOP('',(#9185,#9191,#9192));
#9194=FACE_OUTER_BOUND('',#9193,.T.);
#9195=CARTESIAN_POINT('',(0.0540074,0.0370378,0.013));
#9196=DIRECTION('',(0.0,0.0,-1.0));
#9197=DIRECTION('',(0.0593481206,0.9982373468,0.0));
#9198=AXIS2_PLACEMENT_3D('',#9195,#9196,#9197);
#9199=PLANE('',#9198);
#9200=ADVANCED_FACE('no 20860',(#9194),#9199,.T.);
#9201=CARTESIAN_POINT('',(0.0461061,0.00403004,0.0));
#9202=VERTEX_POINT('',#9201);
#9203=CARTESIAN_POINT('',(0.0406514,0.00122528,0.0));
#9204=DIRECTION('',(0.889321902,0.4572817016,0.0));
#9205=VECTOR('',#9204,1.0);
#9206=LINE('',#9203,#9205);
#9207=EDGE_CURVE('no 13555',#4878,#9202,#9206,.T.);
#9208=ORIENTED_EDGE('no 13562',*,*,#9207,.T.);
#9209=CARTESIAN_POINT('',(0.0461061,0.00403004,0.0));
#9210=DIRECTION('',(0.9996885059,-0.0249577877,0.0));
#9211=VECTOR('',#9210,1.0);
#9212=LINE('',#9209,#9211);
#9213=EDGE_CURVE('no 13561',#9202,#6860,#9212,.T.);
#9214=ORIENTED_EDGE('no 13563',*,*,#9213,.T.);
#9215=ORIENTED_EDGE('no 13564',*,*,#8056,.F.);
#9216=EDGE_LOOP('',(#9208,#9214,#9215));
#9217=FACE_OUTER_BOUND('',#9216,.T.);
#9218=CARTESIAN_POINT('',(0.0406514,0.00122528,0.0));
#9219=DIRECTION('',(0.0,0.0,-1.0));
#9220=DIRECTION('',(0.889323846,0.4572779208,0.0));
#9221=AXIS2_PLACEMENT_3D('',#9218,#9219,#9220);
#9222=PLANE('',#9221);
#9223=ADVANCED_FACE('no 13572',(#9217),#9222,.T.);
#9224=CARTESIAN_POINT('',(0.155576,0.00565588,0.0));
#9225=VERTEX_POINT('',#9224);
#9226=CARTESIAN_POINT('',(0.155576,0.00565588,0.0));
#9227=DIRECTION('',(0.5443373275,-0.838866422,0.0));
#9228=VECTOR('',#9227,1.0);
#9229=LINE('',#9226,#9228);
#9230=EDGE_CURVE('no 14394',#9225,#6860,#9229,.T.);
#9231=ORIENTED_EDGE('no 14418',*,*,#9230,.F.);
#9232=CARTESIAN_POINT('',(0.155651,0.00622528,0.0));
#9233=DIRECTION('',(-0.1305896347,-0.9914365069,0.0));
#9234=VECTOR('',#9233,1.0);
#9235=LINE('',#9232,#9234);
#9236=EDGE_CURVE('no 10720',#8068,#9225,#9235,.T.);
#9237=ORIENTED_EDGE('no 14419',*,*,#9236,.F.);
#9238=ORIENTED_EDGE('no 14420',*,*,#8073,.T.);
#9239=EDGE_LOOP('',(#9231,#9237,#9238));
#9240=FACE_OUTER_BOUND('',#9239,.T.);
#9241=CARTESIAN_POINT('',(0.158451,0.00122528,0.0));
#9242=DIRECTION('',(0.0,0.0,-1.0));
#9243=DIRECTION('',(-0.5443338087,0.8388687053,0.0));
#9244=AXIS2_PLACEMENT_3D('',#9241,#9242,#9243);
#9245=PLANE('',#9244);
#9246=ADVANCED_FACE('no 14428',(#9240),#9245,.T.);
#9247=CARTESIAN_POINT('',(0.155651,0.0870253,0.0));
#9248=VERTEX_POINT('',#9247);
#9249=CARTESIAN_POINT('',(0.158451,0.0920253,0.0));
#9250=DIRECTION('',(-0.4886033689,-0.8725060159,0.0));
#9251=VECTOR('',#9250,1.0);
#9252=LINE('',#9249,#9251);
#9253=EDGE_CURVE('no 13497',#4027,#9248,#9252,.T.);
#9254=ORIENTED_EDGE('no 13533',*,*,#9253,.F.);
#9255=ORIENTED_EDGE('no 13534',*,*,#8079,.T.);
#9256=CARTESIAN_POINT('',(0.155651,0.00622528,0.0));
#9257=DIRECTION('',(0.0,1.0,0.0));
#9258=VECTOR('',#9257,1.0);
#9259=LINE('',#9256,#9258);
#9260=EDGE_CURVE('no 13532',#8068,#9248,#9259,.T.);
#9261=ORIENTED_EDGE('no 13535',*,*,#9260,.T.);
#9262=EDGE_LOOP('',(#9254,#9255,#9261));
#9263=FACE_OUTER_BOUND('',#9262,.T.);
#9264=CARTESIAN_POINT('',(0.155651,0.0870253,0.0));
#9265=DIRECTION('',(0.0,0.0,-1.0));
#9266=DIRECTION('',(0.4886038561,0.8725057431,0.0));
#9267=AXIS2_PLACEMENT_3D('',#9264,#9265,#9266);
#9268=PLANE('',#9267);
#9269=ADVANCED_FACE('no 13543',(#9263),#9268,.T.);
#9270=ORIENTED_EDGE('no 12925',*,*,#8097,.F.);
#9271=CARTESIAN_POINT('',(0.047207,0.0885809,0.0));
#9272=VERTEX_POINT('',#9271);
#9273=CARTESIAN_POINT('',(0.158451,0.0920253,0.0));
#9274=DIRECTION('',(-0.999521004,-0.0309477378,0.0));
#9275=VECTOR('',#9274,1.0);
#9276=LINE('',#9273,#9275);
#9277=EDGE_CURVE('no 12918',#4027,#9272,#9276,.T.);
#9278=ORIENTED_EDGE('no 12926',*,*,#9277,.T.);
#9279=CARTESIAN_POINT('',(0.047207,0.0885809,0.0));
#9280=DIRECTION('',(-0.7933484421,0.6087678124,0.0));
#9281=VECTOR('',#9280,1.0);
#9282=LINE('',#9279,#9281);
#9283=EDGE_CURVE('no 12924',#9272,#8092,#9282,.T.);
#9284=ORIENTED_EDGE('no 12927',*,*,#9283,.T.);
#9285=EDGE_LOOP('',(#9270,#9278,#9284));
#9286=FACE_OUTER_BOUND('',#9285,.T.);
#9287=CARTESIAN_POINT('',(0.0467514,0.0889305,0.0));
#9288=DIRECTION('',(0.0,0.0,-1.0));
#9289=DIRECTION('',(0.9996164113,0.0276953114,0.0));
#9290=AXIS2_PLACEMENT_3D('',#9287,#9288,#9289);
#9291=PLANE('',#9290);
#9292=ADVANCED_FACE('no 12935',(#9286),#9291,.T.);
#9293=CARTESIAN_POINT('',(0.0467514,0.0889305,0.013));
#9294=VERTEX_POINT('',#9293);
#9295=CARTESIAN_POINT('',(0.0467514,0.0889305,0.013));
#9296=DIRECTION('',(-0.0407756118,0.0168912165,-0.9990255434));
#9297=VECTOR('',#9296,1.0);
#9298=LINE('',#9295,#9297);
#9299=EDGE_CURVE('no 16406',#9294,#6883,#9298,.T.);
#9300=ORIENTED_EDGE('no 16413',*,*,#9299,.T.);
#9301=ORIENTED_EDGE('no 16414',*,*,#8103,.F.);
#9302=CARTESIAN_POINT('',(0.0467514,0.0889305,0.0));
#9303=DIRECTION('',(0.0,0.0,1.0));
#9304=VECTOR('',#9303,1.0);
#9305=LINE('',#9302,#9304);
#9306=EDGE_CURVE('no 16412',#8092,#9294,#9305,.T.);
#9307=ORIENTED_EDGE('no 16415',*,*,#9306,.T.);
#9308=EDGE_LOOP('',(#9300,#9301,#9307));
#9309=FACE_OUTER_BOUND('',#9308,.T.);
#9310=CARTESIAN_POINT('',(0.0467514,0.0889305,0.013));
#9311=DIRECTION('',(-0.3826899313,-0.9238768405,0.0000000552));
#9312=DIRECTION('',(-0.0407753826,0.0168899928,-0.9990255734));
#9313=AXIS2_PLACEMENT_3D('',#9310,#9311,#9312);
#9314=PLANE('',#9313);
#9315=ADVANCED_FACE('no 16423',(#9309),#9314,.T.);
#9316=ORIENTED_EDGE('no 16436',*,*,#9299,.F.);
#9317=CARTESIAN_POINT('',(0.0467514,0.0889305,0.013));
#9318=DIRECTION('',(-0.9238682766,0.3827106054,0.0));
#9319=VECTOR('',#9318,1.0);
#9320=LINE('',#9317,#9319);
#9321=EDGE_CURVE('no 16435',#9294,#7649,#9320,.T.);
#9322=ORIENTED_EDGE('no 16437',*,*,#9321,.T.);
#9323=ORIENTED_EDGE('no 16438',*,*,#8119,.F.);
#9324=EDGE_LOOP('',(#9316,#9322,#9323));
#9325=FACE_OUTER_BOUND('',#9324,.T.);
#9326=CARTESIAN_POINT('',(0.0462208,0.0891503,0.0));
#9327=DIRECTION('',(-0.3826899313,-0.9238768405,0.0000000552));
#9328=DIRECTION('',(0.0407753826,-0.0168899928,0.9990255734));
#9329=AXIS2_PLACEMENT_3D('',#9326,#9327,#9328);
#9330=PLANE('',#9329);
#9331=ADVANCED_FACE('no 16446',(#9325),#9330,.T.);
#9332=ORIENTED_EDGE('no 9406',*,*,#8160,.F.);
#9333=CARTESIAN_POINT('',(0.151448,0.00519796,0.016));
#9334=VERTEX_POINT('',#9333);
#9335=CARTESIAN_POINT('',(0.151448,0.00519796,0.013));
#9336=DIRECTION('',(0.0,0.0,1.0));
#9337=VECTOR('',#9336,1.0);
#9338=LINE('',#9335,#9337);
#9339=EDGE_CURVE('no 9405',#7014,#9334,#9338,.T.);
#9340=ORIENTED_EDGE('no 9407',*,*,#9339,.T.);
#9341=CARTESIAN_POINT('',(0.151773,0.00472433,0.016));
#9342=DIRECTION('',(-0.5657949236,0.824545999,0.0));
#9343=VECTOR('',#9342,1.0);
#9344=LINE('',#9341,#9343);
#9345=EDGE_CURVE('no 979',#6991,#9334,#9344,.T.);
#9346=ORIENTED_EDGE('no 9408',*,*,#9345,.F.);
#9347=EDGE_LOOP('',(#9332,#9340,#9346));
#9348=FACE_OUTER_BOUND('',#9347,.T.);
#9349=CARTESIAN_POINT('',(0.151773,0.00472433,0.016));
#9350=DIRECTION('',(0.8246681009,0.5656169405,0.0000005545));
#9351=DIRECTION('',(-0.1063500139,0.1550590202,-0.9821641282));
#9352=AXIS2_PLACEMENT_3D('',#9349,#9350,#9351);
#9353=PLANE('',#9352);
#9354=ADVANCED_FACE('no 9416',(#9348),#9353,.T.);
#9355=ORIENTED_EDGE('no 22853',*,*,#8973,.F.);
#9356=CARTESIAN_POINT('',(0.151448,0.00519796,0.013));
#9357=DIRECTION('',(-0.3328869138,0.9429667558,0.0));
#9358=VECTOR('',#9357,1.0);
#9359=LINE('',#9356,#9358);
#9360=EDGE_CURVE('no 9434',#7014,#8962,#9359,.T.);
#9361=ORIENTED_EDGE('no 22852',*,*,#9360,.F.);
#9362=ORIENTED_EDGE('no 22851',*,*,#8182,.T.);
#9363=EDGE_LOOP('',(#9355,#9361,#9362));
#9364=FACE_OUTER_BOUND('',#9363,.T.);
#9365=CARTESIAN_POINT('',(0.148451,0.0112253,0.013));
#9366=DIRECTION('',(0.0,0.0,1.0));
#9367=DIRECTION('',(0.4451748358,-0.8954436697,0.0));
#9368=AXIS2_PLACEMENT_3D('',#9365,#9366,#9367);
#9369=PLANE('',#9368);
#9370=ADVANCED_FACE('no 22861',(#9364),#9369,.F.);
#9371=CARTESIAN_POINT('',(0.0930123,0.0618483,0.016));
#9372=VERTEX_POINT('',#9371);
#9373=CARTESIAN_POINT('',(0.0930123,0.0788483,0.013));
#9374=DIRECTION('',(0.0,-0.9847835588,0.1737853339));
#9375=VECTOR('',#9374,1.0);
#9376=LINE('',#9373,#9375);
#9377=EDGE_CURVE('no 5001',#5652,#9372,#9376,.T.);
#9378=ORIENTED_EDGE('no 5031',*,*,#9377,.F.);
#9379=ORIENTED_EDGE('no 5032',*,*,#8227,.T.);
#9380=CARTESIAN_POINT('',(0.0930123,0.0618483,0.016));
#9381=DIRECTION('',(0.0,1.0,0.0));
#9382=VECTOR('',#9381,1.0);
#9383=LINE('',#9380,#9382);
#9384=EDGE_CURVE('no 2104',#9372,#5981,#9383,.T.);
#9385=ORIENTED_EDGE('no 5033',*,*,#9384,.F.);
#9386=EDGE_LOOP('',(#9378,#9379,#9385));
#9387=FACE_OUTER_BOUND('',#9386,.T.);
#9388=CARTESIAN_POINT('',(0.0930123,0.0618483,0.016));
#9389=DIRECTION('',(1.0,-0.0,0.0));
#9390=DIRECTION('',(0.0,0.9847836293,-0.1737849346));
#9391=AXIS2_PLACEMENT_3D('',#9388,#9389,#9390);
#9392=PLANE('',#9391);
#9393=ADVANCED_FACE('no 5041',(#9387),#9392,.T.);
#9394=ORIENTED_EDGE('no 2221',*,*,#8244,.F.);
#9395=CARTESIAN_POINT('',(0.151504,0.0880948,0.016));
#9396=VERTEX_POINT('',#9395);
#9397=CARTESIAN_POINT('',(0.134012,0.0788483,0.016));
#9398=DIRECTION('',(0.8840797265,0.4673361074,0.0));
#9399=VECTOR('',#9398,1.0);
#9400=LINE('',#9397,#9399);
#9401=EDGE_CURVE('no 2214',#7061,#9396,#9400,.T.);
#9402=ORIENTED_EDGE('no 2222',*,*,#9401,.T.);
#9403=CARTESIAN_POINT('',(0.151504,0.0880948,0.016));
#9404=DIRECTION('',(0.6087687734,0.7933477047,0.0));
#9405=VECTOR('',#9404,1.0);
#9406=LINE('',#9403,#9405);
#9407=EDGE_CURVE('no 2220',#9396,#8239,#9406,.T.);
#9408=ORIENTED_EDGE('no 2223',*,*,#9407,.T.);
#9409=EDGE_LOOP('',(#9394,#9402,#9408));
#9410=FACE_OUTER_BOUND('',#9409,.T.);
#9411=CARTESIAN_POINT('',(0.151853,0.0885505,0.016));
#9412=DIRECTION('',(0.0,0.0,1.0));
#9413=DIRECTION('',(-0.8785022808,-0.4777381527,0.0));
#9414=AXIS2_PLACEMENT_3D('',#9411,#9412,#9413);
#9415=PLANE('',#9414);
#9416=ADVANCED_FACE('no 2231',(#9410),#9415,.T.);
#9417=ORIENTED_EDGE('no 783',*,*,#8266,.F.);
#9418=CARTESIAN_POINT('',(0.120739,0.0339808,0.016));
#9419=VERTEX_POINT('',#9418);
#9420=CARTESIAN_POINT('',(0.123056,0.0168366,0.016));
#9421=DIRECTION('',(-0.1339469332,0.990988506,0.0));
#9422=VECTOR('',#9421,1.0);
#9423=LINE('',#9420,#9422);
#9424=EDGE_CURVE('no 776',#7083,#9419,#9423,.T.);
#9425=ORIENTED_EDGE('no 784',*,*,#9424,.T.);
#9426=CARTESIAN_POINT('',(0.120739,0.0339808,0.016));
#9427=DIRECTION('',(0.0,-1.0,0.0));
#9428=VECTOR('',#9427,1.0);
#9429=LINE('',#9426,#9428);
#9430=EDGE_CURVE('no 782',#9419,#7320,#9429,.T.);
#9431=ORIENTED_EDGE('no 785',*,*,#9430,.T.);
#9432=EDGE_LOOP('',(#9417,#9425,#9431));
#9433=FACE_OUTER_BOUND('',#9432,.T.);
#9434=CARTESIAN_POINT('',(0.120739,0.0169808,0.016));
#9435=DIRECTION('',(-0.0,0.0,1.0));
#9436=DIRECTION('',(0.9980683007,-0.0621262187,0.0));
#9437=AXIS2_PLACEMENT_3D('',#9434,#9435,#9436);
#9438=PLANE('',#9437);
#9439=ADVANCED_FACE('no 793',(#9433),#9438,.T.);
#9440=ORIENTED_EDGE('no 957',*,*,#8282,.F.);
#9441=CARTESIAN_POINT('',(0.140056,0.0168366,0.016));
#9442=VERTEX_POINT('',#9441);
#9443=CARTESIAN_POINT('',(0.151773,0.00472433,0.016));
#9444=DIRECTION('',(-0.6952819425,0.7187371011,0.0));
#9445=VECTOR('',#9444,1.0);
#9446=LINE('',#9443,#9445);
#9447=EDGE_CURVE('no 950',#6991,#9442,#9446,.T.);
#9448=ORIENTED_EDGE('no 958',*,*,#9447,.T.);
#9449=CARTESIAN_POINT('',(0.140056,0.0168366,0.016));
#9450=DIRECTION('',(-1.0,0.0,0.0));
#9451=VECTOR('',#9450,1.0);
#9452=LINE('',#9449,#9451);
#9453=EDGE_CURVE('no 956',#9442,#7083,#9452,.T.);
#9454=ORIENTED_EDGE('no 959',*,*,#9453,.T.);
#9455=EDGE_LOOP('',(#9440,#9448,#9454));
#9456=FACE_OUTER_BOUND('',#9455,.T.);
#9457=CARTESIAN_POINT('',(0.123056,0.0168366,0.016));
#9458=DIRECTION('',(-0.0,0.0,1.0));
#9459=DIRECTION('',(0.9213947842,-0.388627909,0.0));
#9460=AXIS2_PLACEMENT_3D('',#9457,#9458,#9459);
#9461=PLANE('',#9460);
#9462=ADVANCED_FACE('no 967',(#9456),#9461,.T.);
#9463=ORIENTED_EDGE('no 23631',*,*,#8321,.F.);
#9464=CARTESIAN_POINT('',(0.153978,0.0891199,0.013));
#9465=VERTEX_POINT('',#9464);
#9466=CARTESIAN_POINT('',(0.153978,0.0891199,0.013));
#9467=DIRECTION('',(0.9238780467,-0.3826870194,0.0));
#9468=VECTOR('',#9467,1.0);
#9469=LINE('',#9466,#9468);
#9470=EDGE_CURVE('no 23622',#9465,#8310,#9469,.T.);
#9471=ORIENTED_EDGE('no 23630',*,*,#9470,.F.);
#9472=CARTESIAN_POINT('',(0.153978,0.0891199,0.013));
#9473=DIRECTION('',(0.8388691619,0.544333105,0.0));
#9474=VECTOR('',#9473,1.0);
#9475=LINE('',#9472,#9474);
#9476=EDGE_CURVE('no 23599',#9465,#5149,#9475,.T.);
#9477=ORIENTED_EDGE('no 23629',*,*,#9476,.T.);
#9478=EDGE_LOOP('',(#9463,#9471,#9477));
#9479=FACE_OUTER_BOUND('',#9478,.T.);
#9480=CARTESIAN_POINT('',(0.158409,0.0919948,0.013));
#9481=DIRECTION('',(0.0,0.0,1.0));
#9482=DIRECTION('',(-0.8388691619,-0.544333105,0.0));
#9483=AXIS2_PLACEMENT_3D('',#9480,#9481,#9482);
#9484=PLANE('',#9483);
#9485=ADVANCED_FACE('no 23639',(#9479),#9484,.F.);
#9486=CARTESIAN_POINT('',(0.153526,0.00839171,0.016));
#9487=VERTEX_POINT('',#9486);
#9488=CARTESIAN_POINT('',(0.153526,0.00839171,0.016));
#9489=DIRECTION('',(0.0059100862,0.9999825353,0.0));
#9490=VECTOR('',#9489,1.0);
#9491=LINE('',#9488,#9490);
#9492=EDGE_CURVE('no 2956',#9487,#8332,#9491,.T.);
#9493=ORIENTED_EDGE('no 2992',*,*,#9492,.F.);
#9494=CARTESIAN_POINT('',(0.153526,0.00839171,0.016));
#9495=DIRECTION('',(0.9831007124,-0.1830655327,0.0));
#9496=VECTOR('',#9495,1.0);
#9497=LINE('',#9494,#9496);
#9498=EDGE_CURVE('no 2985',#9487,#7234,#9497,.T.);
#9499=ORIENTED_EDGE('no 2993',*,*,#9498,.T.);
#9500=ORIENTED_EDGE('no 2994',*,*,#8337,.T.);
#9501=EDGE_LOOP('',(#9493,#9499,#9500));
#9502=FACE_OUTER_BOUND('',#9501,.T.);
#9503=CARTESIAN_POINT('',(0.153978,0.0848698,0.016));
#9504=DIRECTION('',(0.0,0.0,1.0));
#9505=DIRECTION('',(-0.0059117972,-0.9999825252,0.0));
#9506=AXIS2_PLACEMENT_3D('',#9503,#9504,#9505);
#9507=PLANE('',#9506);
#9508=ADVANCED_FACE('no 3002',(#9502),#9507,.T.);
#9509=CARTESIAN_POINT('',(0.153526,0.00839171,0.013));
#9510=VERTEX_POINT('',#9509);
#9511=CARTESIAN_POINT('',(0.154091,0.0082865,0.016));
#9512=DIRECTION('',(-0.1848399734,0.034443795,-0.9821648585));
#9513=VECTOR('',#9512,1.0);
#9514=LINE('',#9511,#9513);
#9515=EDGE_CURVE('no 8387',#7234,#9510,#9514,.T.);
#9516=ORIENTED_EDGE('no 8400',*,*,#9515,.T.);
#9517=CARTESIAN_POINT('',(0.153526,0.00839171,0.013));
#9518=DIRECTION('',(0.9831007124,-0.1830655327,0.0));
#9519=VECTOR('',#9518,1.0);
#9520=LINE('',#9517,#9519);
#9521=EDGE_CURVE('no 8393',#9510,#7257,#9520,.T.);
#9522=ORIENTED_EDGE('no 8401',*,*,#9521,.T.);
#9523=ORIENTED_EDGE('no 8402',*,*,#8360,.T.);
#9524=EDGE_LOOP('',(#9516,#9522,#9523));
#9525=FACE_OUTER_BOUND('',#9524,.T.);
#9526=CARTESIAN_POINT('',(0.154091,0.0082865,0.016));
#9527=DIRECTION('',(-0.1831901075,-0.9830775069,-0.0000000668));
#9528=DIRECTION('',(-0.1848399734,0.034443795,-0.9821648585));
#9529=AXIS2_PLACEMENT_3D('',#9526,#9527,#9528);
#9530=PLANE('',#9529);
#9531=ADVANCED_FACE('no 8410',(#9525),#9530,.T.);
#9532=CARTESIAN_POINT('',(0.154021,0.0849002,0.013));
#9533=VERTEX_POINT('',#9532);
#9534=CARTESIAN_POINT('',(0.154021,0.0849002,0.013));
#9535=DIRECTION('',(0.9237150395,0.3830803126,0.0));
#9536=VECTOR('',#9535,1.0);
#9537=LINE('',#9534,#9536);
#9538=EDGE_CURVE('no 15851',#9533,#8371,#9537,.T.);
#9539=ORIENTED_EDGE('no 24237',*,*,#9538,.T.);
#9540=ORIENTED_EDGE('no 24236',*,*,#8383,.F.);
#9541=CARTESIAN_POINT('',(0.154091,0.0082865,0.013));
#9542=DIRECTION('',(-0.0009136743,0.9999995826,0.0));
#9543=VECTOR('',#9542,1.0);
#9544=LINE('',#9541,#9543);
#9545=EDGE_CURVE('no 24188',#7257,#9533,#9544,.T.);
#9546=ORIENTED_EDGE('no 24235',*,*,#9545,.T.);
#9547=EDGE_LOOP('',(#9539,#9540,#9546));
#9548=FACE_OUTER_BOUND('',#9547,.T.);
#9549=CARTESIAN_POINT('',(0.154021,0.0849002,0.013));
#9550=DIRECTION('',(-0.0,0.0,1.0));
#9551=DIRECTION('',(0.0009158866,-0.9999995806,0.0));
#9552=AXIS2_PLACEMENT_3D('',#9549,#9550,#9551);
#9553=PLANE('',#9552);
#9554=ADVANCED_FACE('no 24245',(#9548),#9553,.F.);
#9555=ORIENTED_EDGE('no 15779',*,*,#8416,.T.);
#9556=ORIENTED_EDGE('no 15778',*,*,#8397,.F.);
#9557=CARTESIAN_POINT('',(0.154551,0.08512,0.013));
#9558=DIRECTION('',(0.035014485,0.0268680885,-0.9990255711));
#9559=VECTOR('',#9558,1.0);
#9560=LINE('',#9557,#9559);
#9561=EDGE_CURVE('no 15747',#8371,#8411,#9560,.T.);
#9562=ORIENTED_EDGE('no 15777',*,*,#9561,.T.);
#9563=EDGE_LOOP('',(#9555,#9556,#9562));
#9564=FACE_OUTER_BOUND('',#9563,.T.);
#9565=CARTESIAN_POINT('',(0.155007,0.0854696,0.0));
#9566=DIRECTION('',(-0.6087687738,0.7933477044,0.0000000112));
#9567=DIRECTION('',(-0.035014485,-0.0268680885,0.9990255711));
#9568=AXIS2_PLACEMENT_3D('',#9565,#9566,#9567);
#9569=PLANE('',#9568);
#9570=ADVANCED_FACE('no 15787',(#9564),#9569,.F.);
#9571=CARTESIAN_POINT('',(0.155357,0.0859253,0.0));
#9572=VERTEX_POINT('',#9571);
#9573=CARTESIAN_POINT('',(0.155007,0.0854696,0.0));
#9574=DIRECTION('',(0.6091218503,0.7930766492,0.0));
#9575=VECTOR('',#9574,1.0);
#9576=LINE('',#9573,#9575);
#9577=EDGE_CURVE('no 14984',#8411,#9572,#9576,.T.);
#9578=ORIENTED_EDGE('no 15698',*,*,#9577,.T.);
#9579=CARTESIAN_POINT('',(0.155314,0.0858948,0.013));
#9580=DIRECTION('',(0.0032530099,0.0023417599,-0.999991967));
#9581=VECTOR('',#9580,1.0);
#9582=LINE('',#9579,#9581);
#9583=EDGE_CURVE('no 15695',#5234,#9572,#9582,.T.);
#9584=ORIENTED_EDGE('no 15697',*,*,#9583,.F.);
#9585=ORIENTED_EDGE('no 15696',*,*,#8422,.T.);
#9586=EDGE_LOOP('',(#9578,#9584,#9585));
#9587=FACE_OUTER_BOUND('',#9586,.T.);
#9588=CARTESIAN_POINT('',(0.155007,0.0854696,0.0));
#9589=DIRECTION('',(-0.7933472884,0.6087682199,-0.0011552176));
#9590=DIRECTION('',(0.0236219922,0.0326802892,0.9991866693));
#9591=AXIS2_PLACEMENT_3D('',#9588,#9589,#9590);
#9592=PLANE('',#9591);
#9593=ADVANCED_FACE('no 15706',(#9587),#9592,.F.);
#9594=ORIENTED_EDGE('no 6470',*,*,#8438,.T.);
#9595=CARTESIAN_POINT('',(0.103739,0.0169808,0.013));
#9596=VERTEX_POINT('',#9595);
#9597=CARTESIAN_POINT('',(0.120739,0.0169808,0.013));
#9598=DIRECTION('',(-1.0,0.0,0.0));
#9599=VECTOR('',#9598,1.0);
#9600=LINE('',#9597,#9599);
#9601=EDGE_CURVE('no 6463',#8433,#9596,#9600,.T.);
#9602=ORIENTED_EDGE('no 6471',*,*,#9601,.T.);
#9603=CARTESIAN_POINT('',(0.103739,0.0169808,0.013));
#9604=DIRECTION('',(0.0,0.0,1.0));
#9605=VECTOR('',#9604,1.0);
#9606=LINE('',#9603,#9605);
#9607=EDGE_CURVE('no 6469',#9596,#6216,#9606,.T.);
#9608=ORIENTED_EDGE('no 6472',*,*,#9607,.T.);
#9609=EDGE_LOOP('',(#9594,#9602,#9608));
#9610=FACE_OUTER_BOUND('',#9609,.T.);
#9611=CARTESIAN_POINT('',(0.103739,0.0169808,0.016));
#9612=DIRECTION('',(0.0,1.0,0.0));
#9613=DIRECTION('',(0.9847836293,0.0,-0.1737849346));
#9614=AXIS2_PLACEMENT_3D('',#9611,#9612,#9613);
#9615=PLANE('',#9614);
#9616=ADVANCED_FACE('no 6480',(#9610),#9615,.T.);
#9617=CARTESIAN_POINT('',(0.120739,0.0339808,0.016));
#9618=DIRECTION('',(0.0,-0.9847835588,-0.1737853339));
#9619=VECTOR('',#9618,1.0);
#9620=LINE('',#9617,#9619);
#9621=EDGE_CURVE('no 6399',#9419,#8433,#9620,.T.);
#9622=ORIENTED_EDGE('no 6406',*,*,#9621,.T.);
#9623=ORIENTED_EDGE('no 6407',*,*,#8445,.T.);
#9624=ORIENTED_EDGE('no 6408',*,*,#9430,.F.);
#9625=EDGE_LOOP('',(#9622,#9623,#9624));
#9626=FACE_OUTER_BOUND('',#9625,.T.);
#9627=CARTESIAN_POINT('',(0.120739,0.0339808,0.016));
#9628=DIRECTION('',(-1.0,-0.0,0.0));
#9629=DIRECTION('',(0.0,-0.9847836293,-0.1737849346));
#9630=AXIS2_PLACEMENT_3D('',#9627,#9628,#9629);
#9631=PLANE('',#9630);
#9632=ADVANCED_FACE('no 6416',(#9626),#9631,.T.);
#9633=ORIENTED_EDGE('no 696',*,*,#8462,.F.);
#9634=CARTESIAN_POINT('',(0.101964,0.0534488,0.016));
#9635=VERTEX_POINT('',#9634);
#9636=CARTESIAN_POINT('',(0.103739,0.0169808,0.016));
#9637=DIRECTION('',(-0.0486165764,0.9988175151,0.0));
#9638=VECTOR('',#9637,1.0);
#9639=LINE('',#9636,#9638);
#9640=EDGE_CURVE('no 689',#6216,#9635,#9639,.T.);
#9641=ORIENTED_EDGE('no 697',*,*,#9640,.T.);
#9642=CARTESIAN_POINT('',(0.101964,0.0534488,0.016));
#9643=DIRECTION('',(0.0,-1.0,0.0));
#9644=VECTOR('',#9643,1.0);
#9645=LINE('',#9642,#9644);
#9646=EDGE_CURVE('no 695',#9635,#8457,#9645,.T.);
#9647=ORIENTED_EDGE('no 698',*,*,#9646,.T.);
#9648=EDGE_LOOP('',(#9633,#9641,#9647));
#9649=FACE_OUTER_BOUND('',#9648,.T.);
#9650=CARTESIAN_POINT('',(0.101964,0.0364488,0.016));
#9651=DIRECTION('',(-0.0,0.0,1.0));
#9652=DIRECTION('',(0.0908011043,-0.9958690473,0.0));
#9653=AXIS2_PLACEMENT_3D('',#9650,#9651,#9652);
#9654=PLANE('',#9653);
#9655=ADVANCED_FACE('no 706',(#9649),#9654,.T.);
#9656=CARTESIAN_POINT('',(0.101659,0.0341707,0.016));
#9657=DIRECTION('',(-0.990818608,0.135197951,0.0));
#9658=VECTOR('',#9657,1.0);
#9659=LINE('',#9656,#9658);
#9660=EDGE_CURVE('no 4619',#7343,#8546,#9659,.T.);
#9661=ORIENTED_EDGE('no 4649',*,*,#9660,.F.);
#9662=ORIENTED_EDGE('no 4650',*,*,#8468,.F.);
#9663=CARTESIAN_POINT('',(0.101964,0.0364488,0.016));
#9664=DIRECTION('',(-1.0,0.0,0.0));
#9665=VECTOR('',#9664,1.0);
#9666=LINE('',#9663,#9665);
#9667=EDGE_CURVE('no 4648',#8457,#8546,#9666,.T.);
#9668=ORIENTED_EDGE('no 4651',*,*,#9667,.T.);
#9669=EDGE_LOOP('',(#9661,#9662,#9668));
#9670=FACE_OUTER_BOUND('',#9669,.T.);
#9671=CARTESIAN_POINT('',(0.0849636,0.0364488,0.016));
#9672=DIRECTION('',(-0.0,0.0,1.0));
#9673=DIRECTION('',(0.9908183224,-0.135200044,0.0));
#9674=AXIS2_PLACEMENT_3D('',#9671,#9672,#9673);
#9675=PLANE('',#9674);
#9676=ADVANCED_FACE('no 4659',(#9670),#9675,.T.);
#9677=ORIENTED_EDGE('no 20165',*,*,#8484,.F.);
#9678=CARTESIAN_POINT('',(0.101659,0.0171707,0.013));
#9679=DIRECTION('',(0.9958582051,-0.090919939,0.0));
#9680=VECTOR('',#9679,1.0);
#9681=LINE('',#9678,#9680);
#9682=EDGE_CURVE('no 20158',#6238,#9596,#9681,.T.);
#9683=ORIENTED_EDGE('no 20166',*,*,#9682,.T.);
#9684=CARTESIAN_POINT('',(0.103739,0.0169808,0.013));
#9685=DIRECTION('',(0.9918166458,-0.1276704398,0.0));
#9686=VECTOR('',#9685,1.0);
#9687=LINE('',#9684,#9686);
#9688=EDGE_CURVE('no 20164',#9596,#7448,#9687,.T.);
#9689=ORIENTED_EDGE('no 20167',*,*,#9688,.T.);
#9690=EDGE_LOOP('',(#9677,#9683,#9689));
#9691=FACE_OUTER_BOUND('',#9690,.T.);
#9692=CARTESIAN_POINT('',(0.148451,0.0112253,0.013));
#9693=DIRECTION('',(0.0,0.0,-1.0));
#9694=DIRECTION('',(-0.9920243915,0.1260460497,0.0));
#9695=AXIS2_PLACEMENT_3D('',#9692,#9693,#9694);
#9696=PLANE('',#9695);
#9697=ADVANCED_FACE('no 20175',(#9691),#9696,.T.);
#9698=ORIENTED_EDGE('no 6360',*,*,#8571,.T.);
#9699=CARTESIAN_POINT('',(0.0846593,0.0341707,0.013));
#9700=DIRECTION('',(1.0,0.0,0.0));
#9701=VECTOR('',#9700,1.0);
#9702=LINE('',#9699,#9701);
#9703=EDGE_CURVE('no 6359',#7425,#8507,#9702,.T.);
#9704=ORIENTED_EDGE('no 6361',*,*,#9703,.T.);
#9705=ORIENTED_EDGE('no 6362',*,*,#8512,.F.);
#9706=EDGE_LOOP('',(#9698,#9704,#9705));
#9707=FACE_OUTER_BOUND('',#9706,.T.);
#9708=CARTESIAN_POINT('',(0.101659,0.0341707,0.016));
#9709=DIRECTION('',(0.0,-1.0,-0.0));
#9710=DIRECTION('',(-0.9847836293,0.0,-0.1737849346));
#9711=AXIS2_PLACEMENT_3D('',#9708,#9709,#9710);
#9712=PLANE('',#9711);
#9713=ADVANCED_FACE('no 6370',(#9707),#9712,.T.);
#9714=CARTESIAN_POINT('',(0.101964,0.0364488,0.013));
#9715=VERTEX_POINT('',#9714);
#9716=CARTESIAN_POINT('',(0.101964,0.0364488,0.013));
#9717=DIRECTION('',(-0.1326994765,-0.9911563191,0.0));
#9718=VECTOR('',#9717,1.0);
#9719=LINE('',#9716,#9718);
#9720=EDGE_CURVE('no 20998',#9715,#8507,#9719,.T.);
#9721=ORIENTED_EDGE('no 21016',*,*,#9720,.F.);
#9722=CARTESIAN_POINT('',(0.101659,0.0171707,0.013));
#9723=DIRECTION('',(0.0158190815,0.9998748705,0.0));
#9724=VECTOR('',#9723,1.0);
#9725=LINE('',#9722,#9724);
#9726=EDGE_CURVE('no 20187',#6238,#9715,#9725,.T.);
#9727=ORIENTED_EDGE('no 21017',*,*,#9726,.F.);
#9728=ORIENTED_EDGE('no 21018',*,*,#8518,.F.);
#9729=EDGE_LOOP('',(#9721,#9727,#9728));
#9730=FACE_OUTER_BOUND('',#9729,.T.);
#9731=CARTESIAN_POINT('',(0.101659,0.0341707,0.013));
#9732=DIRECTION('',(0.0,0.0,-1.0));
#9733=DIRECTION('',(0.1323840663,0.9911984963,0.0));
#9734=AXIS2_PLACEMENT_3D('',#9731,#9732,#9733);
#9735=PLANE('',#9734);
#9736=ADVANCED_FACE('no 21026',(#9730),#9735,.T.);
#9737=ORIENTED_EDGE('no 2105',*,*,#8534,.F.);
#9738=CARTESIAN_POINT('',(0.0849636,0.0534488,0.016));
#9739=DIRECTION('',(0.6918731091,0.7220191139,0.0));
#9740=VECTOR('',#9739,1.0);
#9741=LINE('',#9738,#9740);
#9742=EDGE_CURVE('no 2098',#7402,#9372,#9741,.T.);
#9743=ORIENTED_EDGE('no 2106',*,*,#9742,.T.);
#9744=ORIENTED_EDGE('no 2107',*,*,#9384,.T.);
#9745=EDGE_LOOP('',(#9737,#9743,#9744));
#9746=FACE_OUTER_BOUND('',#9745,.T.);
#9747=CARTESIAN_POINT('',(0.0930123,0.0788483,0.016));
#9748=DIRECTION('',(0.0,0.0,1.0));
#9749=DIRECTION('',(-0.302081984,-0.9532819494,0.0));
#9750=AXIS2_PLACEMENT_3D('',#9747,#9748,#9749);
#9751=PLANE('',#9750);
#9752=ADVANCED_FACE('no 2115',(#9746),#9751,.T.);
#9753=ORIENTED_EDGE('no 4626',*,*,#9660,.T.);
#9754=ORIENTED_EDGE('no 4627',*,*,#8551,.F.);
#9755=ORIENTED_EDGE('no 4628',*,*,#8577,.T.);
#9756=EDGE_LOOP('',(#9753,#9754,#9755));
#9757=FACE_OUTER_BOUND('',#9756,.T.);
#9758=CARTESIAN_POINT('',(0.101659,0.0341707,0.016));
#9759=DIRECTION('',(0.0,0.0,1.0));
#9760=DIRECTION('',(-0.9908183224,0.135200044,0.0));
#9761=AXIS2_PLACEMENT_3D('',#9758,#9759,#9760);
#9762=PLANE('',#9761);
#9763=ADVANCED_FACE('no 4636',(#9757),#9762,.T.);
#9764=CARTESIAN_POINT('',(0.0849636,0.0534488,0.013));
#9765=DIRECTION('',(0.0,-0.9847835588,0.1737853339));
#9766=VECTOR('',#9765,1.0);
#9767=LINE('',#9764,#9766);
#9768=EDGE_CURVE('no 5567',#7524,#8546,#9767,.T.);
#9769=ORIENTED_EDGE('no 5603',*,*,#9768,.F.);
#9770=CARTESIAN_POINT('',(0.0849636,0.0534488,0.013));
#9771=DIRECTION('',(0.0,0.0,1.0));
#9772=VECTOR('',#9771,1.0);
#9773=LINE('',#9770,#9772);
#9774=EDGE_CURVE('no 5602',#7524,#7402,#9773,.T.);
#9775=ORIENTED_EDGE('no 5604',*,*,#9774,.T.);
#9776=ORIENTED_EDGE('no 5605',*,*,#8557,.F.);
#9777=EDGE_LOOP('',(#9769,#9775,#9776));
#9778=FACE_OUTER_BOUND('',#9777,.T.);
#9779=CARTESIAN_POINT('',(0.0849636,0.0364488,0.016));
#9780=DIRECTION('',(1.0,-0.0,0.0));
#9781=DIRECTION('',(0.0,0.9847836293,-0.1737849346));
#9782=AXIS2_PLACEMENT_3D('',#9779,#9780,#9781);
#9783=PLANE('',#9782);
#9784=ADVANCED_FACE('no 5613',(#9778),#9783,.T.);
#9785=CARTESIAN_POINT('',(0.0849636,0.0364488,0.013));
#9786=VERTEX_POINT('',#9785);
#9787=CARTESIAN_POINT('',(0.0846593,0.0341707,0.013));
#9788=DIRECTION('',(0.1324002651,0.9911963326,0.0));
#9789=VECTOR('',#9788,1.0);
#9790=LINE('',#9787,#9789);
#9791=EDGE_CURVE('no 20952',#7425,#9786,#9790,.T.);
#9792=ORIENTED_EDGE('no 20976',*,*,#9791,.F.);
#9793=ORIENTED_EDGE('no 20977',*,*,#8609,.F.);
#9794=CARTESIAN_POINT('',(0.0849636,0.0364488,0.013));
#9795=DIRECTION('',(0.0,1.0,0.0));
#9796=VECTOR('',#9795,1.0);
#9797=LINE('',#9794,#9796);
#9798=EDGE_CURVE('no 5579',#9786,#7524,#9797,.T.);
#9799=ORIENTED_EDGE('no 20978',*,*,#9798,.F.);
#9800=EDGE_LOOP('',(#9792,#9793,#9799));
#9801=FACE_OUTER_BOUND('',#9800,.T.);
#9802=CARTESIAN_POINT('',(0.0849636,0.0364488,0.013));
#9803=DIRECTION('',(-0.0,0.0,-1.0));
#9804=DIRECTION('',(-0.1323879962,-0.9911979714,0.0));
#9805=AXIS2_PLACEMENT_3D('',#9802,#9803,#9804);
#9806=PLANE('',#9805);
#9807=ADVANCED_FACE('no 20986',(#9801),#9806,.T.);
#9808=CARTESIAN_POINT('',(0.0568718,0.0549073,0.013));
#9809=DIRECTION('',(0.0,-0.9828721869,0.1842885351));
#9810=VECTOR('',#9809,1.0);
#9811=LINE('',#9808,#9810);
#9812=EDGE_CURVE('no 5261',#9069,#7547,#9811,.T.);
#9813=ORIENTED_EDGE('no 5291',*,*,#9812,.F.);
#9814=CARTESIAN_POINT('',(0.0568718,0.0549073,0.013));
#9815=DIRECTION('',(0.0,0.0,1.0));
#9816=VECTOR('',#9815,1.0);
#9817=LINE('',#9814,#9816);
#9818=EDGE_CURVE('no 5290',#9069,#7919,#9817,.T.);
#9819=ORIENTED_EDGE('no 5292',*,*,#9818,.T.);
#9820=ORIENTED_EDGE('no 5293',*,*,#8649,.F.);
#9821=EDGE_LOOP('',(#9813,#9819,#9820));
#9822=FACE_OUTER_BOUND('',#9821,.T.);
#9823=CARTESIAN_POINT('',(0.0568718,0.0389073,0.016));
#9824=DIRECTION('',(1.0,-0.0,0.0));
#9825=DIRECTION('',(0.0,0.9828720964,-0.1842890181));
#9826=AXIS2_PLACEMENT_3D('',#9823,#9824,#9825);
#9827=PLANE('',#9826);
#9828=ADVANCED_FACE('no 5301',(#9822),#9827,.T.);
#9829=CARTESIAN_POINT('',(0.0568718,0.0389073,0.016));
#9830=DIRECTION('',(0.9889363529,0.0,-0.1483404529));
#9831=VECTOR('',#9830,1.0);
#9832=LINE('',#9829,#9831);
#9833=EDGE_CURVE('no 5209',#7547,#7997,#9832,.T.);
#9834=ORIENTED_EDGE('no 5239',*,*,#9833,.F.);
#9835=ORIENTED_EDGE('no 5240',*,*,#8672,.F.);
#9836=CARTESIAN_POINT('',(0.0768718,0.0389073,0.013));
#9837=DIRECTION('',(0.0,0.0,1.0));
#9838=VECTOR('',#9837,1.0);
#9839=LINE('',#9836,#9838);
#9840=EDGE_CURVE('no 5157',#7997,#8661,#9839,.T.);
#9841=ORIENTED_EDGE('no 5241',*,*,#9840,.F.);
#9842=EDGE_LOOP('',(#9834,#9835,#9841));
#9843=FACE_OUTER_BOUND('',#9842,.T.);
#9844=CARTESIAN_POINT('',(0.0768718,0.0389073,0.013));
#9845=DIRECTION('',(0.0,1.0,-0.0));
#9846=DIRECTION('',(-0.9889364115,0.0,0.1483400617));
#9847=AXIS2_PLACEMENT_3D('',#9844,#9845,#9846);
#9848=PLANE('',#9847);
#9849=ADVANCED_FACE('no 5249',(#9843),#9848,.T.);
#9850=CARTESIAN_POINT('',(0.0471647,0.00775047,0.016));
#9851=DIRECTION('',(0.0,1.0,0.0));
#9852=VECTOR('',#9851,1.0);
#9853=LINE('',#9850,#9852);
#9854=EDGE_CURVE('no 3791',#8706,#8683,#9853,.T.);
#9855=ORIENTED_EDGE('no 3827',*,*,#9854,.F.);
#9856=ORIENTED_EDGE('no 3828',*,*,#8718,.T.);
#9857=ORIENTED_EDGE('no 3829',*,*,#8688,.T.);
#9858=EDGE_LOOP('',(#9855,#9856,#9857));
#9859=FACE_OUTER_BOUND('',#9858,.T.);
#9860=CARTESIAN_POINT('',(0.0471647,0.0854392,0.016));
#9861=DIRECTION('',(0.0,0.0,1.0));
#9862=DIRECTION('',(0.0,-1.0,0.0));
#9863=AXIS2_PLACEMENT_3D('',#9860,#9861,#9862);
#9864=PLANE('',#9863);
#9865=ADVANCED_FACE('no 3837',(#9859),#9864,.T.);
#9866=ORIENTED_EDGE('no 7221',*,*,#8711,.F.);
#9867=CARTESIAN_POINT('',(0.0471647,0.00775047,0.013));
#9868=VERTEX_POINT('',#9867);
#9869=CARTESIAN_POINT('',(0.0471647,0.00775047,0.013));
#9870=DIRECTION('',(0.0,0.0,1.0));
#9871=VECTOR('',#9870,1.0);
#9872=LINE('',#9869,#9871);
#9873=EDGE_CURVE('no 7151',#9868,#8706,#9872,.T.);
#9874=ORIENTED_EDGE('no 7222',*,*,#9873,.F.);
#9875=CARTESIAN_POINT('',(0.0471647,0.00775047,0.013));
#9876=DIRECTION('',(0.6087630651,-0.7933520849,0.0));
#9877=VECTOR('',#9876,1.0);
#9878=LINE('',#9875,#9877);
#9879=EDGE_CURVE('no 7220',#9868,#7603,#9878,.T.);
#9880=ORIENTED_EDGE('no 7223',*,*,#9879,.T.);
#9881=EDGE_LOOP('',(#9866,#9874,#9880));
#9882=FACE_OUTER_BOUND('',#9881,.T.);
#9883=CARTESIAN_POINT('',(0.0475143,0.00729484,0.013));
#9884=DIRECTION('',(-0.7933521444,-0.6087629875,0.0000005108));
#9885=DIRECTION('',(-0.1144620366,0.1491700476,0.9821643137));
#9886=AXIS2_PLACEMENT_3D('',#9883,#9884,#9885);
#9887=PLANE('',#9886);
#9888=ADVANCED_FACE('no 7231',(#9882),#9887,.T.);
#9889=CARTESIAN_POINT('',(0.047207,0.0854696,0.013));
#9890=VERTEX_POINT('',#9889);
#9891=CARTESIAN_POINT('',(0.047207,0.0854696,0.013));
#9892=DIRECTION('',(0.5857549843,0.8104881852,0.0));
#9893=VECTOR('',#9892,1.0);
#9894=LINE('',#9891,#9893);
#9895=EDGE_CURVE('no 17007',#9890,#7625,#9894,.T.);
#9896=ORIENTED_EDGE('no 22156',*,*,#9895,.T.);
#9897=ORIENTED_EDGE('no 22155',*,*,#8734,.F.);
#9898=CARTESIAN_POINT('',(0.0475143,0.00729484,0.013));
#9899=DIRECTION('',(-0.0039309059,0.999992274,0.0));
#9900=VECTOR('',#9899,1.0);
#9901=LINE('',#9898,#9900);
#9902=EDGE_CURVE('no 22107',#7603,#9890,#9901,.T.);
#9903=ORIENTED_EDGE('no 22154',*,*,#9902,.T.);
#9904=EDGE_LOOP('',(#9896,#9897,#9903));
#9905=FACE_OUTER_BOUND('',#9904,.T.);
#9906=CARTESIAN_POINT('',(0.047207,0.0854696,0.013));
#9907=DIRECTION('',(-0.0,0.0,1.0));
#9908=DIRECTION('',(0.0039311811,-0.9999922729,0.0));
#9909=AXIS2_PLACEMENT_3D('',#9906,#9907,#9908);
#9910=PLANE('',#9909);
#9911=ADVANCED_FACE('no 22164',(#9905),#9910,.F.);
#9912=ORIENTED_EDGE('no 10363',*,*,#8841,.F.);
#9913=CARTESIAN_POINT('',(0.0437461,0.0859253,0.0));
#9914=DIRECTION('',(0.0,0.0,1.0));
#9915=VECTOR('',#9914,1.0);
#9916=LINE('',#9913,#9915);
#9917=EDGE_CURVE('no 10325',#8830,#8761,#9916,.T.);
#9918=ORIENTED_EDGE('no 10362',*,*,#9917,.T.);
#9919=ORIENTED_EDGE('no 10361',*,*,#8773,.F.);
#9920=EDGE_LOOP('',(#9912,#9918,#9919));
#9921=FACE_OUTER_BOUND('',#9920,.T.);
#9922=CARTESIAN_POINT('',(0.0435263,0.0864559,0.0));
#9923=DIRECTION('',(0.9238780465,0.3826870199,-0.0000000139));
#9924=DIRECTION('',(0.0168897931,-0.0407750832,0.999025589));
#9925=AXIS2_PLACEMENT_3D('',#9922,#9923,#9924);
#9926=PLANE('',#9925);
#9927=ADVANCED_FACE('no 10371',(#9921),#9926,.F.);
#9928=CARTESIAN_POINT('',(0.0445115,0.00457071,0.0));
#9929=VERTEX_POINT('',#9928);
#9930=CARTESIAN_POINT('',(0.0441327,0.00500237,0.0));
#9931=DIRECTION('',(0.6595862768,-0.7516288602,0.0));
#9932=VECTOR('',#9931,1.0);
#9933=LINE('',#9930,#9932);
#9934=EDGE_CURVE('no 13677',#8784,#9929,#9933,.T.);
#9935=ORIENTED_EDGE('no 13680',*,*,#9934,.F.);
#9936=ORIENTED_EDGE('no 13679',*,*,#8796,.F.);
#9937=CARTESIAN_POINT('',(0.0406514,0.00122528,0.0));
#9938=DIRECTION('',(0.7556881139,0.6549316564,0.0));
#9939=VECTOR('',#9938,1.0);
#9940=LINE('',#9937,#9939);
#9941=EDGE_CURVE('no 13642',#4878,#9929,#9940,.T.);
#9942=ORIENTED_EDGE('no 13678',*,*,#9941,.T.);
#9943=EDGE_LOOP('',(#9935,#9936,#9942));
#9944=FACE_OUTER_BOUND('',#9943,.T.);
#9945=CARTESIAN_POINT('',(0.0445115,0.00457071,0.0));
#9946=DIRECTION('',(-0.0,0.0,-1.0));
#9947=DIRECTION('',(-0.7556888188,-0.654930843,0.0));
#9948=AXIS2_PLACEMENT_3D('',#9945,#9946,#9947);
#9949=PLANE('',#9948);
#9950=ADVANCED_FACE('no 13688',(#9944),#9949,.F.);
#9951=ORIENTED_EDGE('no 16727',*,*,#8789,.T.);
#9952=CARTESIAN_POINT('',(0.0441327,0.00500237,0.013));
#9953=VERTEX_POINT('',#9952);
#9954=CARTESIAN_POINT('',(0.0441327,0.00500237,0.0));
#9955=DIRECTION('',(0.0,0.0,1.0));
#9956=VECTOR('',#9955,1.0);
#9957=LINE('',#9954,#9956);
#9958=EDGE_CURVE('no 16695',#8784,#9953,#9957,.T.);
#9959=ORIENTED_EDGE('no 16726',*,*,#9958,.T.);
#9960=CARTESIAN_POINT('',(0.0438785,0.00551737,0.0));
#9961=DIRECTION('',(0.0195346917,-0.0395764831,0.9990255741));
#9962=VECTOR('',#9961,1.0);
#9963=LINE('',#9960,#9962);
#9964=EDGE_CURVE('no 16724',#7717,#9953,#9963,.T.);
#9965=ORIENTED_EDGE('no 16725',*,*,#9964,.F.);
#9966=EDGE_LOOP('',(#9951,#9959,#9965));
#9967=FACE_OUTER_BOUND('',#9966,.T.);
#9968=CARTESIAN_POINT('',(0.0438785,0.00551737,0.0));
#9969=DIRECTION('',(0.8967131855,0.4426120908,0.0000000144));
#9970=DIRECTION('',(0.0195346917,-0.0395764831,0.9990255741));
#9971=AXIS2_PLACEMENT_3D('',#9968,#9969,#9970);
#9972=PLANE('',#9971);
#9973=ADVANCED_FACE('no 16735',(#9967),#9972,.F.);
#9974=CARTESIAN_POINT('',(0.0437662,0.00608061,0.013));
#9975=VERTEX_POINT('',#9974);
#9976=CARTESIAN_POINT('',(0.0437662,0.00608061,0.013));
#9977=DIRECTION('',(0.195533478,-0.9806970271,0.0));
#9978=VECTOR('',#9977,1.0);
#9979=LINE('',#9976,#9978);
#9980=EDGE_CURVE('no 11312',#9975,#8808,#9979,.T.);
#9981=ORIENTED_EDGE('no 11315',*,*,#9980,.F.);
#9982=CARTESIAN_POINT('',(0.0437662,0.00608061,0.0));
#9983=DIRECTION('',(0.0,0.0,1.0));
#9984=VECTOR('',#9983,1.0);
#9985=LINE('',#9982,#9984);
#9986=EDGE_CURVE('no 11306',#6507,#9975,#9985,.T.);
#9987=ORIENTED_EDGE('no 11314',*,*,#9986,.F.);
#9988=ORIENTED_EDGE('no 11313',*,*,#8819,.T.);
#9989=EDGE_LOOP('',(#9981,#9987,#9988));
#9990=FACE_OUTER_BOUND('',#9989,.T.);
#9991=CARTESIAN_POINT('',(0.0438785,0.00551737,0.013));
#9992=DIRECTION('',(0.9807160566,0.1954380115,-0.0000000039));
#9993=DIRECTION('',(-0.0086256563,0.0432838817,-0.9990255771));
#9994=AXIS2_PLACEMENT_3D('',#9991,#9992,#9993);
#9995=PLANE('',#9994);
#9996=ADVANCED_FACE('no 11323',(#9990),#9995,.F.);
#9997=CARTESIAN_POINT('',(0.0438785,0.00551737,0.013));
#9998=DIRECTION('',(0.4426120914,-0.8967131852,0.0));
#9999=VECTOR('',#9998,1.0);
#10000=LINE('',#9997,#9999);
#10001=EDGE_CURVE('no 16747',#8808,#9953,#10000,.T.);
#10002=ORIENTED_EDGE('no 16750',*,*,#10001,.F.);
#10003=ORIENTED_EDGE('no 16749',*,*,#8813,.T.);
#10004=ORIENTED_EDGE('no 16748',*,*,#9964,.T.);
#10005=EDGE_LOOP('',(#10002,#10003,#10004));
#10006=FACE_OUTER_BOUND('',#10005,.T.);
#10007=CARTESIAN_POINT('',(0.0441327,0.00500237,0.013));
#10008=DIRECTION('',(0.8967131855,0.4426120908,0.0000000144));
#10009=DIRECTION('',(-0.0195346917,0.0395764831,-0.9990255741));
#10010=AXIS2_PLACEMENT_3D('',#10007,#10008,#10009);
#10011=PLANE('',#10010);
#10012=ADVANCED_FACE('no 16758',(#10006),#10011,.F.);
#10013=CARTESIAN_POINT('',(0.0440957,0.0854696,0.0));
#10014=VERTEX_POINT('',#10013);
#10015=CARTESIAN_POINT('',(0.0440957,0.0854696,0.0));
#10016=DIRECTION('',(-0.608760211,0.7933542749,0.0));
#10017=VECTOR('',#10016,1.0);
#10018=LINE('',#10015,#10017);
#10019=EDGE_CURVE('no 10302',#10014,#8830,#10018,.T.);
#10020=ORIENTED_EDGE('no 15114',*,*,#10019,.T.);
#10021=ORIENTED_EDGE('no 15113',*,*,#8835,.T.);
#10022=CARTESIAN_POINT('',(0.0440957,0.0854696,0.0));
#10023=DIRECTION('',(-0.0041504138,-0.999991387,0.0));
#10024=VECTOR('',#10023,1.0);
#10025=LINE('',#10022,#10024);
#10026=EDGE_CURVE('no 15111',#10014,#6507,#10025,.T.);
#10027=ORIENTED_EDGE('no 15112',*,*,#10026,.F.);
#10028=EDGE_LOOP('',(#10020,#10021,#10027));
#10029=FACE_OUTER_BOUND('',#10028,.T.);
#10030=CARTESIAN_POINT('',(0.0440957,0.0854696,0.0));
#10031=DIRECTION('',(-0.0,0.0,-1.0));
#10032=DIRECTION('',(-0.0041506216,-0.9999913861,0.0));
#10033=AXIS2_PLACEMENT_3D('',#10030,#10031,#10032);
#10034=PLANE('',#10033);
#10035=ADVANCED_FACE('no 15122',(#10029),#10034,.F.);
#10036=CARTESIAN_POINT('',(0.0467514,0.08512,0.013));
#10037=VERTEX_POINT('',#10036);
#10038=CARTESIAN_POINT('',(0.0462208,0.0849002,0.013));
#10039=DIRECTION('',(0.9238813145,0.3826791303,0.0));
#10040=VECTOR('',#10039,1.0);
#10041=LINE('',#10038,#10040);
#10042=EDGE_CURVE('no 12513',#6553,#10037,#10041,.T.);
#10043=ORIENTED_EDGE('no 22018',*,*,#10042,.T.);
#10044=CARTESIAN_POINT('',(0.0467091,0.00810009,0.013));
#10045=DIRECTION('',(0.0005492086,0.9999998492,0.0));
#10046=VECTOR('',#10045,1.0);
#10047=LINE('',#10044,#10046);
#10048=EDGE_CURVE('no 22015',#8853,#10037,#10047,.T.);
#10049=ORIENTED_EDGE('no 22017',*,*,#10048,.F.);
#10050=ORIENTED_EDGE('no 22016',*,*,#8858,.T.);
#10051=EDGE_LOOP('',(#10043,#10049,#10050));
#10052=FACE_OUTER_BOUND('',#10051,.T.);
#10053=CARTESIAN_POINT('',(0.0462208,0.0849002,0.013));
#10054=DIRECTION('',(-0.0,0.0,1.0));
#10055=DIRECTION('',(0.0063579287,-0.9999797882,0.0));
#10056=AXIS2_PLACEMENT_3D('',#10053,#10054,#10055);
#10057=PLANE('',#10056);
#10058=ADVANCED_FACE('no 22026',(#10052),#10057,.F.);
#10059=CARTESIAN_POINT('',(0.0471647,0.00775047,0.016));
#10060=DIRECTION('',(-0.1491582984,0.1144616424,-0.982166144));
#10061=VECTOR('',#10060,1.0);
#10062=LINE('',#10059,#10061);
#10063=EDGE_CURVE('no 7139',#8706,#8853,#10062,.T.);
#10064=ORIENTED_EDGE('no 7169',*,*,#10063,.F.);
#10065=CARTESIAN_POINT('',(0.0467091,0.00810009,0.016));
#10066=DIRECTION('',(0.7933316221,-0.6087897316,0.0));
#10067=VECTOR('',#10066,1.0);
#10068=LINE('',#10065,#10067);
#10069=EDGE_CURVE('no 3762',#7772,#8706,#10068,.T.);
#10070=ORIENTED_EDGE('no 7170',*,*,#10069,.F.);
#10071=ORIENTED_EDGE('no 7171',*,*,#8881,.F.);
#10072=EDGE_LOOP('',(#10064,#10070,#10071));
#10073=FACE_OUTER_BOUND('',#10072,.T.);
#10074=CARTESIAN_POINT('',(0.0467091,0.00810009,0.013));
#10075=DIRECTION('',(-0.6087636855,-0.7933516088,0.0000000594));
#10076=DIRECTION('',(0.1491689234,-0.1144619412,0.9821644955));
#10077=AXIS2_PLACEMENT_3D('',#10074,#10075,#10076);
#10078=PLANE('',#10077);
#10079=ADVANCED_FACE('no 7179',(#10073),#10078,.T.);
#10080=CARTESIAN_POINT('',(0.0458168,0.00842052,0.0));
#10081=VERTEX_POINT('',#10080);
#10082=CARTESIAN_POINT('',(0.0462208,0.0849002,0.0));
#10083=DIRECTION('',(-0.0052822803,-0.9999860487,0.0));
#10084=VECTOR('',#10083,1.0);
#10085=LINE('',#10082,#10084);
#10086=EDGE_CURVE('no 15383',#7795,#10081,#10085,.T.);
#10087=ORIENTED_EDGE('no 15386',*,*,#10086,.F.);
#10088=ORIENTED_EDGE('no 15385',*,*,#8903,.T.);
#10089=CARTESIAN_POINT('',(0.0456514,0.0848253,0.0));
#10090=DIRECTION('',(0.0021649193,-0.9999976566,0.0));
#10091=VECTOR('',#10090,1.0);
#10092=LINE('',#10089,#10091);
#10093=EDGE_CURVE('no 15354',#8892,#10081,#10092,.T.);
#10094=ORIENTED_EDGE('no 15384',*,*,#10093,.T.);
#10095=EDGE_LOOP('',(#10087,#10088,#10094));
#10096=FACE_OUTER_BOUND('',#10095,.T.);
#10097=CARTESIAN_POINT('',(0.0458168,0.00842052,0.0));
#10098=DIRECTION('',(0.0,0.0,-1.0));
#10099=DIRECTION('',(-0.0021649193,0.9999976566,0.0));
#10100=AXIS2_PLACEMENT_3D('',#10097,#10098,#10099);
#10101=PLANE('',#10100);
#10102=ADVANCED_FACE('no 15394',(#10096),#10101,.F.);
#10103=ORIENTED_EDGE('no 17466',*,*,#8897,.T.);
#10104=CARTESIAN_POINT('',(0.045082,0.0849002,0.013));
#10105=VERTEX_POINT('',#10104);
#10106=CARTESIAN_POINT('',(0.045082,0.0849002,0.013));
#10107=DIRECTION('',(0.9914590362,-0.1304184788,0.0));
#10108=VECTOR('',#10107,1.0);
#10109=LINE('',#10106,#10108);
#10110=EDGE_CURVE('no 17463',#10105,#5542,#10109,.T.);
#10111=ORIENTED_EDGE('no 17465',*,*,#10110,.F.);
#10112=CARTESIAN_POINT('',(0.045082,0.0849002,0.013));
#10113=DIRECTION('',(0.0437573216,-0.0057559245,-0.9990256083));
#10114=VECTOR('',#10113,1.0);
#10115=LINE('',#10112,#10114);
#10116=EDGE_CURVE('no 17434',#10105,#8892,#10115,.T.);
#10117=ORIENTED_EDGE('no 17464',*,*,#10116,.T.);
#10118=EDGE_LOOP('',(#10103,#10111,#10117));
#10119=FACE_OUTER_BOUND('',#10118,.T.);
#10120=CARTESIAN_POINT('',(0.0456514,0.0848253,0.0));
#10121=DIRECTION('',(0.1305339777,0.9914438364,0.0000000168));
#10122=DIRECTION('',(-0.043757581,0.0057611275,0.999025567));
#10123=AXIS2_PLACEMENT_3D('',#10120,#10121,#10122);
#10124=PLANE('',#10123);
#10125=ADVANCED_FACE('no 17474',(#10119),#10124,.F.);
#10126=CARTESIAN_POINT('',(0.0467514,0.08512,0.013));
#10127=DIRECTION('',(0.0,0.0,-1.0));
#10128=VECTOR('',#10127,1.0);
#10129=LINE('',#10126,#10128);
#10130=EDGE_CURVE('no 12519',#10037,#8916,#10129,.T.);
#10131=ORIENTED_EDGE('no 12522',*,*,#10130,.F.);
#10132=ORIENTED_EDGE('no 12521',*,*,#10042,.F.);
#10133=ORIENTED_EDGE('no 12520',*,*,#8927,.T.);
#10134=EDGE_LOOP('',(#10131,#10132,#10133));
#10135=FACE_OUTER_BOUND('',#10134,.T.);
#10136=CARTESIAN_POINT('',(0.0467514,0.08512,0.0));
#10137=DIRECTION('',(-0.3826791302,0.9238813145,-0.0000000011));
#10138=DIRECTION('',(-0.0407753829,-0.0168894929,0.9990255818));
#10139=AXIS2_PLACEMENT_3D('',#10136,#10137,#10138);
#10140=PLANE('',#10139);
#10141=ADVANCED_FACE('no 12530',(#10135),#10140,.F.);
#10142=CARTESIAN_POINT('',(0.0463899,0.00838316,0.0));
#10143=VERTEX_POINT('',#10142);
#10144=CARTESIAN_POINT('',(0.0467514,0.08512,0.0));
#10145=DIRECTION('',(-0.0047108532,-0.9999889039,0.0));
#10146=VECTOR('',#10145,1.0);
#10147=LINE('',#10144,#10146);
#10148=EDGE_CURVE('no 15435',#8916,#10143,#10147,.T.);
#10149=ORIENTED_EDGE('no 15438',*,*,#10148,.F.);
#10150=ORIENTED_EDGE('no 15437',*,*,#8921,.T.);
#10151=CARTESIAN_POINT('',(0.0462208,0.0849002,0.0));
#10152=DIRECTION('',(0.0022099599,-0.999997558,0.0));
#10153=VECTOR('',#10152,1.0);
#10154=LINE('',#10151,#10153);
#10155=EDGE_CURVE('no 15406',#7795,#10143,#10154,.T.);
#10156=ORIENTED_EDGE('no 15436',*,*,#10155,.T.);
#10157=EDGE_LOOP('',(#10149,#10150,#10156));
#10158=FACE_OUTER_BOUND('',#10157,.T.);
#10159=CARTESIAN_POINT('',(0.0463899,0.00838316,0.0));
#10160=DIRECTION('',(0.0,0.0,-1.0));
#10161=DIRECTION('',(-0.002210029,0.9999975579,0.0));
#10162=AXIS2_PLACEMENT_3D('',#10159,#10160,#10161);
#10163=PLANE('',#10162);
#10164=ADVANCED_FACE('no 15446',(#10158),#10163,.F.);
#10165=ORIENTED_EDGE('no 3769',*,*,#8944,.F.);
#10166=ORIENTED_EDGE('no 3770',*,*,#10069,.T.);
#10167=CARTESIAN_POINT('',(0.0471647,0.00775047,0.016));
#10168=DIRECTION('',(-0.0058908355,0.9999826489,0.0));
#10169=VECTOR('',#10168,1.0);
#10170=LINE('',#10167,#10169);
#10171=EDGE_CURVE('no 3768',#8706,#8939,#10170,.T.);
#10172=ORIENTED_EDGE('no 3771',*,*,#10171,.T.);
#10173=EDGE_LOOP('',(#10165,#10166,#10172));
#10174=FACE_OUTER_BOUND('',#10173,.T.);
#10175=CARTESIAN_POINT('',(0.0467091,0.0850896,0.016));
#10176=DIRECTION('',(0.0,0.0,1.0));
#10177=DIRECTION('',(0.0,-1.0,0.0));
#10178=AXIS2_PLACEMENT_3D('',#10175,#10176,#10177);
#10179=PLANE('',#10178);
#10180=ADVANCED_FACE('no 3779',(#10174),#10179,.T.);
#10181=CARTESIAN_POINT('',(0.151257,0.00573951,0.016));
#10182=VERTEX_POINT('',#10181);
#10183=CARTESIAN_POINT('',(0.151212,0.0063121,0.013));
#10184=DIRECTION('',(0.0147324299,-0.1874587125,0.9821619961));
#10185=VECTOR('',#10184,1.0);
#10186=LINE('',#10183,#10185);
#10187=EDGE_CURVE('no 9480',#6623,#10182,#10186,.T.);
#10188=ORIENTED_EDGE('no 9487',*,*,#10187,.T.);
#10189=CARTESIAN_POINT('',(0.151257,0.00573951,0.013));
#10190=DIRECTION('',(0.0,0.0,1.0));
#10191=VECTOR('',#10190,1.0);
#10192=LINE('',#10189,#10191);
#10193=EDGE_CURVE('no 9457',#8962,#10182,#10192,.T.);
#10194=ORIENTED_EDGE('no 9488',*,*,#10193,.F.);
#10195=ORIENTED_EDGE('no 9489',*,*,#8967,.T.);
#10196=EDGE_LOOP('',(#10188,#10194,#10195));
#10197=FACE_OUTER_BOUND('',#10196,.T.);
#10198=CARTESIAN_POINT('',(0.151212,0.0063121,0.013));
#10199=DIRECTION('',(0.9969923113,0.0775005244,-0.0000000012));
#10200=DIRECTION('',(0.0145720048,-0.1874590616,0.9821643228));
#10201=AXIS2_PLACEMENT_3D('',#10198,#10199,#10200);
#10202=PLANE('',#10201);
#10203=ADVANCED_FACE('no 9497',(#10197),#10202,.T.);
#10204=CARTESIAN_POINT('',(0.151326,0.00679468,0.013));
#10205=VERTEX_POINT('',#10204);
#10206=CARTESIAN_POINT('',(0.1513259567,0.0068767047,0.013));
#10207=DIRECTION('',(-0.0005274346,0.9999998609,0.0));
#10208=VECTOR('',#10207,1.0);
#10209=LINE('',#10206,#10208);
#10210=EDGE_CURVE('no 22321',#10205,#8985,#10209,.T.);
#10211=ORIENTED_EDGE('no 22324',*,*,#10210,.F.);
#10212=CARTESIAN_POINT('',(0.151212,0.0063121,0.013));
#10213=DIRECTION('',(0.2299025187,0.973213662,0.0));
#10214=VECTOR('',#10213,1.0);
#10215=LINE('',#10212,#10214);
#10216=EDGE_CURVE('no 22315',#6623,#10205,#10215,.T.);
#10217=ORIENTED_EDGE('no 22323',*,*,#10216,.F.);
#10218=ORIENTED_EDGE('no 22322',*,*,#8996,.T.);
#10219=EDGE_LOOP('',(#10211,#10217,#10218));
#10220=FACE_OUTER_BOUND('',#10219,.T.);
#10221=CARTESIAN_POINT('',(0.151284,0.0864254,0.013));
#10222=DIRECTION('',(0.0,0.0,1.0));
#10223=DIRECTION('',(-0.0008967106,-0.999999598,0.0));
#10224=AXIS2_PLACEMENT_3D('',#10221,#10222,#10223);
#10225=PLANE('',#10224);
#10226=ADVANCED_FACE('no 22332',(#10220),#10225,.F.);
#10227=CARTESIAN_POINT('',(0.151546,0.0881253,0.013));
#10228=VERTEX_POINT('',#10227);
#10229=CARTESIAN_POINT('',(0.151284,0.0875642,0.013));
#10230=DIRECTION('',(0.4230887834,0.9060882304,0.0));
#10231=VECTOR('',#10230,1.0);
#10232=LINE('',#10229,#10231);
#10233=EDGE_CURVE('no 23461',#9007,#10228,#10232,.T.);
#10234=ORIENTED_EDGE('no 23464',*,*,#10233,.F.);
#10235=ORIENTED_EDGE('no 23463',*,*,#9019,.F.);
#10236=CARTESIAN_POINT('',(0.148451,0.0919948,0.013));
#10237=DIRECTION('',(0.6246212096,-0.7809278741,0.0));
#10238=VECTOR('',#10237,1.0);
#10239=LINE('',#10236,#10238);
#10240=EDGE_CURVE('no 23426',#6625,#10228,#10239,.T.);
#10241=ORIENTED_EDGE('no 23462',*,*,#10240,.T.);
#10242=EDGE_LOOP('',(#10234,#10235,#10241));
#10243=FACE_OUTER_BOUND('',#10242,.T.);
#10244=CARTESIAN_POINT('',(0.151504,0.0880948,0.013));
#10245=DIRECTION('',(0.0,0.0,1.0));
#10246=DIRECTION('',(-0.6163418039,0.7874787494,0.0));
#10247=AXIS2_PLACEMENT_3D('',#10244,#10245,#10246);
#10248=PLANE('',#10247);
#10249=ADVANCED_FACE('no 23472',(#10243),#10248,.F.);
#10250=ORIENTED_EDGE('no 19917',*,*,#9036,.F.);
#10251=CARTESIAN_POINT('',(0.139889,0.0532128,0.013));
#10252=VERTEX_POINT('',#10251);
#10253=CARTESIAN_POINT('',(0.148451,0.0819948,0.013));
#10254=DIRECTION('',(-0.2851290395,-0.9584891397,0.0));
#10255=VECTOR('',#10254,1.0);
#10256=LINE('',#10253,#10255);
#10257=EDGE_CURVE('no 19910',#6649,#10252,#10256,.T.);
#10258=ORIENTED_EDGE('no 19918',*,*,#10257,.T.);
#10259=CARTESIAN_POINT('',(0.139889,0.0532128,0.013));
#10260=DIRECTION('',(-0.5626281327,0.8267100969,0.0));
#10261=VECTOR('',#10260,1.0);
#10262=LINE('',#10259,#10261);
#10263=EDGE_CURVE('no 19916',#10252,#9031,#10262,.T.);
#10264=ORIENTED_EDGE('no 19919',*,*,#10263,.T.);
#10265=EDGE_LOOP('',(#10250,#10258,#10264));
#10266=FACE_OUTER_BOUND('',#10265,.T.);
#10267=CARTESIAN_POINT('',(0.134012,0.0618483,0.013));
#10268=DIRECTION('',(0.0,0.0,-1.0));
#10269=DIRECTION('',(0.5825382219,0.8128033096,0.0));
#10270=AXIS2_PLACEMENT_3D('',#10267,#10268,#10269);
#10271=PLANE('',#10270);
#10272=ADVANCED_FACE('no 19927',(#10266),#10271,.T.);
#10273=CARTESIAN_POINT('',(0.134012,0.0788483,0.016));
#10274=DIRECTION('',(0.0,-0.9847835588,-0.1737853339));
#10275=VECTOR('',#10274,1.0);
#10276=LINE('',#10273,#10275);
#10277=EDGE_CURVE('no 5105',#7061,#9031,#10276,.T.);
#10278=ORIENTED_EDGE('no 5129',*,*,#10277,.F.);
#10279=ORIENTED_EDGE('no 5130',*,*,#9058,.F.);
#10280=ORIENTED_EDGE('no 5131',*,*,#9042,.T.);
#10281=EDGE_LOOP('',(#10278,#10279,#10280));
#10282=FACE_OUTER_BOUND('',#10281,.T.);
#10283=CARTESIAN_POINT('',(0.134012,0.0618483,0.013));
#10284=DIRECTION('',(-1.0,0.0,0.0));
#10285=DIRECTION('',(0.0,0.9847836293,0.1737849346));
#10286=AXIS2_PLACEMENT_3D('',#10283,#10284,#10285);
#10287=PLANE('',#10286);
#10288=ADVANCED_FACE('no 5139',(#10282),#10287,.T.);
#10289=ORIENTED_EDGE('no 20723',*,*,#9074,.F.);
#10290=ORIENTED_EDGE('no 20724',*,*,#9168,.T.);
#10291=CARTESIAN_POINT('',(0.0568718,0.0549073,0.013));
#10292=DIRECTION('',(1.0,0.0,0.0));
#10293=VECTOR('',#10292,1.0);
#10294=LINE('',#10291,#10293);
#10295=EDGE_CURVE('no 5319',#9069,#9163,#10294,.T.);
#10296=ORIENTED_EDGE('no 20725',*,*,#10295,.F.);
#10297=EDGE_LOOP('',(#10289,#10290,#10296));
#10298=FACE_OUTER_BOUND('',#10297,.T.);
#10299=CARTESIAN_POINT('',(0.0568718,0.0549073,0.013));
#10300=DIRECTION('',(0.0,0.0,-1.0));
#10301=DIRECTION('',(0.9823084618,0.187270088,0.0));
#10302=AXIS2_PLACEMENT_3D('',#10299,#10300,#10301);
#10303=PLANE('',#10302);
#10304=ADVANCED_FACE('no 20733',(#10298),#10303,.T.);
#10305=ORIENTED_EDGE('no 20890',*,*,#9190,.F.);
#10306=ORIENTED_EDGE('no 20891',*,*,#9080,.F.);
#10307=CARTESIAN_POINT('',(0.0568718,0.0389073,0.013));
#10308=DIRECTION('',(0.0,1.0,0.0));
#10309=VECTOR('',#10308,1.0);
#10310=LINE('',#10307,#10309);
#10311=EDGE_CURVE('no 5267',#8621,#9069,#10310,.T.);
#10312=ORIENTED_EDGE('no 20892',*,*,#10311,.F.);
#10313=EDGE_LOOP('',(#10305,#10306,#10312));
#10314=FACE_OUTER_BOUND('',#10313,.T.);
#10315=CARTESIAN_POINT('',(0.0568718,0.0389073,0.013));
#10316=DIRECTION('',(0.0,0.0,-1.0));
#10317=DIRECTION('',(-0.0773761975,0.9970019679,0.0));
#10318=AXIS2_PLACEMENT_3D('',#10315,#10316,#10317);
#10319=PLANE('',#10318);
#10320=ADVANCED_FACE('no 20900',(#10314),#10319,.T.);
#10321=CARTESIAN_POINT('',(0.0768718,0.0549073,0.016));
#10322=DIRECTION('',(-0.9889363529,0.0,-0.1483404529));
#10323=VECTOR('',#10322,1.0);
#10324=LINE('',#10321,#10323);
#10325=EDGE_CURVE('no 5313',#7942,#9069,#10324,.T.);
#10326=ORIENTED_EDGE('no 5337',*,*,#10325,.F.);
#10327=ORIENTED_EDGE('no 5338',*,*,#9096,.F.);
#10328=ORIENTED_EDGE('no 5339',*,*,#9818,.F.);
#10329=EDGE_LOOP('',(#10326,#10327,#10328));
#10330=FACE_OUTER_BOUND('',#10329,.T.);
#10331=CARTESIAN_POINT('',(0.0568718,0.0549073,0.013));
#10332=DIRECTION('',(0.0,-1.0,0.0));
#10333=DIRECTION('',(0.9889364115,0.0,0.1483400617));
#10334=AXIS2_PLACEMENT_3D('',#10331,#10332,#10333);
#10335=PLANE('',#10334);
#10336=ADVANCED_FACE('no 5347',(#10330),#10335,.T.);
#10337=CARTESIAN_POINT('',(0.0768718,0.0549073,0.016));
#10338=DIRECTION('',(0.0,-0.9828721869,-0.1842885351));
#10339=VECTOR('',#10338,1.0);
#10340=LINE('',#10337,#10339);
#10341=EDGE_CURVE('no 5151',#7942,#7997,#10340,.T.);
#10342=ORIENTED_EDGE('no 5158',*,*,#10341,.T.);
#10343=ORIENTED_EDGE('no 5159',*,*,#9840,.T.);
#10344=ORIENTED_EDGE('no 5160',*,*,#9113,.F.);
#10345=EDGE_LOOP('',(#10342,#10343,#10344));
#10346=FACE_OUTER_BOUND('',#10345,.T.);
#10347=CARTESIAN_POINT('',(0.0768718,0.0549073,0.016));
#10348=DIRECTION('',(-1.0,-0.0,0.0));
#10349=DIRECTION('',(0.0,-0.9828720964,-0.1842890181));
#10350=AXIS2_PLACEMENT_3D('',#10347,#10348,#10349);
#10351=PLANE('',#10350);
#10352=ADVANCED_FACE('no 5168',(#10346),#10351,.T.);
#10353=ORIENTED_EDGE('no 20476',*,*,#9129,.T.);
#10354=CARTESIAN_POINT('',(0.101964,0.0534488,0.013));
#10355=VERTEX_POINT('',#10354);
#10356=CARTESIAN_POINT('',(0.0930123,0.0618483,0.013));
#10357=DIRECTION('',(0.7292269316,-0.6842719358,0.0));
#10358=VECTOR('',#10357,1.0);
#10359=LINE('',#10356,#10358);
#10360=EDGE_CURVE('no 20475',#9124,#10355,#10359,.T.);
#10361=ORIENTED_EDGE('no 20477',*,*,#10360,.T.);
#10362=CARTESIAN_POINT('',(0.0849636,0.0534488,0.013));
#10363=DIRECTION('',(1.0,0.0,0.0));
#10364=VECTOR('',#10363,1.0);
#10365=LINE('',#10362,#10364);
#10366=EDGE_CURVE('no 5631',#7524,#10355,#10365,.T.);
#10367=ORIENTED_EDGE('no 20478',*,*,#10366,.F.);
#10368=EDGE_LOOP('',(#10353,#10361,#10367));
#10369=FACE_OUTER_BOUND('',#10368,.T.);
#10370=CARTESIAN_POINT('',(0.0849636,0.0534488,0.013));
#10371=DIRECTION('',(0.0,0.0,-1.0));
#10372=DIRECTION('',(0.6918731091,0.7220191139,0.0));
#10373=AXIS2_PLACEMENT_3D('',#10370,#10371,#10372);
#10374=PLANE('',#10373);
#10375=ADVANCED_FACE('no 20486',(#10369),#10374,.T.);
#10376=ORIENTED_EDGE('no 5008',*,*,#9377,.T.);
#10377=CARTESIAN_POINT('',(0.0930123,0.0618483,0.013));
#10378=DIRECTION('',(0.0,0.0,1.0));
#10379=VECTOR('',#10378,1.0);
#10380=LINE('',#10377,#10379);
#10381=EDGE_CURVE('no 4955',#9124,#9372,#10380,.T.);
#10382=ORIENTED_EDGE('no 5009',*,*,#10381,.F.);
#10383=ORIENTED_EDGE('no 5010',*,*,#9136,.T.);
#10384=EDGE_LOOP('',(#10376,#10382,#10383));
#10385=FACE_OUTER_BOUND('',#10384,.T.);
#10386=CARTESIAN_POINT('',(0.0930123,0.0788483,0.013));
#10387=DIRECTION('',(1.0,0.0,0.0));
#10388=DIRECTION('',(0.0,-0.9847836293,0.1737849346));
#10389=AXIS2_PLACEMENT_3D('',#10386,#10387,#10388);
#10390=PLANE('',#10389);
#10391=ADVANCED_FACE('no 5018',(#10385),#10390,.T.);
#10392=ORIENTED_EDGE('no 5222',*,*,#9833,.T.);
#10393=ORIENTED_EDGE('no 5223',*,*,#9151,.T.);
#10394=CARTESIAN_POINT('',(0.0568718,0.0389073,0.013));
#10395=DIRECTION('',(0.0,0.0,1.0));
#10396=VECTOR('',#10395,1.0);
#10397=LINE('',#10394,#10396);
#10398=EDGE_CURVE('no 5221',#8621,#7547,#10397,.T.);
#10399=ORIENTED_EDGE('no 5224',*,*,#10398,.T.);
#10400=EDGE_LOOP('',(#10392,#10393,#10399));
#10401=FACE_OUTER_BOUND('',#10400,.T.);
#10402=CARTESIAN_POINT('',(0.0568718,0.0389073,0.016));
#10403=DIRECTION('',(0.0,1.0,0.0));
#10404=DIRECTION('',(0.9889364115,0.0,-0.1483400617));
#10405=AXIS2_PLACEMENT_3D('',#10402,#10403,#10404);
#10406=PLANE('',#10405);
#10407=ADVANCED_FACE('no 5232',(#10401),#10406,.T.);
#10408=ORIENTED_EDGE('no 5187',*,*,#10341,.F.);
#10409=CARTESIAN_POINT('',(0.0768718,0.0549073,0.016));
#10410=DIRECTION('',(0.0,0.0,-1.0));
#10411=VECTOR('',#10410,1.0);
#10412=LINE('',#10409,#10411);
#10413=EDGE_CURVE('no 5180',#7942,#9163,#10412,.T.);
#10414=ORIENTED_EDGE('no 5188',*,*,#10413,.T.);
#10415=ORIENTED_EDGE('no 5189',*,*,#9175,.T.);
#10416=EDGE_LOOP('',(#10408,#10414,#10415));
#10417=FACE_OUTER_BOUND('',#10416,.T.);
#10418=CARTESIAN_POINT('',(0.0768718,0.0389073,0.013));
#10419=DIRECTION('',(-1.0,0.0,0.0));
#10420=DIRECTION('',(0.0,0.9828720964,0.1842890181));
#10421=AXIS2_PLACEMENT_3D('',#10418,#10419,#10420);
#10422=PLANE('',#10421);
#10423=ADVANCED_FACE('no 5197',(#10417),#10422,.T.);
#10424=ORIENTED_EDGE('no 13591',*,*,#9207,.F.);
#10425=CARTESIAN_POINT('',(0.045533,0.0040674,0.0));
#10426=VERTEX_POINT('',#10425);
#10427=CARTESIAN_POINT('',(0.0406514,0.00122528,0.0));
#10428=DIRECTION('',(0.8642008334,0.5031470159,0.0));
#10429=VECTOR('',#10428,1.0);
#10430=LINE('',#10427,#10429);
#10431=EDGE_CURVE('no 13584',#4878,#10426,#10430,.T.);
#10432=ORIENTED_EDGE('no 13592',*,*,#10431,.T.);
#10433=CARTESIAN_POINT('',(0.045533,0.0040674,0.0));
#10434=DIRECTION('',(0.9978819246,-0.0650512453,0.0));
#10435=VECTOR('',#10434,1.0);
#10436=LINE('',#10433,#10435);
#10437=EDGE_CURVE('no 13590',#10426,#9202,#10436,.T.);
#10438=ORIENTED_EDGE('no 13593',*,*,#10437,.T.);
#10439=EDGE_LOOP('',(#10424,#10432,#10438));
#10440=FACE_OUTER_BOUND('',#10439,.T.);
#10441=CARTESIAN_POINT('',(0.0461061,0.00403004,0.0));
#10442=DIRECTION('',(-0.0,0.0,-1.0));
#10443=DIRECTION('',(-0.889323846,-0.4572779208,0.0));
#10444=AXIS2_PLACEMENT_3D('',#10441,#10442,#10443);
#10445=PLANE('',#10444);
#10446=ADVANCED_FACE('no 13601',(#10440),#10445,.T.);
#10447=ORIENTED_EDGE('no 13828',*,*,#9213,.F.);
#10448=CARTESIAN_POINT('',(0.0466694,0.00414229,0.0));
#10449=VERTEX_POINT('',#10448);
#10450=CARTESIAN_POINT('',(0.0461061,0.00403004,0.0));
#10451=DIRECTION('',(0.9807154816,0.1954408967,0.0));
#10452=VECTOR('',#10451,1.0);
#10453=LINE('',#10450,#10452);
#10454=EDGE_CURVE('no 13821',#9202,#10449,#10453,.T.);
#10455=ORIENTED_EDGE('no 13829',*,*,#10454,.T.);
#10456=CARTESIAN_POINT('',(0.0466694,0.00414229,0.0));
#10457=DIRECTION('',(0.9996596831,-0.0260867378,0.0));
#10458=VECTOR('',#10457,1.0);
#10459=LINE('',#10456,#10458);
#10460=EDGE_CURVE('no 13827',#10449,#6860,#10459,.T.);
#10461=ORIENTED_EDGE('no 13830',*,*,#10460,.T.);
#10462=EDGE_LOOP('',(#10447,#10455,#10461));
#10463=FACE_OUTER_BOUND('',#10462,.T.);
#10464=CARTESIAN_POINT('',(0.158451,0.00122528,0.0));
#10465=DIRECTION('',(0.0,0.0,-1.0));
#10466=DIRECTION('',(-0.9996885059,0.0249577877,0.0));
#10467=AXIS2_PLACEMENT_3D('',#10464,#10465,#10466);
#10468=PLANE('',#10467);
#10469=ADVANCED_FACE('no 13838',(#10463),#10468,.T.);
#10470=CARTESIAN_POINT('',(0.155357,0.00512528,0.0));
#10471=VERTEX_POINT('',#10470);
#10472=CARTESIAN_POINT('',(0.155357,0.00512528,0.0));
#10473=DIRECTION('',(0.621505259,-0.7834099904,0.0));
#10474=VECTOR('',#10473,1.0);
#10475=LINE('',#10472,#10474);
#10476=EDGE_CURVE('no 14371',#10471,#6860,#10475,.T.);
#10477=ORIENTED_EDGE('no 14395',*,*,#10476,.F.);
#10478=CARTESIAN_POINT('',(0.155576,0.00565588,0.0));
#10479=DIRECTION('',(-0.3815207342,-0.9243602812,0.0));
#10480=VECTOR('',#10479,1.0);
#10481=LINE('',#10478,#10480);
#10482=EDGE_CURVE('no 10784',#9225,#10471,#10481,.T.);
#10483=ORIENTED_EDGE('no 14396',*,*,#10482,.F.);
#10484=ORIENTED_EDGE('no 14397',*,*,#9230,.T.);
#10485=EDGE_LOOP('',(#10477,#10483,#10484));
#10486=FACE_OUTER_BOUND('',#10485,.T.);
#10487=CARTESIAN_POINT('',(0.158451,0.00122528,0.0));
#10488=DIRECTION('',(0.0,0.0,-1.0));
#10489=DIRECTION('',(-0.6215970976,0.783337123,0.0));
#10490=AXIS2_PLACEMENT_3D('',#10487,#10488,#10489);
#10491=PLANE('',#10490);
#10492=ADVANCED_FACE('no 14405',(#10486),#10491,.T.);
#10493=CARTESIAN_POINT('',(0.155651,0.00622528,0.013));
#10494=VERTEX_POINT('',#10493);
#10495=CARTESIAN_POINT('',(0.155651,0.00622528,0.013));
#10496=DIRECTION('',(-0.0057611275,-0.0437574812,-0.9990255714));
#10497=VECTOR('',#10496,1.0);
#10498=LINE('',#10495,#10497);
#10499=EDGE_CURVE('no 10679',#10494,#9225,#10498,.T.);
#10500=ORIENTED_EDGE('no 10721',*,*,#10499,.F.);
#10501=CARTESIAN_POINT('',(0.155651,0.00622528,0.013));
#10502=DIRECTION('',(0.0,0.0,-1.0));
#10503=VECTOR('',#10502,1.0);
#10504=LINE('',#10501,#10503);
#10505=EDGE_CURVE('no 10714',#10494,#8068,#10504,.T.);
#10506=ORIENTED_EDGE('no 10722',*,*,#10505,.T.);
#10507=ORIENTED_EDGE('no 10723',*,*,#9236,.T.);
#10508=EDGE_LOOP('',(#10500,#10506,#10507));
#10509=FACE_OUTER_BOUND('',#10508,.T.);
#10510=CARTESIAN_POINT('',(0.155576,0.00565588,0.0));
#10511=DIRECTION('',(-0.9914438363,0.1305339783,-0.0000000037));
#10512=DIRECTION('',(0.0057611275,0.0437574812,0.9990255714));
#10513=AXIS2_PLACEMENT_3D('',#10510,#10511,#10512);
#10514=PLANE('',#10513);
#10515=ADVANCED_FACE('no 10731',(#10509),#10514,.T.);
#10516=CARTESIAN_POINT('',(0.155576,0.0875947,0.0));
#10517=VERTEX_POINT('',#10516);
#10518=CARTESIAN_POINT('',(0.158451,0.0920253,0.0));
#10519=DIRECTION('',(-0.5443373275,-0.838866422,0.0));
#10520=VECTOR('',#10519,1.0);
#10521=LINE('',#10518,#10520);
#10522=EDGE_CURVE('no 13474',#4027,#10517,#10521,.T.);
#10523=ORIENTED_EDGE('no 13504',*,*,#10522,.F.);
#10524=ORIENTED_EDGE('no 13505',*,*,#9253,.T.);
#10525=CARTESIAN_POINT('',(0.155651,0.0870253,0.0));
#10526=DIRECTION('',(-0.1305896347,0.9914365069,0.0));
#10527=VECTOR('',#10526,1.0);
#10528=LINE('',#10525,#10527);
#10529=EDGE_CURVE('no 13503',#9248,#10517,#10528,.T.);
#10530=ORIENTED_EDGE('no 13506',*,*,#10529,.T.);
#10531=EDGE_LOOP('',(#10523,#10524,#10530));
#10532=FACE_OUTER_BOUND('',#10531,.T.);
#10533=CARTESIAN_POINT('',(0.155576,0.0875947,0.0));
#10534=DIRECTION('',(0.0,0.0,-1.0));
#10535=DIRECTION('',(0.544333105,0.8388691619,0.0));
#10536=AXIS2_PLACEMENT_3D('',#10533,#10534,#10535);
#10537=PLANE('',#10536);
#10538=ADVANCED_FACE('no 13514',(#10532),#10537,.T.);
#10539=CARTESIAN_POINT('',(0.155576,0.00679468,0.0));
#10540=VERTEX_POINT('',#10539);
#10541=CARTESIAN_POINT('',(0.155651,0.0870253,0.0));
#10542=DIRECTION('',(-0.0009348048,-0.9999995631,0.0));
#10543=VECTOR('',#10542,1.0);
#10544=LINE('',#10541,#10543);
#10545=EDGE_CURVE('no 15071',#9248,#10540,#10544,.T.);
#10546=ORIENTED_EDGE('no 15089',*,*,#10545,.F.);
#10547=ORIENTED_EDGE('no 15090',*,*,#9260,.F.);
#10548=CARTESIAN_POINT('',(0.155576,0.00679468,0.0));
#10549=DIRECTION('',(0.1305896347,-0.9914365069,0.0));
#10550=VECTOR('',#10549,1.0);
#10551=LINE('',#10548,#10550);
#10552=EDGE_CURVE('no 12078',#10540,#8068,#10551,.T.);
#10553=ORIENTED_EDGE('no 15091',*,*,#10552,.F.);
#10554=EDGE_LOOP('',(#10546,#10547,#10553));
#10555=FACE_OUTER_BOUND('',#10554,.T.);
#10556=CARTESIAN_POINT('',(0.155576,0.00679468,0.0));
#10557=DIRECTION('',(0.0,0.0,-1.0));
#10558=DIRECTION('',(0.0009344026,0.9999995634,0.0));
#10559=AXIS2_PLACEMENT_3D('',#10556,#10557,#10558);
#10560=PLANE('',#10559);
#10561=ADVANCED_FACE('no 15099',(#10555),#10560,.T.);
#10562=ORIENTED_EDGE('no 12954',*,*,#9277,.F.);
#10563=CARTESIAN_POINT('',(0.0475566,0.0881253,0.0));
#10564=VERTEX_POINT('',#10563);
#10565=CARTESIAN_POINT('',(0.158451,0.0920253,0.0));
#10566=DIRECTION('',(-0.9993821581,-0.0351468642,0.0));
#10567=VECTOR('',#10566,1.0);
#10568=LINE('',#10565,#10567);
#10569=EDGE_CURVE('no 12947',#4027,#10564,#10568,.T.);
#10570=ORIENTED_EDGE('no 12955',*,*,#10569,.T.);
#10571=CARTESIAN_POINT('',(0.0475566,0.0881253,0.0));
#10572=DIRECTION('',(-0.6087678124,0.7933484421,0.0));
#10573=VECTOR('',#10572,1.0);
#10574=LINE('',#10571,#10573);
#10575=EDGE_CURVE('no 12953',#10564,#9272,#10574,.T.);
#10576=ORIENTED_EDGE('no 12956',*,*,#10575,.T.);
#10577=EDGE_LOOP('',(#10562,#10570,#10576));
#10578=FACE_OUTER_BOUND('',#10577,.T.);
#10579=CARTESIAN_POINT('',(0.047207,0.0885809,0.0));
#10580=DIRECTION('',(0.0,0.0,-1.0));
#10581=DIRECTION('',(0.9995210176,0.0309473005,0.0));
#10582=AXIS2_PLACEMENT_3D('',#10579,#10580,#10581);
#10583=PLANE('',#10582);
#10584=ADVANCED_FACE('no 12964',(#10578),#10583,.T.);
#10585=CARTESIAN_POINT('',(0.047207,0.0885809,0.013));
#10586=VERTEX_POINT('',#10585);
#10587=CARTESIAN_POINT('',(0.047207,0.0885809,0.013));
#10588=DIRECTION('',(-0.0350120088,0.0268661068,-0.9990257112));
#10589=VECTOR('',#10588,1.0);
#10590=LINE('',#10587,#10589);
#10591=EDGE_CURVE('no 16458',#10586,#8092,#10590,.T.);
#10592=ORIENTED_EDGE('no 16465',*,*,#10591,.T.);
#10593=ORIENTED_EDGE('no 16466',*,*,#9283,.F.);
#10594=CARTESIAN_POINT('',(0.047207,0.0885809,0.0));
#10595=DIRECTION('',(0.0,0.0,1.0));
#10596=VECTOR('',#10595,1.0);
#10597=LINE('',#10594,#10596);
#10598=EDGE_CURVE('no 16464',#9272,#10586,#10597,.T.);
#10599=ORIENTED_EDGE('no 16467',*,*,#10598,.T.);
#10600=EDGE_LOOP('',(#10592,#10593,#10599));
#10601=FACE_OUTER_BOUND('',#10600,.T.);
#10602=CARTESIAN_POINT('',(0.047207,0.0885809,0.013));
#10603=DIRECTION('',(-0.6087573564,-0.7933564653,0.0000000123));
#10604=DIRECTION('',(-0.0350147852,0.0268674886,-0.9990255767));
#10605=AXIS2_PLACEMENT_3D('',#10602,#10603,#10604);
#10606=PLANE('',#10605);
#10607=ADVANCED_FACE('no 16475',(#10601),#10606,.T.);
#10608=ORIENTED_EDGE('no 16488',*,*,#10591,.F.);
#10609=CARTESIAN_POINT('',(0.047207,0.0885809,0.013));
#10610=DIRECTION('',(-0.7933484421,0.6087678124,0.0));
#10611=VECTOR('',#10610,1.0);
#10612=LINE('',#10609,#10611);
#10613=EDGE_CURVE('no 16487',#10586,#9294,#10612,.T.);
#10614=ORIENTED_EDGE('no 16489',*,*,#10613,.T.);
#10615=ORIENTED_EDGE('no 16490',*,*,#9306,.F.);
#10616=EDGE_LOOP('',(#10608,#10614,#10615));
#10617=FACE_OUTER_BOUND('',#10616,.T.);
#10618=CARTESIAN_POINT('',(0.0467514,0.0889305,0.0));
#10619=DIRECTION('',(-0.6087573564,-0.7933564653,0.0000000123));
#10620=DIRECTION('',(0.0350147852,-0.0268674886,0.9990255767));
#10621=AXIS2_PLACEMENT_3D('',#10618,#10619,#10620);
#10622=PLANE('',#10621);
#10623=ADVANCED_FACE('no 16498',(#10617),#10622,.T.);
#10624=CARTESIAN_POINT('',(0.151257,0.00573951,0.013));
#10625=DIRECTION('',(0.0625314057,-0.1772978155,0.9821686759));
#10626=VECTOR('',#10625,1.0);
#10627=LINE('',#10624,#10626);
#10628=EDGE_CURVE('no 9428',#8962,#9334,#10627,.T.);
#10629=ORIENTED_EDGE('no 9435',*,*,#10628,.T.);
#10630=ORIENTED_EDGE('no 9436',*,*,#9339,.F.);
#10631=ORIENTED_EDGE('no 9437',*,*,#9360,.T.);
#10632=EDGE_LOOP('',(#10629,#10630,#10631));
#10633=FACE_OUTER_BOUND('',#10632,.T.);
#10634=CARTESIAN_POINT('',(0.151257,0.00573951,0.013));
#10635=DIRECTION('',(0.9429667496,0.3328869314,-0.0000000977));
#10636=DIRECTION('',(0.0625906696,-0.1772999137,0.9821645222));
#10637=AXIS2_PLACEMENT_3D('',#10634,#10635,#10636);
#10638=PLANE('',#10637);
#10639=ADVANCED_FACE('no 9445',(#10633),#10638,.T.);
#10640=ORIENTED_EDGE('no 986',*,*,#9447,.F.);
#10641=ORIENTED_EDGE('no 987',*,*,#9345,.T.);
#10642=CARTESIAN_POINT('',(0.151448,0.00519796,0.016));
#10643=DIRECTION('',(-0.6994941146,0.7146383587,0.0));
#10644=VECTOR('',#10643,1.0);
#10645=LINE('',#10642,#10644);
#10646=EDGE_CURVE('no 985',#9334,#9442,#10645,.T.);
#10647=ORIENTED_EDGE('no 988',*,*,#10646,.T.);
#10648=EDGE_LOOP('',(#10640,#10641,#10647));
#10649=FACE_OUTER_BOUND('',#10648,.T.);
#10650=CARTESIAN_POINT('',(0.140056,0.0168366,0.016));
#10651=DIRECTION('',(0.0,0.0,1.0));
#10652=DIRECTION('',(0.6952769411,-0.7187419392,0.0));
#10653=AXIS2_PLACEMENT_3D('',#10650,#10651,#10652);
#10654=PLANE('',#10653);
#10655=ADVANCED_FACE('no 996',(#10649),#10654,.T.);
#10656=ORIENTED_EDGE('no 2250',*,*,#9401,.F.);
#10657=CARTESIAN_POINT('',(0.151284,0.0875642,0.016));
#10658=VERTEX_POINT('',#10657);
#10659=CARTESIAN_POINT('',(0.134012,0.0788483,0.016));
#10660=DIRECTION('',(0.8927691144,0.450514493,0.0));
#10661=VECTOR('',#10660,1.0);
#10662=LINE('',#10659,#10661);
#10663=EDGE_CURVE('no 2243',#7061,#10658,#10662,.T.);
#10664=ORIENTED_EDGE('no 2251',*,*,#10663,.T.);
#10665=CARTESIAN_POINT('',(0.151284,0.0875642,0.016));
#10666=DIRECTION('',(0.382676216,0.9238825216,0.0));
#10667=VECTOR('',#10666,1.0);
#10668=LINE('',#10665,#10667);
#10669=EDGE_CURVE('no 2249',#10658,#9396,#10668,.T.);
#10670=ORIENTED_EDGE('no 2252',*,*,#10669,.T.);
#10671=EDGE_LOOP('',(#10656,#10664,#10670));
#10672=FACE_OUTER_BOUND('',#10671,.T.);
#10673=CARTESIAN_POINT('',(0.151504,0.0880948,0.016));
#10674=DIRECTION('',(0.0,0.0,1.0));
#10675=DIRECTION('',(-0.8840733437,-0.4673481817,0.0));
#10676=AXIS2_PLACEMENT_3D('',#10673,#10674,#10675);
#10677=PLANE('',#10676);
#10678=ADVANCED_FACE('no 2260',(#10672),#10677,.T.);
#10679=ORIENTED_EDGE('no 812',*,*,#9424,.F.);
#10680=CARTESIAN_POINT('',(0.120755,0.0363706,0.016));
#10681=VERTEX_POINT('',#10680);
#10682=CARTESIAN_POINT('',(0.123056,0.0168366,0.016));
#10683=DIRECTION('',(-0.1169880381,0.9931333238,0.0));
#10684=VECTOR('',#10683,1.0);
#10685=LINE('',#10682,#10684);
#10686=EDGE_CURVE('no 805',#7083,#10681,#10685,.T.);
#10687=ORIENTED_EDGE('no 813',*,*,#10686,.T.);
#10688=CARTESIAN_POINT('',(0.120755,0.0363706,0.016));
#10689=DIRECTION('',(-0.0066949709,-0.9999775884,0.0));
#10690=VECTOR('',#10689,1.0);
#10691=LINE('',#10688,#10690);
#10692=EDGE_CURVE('no 811',#10681,#9419,#10691,.T.);
#10693=ORIENTED_EDGE('no 814',*,*,#10692,.T.);
#10694=EDGE_LOOP('',(#10679,#10687,#10693));
#10695=FACE_OUTER_BOUND('',#10694,.T.);
#10696=CARTESIAN_POINT('',(0.120739,0.0339808,0.016));
#10697=DIRECTION('',(-0.0,0.0,1.0));
#10698=DIRECTION('',(0.1339469332,-0.990988506,0.0));
#10699=AXIS2_PLACEMENT_3D('',#10696,#10697,#10698);
#10700=PLANE('',#10699);
#10701=ADVANCED_FACE('no 822',(#10695),#10700,.T.);
#10702=CARTESIAN_POINT('',(0.140056,0.0168366,0.013));
#10703=VERTEX_POINT('',#10702);
#10704=CARTESIAN_POINT('',(0.123056,0.0168366,0.016));
#10705=DIRECTION('',(0.9847835588,0.0,-0.1737853339));
#10706=VECTOR('',#10705,1.0);
#10707=LINE('',#10704,#10706);
#10708=EDGE_CURVE('no 6665',#7083,#10703,#10707,.T.);
#10709=ORIENTED_EDGE('no 6695',*,*,#10708,.F.);
#10710=ORIENTED_EDGE('no 6696',*,*,#9453,.F.);
#10711=CARTESIAN_POINT('',(0.140056,0.0168366,0.013));
#10712=DIRECTION('',(0.0,0.0,1.0));
#10713=VECTOR('',#10712,1.0);
#10714=LINE('',#10711,#10713);
#10715=EDGE_CURVE('no 6613',#10703,#9442,#10714,.T.);
#10716=ORIENTED_EDGE('no 6697',*,*,#10715,.F.);
#10717=EDGE_LOOP('',(#10709,#10710,#10716));
#10718=FACE_OUTER_BOUND('',#10717,.T.);
#10719=CARTESIAN_POINT('',(0.140056,0.0168366,0.013));
#10720=DIRECTION('',(0.0,1.0,-0.0));
#10721=DIRECTION('',(-0.9847836293,0.0,0.1737849346));
#10722=AXIS2_PLACEMENT_3D('',#10719,#10720,#10721);
#10723=PLANE('',#10722);
#10724=ADVANCED_FACE('no 6705',(#10718),#10723,.T.);
#10725=ORIENTED_EDGE('no 23602',*,*,#9476,.F.);
#10726=CARTESIAN_POINT('',(0.153451,0.0892253,0.013));
#10727=VERTEX_POINT('',#10726);
#10728=CARTESIAN_POINT('',(0.1534164808,0.0892322038,0.013));
#10729=DIRECTION('',(0.9805806757,-0.1961161351,0.0));
#10730=VECTOR('',#10729,1.0);
#10731=LINE('',#10728,#10730);
#10732=EDGE_CURVE('no 23593',#10727,#9465,#10731,.T.);
#10733=ORIENTED_EDGE('no 23601',*,*,#10732,.F.);
#10734=CARTESIAN_POINT('',(0.1534060031,0.0892001651,0.013));
#10735=DIRECTION('',(0.8730294798,0.4876674353,0.0));
#10736=VECTOR('',#10735,1.0);
#10737=LINE('',#10734,#10736);
#10738=EDGE_CURVE('no 23570',#10727,#5149,#10737,.T.);
#10739=ORIENTED_EDGE('no 23600',*,*,#10738,.T.);
#10740=EDGE_LOOP('',(#10725,#10733,#10739));
#10741=FACE_OUTER_BOUND('',#10740,.T.);
#10742=CARTESIAN_POINT('',(0.158409,0.0919948,0.013));
#10743=DIRECTION('',(0.0,0.0,1.0));
#10744=DIRECTION('',(-0.8725057431,-0.4886038561,0.0));
#10745=AXIS2_PLACEMENT_3D('',#10742,#10743,#10744);
#10746=PLANE('',#10745);
#10747=ADVANCED_FACE('no 23610',(#10741),#10746,.F.);
#10748=CARTESIAN_POINT('',(0.153409,0.0847948,0.016));
#10749=VERTEX_POINT('',#10748);
#10750=CARTESIAN_POINT('',(0.153526,0.00839171,0.016));
#10751=DIRECTION('',(-0.0015313499,0.9999988275,0.0));
#10752=VECTOR('',#10751,1.0);
#10753=LINE('',#10750,#10752);
#10754=EDGE_CURVE('no 2933',#9487,#10749,#10753,.T.);
#10755=ORIENTED_EDGE('no 2963',*,*,#10754,.F.);
#10756=ORIENTED_EDGE('no 2964',*,*,#9492,.T.);
#10757=CARTESIAN_POINT('',(0.153978,0.0848698,0.016));
#10758=DIRECTION('',(-0.9914438363,-0.1305339784,0.0));
#10759=VECTOR('',#10758,1.0);
#10760=LINE('',#10757,#10759);
#10761=EDGE_CURVE('no 2962',#8332,#10749,#10760,.T.);
#10762=ORIENTED_EDGE('no 2965',*,*,#10761,.T.);
#10763=EDGE_LOOP('',(#10755,#10756,#10762));
#10764=FACE_OUTER_BOUND('',#10763,.T.);
#10765=CARTESIAN_POINT('',(0.153409,0.0847948,0.016));
#10766=DIRECTION('',(-0.0,0.0,1.0));
#10767=DIRECTION('',(0.0015349097,-0.999998822,0.0));
#10768=AXIS2_PLACEMENT_3D('',#10765,#10766,#10767);
#10769=PLANE('',#10768);
#10770=ADVANCED_FACE('no 2973',(#10764),#10769,.T.);
#10771=ORIENTED_EDGE('no 8423',*,*,#9515,.F.);
#10772=ORIENTED_EDGE('no 8424',*,*,#9498,.F.);
#10773=CARTESIAN_POINT('',(0.153526,0.00839171,0.016));
#10774=DIRECTION('',(0.0,0.0,-1.0));
#10775=VECTOR('',#10774,1.0);
#10776=LINE('',#10773,#10775);
#10777=EDGE_CURVE('no 8422',#9487,#9510,#10776,.T.);
#10778=ORIENTED_EDGE('no 8425',*,*,#10777,.T.);
#10779=EDGE_LOOP('',(#10771,#10772,#10778));
#10780=FACE_OUTER_BOUND('',#10779,.T.);
#10781=CARTESIAN_POINT('',(0.153526,0.00839171,0.013));
#10782=DIRECTION('',(-0.1831901075,-0.9830775069,-0.0000000668));
#10783=DIRECTION('',(0.1848399734,-0.034443795,0.9821648585));
#10784=AXIS2_PLACEMENT_3D('',#10781,#10782,#10783);
#10785=PLANE('',#10784);
#10786=ADVANCED_FACE('no 8433',(#10780),#10785,.T.);
#10787=ORIENTED_EDGE('no 24191',*,*,#9545,.F.);
#10788=ORIENTED_EDGE('no 24190',*,*,#9521,.F.);
#10789=CARTESIAN_POINT('',(0.153526,0.00839171,0.013));
#10790=DIRECTION('',(0.0064697348,0.999979071,0.0));
#10791=VECTOR('',#10790,1.0);
#10792=LINE('',#10789,#10791);
#10793=EDGE_CURVE('no 24165',#9510,#9533,#10792,.T.);
#10794=ORIENTED_EDGE('no 24189',*,*,#10793,.T.);
#10795=EDGE_LOOP('',(#10787,#10788,#10794));
#10796=FACE_OUTER_BOUND('',#10795,.T.);
#10797=CARTESIAN_POINT('',(0.153978,0.0848698,0.013));
#10798=DIRECTION('',(0.0,0.0,1.0));
#10799=DIRECTION('',(-0.0059117972,-0.9999825252,0.0));
#10800=AXIS2_PLACEMENT_3D('',#10797,#10798,#10799);
#10801=PLANE('',#10800);
#10802=ADVANCED_FACE('no 24199',(#10796),#10801,.F.);
#10803=CARTESIAN_POINT('',(0.154551,0.08512,0.0));
#10804=VERTEX_POINT('',#10803);
#10805=CARTESIAN_POINT('',(0.154551,0.08512,0.0));
#10806=DIRECTION('',(0.0,0.0,1.0));
#10807=VECTOR('',#10806,1.0);
#10808=LINE('',#10805,#10807);
#10809=EDGE_CURVE('no 15753',#10804,#8371,#10808,.T.);
#10810=ORIENTED_EDGE('no 15854',*,*,#10809,.T.);
#10811=ORIENTED_EDGE('no 15853',*,*,#9538,.F.);
#10812=CARTESIAN_POINT('',(0.154021,0.0849002,0.013));
#10813=DIRECTION('',(0.0407295795,0.0168912482,-0.9990274206));
#10814=VECTOR('',#10813,1.0);
#10815=LINE('',#10812,#10814);
#10816=EDGE_CURVE('no 15828',#9533,#10804,#10815,.T.);
#10817=ORIENTED_EDGE('no 15852',*,*,#10816,.T.);
#10818=EDGE_LOOP('',(#10810,#10811,#10817));
#10819=FACE_OUTER_BOUND('',#10818,.T.);
#10820=CARTESIAN_POINT('',(0.154551,0.08512,0.0));
#10821=DIRECTION('',(-0.382676217,0.9238825212,0.0000000232));
#10822=DIRECTION('',(-0.0407756824,-0.0168894927,0.9990255696));
#10823=AXIS2_PLACEMENT_3D('',#10820,#10821,#10822);
#10824=PLANE('',#10823);
#10825=ADVANCED_FACE('no 15862',(#10819),#10824,.F.);
#10826=ORIENTED_EDGE('no 15756',*,*,#10809,.F.);
#10827=CARTESIAN_POINT('',(0.154551,0.08512,0.0));
#10828=DIRECTION('',(0.7936063613,0.6084315437,0.0));
#10829=VECTOR('',#10828,1.0);
#10830=LINE('',#10827,#10829);
#10831=EDGE_CURVE('no 14897',#10804,#8411,#10830,.T.);
#10832=ORIENTED_EDGE('no 15755',*,*,#10831,.T.);
#10833=ORIENTED_EDGE('no 15754',*,*,#9561,.F.);
#10834=EDGE_LOOP('',(#10826,#10832,#10833));
#10835=FACE_OUTER_BOUND('',#10834,.T.);
#10836=CARTESIAN_POINT('',(0.154551,0.08512,0.013));
#10837=DIRECTION('',(-0.6087687738,0.7933477044,0.0000000112));
#10838=DIRECTION('',(0.035014485,0.0268680885,-0.9990255711));
#10839=AXIS2_PLACEMENT_3D('',#10836,#10837,#10838);
#10840=PLANE('',#10839);
#10841=ADVANCED_FACE('no 15764',(#10835),#10840,.F.);
#10842=CARTESIAN_POINT('',(0.155576,0.0864559,0.013));
#10843=VERTEX_POINT('',#10842);
#10844=CARTESIAN_POINT('',(0.1553333895,0.0859363247,0.013));
#10845=DIRECTION('',(0.4230887834,0.9060882304,0.0));
#10846=VECTOR('',#10845,1.0);
#10847=LINE('',#10844,#10846);
#10848=EDGE_CURVE('no 16366',#5234,#10843,#10847,.T.);
#10849=ORIENTED_EDGE('no 16369',*,*,#10848,.F.);
#10850=ORIENTED_EDGE('no 16368',*,*,#9583,.T.);
#10851=CARTESIAN_POINT('',(0.155576,0.0864559,0.013));
#10852=DIRECTION('',(-0.0168297554,-0.0407756541,-0.9990265789));
#10853=VECTOR('',#10852,1.0);
#10854=LINE('',#10851,#10853);
#10855=EDGE_CURVE('no 16360',#10843,#9572,#10854,.T.);
#10856=ORIENTED_EDGE('no 16367',*,*,#10855,.F.);
#10857=EDGE_LOOP('',(#10849,#10850,#10856));
#10858=FACE_OUTER_BOUND('',#10857,.T.);
#10859=CARTESIAN_POINT('',(0.155576,0.0864559,0.013));
#10860=DIRECTION('',(-0.9238806068,0.3826808387,0.0000000321));
#10861=DIRECTION('',(-0.0168894931,-0.0407750834,-0.9990255941));
#10862=AXIS2_PLACEMENT_3D('',#10859,#10860,#10861);
#10863=PLANE('',#10862);
#10864=ADVANCED_FACE('no 16377',(#10858),#10863,.F.);
#10865=CARTESIAN_POINT('',(0.155357,0.00732528,0.0));
#10866=VERTEX_POINT('',#10865);
#10867=CARTESIAN_POINT('',(0.155357,0.0859253,0.0));
#10868=DIRECTION('',(0.0,-1.0,0.0));
#10869=VECTOR('',#10868,1.0);
#10870=LINE('',#10867,#10869);
#10871=EDGE_CURVE('no 14990',#9572,#10866,#10870,.T.);
#10872=ORIENTED_EDGE('no 14993',*,*,#10871,.F.);
#10873=ORIENTED_EDGE('no 14992',*,*,#9577,.F.);
#10874=CARTESIAN_POINT('',(0.155007,0.0854696,0.0));
#10875=DIRECTION('',(0.0044788475,-0.9999899699,0.0));
#10876=VECTOR('',#10875,1.0);
#10877=LINE('',#10874,#10876);
#10878=EDGE_CURVE('no 14955',#8411,#10866,#10877,.T.);
#10879=ORIENTED_EDGE('no 14991',*,*,#10878,.T.);
#10880=EDGE_LOOP('',(#10872,#10873,#10879));
#10881=FACE_OUTER_BOUND('',#10880,.T.);
#10882=CARTESIAN_POINT('',(0.155357,0.00732528,0.0));
#10883=DIRECTION('',(0.0,0.0,-1.0));
#10884=DIRECTION('',(-0.00447406,0.9999899913,0.0));
#10885=AXIS2_PLACEMENT_3D('',#10882,#10883,#10884);
#10886=PLANE('',#10885);
#10887=ADVANCED_FACE('no 15001',(#10881),#10886,.F.);
#10888=ORIENTED_EDGE('no 20240',*,*,#9688,.F.);
#10889=ORIENTED_EDGE('no 20241',*,*,#9601,.F.);
#10890=CARTESIAN_POINT('',(0.120739,0.0169808,0.013));
#10891=DIRECTION('',(0.9791060394,-0.2033503468,0.0));
#10892=VECTOR('',#10891,1.0);
#10893=LINE('',#10890,#10892);
#10894=EDGE_CURVE('no 20239',#8433,#7448,#10893,.T.);
#10895=ORIENTED_EDGE('no 20242',*,*,#10894,.T.);
#10896=EDGE_LOOP('',(#10888,#10889,#10895));
#10897=FACE_OUTER_BOUND('',#10896,.T.);
#10898=CARTESIAN_POINT('',(0.148451,0.0112253,0.013));
#10899=DIRECTION('',(0.0,0.0,-1.0));
#10900=DIRECTION('',(-0.9918167072,0.1276699623,0.0));
#10901=AXIS2_PLACEMENT_3D('',#10898,#10899,#10900);
#10902=PLANE('',#10901);
#10903=ADVANCED_FACE('no 20250',(#10897),#10902,.T.);
#10904=CARTESIAN_POINT('',(0.103739,0.0339808,0.013));
#10905=VERTEX_POINT('',#10904);
#10906=CARTESIAN_POINT('',(0.103739,0.0339808,0.013));
#10907=DIRECTION('',(0.0,-0.9847835588,0.1737853339));
#10908=VECTOR('',#10907,1.0);
#10909=LINE('',#10906,#10908);
#10910=EDGE_CURVE('no 6509',#10905,#6216,#10909,.T.);
#10911=ORIENTED_EDGE('no 6516',*,*,#10910,.T.);
#10912=ORIENTED_EDGE('no 6517',*,*,#9607,.F.);
#10913=CARTESIAN_POINT('',(0.103739,0.0169808,0.013));
#10914=DIRECTION('',(0.0,1.0,0.0));
#10915=VECTOR('',#10914,1.0);
#10916=LINE('',#10913,#10915);
#10917=EDGE_CURVE('no 6515',#9596,#10905,#10916,.T.);
#10918=ORIENTED_EDGE('no 6518',*,*,#10917,.T.);
#10919=EDGE_LOOP('',(#10911,#10912,#10918));
#10920=FACE_OUTER_BOUND('',#10919,.T.);
#10921=CARTESIAN_POINT('',(0.103739,0.0339808,0.013));
#10922=DIRECTION('',(1.0,0.0,0.0));
#10923=DIRECTION('',(0.0,-0.9847836293,0.1737849346));
#10924=AXIS2_PLACEMENT_3D('',#10921,#10922,#10923);
#10925=PLANE('',#10924);
#10926=ADVANCED_FACE('no 6526',(#10920),#10925,.T.);
#10927=ORIENTED_EDGE('no 6435',*,*,#9621,.F.);
#10928=CARTESIAN_POINT('',(0.120739,0.0339808,0.013));
#10929=VERTEX_POINT('',#10928);
#10930=CARTESIAN_POINT('',(0.120739,0.0339808,0.016));
#10931=DIRECTION('',(0.0,0.0,-1.0));
#10932=VECTOR('',#10931,1.0);
#10933=LINE('',#10930,#10932);
#10934=EDGE_CURVE('no 6428',#9419,#10929,#10933,.T.);
#10935=ORIENTED_EDGE('no 6436',*,*,#10934,.T.);
#10936=CARTESIAN_POINT('',(0.120739,0.0339808,0.013));
#10937=DIRECTION('',(0.0,-1.0,0.0));
#10938=VECTOR('',#10937,1.0);
#10939=LINE('',#10936,#10938);
#10940=EDGE_CURVE('no 6434',#10929,#8433,#10939,.T.);
#10941=ORIENTED_EDGE('no 6437',*,*,#10940,.T.);
#10942=EDGE_LOOP('',(#10927,#10935,#10941));
#10943=FACE_OUTER_BOUND('',#10942,.T.);
#10944=CARTESIAN_POINT('',(0.120739,0.0169808,0.013));
#10945=DIRECTION('',(-1.0,0.0,0.0));
#10946=DIRECTION('',(0.0,0.9847836293,0.1737849346));
#10947=AXIS2_PLACEMENT_3D('',#10944,#10945,#10946);
#10948=PLANE('',#10947);
#10949=ADVANCED_FACE('no 6445',(#10943),#10948,.T.);
#10950=CARTESIAN_POINT('',(0.103739,0.0339808,0.016));
#10951=VERTEX_POINT('',#10950);
#10952=CARTESIAN_POINT('',(0.101964,0.0534488,0.016));
#10953=DIRECTION('',(0.0908011043,-0.9958690473,0.0));
#10954=VECTOR('',#10953,1.0);
#10955=LINE('',#10952,#10954);
#10956=EDGE_CURVE('no 4075',#9635,#10951,#10955,.T.);
#10957=ORIENTED_EDGE('no 4105',*,*,#10956,.F.);
#10958=ORIENTED_EDGE('no 4106',*,*,#9640,.F.);
#10959=CARTESIAN_POINT('',(0.103739,0.0169808,0.016));
#10960=DIRECTION('',(0.0,1.0,0.0));
#10961=VECTOR('',#10960,1.0);
#10962=LINE('',#10959,#10961);
#10963=EDGE_CURVE('no 4104',#6216,#10951,#10962,.T.);
#10964=ORIENTED_EDGE('no 4107',*,*,#10963,.T.);
#10965=EDGE_LOOP('',(#10957,#10958,#10964));
#10966=FACE_OUTER_BOUND('',#10965,.T.);
#10967=CARTESIAN_POINT('',(0.103739,0.0339808,0.016));
#10968=DIRECTION('',(0.0,0.0,1.0));
#10969=DIRECTION('',(-0.0908011043,0.9958690473,0.0));
#10970=AXIS2_PLACEMENT_3D('',#10967,#10968,#10969);
#10971=PLANE('',#10970);
#10972=ADVANCED_FACE('no 4115',(#10966),#10971,.T.);
#10973=CARTESIAN_POINT('',(0.101964,0.0534488,0.016));
#10974=DIRECTION('',(0.0,-0.9847835588,-0.1737853339));
#10975=VECTOR('',#10974,1.0);
#10976=LINE('',#10973,#10975);
#10977=EDGE_CURVE('no 5677',#9635,#9715,#10976,.T.);
#10978=ORIENTED_EDGE('no 5684',*,*,#10977,.T.);
#10979=CARTESIAN_POINT('',(0.101964,0.0364488,0.013));
#10980=DIRECTION('',(0.0,0.0,1.0));
#10981=VECTOR('',#10980,1.0);
#10982=LINE('',#10979,#10981);
#10983=EDGE_CURVE('no 5683',#9715,#8457,#10982,.T.);
#10984=ORIENTED_EDGE('no 5685',*,*,#10983,.T.);
#10985=ORIENTED_EDGE('no 5686',*,*,#9646,.F.);
#10986=EDGE_LOOP('',(#10978,#10984,#10985));
#10987=FACE_OUTER_BOUND('',#10986,.T.);
#10988=CARTESIAN_POINT('',(0.101964,0.0534488,0.016));
#10989=DIRECTION('',(-1.0,-0.0,0.0));
#10990=DIRECTION('',(0.0,-0.9847836293,-0.1737849346));
#10991=AXIS2_PLACEMENT_3D('',#10988,#10989,#10990);
#10992=PLANE('',#10991);
#10993=ADVANCED_FACE('no 5694',(#10987),#10992,.T.);
#10994=CARTESIAN_POINT('',(0.0849636,0.0364488,0.016));
#10995=DIRECTION('',(0.9847842586,0.0,-0.1737813684));
#10996=VECTOR('',#10995,1.0);
#10997=LINE('',#10994,#10996);
#10998=EDGE_CURVE('no 5729',#8546,#9715,#10997,.T.);
#10999=ORIENTED_EDGE('no 5753',*,*,#10998,.F.);
#11000=ORIENTED_EDGE('no 5754',*,*,#9667,.F.);
#11001=ORIENTED_EDGE('no 5755',*,*,#10983,.F.);
#11002=EDGE_LOOP('',(#10999,#11000,#11001));
#11003=FACE_OUTER_BOUND('',#11002,.T.);
#11004=CARTESIAN_POINT('',(0.101964,0.0364488,0.013));
#11005=DIRECTION('',(0.0,1.0,-0.0));
#11006=DIRECTION('',(-0.9847836293,0.0,0.1737849346));
#11007=AXIS2_PLACEMENT_3D('',#11004,#11005,#11006);
#11008=PLANE('',#11007);
#11009=ADVANCED_FACE('no 5763',(#11003),#11008,.T.);
#11010=ORIENTED_EDGE('no 20194',*,*,#9682,.F.);
#11011=ORIENTED_EDGE('no 20195',*,*,#9726,.T.);
#11012=CARTESIAN_POINT('',(0.101964,0.0364488,0.013));
#11013=DIRECTION('',(0.0907986417,-0.9958692719,0.0));
#11014=VECTOR('',#11013,1.0);
#11015=LINE('',#11012,#11014);
#11016=EDGE_CURVE('no 20193',#9715,#9596,#11015,.T.);
#11017=ORIENTED_EDGE('no 20196',*,*,#11016,.T.);
#11018=EDGE_LOOP('',(#11010,#11011,#11017));
#11019=FACE_OUTER_BOUND('',#11018,.T.);
#11020=CARTESIAN_POINT('',(0.103739,0.0169808,0.013));
#11021=DIRECTION('',(0.0,0.0,-1.0));
#11022=DIRECTION('',(-0.9958592202,0.0909088201,0.0));
#11023=AXIS2_PLACEMENT_3D('',#11020,#11021,#11022);
#11024=PLANE('',#11023);
#11025=ADVANCED_FACE('no 20204',(#11019),#11024,.T.);
#11026=ORIENTED_EDGE('no 20959',*,*,#9791,.T.);
#11027=CARTESIAN_POINT('',(0.0849636,0.0364488,0.013));
#11028=DIRECTION('',(0.990818608,-0.135197951,0.0));
#11029=VECTOR('',#11028,1.0);
#11030=LINE('',#11027,#11029);
#11031=EDGE_CURVE('no 20958',#9786,#8507,#11030,.T.);
#11032=ORIENTED_EDGE('no 20960',*,*,#11031,.T.);
#11033=ORIENTED_EDGE('no 20961',*,*,#9703,.F.);
#11034=EDGE_LOOP('',(#11026,#11032,#11033));
#11035=FACE_OUTER_BOUND('',#11034,.T.);
#11036=CARTESIAN_POINT('',(0.0846593,0.0341707,0.013));
#11037=DIRECTION('',(0.0,0.0,-1.0));
#11038=DIRECTION('',(0.1323879962,0.9911979714,0.0));
#11039=AXIS2_PLACEMENT_3D('',#11036,#11037,#11038);
#11040=PLANE('',#11039);
#11041=ADVANCED_FACE('no 20969',(#11035),#11040,.T.);
#11042=ORIENTED_EDGE('no 20999',*,*,#11031,.F.);
#11043=CARTESIAN_POINT('',(0.101964,0.0364488,0.013));
#11044=DIRECTION('',(-1.0,0.0,0.0));
#11045=VECTOR('',#11044,1.0);
#11046=LINE('',#11043,#11045);
#11047=EDGE_CURVE('no 5735',#9715,#9786,#11046,.T.);
#11048=ORIENTED_EDGE('no 21000',*,*,#11047,.F.);
#11049=ORIENTED_EDGE('no 21001',*,*,#9720,.T.);
#11050=EDGE_LOOP('',(#11042,#11048,#11049));
#11051=FACE_OUTER_BOUND('',#11050,.T.);
#11052=CARTESIAN_POINT('',(0.101659,0.0341707,0.013));
#11053=DIRECTION('',(0.0,0.0,-1.0));
#11054=DIRECTION('',(-0.9908183224,0.135200044,0.0));
#11055=AXIS2_PLACEMENT_3D('',#11052,#11053,#11054);
#11056=PLANE('',#11055);
#11057=ADVANCED_FACE('no 21009',(#11051),#11056,.T.);
#11058=CARTESIAN_POINT('',(0.101964,0.0534488,0.016));
#11059=DIRECTION('',(-0.7292269316,0.6842719358,0.0));
#11060=VECTOR('',#11059,1.0);
#11061=LINE('',#11058,#11060);
#11062=EDGE_CURVE('no 3988',#9635,#9372,#11061,.T.);
#11063=ORIENTED_EDGE('no 3995',*,*,#11062,.T.);
#11064=ORIENTED_EDGE('no 3996',*,*,#9742,.F.);
#11065=CARTESIAN_POINT('',(0.0849636,0.0534488,0.016));
#11066=DIRECTION('',(1.0,0.0,0.0));
#11067=VECTOR('',#11066,1.0);
#11068=LINE('',#11065,#11067);
#11069=EDGE_CURVE('no 3994',#7402,#9635,#11068,.T.);
#11070=ORIENTED_EDGE('no 3997',*,*,#11069,.T.);
#11071=EDGE_LOOP('',(#11063,#11064,#11070));
#11072=FACE_OUTER_BOUND('',#11071,.T.);
#11073=CARTESIAN_POINT('',(0.101964,0.0534488,0.016));
#11074=DIRECTION('',(0.0,0.0,1.0));
#11075=DIRECTION('',(-0.7292269316,0.6842719358,0.0));
#11076=AXIS2_PLACEMENT_3D('',#11073,#11074,#11075);
#11077=PLANE('',#11076);
#11078=ADVANCED_FACE('no 4005',(#11072),#11077,.T.);
#11079=ORIENTED_EDGE('no 5580',*,*,#9768,.T.);
#11080=CARTESIAN_POINT('',(0.0849636,0.0364488,0.016));
#11081=DIRECTION('',(0.0,0.0,-1.0));
#11082=VECTOR('',#11081,1.0);
#11083=LINE('',#11080,#11082);
#11084=EDGE_CURVE('no 5573',#8546,#9786,#11083,.T.);
#11085=ORIENTED_EDGE('no 5581',*,*,#11084,.T.);
#11086=ORIENTED_EDGE('no 5582',*,*,#9798,.T.);
#11087=EDGE_LOOP('',(#11079,#11085,#11086));
#11088=FACE_OUTER_BOUND('',#11087,.T.);
#11089=CARTESIAN_POINT('',(0.0849636,0.0534488,0.013));
#11090=DIRECTION('',(1.0,0.0,0.0));
#11091=DIRECTION('',(0.0,-0.9847836293,0.1737849346));
#11092=AXIS2_PLACEMENT_3D('',#11089,#11090,#11091);
#11093=PLANE('',#11092);
#11094=ADVANCED_FACE('no 5590',(#11088),#11093,.T.);
#11095=CARTESIAN_POINT('',(0.101964,0.0534488,0.016));
#11096=DIRECTION('',(-0.9847842586,0.0,-0.1737813684));
#11097=VECTOR('',#11096,1.0);
#11098=LINE('',#11095,#11097);
#11099=EDGE_CURVE('no 5625',#9635,#7524,#11098,.T.);
#11100=ORIENTED_EDGE('no 5655',*,*,#11099,.F.);
#11101=ORIENTED_EDGE('no 5656',*,*,#11069,.F.);
#11102=ORIENTED_EDGE('no 5657',*,*,#9774,.F.);
#11103=EDGE_LOOP('',(#11100,#11101,#11102));
#11104=FACE_OUTER_BOUND('',#11103,.T.);
#11105=CARTESIAN_POINT('',(0.0849636,0.0534488,0.013));
#11106=DIRECTION('',(0.0,-1.0,0.0));
#11107=DIRECTION('',(0.9847836293,0.0,0.1737849346));
#11108=AXIS2_PLACEMENT_3D('',#11105,#11106,#11107);
#11109=PLANE('',#11108);
#11110=ADVANCED_FACE('no 5665',(#11104),#11109,.T.);
#11111=ORIENTED_EDGE('no 5268',*,*,#9812,.T.);
#11112=ORIENTED_EDGE('no 5269',*,*,#10398,.F.);
#11113=ORIENTED_EDGE('no 5270',*,*,#10311,.T.);
#11114=EDGE_LOOP('',(#11111,#11112,#11113));
#11115=FACE_OUTER_BOUND('',#11114,.T.);
#11116=CARTESIAN_POINT('',(0.0568718,0.0549073,0.013));
#11117=DIRECTION('',(1.0,0.0,0.0));
#11118=DIRECTION('',(0.0,-0.9828720964,0.1842890181));
#11119=AXIS2_PLACEMENT_3D('',#11116,#11117,#11118);
#11120=PLANE('',#11119);
#11121=ADVANCED_FACE('no 5278',(#11115),#11120,.T.);
#11122=ORIENTED_EDGE('no 3798',*,*,#10171,.F.);
#11123=ORIENTED_EDGE('no 3799',*,*,#9854,.T.);
#11124=CARTESIAN_POINT('',(0.0471647,0.0854392,0.016));
#11125=DIRECTION('',(-0.7933542749,-0.608760211,0.0));
#11126=VECTOR('',#11125,1.0);
#11127=LINE('',#11124,#11126);
#11128=EDGE_CURVE('no 3797',#8683,#8939,#11127,.T.);
#11129=ORIENTED_EDGE('no 3800',*,*,#11128,.T.);
#11130=EDGE_LOOP('',(#11122,#11123,#11129));
#11131=FACE_OUTER_BOUND('',#11130,.T.);
#11132=CARTESIAN_POINT('',(0.0467091,0.0850896,0.016));
#11133=DIRECTION('',(-0.0,0.0,1.0));
#11134=DIRECTION('',(0.0058912579,-0.9999826464,0.0));
#11135=AXIS2_PLACEMENT_3D('',#11132,#11133,#11134);
#11136=PLANE('',#11135);
#11137=ADVANCED_FACE('no 3808',(#11131),#11136,.T.);
#11138=ORIENTED_EDGE('no 7152',*,*,#10063,.T.);
#11139=CARTESIAN_POINT('',(0.0467091,0.00810009,0.013));
#11140=DIRECTION('',(0.7933316221,-0.6087897316,0.0));
#11141=VECTOR('',#11140,1.0);
#11142=LINE('',#11139,#11141);
#11143=EDGE_CURVE('no 7145',#8853,#9868,#11142,.T.);
#11144=ORIENTED_EDGE('no 7153',*,*,#11143,.T.);
#11145=ORIENTED_EDGE('no 7154',*,*,#9873,.T.);
#11146=EDGE_LOOP('',(#11138,#11144,#11145));
#11147=FACE_OUTER_BOUND('',#11146,.T.);
#11148=CARTESIAN_POINT('',(0.0471647,0.00775047,0.016));
#11149=DIRECTION('',(-0.6087636855,-0.7933516088,0.0000000594));
#11150=DIRECTION('',(-0.1491689234,0.1144619412,-0.9821644955));
#11151=AXIS2_PLACEMENT_3D('',#11148,#11149,#11150);
#11152=PLANE('',#11151);
#11153=ADVANCED_FACE('no 7162',(#11147),#11152,.T.);
#11154=ORIENTED_EDGE('no 22110',*,*,#9902,.F.);
#11155=ORIENTED_EDGE('no 22109',*,*,#9879,.F.);
#11156=CARTESIAN_POINT('',(0.0471647,0.00775047,0.013));
#11157=DIRECTION('',(0.0005442675,0.9999998519,0.0));
#11158=VECTOR('',#11157,1.0);
#11159=LINE('',#11156,#11158);
#11160=EDGE_CURVE('no 22084',#9868,#9890,#11159,.T.);
#11161=ORIENTED_EDGE('no 22108',*,*,#11160,.T.);
#11162=EDGE_LOOP('',(#11154,#11155,#11161));
#11163=FACE_OUTER_BOUND('',#11162,.T.);
#11164=CARTESIAN_POINT('',(0.0471647,0.0854392,0.013));
#11165=DIRECTION('',(0.0,0.0,1.0));
#11166=DIRECTION('',(0.0,-1.0,0.0));
#11167=AXIS2_PLACEMENT_3D('',#11164,#11165,#11166);
#11168=PLANE('',#11167);
#11169=ADVANCED_FACE('no 22118',(#11163),#11168,.F.);
#11170=ORIENTED_EDGE('no 17010',*,*,#9895,.F.);
#11171=CARTESIAN_POINT('',(0.047207,0.0854696,0.0));
#11172=VERTEX_POINT('',#11171);
#11173=CARTESIAN_POINT('',(0.047207,0.0854696,0.0));
#11174=DIRECTION('',(0.0,0.0,1.0));
#11175=VECTOR('',#11174,1.0);
#11176=LINE('',#11173,#11175);
#11177=EDGE_CURVE('no 17001',#11172,#9890,#11176,.T.);
#11178=ORIENTED_EDGE('no 17009',*,*,#11177,.F.);
#11179=CARTESIAN_POINT('',(0.0475143,0.0858948,0.013));
#11180=DIRECTION('',(-0.0236192366,-0.0326810914,-0.9991867082));
#11181=VECTOR('',#11180,1.0);
#11182=LINE('',#11179,#11181);
#11183=EDGE_CURVE('no 16995',#7625,#11172,#11182,.T.);
#11184=ORIENTED_EDGE('no 17008',*,*,#11183,.F.);
#11185=EDGE_LOOP('',(#11170,#11178,#11184));
#11186=FACE_OUTER_BOUND('',#11185,.T.);
#11187=CARTESIAN_POINT('',(0.0475143,0.0858948,0.013));
#11188=DIRECTION('',(-0.8104621013,0.585791074,0.0000000162));
#11189=DIRECTION('',(-0.0236208928,-0.03268029,-0.9991866953));
#11190=AXIS2_PLACEMENT_3D('',#11187,#11188,#11189);
#11191=PLANE('',#11190);
#11192=ADVANCED_FACE('no 17018',(#11186),#11191,.F.);
#11193=CARTESIAN_POINT('',(0.0440957,0.0854696,0.013));
#11194=VERTEX_POINT('',#11193);
#11195=CARTESIAN_POINT('',(0.0437461,0.0859253,0.013));
#11196=DIRECTION('',(0.6086837207,-0.793412962,0.0));
#11197=VECTOR('',#11196,1.0);
#11198=LINE('',#11195,#11197);
#11199=EDGE_CURVE('no 10331',#8761,#11194,#11198,.T.);
#11200=ORIENTED_EDGE('no 10334',*,*,#11199,.F.);
#11201=ORIENTED_EDGE('no 10333',*,*,#9917,.F.);
#11202=CARTESIAN_POINT('',(0.0437461,0.0859253,0.0));
#11203=DIRECTION('',(0.0268660996,-0.0350196842,0.9990254423));
#11204=VECTOR('',#11203,1.0);
#11205=LINE('',#11202,#11204);
#11206=EDGE_CURVE('no 10296',#8830,#11194,#11205,.T.);
#11207=ORIENTED_EDGE('no 10332',*,*,#11206,.T.);
#11208=EDGE_LOOP('',(#11200,#11201,#11207));
#11209=FACE_OUTER_BOUND('',#11208,.T.);
#11210=CARTESIAN_POINT('',(0.0440957,0.0854696,0.013));
#11211=DIRECTION('',(0.7933542746,0.6087602114,-0.0000000116));
#11212=DIRECTION('',(-0.0268674889,0.0350144855,-0.9990255872));
#11213=AXIS2_PLACEMENT_3D('',#11210,#11211,#11212);
#11214=PLANE('',#11213);
#11215=ADVANCED_FACE('no 10342',(#11209),#11214,.F.);
#11216=CARTESIAN_POINT('',(0.0449891,0.00425181,0.0));
#11217=VERTEX_POINT('',#11216);
#11218=CARTESIAN_POINT('',(0.0445115,0.00457071,0.0));
#11219=DIRECTION('',(0.8316482359,-0.5553028108,0.0));
#11220=VECTOR('',#11219,1.0);
#11221=LINE('',#11218,#11220);
#11222=EDGE_CURVE('no 13648',#9929,#11217,#11221,.T.);
#11223=ORIENTED_EDGE('no 13651',*,*,#11222,.F.);
#11224=ORIENTED_EDGE('no 13650',*,*,#9941,.F.);
#11225=CARTESIAN_POINT('',(0.0406514,0.00122528,0.0));
#11226=DIRECTION('',(0.8201067543,0.5722105482,0.0));
#11227=VECTOR('',#11226,1.0);
#11228=LINE('',#11225,#11227);
#11229=EDGE_CURVE('no 13613',#4878,#11217,#11228,.T.);
#11230=ORIENTED_EDGE('no 13649',*,*,#11229,.T.);
#11231=EDGE_LOOP('',(#11223,#11224,#11230));
#11232=FACE_OUTER_BOUND('',#11231,.T.);
#11233=CARTESIAN_POINT('',(0.0449891,0.00425181,0.0));
#11234=DIRECTION('',(-0.0,0.0,-1.0));
#11235=DIRECTION('',(-0.8201099514,-0.5722059661,0.0));
#11236=AXIS2_PLACEMENT_3D('',#11233,#11234,#11235);
#11237=PLANE('',#11236);
#11238=ADVANCED_FACE('no 13659',(#11232),#11237,.F.);
#11239=ORIENTED_EDGE('no 16675',*,*,#9934,.T.);
#11240=CARTESIAN_POINT('',(0.0445115,0.00457071,0.013));
#11241=VERTEX_POINT('',#11240);
#11242=CARTESIAN_POINT('',(0.0445115,0.00457071,0.0));
#11243=DIRECTION('',(0.0,0.0,1.0));
#11244=VECTOR('',#11243,1.0);
#11245=LINE('',#11242,#11244);
#11246=EDGE_CURVE('no 16626',#9929,#11241,#11245,.T.);
#11247=ORIENTED_EDGE('no 16674',*,*,#11246,.T.);
#11248=CARTESIAN_POINT('',(0.0441327,0.00500237,0.0));
#11249=DIRECTION('',(0.0291100698,-0.0331722617,0.9990256277));
#11250=VECTOR('',#11249,1.0);
#11251=LINE('',#11248,#11250);
#11252=EDGE_CURVE('no 16672',#8784,#11241,#11251,.T.);
#11253=ORIENTED_EDGE('no 16673',*,*,#11252,.F.);
#11254=EDGE_LOOP('',(#11239,#11247,#11253));
#11255=FACE_OUTER_BOUND('',#11254,.T.);
#11256=CARTESIAN_POINT('',(0.0441327,0.00500237,0.0));
#11257=DIRECTION('',(0.7516056658,0.659612707,-0.0000000055));
#11258=DIRECTION('',(0.0291119877,-0.033172086,0.9990255777));
#11259=AXIS2_PLACEMENT_3D('',#11256,#11257,#11258);
#11260=PLANE('',#11259);
#11261=ADVANCED_FACE('no 16683',(#11255),#11260,.F.);
#11262=CARTESIAN_POINT('',(0.0441327,0.00500237,0.013));
#11263=DIRECTION('',(0.6595862768,-0.7516288602,0.0));
#11264=VECTOR('',#11263,1.0);
#11265=LINE('',#11262,#11264);
#11266=EDGE_CURVE('no 16701',#9953,#11241,#11265,.T.);
#11267=ORIENTED_EDGE('no 16704',*,*,#11266,.F.);
#11268=ORIENTED_EDGE('no 16703',*,*,#9958,.F.);
#11269=ORIENTED_EDGE('no 16702',*,*,#11252,.T.);
#11270=EDGE_LOOP('',(#11267,#11268,#11269));
#11271=FACE_OUTER_BOUND('',#11270,.T.);
#11272=CARTESIAN_POINT('',(0.0445115,0.00457071,0.013));
#11273=DIRECTION('',(0.7516056658,0.659612707,-0.0000000055));
#11274=DIRECTION('',(-0.0291119877,0.033172086,-0.9990255777));
#11275=AXIS2_PLACEMENT_3D('',#11272,#11273,#11274);
#11276=PLANE('',#11275);
#11277=ADVANCED_FACE('no 16712',(#11271),#11276,.F.);
#11278=CARTESIAN_POINT('',(0.0438036,0.00665371,0.0));
#11279=VERTEX_POINT('',#11278);
#11280=CARTESIAN_POINT('',(0.0437662,0.00608061,0.0));
#11281=DIRECTION('',(0.0651205982,0.9978774011,0.0));
#11282=VECTOR('',#11281,1.0);
#11283=LINE('',#11280,#11282);
#11284=EDGE_CURVE('no 11341',#6507,#11279,#11283,.T.);
#11285=ORIENTED_EDGE('no 11344',*,*,#11284,.F.);
#11286=ORIENTED_EDGE('no 11343',*,*,#9986,.T.);
#11287=CARTESIAN_POINT('',(0.0438036,0.00665371,0.0));
#11288=DIRECTION('',(-0.0028708288,-0.0440415812,0.999025574));
#11289=VECTOR('',#11288,1.0);
#11290=LINE('',#11287,#11289);
#11291=EDGE_CURVE('no 11335',#11279,#9975,#11290,.T.);
#11292=ORIENTED_EDGE('no 11342',*,*,#11291,.F.);
#11293=EDGE_LOOP('',(#11285,#11286,#11292));
#11294=FACE_OUTER_BOUND('',#11293,.T.);
#11295=CARTESIAN_POINT('',(0.0438036,0.00665371,0.0));
#11296=DIRECTION('',(0.9978822265,-0.0650466145,-0.0000000067));
#11297=DIRECTION('',(-0.0028708288,-0.0440415812,0.999025574));
#11298=AXIS2_PLACEMENT_3D('',#11295,#11296,#11297);
#11299=PLANE('',#11298);
#11300=ADVANCED_FACE('no 11352',(#11294),#11299,.F.);
#11301=ORIENTED_EDGE('no 15137',*,*,#11284,.T.);
#11302=CARTESIAN_POINT('',(0.0440957,0.0854696,0.0));
#11303=DIRECTION('',(-0.00370608,-0.9999931325,0.0));
#11304=VECTOR('',#11303,1.0);
#11305=LINE('',#11302,#11304);
#11306=EDGE_CURVE('no 15134',#10014,#11279,#11305,.T.);
#11307=ORIENTED_EDGE('no 15136',*,*,#11306,.F.);
#11308=ORIENTED_EDGE('no 15135',*,*,#10026,.T.);
#11309=EDGE_LOOP('',(#11301,#11307,#11308));
#11310=FACE_OUTER_BOUND('',#11309,.T.);
#11311=CARTESIAN_POINT('',(0.0437662,0.00608061,0.0));
#11312=DIRECTION('',(0.0,0.0,-1.0));
#11313=DIRECTION('',(0.0041506216,0.9999913861,0.0));
#11314=AXIS2_PLACEMENT_3D('',#11311,#11312,#11313);
#11315=PLANE('',#11314);
#11316=ADVANCED_FACE('no 15145',(#11310),#11315,.F.);
#11317=ORIENTED_EDGE('no 10305',*,*,#10019,.F.);
#11318=CARTESIAN_POINT('',(0.0440957,0.0854696,0.0));
#11319=DIRECTION('',(0.0,0.0,1.0));
#11320=VECTOR('',#11319,1.0);
#11321=LINE('',#11318,#11320);
#11322=EDGE_CURVE('no 10244',#10014,#11194,#11321,.T.);
#11323=ORIENTED_EDGE('no 10304',*,*,#11322,.T.);
#11324=ORIENTED_EDGE('no 10303',*,*,#11206,.F.);
#11325=EDGE_LOOP('',(#11317,#11323,#11324));
#11326=FACE_OUTER_BOUND('',#11325,.T.);
#11327=CARTESIAN_POINT('',(0.0437461,0.0859253,0.0));
#11328=DIRECTION('',(0.7933542746,0.6087602114,-0.0000000116));
#11329=DIRECTION('',(0.0268674889,-0.0350144855,0.9990255872));
#11330=AXIS2_PLACEMENT_3D('',#11327,#11328,#11329);
#11331=PLANE('',#11330);
#11332=ADVANCED_FACE('no 10313',(#11326),#11331,.F.);
#11333=CARTESIAN_POINT('',(0.0471647,0.00775047,0.013));
#11334=DIRECTION('',(-0.00534182,0.9999857324,0.0));
#11335=VECTOR('',#11334,1.0);
#11336=LINE('',#11333,#11335);
#11337=EDGE_CURVE('no 22038',#9868,#10037,#11336,.T.);
#11338=ORIENTED_EDGE('no 22041',*,*,#11337,.F.);
#11339=ORIENTED_EDGE('no 22040',*,*,#11143,.F.);
#11340=ORIENTED_EDGE('no 22039',*,*,#10048,.T.);
#11341=EDGE_LOOP('',(#11338,#11339,#11340));
#11342=FACE_OUTER_BOUND('',#11341,.T.);
#11343=CARTESIAN_POINT('',(0.0467091,0.0850896,0.013));
#11344=DIRECTION('',(0.0,0.0,1.0));
#11345=DIRECTION('',(0.0,-1.0,0.0));
#11346=AXIS2_PLACEMENT_3D('',#11343,#11344,#11345);
#11347=PLANE('',#11346);
#11348=ADVANCED_FACE('no 22049',(#11342),#11347,.F.);
#11349=CARTESIAN_POINT('',(0.0452535,0.00830827,0.0));
#11350=VERTEX_POINT('',#11349);
#11351=CARTESIAN_POINT('',(0.0458168,0.00842052,0.0));
#11352=DIRECTION('',(-0.9807177084,-0.1954297226,0.0));
#11353=VECTOR('',#11352,1.0);
#11354=LINE('',#11351,#11353);
#11355=EDGE_CURVE('no 15360',#10081,#11350,#11354,.T.);
#11356=ORIENTED_EDGE('no 15363',*,*,#11355,.F.);
#11357=ORIENTED_EDGE('no 15362',*,*,#10093,.F.);
#11358=CARTESIAN_POINT('',(0.0456514,0.0848253,0.0));
#11359=DIRECTION('',(-0.0051991325,-0.9999864844,0.0));
#11360=VECTOR('',#11359,1.0);
#11361=LINE('',#11358,#11360);
#11362=EDGE_CURVE('no 15331',#8892,#11350,#11361,.T.);
#11363=ORIENTED_EDGE('no 15361',*,*,#11362,.T.);
#11364=EDGE_LOOP('',(#11356,#11357,#11363));
#11365=FACE_OUTER_BOUND('',#11364,.T.);
#11366=CARTESIAN_POINT('',(0.0452535,0.00830827,0.0));
#11367=DIRECTION('',(0.0,0.0,-1.0));
#11368=DIRECTION('',(0.0051991325,0.9999864844,0.0));
#11369=AXIS2_PLACEMENT_3D('',#11366,#11367,#11368);
#11370=PLANE('',#11369);
#11371=ADVANCED_FACE('no 15371',(#11365),#11370,.F.);
#11372=CARTESIAN_POINT('',(0.0463899,0.00838316,0.0));
#11373=DIRECTION('',(-0.9978819246,0.0650512453,0.0));
#11374=VECTOR('',#11373,1.0);
#11375=LINE('',#11372,#11374);
#11376=EDGE_CURVE('no 15412',#10143,#10081,#11375,.T.);
#11377=ORIENTED_EDGE('no 15415',*,*,#11376,.F.);
#11378=ORIENTED_EDGE('no 15414',*,*,#10155,.F.);
#11379=ORIENTED_EDGE('no 15413',*,*,#10086,.T.);
#11380=EDGE_LOOP('',(#11377,#11378,#11379));
#11381=FACE_OUTER_BOUND('',#11380,.T.);
#11382=CARTESIAN_POINT('',(0.0458168,0.00842052,0.0));
#11383=DIRECTION('',(0.0,0.0,-1.0));
#11384=DIRECTION('',(0.0052822803,0.9999860487,0.0));
#11385=AXIS2_PLACEMENT_3D('',#11382,#11383,#11384);
#11386=PLANE('',#11385);
#11387=ADVANCED_FACE('no 15423',(#11381),#11386,.F.);
#11388=CARTESIAN_POINT('',(0.045082,0.0849002,0.0));
#11389=VERTEX_POINT('',#11388);
#11390=CARTESIAN_POINT('',(0.045082,0.0849002,0.0));
#11391=DIRECTION('',(0.0,0.0,1.0));
#11392=VECTOR('',#11391,1.0);
#11393=LINE('',#11390,#11392);
#11394=EDGE_CURVE('no 17440',#11389,#10105,#11393,.T.);
#11395=ORIENTED_EDGE('no 17443',*,*,#11394,.F.);
#11396=CARTESIAN_POINT('',(0.045082,0.0849002,0.0));
#11397=DIRECTION('',(0.9914590362,-0.1304184788,0.0));
#11398=VECTOR('',#11397,1.0);
#11399=LINE('',#11396,#11398);
#11400=EDGE_CURVE('no 15325',#11389,#8892,#11399,.T.);
#11401=ORIENTED_EDGE('no 17442',*,*,#11400,.T.);
#11402=ORIENTED_EDGE('no 17441',*,*,#10116,.F.);
#11403=EDGE_LOOP('',(#11395,#11401,#11402));
#11404=FACE_OUTER_BOUND('',#11403,.T.);
#11405=CARTESIAN_POINT('',(0.045082,0.0849002,0.013));
#11406=DIRECTION('',(0.1305339777,0.9914438364,0.0000000168));
#11407=DIRECTION('',(0.043757581,-0.0057611275,-0.999025567));
#11408=AXIS2_PLACEMENT_3D('',#11405,#11406,#11407);
#11409=PLANE('',#11408);
#11410=ADVANCED_FACE('no 17451',(#11404),#11409,.F.);
#11411=ORIENTED_EDGE('no 17085',*,*,#10130,.T.);
#11412=CARTESIAN_POINT('',(0.0467514,0.08512,0.0));
#11413=DIRECTION('',(0.7933498948,0.6087659193,0.0));
#11414=VECTOR('',#11413,1.0);
#11415=LINE('',#11412,#11414);
#11416=EDGE_CURVE('no 15481',#8916,#11172,#11415,.T.);
#11417=ORIENTED_EDGE('no 17084',*,*,#11416,.T.);
#11418=CARTESIAN_POINT('',(0.0467514,0.08512,0.013));
#11419=DIRECTION('',(0.0350120088,0.0268661068,-0.9990257112));
#11420=VECTOR('',#11419,1.0);
#11421=LINE('',#11418,#11420);
#11422=EDGE_CURVE('no 17082',#10037,#11172,#11421,.T.);
#11423=ORIENTED_EDGE('no 17083',*,*,#11422,.F.);
#11424=EDGE_LOOP('',(#11411,#11417,#11423));
#11425=FACE_OUTER_BOUND('',#11424,.T.);
#11426=CARTESIAN_POINT('',(0.0467514,0.08512,0.013));
#11427=DIRECTION('',(-0.6087659188,0.7933498951,-0.0000000126));
#11428=DIRECTION('',(0.0350147846,0.0268680882,-0.9990255606));
#11429=AXIS2_PLACEMENT_3D('',#11426,#11427,#11428);
#11430=PLANE('',#11429);
#11431=ADVANCED_FACE('no 17093',(#11425),#11430,.F.);
#11432=CARTESIAN_POINT('',(0.0469338,0.00819875,0.0));
#11433=VERTEX_POINT('',#11432);
#11434=CARTESIAN_POINT('',(0.0463899,0.00838316,0.0));
#11435=DIRECTION('',(0.9470462267,-0.3210972507,0.0));
#11436=VECTOR('',#11435,1.0);
#11437=LINE('',#11434,#11436);
#11438=EDGE_CURVE('no 12188',#10143,#11433,#11437,.T.);
#11439=ORIENTED_EDGE('no 15461',*,*,#11438,.T.);
#11440=CARTESIAN_POINT('',(0.0467514,0.08512,0.0));
#11441=DIRECTION('',(0.0023714104,-0.9999971882,0.0));
#11442=VECTOR('',#11441,1.0);
#11443=LINE('',#11440,#11442);
#11444=EDGE_CURVE('no 15458',#8916,#11433,#11443,.T.);
#11445=ORIENTED_EDGE('no 15460',*,*,#11444,.F.);
#11446=ORIENTED_EDGE('no 15459',*,*,#10148,.T.);
#11447=EDGE_LOOP('',(#11439,#11445,#11446));
#11448=FACE_OUTER_BOUND('',#11447,.T.);
#11449=CARTESIAN_POINT('',(0.0463899,0.00838316,0.0));
#11450=DIRECTION('',(0.0,0.0,-1.0));
#11451=DIRECTION('',(0.0047107295,0.9999889045,0.0));
#11452=AXIS2_PLACEMENT_3D('',#11449,#11450,#11451);
#11453=PLANE('',#11452);
#11454=ADVANCED_FACE('no 15469',(#11448),#11453,.F.);
#11455=ORIENTED_EDGE('no 9510',*,*,#10187,.F.);
#11456=CARTESIAN_POINT('',(0.151212,0.0063121,0.016));
#11457=VERTEX_POINT('',#11456);
#11458=CARTESIAN_POINT('',(0.151212,0.0063121,0.013));
#11459=DIRECTION('',(0.0,0.0,1.0));
#11460=VECTOR('',#11459,1.0);
#11461=LINE('',#11458,#11460);
#11462=EDGE_CURVE('no 9509',#6623,#11457,#11461,.T.);
#11463=ORIENTED_EDGE('no 9511',*,*,#11462,.T.);
#11464=CARTESIAN_POINT('',(0.151257,0.00573951,0.016));
#11465=DIRECTION('',(-0.0783486802,0.9969260175,0.0));
#11466=VECTOR('',#11465,1.0);
#11467=LINE('',#11464,#11466);
#11468=EDGE_CURVE('no 1066',#10182,#11457,#11467,.T.);
#11469=ORIENTED_EDGE('no 9512',*,*,#11468,.F.);
#11470=EDGE_LOOP('',(#11455,#11463,#11469));
#11471=FACE_OUTER_BOUND('',#11470,.T.);
#11472=CARTESIAN_POINT('',(0.151257,0.00573951,0.016));
#11473=DIRECTION('',(0.9969923113,0.0775005244,-0.0000000012));
#11474=DIRECTION('',(-0.0145720048,0.1874590616,-0.9821643228));
#11475=AXIS2_PLACEMENT_3D('',#11472,#11473,#11474);
#11476=PLANE('',#11475);
#11477=ADVANCED_FACE('no 9520',(#11471),#11476,.T.);
#11478=ORIENTED_EDGE('no 9458',*,*,#10628,.F.);
#11479=ORIENTED_EDGE('no 9459',*,*,#10193,.T.);
#11480=CARTESIAN_POINT('',(0.151448,0.00519796,0.016));
#11481=DIRECTION('',(-0.3326106037,0.9430642535,0.0));
#11482=VECTOR('',#11481,1.0);
#11483=LINE('',#11480,#11482);
#11484=EDGE_CURVE('no 1037',#9334,#10182,#11483,.T.);
#11485=ORIENTED_EDGE('no 9460',*,*,#11484,.F.);
#11486=EDGE_LOOP('',(#11478,#11479,#11485));
#11487=FACE_OUTER_BOUND('',#11486,.T.);
#11488=CARTESIAN_POINT('',(0.151448,0.00519796,0.016));
#11489=DIRECTION('',(0.9429667496,0.3328869314,-0.0000000977));
#11490=DIRECTION('',(-0.0625906696,0.1772999137,-0.9821645222));
#11491=AXIS2_PLACEMENT_3D('',#11488,#11489,#11490);
#11492=PLANE('',#11491);
#11493=ADVANCED_FACE('no 9468',(#11487),#11492,.T.);
#11494=CARTESIAN_POINT('',(0.151212,0.0063121,0.013));
#11495=DIRECTION('',(0.2299025187,0.973213662,0.0));
#11496=VECTOR('',#11495,1.0);
#11497=LINE('',#11494,#11496);
#11498=EDGE_CURVE('no 9538',#6623,#10205,#11497,.T.);
#11499=ORIENTED_EDGE('no 22340',*,*,#11498,.F.);
#11500=ORIENTED_EDGE('no 22339',*,*,#10216,.T.);
#11501=EDGE_LOOP('',(#11499,#11500));
#11502=FACE_OUTER_BOUND('',#11501,.T.);
#11503=CARTESIAN_POINT('',(0.151317,0.0068767,0.013));
#11504=DIRECTION('',(0.0,0.0,1.0));
#11505=DIRECTION('',(-0.1832039852,-0.9830749207,0.0));
#11506=AXIS2_PLACEMENT_3D('',#11503,#11504,#11505);
#11507=PLANE('',#11506);
#11508=ADVANCED_FACE('no 22349',(#11502),#11507,.F.);
#11509=ORIENTED_EDGE('no 23793',*,*,#10210,.T.);
#11510=CARTESIAN_POINT('',(0.151504,0.0858948,0.013));
#11511=VERTEX_POINT('',#11510);
#11512=CARTESIAN_POINT('',(0.151504,0.0858948,0.013));
#11513=DIRECTION('',(-0.3830077761,0.9237451182,0.0));
#11514=VECTOR('',#11513,1.0);
#11515=LINE('',#11512,#11514);
#11516=EDGE_CURVE('no 23790',#11511,#8985,#11515,.T.);
#11517=ORIENTED_EDGE('no 23792',*,*,#11516,.F.);
#11518=CARTESIAN_POINT('',(0.1513261845,0.0068766793,0.013));
#11519=DIRECTION('',(0.0022503069,0.9999974681,0.0));
#11520=VECTOR('',#11519,1.0);
#11521=LINE('',#11518,#11520);
#11522=EDGE_CURVE('no 23784',#10205,#11511,#11521,.T.);
#11523=ORIENTED_EDGE('no 23791',*,*,#11522,.F.);
#11524=EDGE_LOOP('',(#11509,#11517,#11523));
#11525=FACE_OUTER_BOUND('',#11524,.T.);
#11526=CARTESIAN_POINT('',(0.151317,0.0068767,0.013));
#11527=DIRECTION('',(0.0,-0.0,1.0));
#11528=DIRECTION('',(0.0023589305,0.9999972177,0.0));
#11529=AXIS2_PLACEMENT_3D('',#11526,#11527,#11528);
#11530=PLANE('',#11529);
#11531=ADVANCED_FACE('no 23801',(#11525),#11530,.F.);
#11532=CARTESIAN_POINT('',(0.151896,0.0885809,0.013));
#11533=VERTEX_POINT('',#11532);
#11534=CARTESIAN_POINT('',(0.1515156777,0.088085829,0.013));
#11535=DIRECTION('',(0.6092059313,0.7930120637,0.0));
#11536=VECTOR('',#11535,1.0);
#11537=LINE('',#11534,#11536);
#11538=EDGE_CURVE('no 23432',#10228,#11533,#11537,.T.);
#11539=ORIENTED_EDGE('no 23435',*,*,#11538,.F.);
#11540=ORIENTED_EDGE('no 23434',*,*,#10240,.F.);
#11541=CARTESIAN_POINT('',(0.148451,0.0919948,0.013));
#11542=DIRECTION('',(0.7103056818,-0.7038933431,0.0));
#11543=VECTOR('',#11542,1.0);
#11544=LINE('',#11541,#11543);
#11545=EDGE_CURVE('no 23397',#6625,#11533,#11544,.T.);
#11546=ORIENTED_EDGE('no 23433',*,*,#11545,.T.);
#11547=EDGE_LOOP('',(#11539,#11540,#11546));
#11548=FACE_OUTER_BOUND('',#11547,.T.);
#11549=CARTESIAN_POINT('',(0.151853,0.0885505,0.013));
#11550=DIRECTION('',(0.0,0.0,1.0));
#11551=DIRECTION('',(-0.7027247881,0.7114617855,0.0));
#11552=AXIS2_PLACEMENT_3D('',#11549,#11550,#11551);
#11553=PLANE('',#11552);
#11554=ADVANCED_FACE('no 23443',(#11548),#11553,.F.);
#11555=ORIENTED_EDGE('no 19940',*,*,#10257,.F.);
#11556=CARTESIAN_POINT('',(0.139889,0.0362128,0.013));
#11557=VERTEX_POINT('',#11556);
#11558=CARTESIAN_POINT('',(0.148451,0.0819948,0.013));
#11559=DIRECTION('',(-0.1838296154,-0.9829581235,0.0));
#11560=VECTOR('',#11559,1.0);
#11561=LINE('',#11558,#11560);
#11562=EDGE_CURVE('no 19939',#6649,#11557,#11561,.T.);
#11563=ORIENTED_EDGE('no 19941',*,*,#11562,.T.);
#11564=CARTESIAN_POINT('',(0.139889,0.0532128,0.013));
#11565=DIRECTION('',(0.0,-1.0,0.0));
#11566=VECTOR('',#11565,1.0);
#11567=LINE('',#11564,#11566);
#11568=EDGE_CURVE('no 6018',#10252,#11557,#11567,.T.);
#11569=ORIENTED_EDGE('no 19942',*,*,#11568,.F.);
#11570=EDGE_LOOP('',(#11555,#11563,#11569));
#11571=FACE_OUTER_BOUND('',#11570,.T.);
#11572=CARTESIAN_POINT('',(0.139889,0.0532128,0.013));
#11573=DIRECTION('',(0.0,0.0,-1.0));
#11574=DIRECTION('',(0.2851499738,0.9584829119,0.0));
#11575=AXIS2_PLACEMENT_3D('',#11572,#11573,#11574);
#11576=PLANE('',#11575);
#11577=ADVANCED_FACE('no 19950',(#11571),#11576,.T.);
#11578=CARTESIAN_POINT('',(0.122889,0.0532128,0.013));
#11579=VERTEX_POINT('',#11578);
#11580=CARTESIAN_POINT('',(0.134012,0.0618483,0.013));
#11581=DIRECTION('',(-0.7898929858,-0.6132447073,0.0));
#11582=VECTOR('',#11581,1.0);
#11583=LINE('',#11580,#11582);
#11584=EDGE_CURVE('no 20630',#9031,#11579,#11583,.T.);
#11585=ORIENTED_EDGE('no 20671',*,*,#11584,.F.);
#11586=ORIENTED_EDGE('no 20672',*,*,#10263,.F.);
#11587=CARTESIAN_POINT('',(0.122889,0.0532128,0.013));
#11588=DIRECTION('',(1.0,0.0,0.0));
#11589=VECTOR('',#11588,1.0);
#11590=LINE('',#11587,#11589);
#11591=EDGE_CURVE('no 6151',#11579,#10252,#11590,.T.);
#11592=ORIENTED_EDGE('no 20673',*,*,#11591,.F.);
#11593=EDGE_LOOP('',(#11585,#11586,#11592));
#11594=FACE_OUTER_BOUND('',#11593,.T.);
#11595=CARTESIAN_POINT('',(0.122889,0.0532128,0.013));
#11596=DIRECTION('',(0.0,0.0,-1.0));
#11597=DIRECTION('',(0.7899107594,0.6132218132,0.0));
#11598=AXIS2_PLACEMENT_3D('',#11595,#11596,#11597);
#11599=PLANE('',#11598);
#11600=ADVANCED_FACE('no 20681',(#11594),#11599,.T.);
#11601=ORIENTED_EDGE('no 5106',*,*,#10277,.T.);
#11602=CARTESIAN_POINT('',(0.134012,0.0618483,0.016));
#11603=VERTEX_POINT('',#11602);
#11604=CARTESIAN_POINT('',(0.134012,0.0618483,0.016));
#11605=DIRECTION('',(0.0,0.0,-1.0));
#11606=VECTOR('',#11605,1.0);
#11607=LINE('',#11604,#11606);
#11608=EDGE_CURVE('no 4978',#11603,#9031,#11607,.T.);
#11609=ORIENTED_EDGE('no 5107',*,*,#11608,.F.);
#11610=CARTESIAN_POINT('',(0.134012,0.0788483,0.016));
#11611=DIRECTION('',(0.0,-1.0,0.0));
#11612=VECTOR('',#11611,1.0);
#11613=LINE('',#11610,#11612);
#11614=EDGE_CURVE('no 4266',#7061,#11603,#11613,.T.);
#11615=ORIENTED_EDGE('no 5108',*,*,#11614,.F.);
#11616=EDGE_LOOP('',(#11601,#11609,#11615));
#11617=FACE_OUTER_BOUND('',#11616,.T.);
#11618=CARTESIAN_POINT('',(0.134012,0.0788483,0.016));
#11619=DIRECTION('',(-1.0,-0.0,0.0));
#11620=DIRECTION('',(0.0,-0.9847836293,-0.1737849346));
#11621=AXIS2_PLACEMENT_3D('',#11618,#11619,#11620);
#11622=PLANE('',#11621);
#11623=ADVANCED_FACE('no 5116',(#11617),#11622,.T.);
#11624=ORIENTED_EDGE('no 5320',*,*,#10325,.T.);
#11625=ORIENTED_EDGE('no 5321',*,*,#10295,.T.);
#11626=ORIENTED_EDGE('no 5322',*,*,#10413,.F.);
#11627=EDGE_LOOP('',(#11624,#11625,#11626));
#11628=FACE_OUTER_BOUND('',#11627,.T.);
#11629=CARTESIAN_POINT('',(0.0768718,0.0549073,0.016));
#11630=DIRECTION('',(0.0,-1.0,-0.0));
#11631=DIRECTION('',(-0.9889364115,0.0,-0.1483400617));
#11632=AXIS2_PLACEMENT_3D('',#11629,#11630,#11631);
#11633=PLANE('',#11632);
#11634=ADVANCED_FACE('no 5330',(#11628),#11633,.T.);
#11635=ORIENTED_EDGE('no 20516',*,*,#10360,.F.);
#11636=CARTESIAN_POINT('',(0.134012,0.0618483,0.013));
#11637=DIRECTION('',(-1.0,0.0,0.0));
#11638=VECTOR('',#11637,1.0);
#11639=LINE('',#11636,#11638);
#11640=EDGE_CURVE('no 4949',#9031,#9124,#11639,.T.);
#11641=ORIENTED_EDGE('no 20517',*,*,#11640,.F.);
#11642=CARTESIAN_POINT('',(0.134012,0.0618483,0.013));
#11643=DIRECTION('',(-0.9673298905,-0.2535209713,0.0));
#11644=VECTOR('',#11643,1.0);
#11645=LINE('',#11642,#11644);
#11646=EDGE_CURVE('no 20515',#9031,#10355,#11645,.T.);
#11647=ORIENTED_EDGE('no 20518',*,*,#11646,.T.);
#11648=EDGE_LOOP('',(#11635,#11641,#11647));
#11649=FACE_OUTER_BOUND('',#11648,.T.);
#11650=CARTESIAN_POINT('',(0.101964,0.0534488,0.013));
#11651=DIRECTION('',(0.0,0.0,-1.0));
#11652=DIRECTION('',(-0.7292269316,0.6842719358,0.0));
#11653=AXIS2_PLACEMENT_3D('',#11650,#11651,#11652);
#11654=PLANE('',#11653);
#11655=ADVANCED_FACE('no 20526',(#11649),#11654,.T.);
#11656=ORIENTED_EDGE('no 5638',*,*,#11099,.T.);
#11657=ORIENTED_EDGE('no 5639',*,*,#10366,.T.);
#11658=CARTESIAN_POINT('',(0.101964,0.0534488,0.013));
#11659=DIRECTION('',(0.0,0.0,1.0));
#11660=VECTOR('',#11659,1.0);
#11661=LINE('',#11658,#11660);
#11662=EDGE_CURVE('no 5637',#10355,#9635,#11661,.T.);
#11663=ORIENTED_EDGE('no 5640',*,*,#11662,.T.);
#11664=EDGE_LOOP('',(#11656,#11657,#11663));
#11665=FACE_OUTER_BOUND('',#11664,.T.);
#11666=CARTESIAN_POINT('',(0.101964,0.0534488,0.016));
#11667=DIRECTION('',(0.0,-1.0,-0.0));
#11668=DIRECTION('',(-0.9847836293,0.0,-0.1737849346));
#11669=AXIS2_PLACEMENT_3D('',#11666,#11667,#11668);
#11670=PLANE('',#11669);
#11671=ADVANCED_FACE('no 5648',(#11665),#11670,.T.);
#11672=CARTESIAN_POINT('',(0.0930123,0.0618483,0.016));
#11673=DIRECTION('',(0.9973336847,0.0,-0.0729761694));
#11674=VECTOR('',#11673,1.0);
#11675=LINE('',#11672,#11674);
#11676=EDGE_CURVE('no 4943',#9372,#9031,#11675,.T.);
#11677=ORIENTED_EDGE('no 4956',*,*,#11676,.T.);
#11678=ORIENTED_EDGE('no 4957',*,*,#11640,.T.);
#11679=ORIENTED_EDGE('no 4958',*,*,#10381,.T.);
#11680=EDGE_LOOP('',(#11677,#11678,#11679));
#11681=FACE_OUTER_BOUND('',#11680,.T.);
#11682=CARTESIAN_POINT('',(0.0930123,0.0618483,0.016));
#11683=DIRECTION('',(0.0,1.0,0.0));
#11684=DIRECTION('',(0.9973337206,0.0,-0.0729756796));
#11685=AXIS2_PLACEMENT_3D('',#11682,#11683,#11684);
#11686=PLANE('',#11685);
#11687=ADVANCED_FACE('no 4966',(#11681),#11686,.T.);
#11688=ORIENTED_EDGE('no 13620',*,*,#10431,.F.);
#11689=ORIENTED_EDGE('no 13621',*,*,#11229,.T.);
#11690=CARTESIAN_POINT('',(0.0449891,0.00425181,0.0));
#11691=DIRECTION('',(0.9470462267,-0.3210972507,0.0));
#11692=VECTOR('',#11691,1.0);
#11693=LINE('',#11690,#11692);
#11694=EDGE_CURVE('no 13619',#11217,#10426,#11693,.T.);
#11695=ORIENTED_EDGE('no 13622',*,*,#11694,.T.);
#11696=EDGE_LOOP('',(#11688,#11689,#11695));
#11697=FACE_OUTER_BOUND('',#11696,.T.);
#11698=CARTESIAN_POINT('',(0.045533,0.0040674,0.0));
#11699=DIRECTION('',(-0.0,0.0,-1.0));
#11700=DIRECTION('',(-0.864203128,-0.5031430746,0.0));
#11701=AXIS2_PLACEMENT_3D('',#11698,#11699,#11700);
#11702=PLANE('',#11701);
#11703=ADVANCED_FACE('no 13630',(#11697),#11702,.T.);
#11704=CARTESIAN_POINT('',(0.045533,0.0040674,0.013));
#11705=VERTEX_POINT('',#11704);
#11706=CARTESIAN_POINT('',(0.045533,0.0040674,0.013));
#11707=DIRECTION('',(0.044041658,-0.0028710458,-0.99902557));
#11708=VECTOR('',#11707,1.0);
#11709=LINE('',#11706,#11708);
#11710=EDGE_CURVE('no 16510',#11705,#9202,#11709,.T.);
#11711=ORIENTED_EDGE('no 16517',*,*,#11710,.T.);
#11712=ORIENTED_EDGE('no 16518',*,*,#10437,.F.);
#11713=CARTESIAN_POINT('',(0.045533,0.0040674,0.0));
#11714=DIRECTION('',(0.0,0.0,1.0));
#11715=VECTOR('',#11714,1.0);
#11716=LINE('',#11713,#11715);
#11717=EDGE_CURVE('no 16516',#10426,#11705,#11716,.T.);
#11718=ORIENTED_EDGE('no 16519',*,*,#11717,.T.);
#11719=EDGE_LOOP('',(#11711,#11712,#11718));
#11720=FACE_OUTER_BOUND('',#11719,.T.);
#11721=CARTESIAN_POINT('',(0.045533,0.0040674,0.013));
#11722=DIRECTION('',(0.0650466145,0.9978822265,0.0000000067));
#11723=DIRECTION('',(0.0440415812,-0.0028708288,-0.999025574));
#11724=AXIS2_PLACEMENT_3D('',#11721,#11722,#11723);
#11725=PLANE('',#11724);
#11726=ADVANCED_FACE('no 16527',(#11720),#11725,.T.);
#11727=CARTESIAN_POINT('',(0.0461061,0.00403004,0.013));
#11728=VERTEX_POINT('',#11727);
#11729=CARTESIAN_POINT('',(0.0461061,0.00403004,0.013));
#11730=DIRECTION('',(0.0432885378,0.0086261998,-0.9990253706));
#11731=VECTOR('',#11730,1.0);
#11732=LINE('',#11729,#11731);
#11733=EDGE_CURVE('no 19039',#11728,#10449,#11732,.T.);
#11734=ORIENTED_EDGE('no 19040',*,*,#11733,.T.);
#11735=ORIENTED_EDGE('no 19041',*,*,#10454,.F.);
#11736=CARTESIAN_POINT('',(0.0461061,0.00403004,0.013));
#11737=DIRECTION('',(0.0,0.0,-1.0));
#11738=VECTOR('',#11737,1.0);
#11739=LINE('',#11736,#11738);
#11740=EDGE_CURVE('no 16545',#11728,#9202,#11739,.T.);
#11741=ORIENTED_EDGE('no 19042',*,*,#11740,.F.);
#11742=EDGE_LOOP('',(#11734,#11735,#11741));
#11743=FACE_OUTER_BOUND('',#11742,.T.);
#11744=CARTESIAN_POINT('',(0.0461061,0.00403004,0.013));
#11745=DIRECTION('',(-0.1954408959,0.9807154818,-0.0000000179));
#11746=DIRECTION('',(0.0432840812,0.0086258063,-0.9990255671));
#11747=AXIS2_PLACEMENT_3D('',#11744,#11745,#11746);
#11748=PLANE('',#11747);
#11749=ADVANCED_FACE('no 19050',(#11743),#11748,.T.);
#11750=ORIENTED_EDGE('no 13857',*,*,#10460,.F.);
#11751=CARTESIAN_POINT('',(0.0471844,0.00439648,0.0));
#11752=VERTEX_POINT('',#11751);
#11753=CARTESIAN_POINT('',(0.0466694,0.00414229,0.0));
#11754=DIRECTION('',(0.8967206626,0.4425969422,0.0));
#11755=VECTOR('',#11754,1.0);
#11756=LINE('',#11753,#11755);
#11757=EDGE_CURVE('no 13850',#10449,#11752,#11756,.T.);
#11758=ORIENTED_EDGE('no 13858',*,*,#11757,.T.);
#11759=CARTESIAN_POINT('',(0.0471844,0.00439648,0.0));
#11760=DIRECTION('',(0.9995940962,-0.0284893472,0.0));
#11761=VECTOR('',#11760,1.0);
#11762=LINE('',#11759,#11761);
#11763=EDGE_CURVE('no 13856',#11752,#6860,#11762,.T.);
#11764=ORIENTED_EDGE('no 13859',*,*,#11763,.T.);
#11765=EDGE_LOOP('',(#11750,#11758,#11764));
#11766=FACE_OUTER_BOUND('',#11765,.T.);
#11767=CARTESIAN_POINT('',(0.158451,0.00122528,0.0));
#11768=DIRECTION('',(0.0,0.0,-1.0));
#11769=DIRECTION('',(-0.999659687,0.0260865918,0.0));
#11770=AXIS2_PLACEMENT_3D('',#11767,#11768,#11769);
#11771=PLANE('',#11770);
#11772=ADVANCED_FACE('no 13867',(#11766),#11771,.T.);
#11773=CARTESIAN_POINT('',(0.155007,0.00466964,0.0));
#11774=VERTEX_POINT('',#11773);
#11775=CARTESIAN_POINT('',(0.155007,0.00466964,0.0));
#11776=DIRECTION('',(0.7070698254,-0.7071437351,0.0));
#11777=VECTOR('',#11776,1.0);
#11778=LINE('',#11775,#11777);
#11779=EDGE_CURVE('no 14348',#11774,#6860,#11778,.T.);
#11780=ORIENTED_EDGE('no 14372',*,*,#11779,.F.);
#11781=CARTESIAN_POINT('',(0.155357,0.00512528,0.0));
#11782=DIRECTION('',(-0.609172297,-0.7930379011,0.0));
#11783=VECTOR('',#11782,1.0);
#11784=LINE('',#11781,#11783);
#11785=EDGE_CURVE('no 10865',#10471,#11774,#11784,.T.);
#11786=ORIENTED_EDGE('no 14373',*,*,#11785,.F.);
#11787=ORIENTED_EDGE('no 14374',*,*,#10476,.T.);
#11788=EDGE_LOOP('',(#11780,#11786,#11787));
#11789=FACE_OUTER_BOUND('',#11788,.T.);
#11790=CARTESIAN_POINT('',(0.158451,0.00122528,0.0));
#11791=DIRECTION('',(0.0,0.0,-1.0));
#11792=DIRECTION('',(-0.7071077812,0.7071057812,0.0));
#11793=AXIS2_PLACEMENT_3D('',#11790,#11791,#11792);
#11794=PLANE('',#11793);
#11795=ADVANCED_FACE('no 14382',(#11789),#11794,.T.);
#11796=CARTESIAN_POINT('',(0.155501,0.00551297,0.013));
#11797=VERTEX_POINT('',#11796);
#11798=CARTESIAN_POINT('',(0.155501,0.00551297,0.013));
#11799=DIRECTION('',(-0.0110797028,-0.0298074075,-0.9994942514));
#11800=VECTOR('',#11799,1.0);
#11801=LINE('',#11798,#11800);
#11802=EDGE_CURVE('no 10743',#11797,#10471,#11801,.T.);
#11803=ORIENTED_EDGE('no 10785',*,*,#11802,.F.);
#11804=CARTESIAN_POINT('',(0.155501,0.00551297,0.013));
#11805=DIRECTION('',(0.0057687862,0.0109922298,-0.999922943));
#11806=VECTOR('',#11805,1.0);
#11807=LINE('',#11804,#11806);
#11808=EDGE_CURVE('no 10778',#11797,#9225,#11807,.T.);
#11809=ORIENTED_EDGE('no 10786',*,*,#11808,.T.);
#11810=ORIENTED_EDGE('no 10787',*,*,#10482,.T.);
#11811=EDGE_LOOP('',(#11803,#11809,#11810));
#11812=FACE_OUTER_BOUND('',#11811,.T.);
#11813=CARTESIAN_POINT('',(0.155357,0.00512528,0.0));
#11814=DIRECTION('',(-0.9238810351,0.3826780134,-0.0011709044));
#11815=DIRECTION('',(0.0110797028,0.0298074075,0.9994942514));
#11816=AXIS2_PLACEMENT_3D('',#11813,#11814,#11815);
#11817=PLANE('',#11816);
#11818=ADVANCED_FACE('no 10795',(#11812),#11817,.T.);
#11819=ORIENTED_EDGE('no 10692',*,*,#10499,.T.);
#11820=CARTESIAN_POINT('',(0.155576,0.00565588,0.013));
#11821=VERTEX_POINT('',#11820);
#11822=CARTESIAN_POINT('',(0.155576,0.00565588,0.0));
#11823=DIRECTION('',(0.0,0.0,1.0));
#11824=VECTOR('',#11823,1.0);
#11825=LINE('',#11822,#11824);
#11826=EDGE_CURVE('no 10685',#9225,#11821,#11825,.T.);
#11827=ORIENTED_EDGE('no 10693',*,*,#11826,.T.);
#11828=CARTESIAN_POINT('',(0.155576,0.00565588,0.013));
#11829=DIRECTION('',(0.1305896347,0.9914365069,0.0));
#11830=VECTOR('',#11829,1.0);
#11831=LINE('',#11828,#11830);
#11832=EDGE_CURVE('no 10691',#11821,#10494,#11831,.T.);
#11833=ORIENTED_EDGE('no 10694',*,*,#11832,.T.);
#11834=EDGE_LOOP('',(#11819,#11827,#11833));
#11835=FACE_OUTER_BOUND('',#11834,.T.);
#11836=CARTESIAN_POINT('',(0.155651,0.00622528,0.013));
#11837=DIRECTION('',(-0.9914438363,0.1305339783,-0.0000000037));
#11838=DIRECTION('',(-0.0057611275,-0.0437574812,-0.9990255714));
#11839=AXIS2_PLACEMENT_3D('',#11836,#11837,#11838);
#11840=PLANE('',#11839);
#11841=ADVANCED_FACE('no 10702',(#11835),#11840,.T.);
#11842=CARTESIAN_POINT('',(0.155576,0.00679468,0.013));
#11843=VERTEX_POINT('',#11842);
#11844=CARTESIAN_POINT('',(0.155576,0.00679468,0.013));
#11845=DIRECTION('',(0.0057611275,-0.0437574812,-0.9990255714));
#11846=VECTOR('',#11845,1.0);
#11847=LINE('',#11844,#11846);
#11848=EDGE_CURVE('no 12049',#11843,#8068,#11847,.T.);
#11849=ORIENTED_EDGE('no 12056',*,*,#11848,.T.);
#11850=ORIENTED_EDGE('no 12057',*,*,#10505,.F.);
#11851=CARTESIAN_POINT('',(0.155651,0.00622528,0.013));
#11852=DIRECTION('',(-0.1305339784,0.9914438363,0.0));
#11853=VECTOR('',#11852,1.0);
#11854=LINE('',#11851,#11853);
#11855=EDGE_CURVE('no 12055',#10494,#11843,#11854,.T.);
#11856=ORIENTED_EDGE('no 12058',*,*,#11855,.T.);
#11857=EDGE_LOOP('',(#11849,#11850,#11856));
#11858=FACE_OUTER_BOUND('',#11857,.T.);
#11859=CARTESIAN_POINT('',(0.155576,0.00679468,0.013));
#11860=DIRECTION('',(-0.9914438363,-0.1305339783,0.0000000037));
#11861=DIRECTION('',(0.0057611275,-0.0437574812,-0.9990255714));
#11862=AXIS2_PLACEMENT_3D('',#11859,#11860,#11861);
#11863=PLANE('',#11862);
#11864=ADVANCED_FACE('no 12066',(#11858),#11863,.T.);
#11865=CARTESIAN_POINT('',(0.155357,0.0881253,0.0));
#11866=VERTEX_POINT('',#11865);
#11867=CARTESIAN_POINT('',(0.158451,0.0920253,0.0));
#11868=DIRECTION('',(-0.621505259,-0.7834099904,0.0));
#11869=VECTOR('',#11868,1.0);
#11870=LINE('',#11867,#11869);
#11871=EDGE_CURVE('no 13451',#4027,#11866,#11870,.T.);
#11872=ORIENTED_EDGE('no 13475',*,*,#11871,.F.);
#11873=ORIENTED_EDGE('no 13476',*,*,#10522,.T.);
#11874=CARTESIAN_POINT('',(0.155357,0.0881253,0.0));
#11875=DIRECTION('',(0.3815207342,-0.9243602812,0.0));
#11876=VECTOR('',#11875,1.0);
#11877=LINE('',#11874,#11876);
#11878=EDGE_CURVE('no 11962',#11866,#10517,#11877,.T.);
#11879=ORIENTED_EDGE('no 13477',*,*,#11878,.F.);
#11880=EDGE_LOOP('',(#11872,#11873,#11879));
#11881=FACE_OUTER_BOUND('',#11880,.T.);
#11882=CARTESIAN_POINT('',(0.155357,0.0881253,0.0));
#11883=DIRECTION('',(0.0,0.0,-1.0));
#11884=DIRECTION('',(0.6215977112,0.7833366361,0.0));
#11885=AXIS2_PLACEMENT_3D('',#11882,#11883,#11884);
#11886=PLANE('',#11885);
#11887=ADVANCED_FACE('no 13485',(#11881),#11886,.T.);
#11888=CARTESIAN_POINT('',(0.155576,0.0875947,0.013));
#11889=VERTEX_POINT('',#11888);
#11890=CARTESIAN_POINT('',(0.155576,0.0875947,0.013));
#11891=DIRECTION('',(0.005763609,-0.0437573197,-0.9990255641));
#11892=VECTOR('',#11891,1.0);
#11893=LINE('',#11890,#11892);
#11894=EDGE_CURVE('no 17694',#11889,#9248,#11893,.T.);
#11895=ORIENTED_EDGE('no 17718',*,*,#11894,.F.);
#11896=CARTESIAN_POINT('',(0.155576,0.0875947,0.0));
#11897=DIRECTION('',(0.0,0.0,1.0));
#11898=VECTOR('',#11897,1.0);
#11899=LINE('',#11896,#11898);
#11900=EDGE_CURVE('no 11933',#10517,#11889,#11899,.T.);
#11901=ORIENTED_EDGE('no 17719',*,*,#11900,.F.);
#11902=ORIENTED_EDGE('no 17720',*,*,#10529,.F.);
#11903=EDGE_LOOP('',(#11895,#11901,#11902));
#11904=FACE_OUTER_BOUND('',#11903,.T.);
#11905=CARTESIAN_POINT('',(0.155651,0.0870253,0.0));
#11906=DIRECTION('',(-0.9914438364,-0.1305339777,0.0000000168));
#11907=DIRECTION('',(-0.0057611275,0.043757581,0.999025567));
#11908=AXIS2_PLACEMENT_3D('',#11905,#11906,#11907);
#11909=PLANE('',#11908);
#11910=ADVANCED_FACE('no 17728',(#11904),#11909,.T.);
#11911=CARTESIAN_POINT('',(0.155576,0.0864559,0.0));
#11912=VERTEX_POINT('',#11911);
#11913=CARTESIAN_POINT('',(0.155576,0.0864559,0.0));
#11914=DIRECTION('',(0.0,-1.0,0.0));
#11915=VECTOR('',#11914,1.0);
#11916=LINE('',#11913,#11915);
#11917=EDGE_CURVE('no 15042',#11912,#10540,#11916,.T.);
#11918=ORIENTED_EDGE('no 15072',*,*,#11917,.F.);
#11919=CARTESIAN_POINT('',(0.155576,0.0864559,0.0));
#11920=DIRECTION('',(0.1305896347,0.9914365069,0.0));
#11921=VECTOR('',#11920,1.0);
#11922=LINE('',#11919,#11921);
#11923=EDGE_CURVE('no 15065',#11912,#9248,#11922,.T.);
#11924=ORIENTED_EDGE('no 15073',*,*,#11923,.T.);
#11925=ORIENTED_EDGE('no 15074',*,*,#10545,.T.);
#11926=EDGE_LOOP('',(#11918,#11924,#11925));
#11927=FACE_OUTER_BOUND('',#11926,.T.);
#11928=CARTESIAN_POINT('',(0.155576,0.00679468,0.0));
#11929=DIRECTION('',(0.0,0.0,-1.0));
#11930=DIRECTION('',(0.0,1.0,0.0));
#11931=AXIS2_PLACEMENT_3D('',#11928,#11929,#11930);
#11932=PLANE('',#11931);
#11933=ADVANCED_FACE('no 15082',(#11927),#11932,.T.);
#11934=ORIENTED_EDGE('no 12079',*,*,#11848,.F.);
#11935=CARTESIAN_POINT('',(0.155576,0.00679468,0.0));
#11936=DIRECTION('',(0.0,0.0,1.0));
#11937=VECTOR('',#11936,1.0);
#11938=LINE('',#11935,#11937);
#11939=EDGE_CURVE('no 11991',#10540,#11843,#11938,.T.);
#11940=ORIENTED_EDGE('no 12080',*,*,#11939,.F.);
#11941=ORIENTED_EDGE('no 12081',*,*,#10552,.T.);
#11942=EDGE_LOOP('',(#11934,#11940,#11941));
#11943=FACE_OUTER_BOUND('',#11942,.T.);
#11944=CARTESIAN_POINT('',(0.155651,0.00622528,0.0));
#11945=DIRECTION('',(-0.9914438363,-0.1305339783,0.0000000037));
#11946=DIRECTION('',(-0.0057611275,0.0437574812,0.9990255714));
#11947=AXIS2_PLACEMENT_3D('',#11944,#11945,#11946);
#11948=PLANE('',#11947);
#11949=ADVANCED_FACE('no 12089',(#11943),#11948,.T.);
#11950=ORIENTED_EDGE('no 12983',*,*,#10569,.F.);
#11951=CARTESIAN_POINT('',(0.0477764,0.0875947,0.0));
#11952=VERTEX_POINT('',#11951);
#11953=CARTESIAN_POINT('',(0.158451,0.0920253,0.0));
#11954=DIRECTION('',(-0.9991996544,-0.0400006324,0.0));
#11955=VECTOR('',#11954,1.0);
#11956=LINE('',#11953,#11955);
#11957=EDGE_CURVE('no 12976',#4027,#11952,#11956,.T.);
#11958=ORIENTED_EDGE('no 12984',*,*,#11957,.T.);
#11959=CARTESIAN_POINT('',(0.0477764,0.0875947,0.0));
#11960=DIRECTION('',(-0.3827106054,0.9238682766,0.0));
#11961=VECTOR('',#11960,1.0);
#11962=LINE('',#11959,#11961);
#11963=EDGE_CURVE('no 12982',#11952,#10564,#11962,.T.);
#11964=ORIENTED_EDGE('no 12985',*,*,#11963,.T.);
#11965=EDGE_LOOP('',(#11950,#11958,#11964));
#11966=FACE_OUTER_BOUND('',#11965,.T.);
#11967=CARTESIAN_POINT('',(0.0475566,0.0881253,0.0));
#11968=DIRECTION('',(0.0,0.0,-1.0));
#11969=DIRECTION('',(0.9993821637,0.0351467058,0.0));
#11970=AXIS2_PLACEMENT_3D('',#11967,#11968,#11969);
#11971=PLANE('',#11970);
#11972=ADVANCED_FACE('no 12993',(#11966),#11971,.T.);
#11973=CARTESIAN_POINT('',(0.047207,0.0885809,0.013));
#11974=DIRECTION('',(0.0268661068,-0.0350120088,-0.9990257112));
#11975=VECTOR('',#11974,1.0);
#11976=LINE('',#11973,#11975);
#11977=EDGE_CURVE('no 17994',#10586,#10564,#11976,.T.);
#11978=ORIENTED_EDGE('no 18024',*,*,#11977,.F.);
#11979=ORIENTED_EDGE('no 18025',*,*,#10598,.F.);
#11980=ORIENTED_EDGE('no 18026',*,*,#10575,.F.);
#11981=EDGE_LOOP('',(#11978,#11979,#11980));
#11982=FACE_OUTER_BOUND('',#11981,.T.);
#11983=CARTESIAN_POINT('',(0.0475566,0.0881253,0.0));
#11984=DIRECTION('',(-0.7933542746,-0.6087602114,-0.0000000116));
#11985=DIRECTION('',(-0.0268674889,0.0350144855,0.9990255872));
#11986=AXIS2_PLACEMENT_3D('',#11983,#11984,#11985);
#11987=PLANE('',#11986);
#11988=ADVANCED_FACE('no 18034',(#11982),#11987,.T.);
#11989=ORIENTED_EDGE('no 1015',*,*,#10646,.F.);
#11990=CARTESIAN_POINT('',(0.140056,0.0338366,0.016));
#11991=VERTEX_POINT('',#11990);
#11992=CARTESIAN_POINT('',(0.151448,0.00519796,0.016));
#11993=DIRECTION('',(-0.3696151363,0.9291849391,0.0));
#11994=VECTOR('',#11993,1.0);
#11995=LINE('',#11992,#11994);
#11996=EDGE_CURVE('no 1008',#9334,#11991,#11995,.T.);
#11997=ORIENTED_EDGE('no 1016',*,*,#11996,.T.);
#11998=CARTESIAN_POINT('',(0.140056,0.0338366,0.016));
#11999=DIRECTION('',(0.0,-1.0,0.0));
#12000=VECTOR('',#11999,1.0);
#12001=LINE('',#11998,#12000);
#12002=EDGE_CURVE('no 1014',#11991,#9442,#12001,.T.);
#12003=ORIENTED_EDGE('no 1017',*,*,#12002,.T.);
#12004=EDGE_LOOP('',(#11989,#11997,#12003));
#12005=FACE_OUTER_BOUND('',#12004,.T.);
#12006=CARTESIAN_POINT('',(0.140056,0.0168366,0.016));
#12007=DIRECTION('',(-0.0,0.0,1.0));
#12008=DIRECTION('',(0.6994932248,-0.7146392296,0.0));
#12009=AXIS2_PLACEMENT_3D('',#12006,#12007,#12008);
#12010=PLANE('',#12009);
#12011=ADVANCED_FACE('no 1025',(#12005),#12010,.T.);
#12012=ORIENTED_EDGE('no 2279',*,*,#10663,.F.);
#12013=CARTESIAN_POINT('',(0.139889,0.0532128,0.016));
#12014=VERTEX_POINT('',#12013);
#12015=CARTESIAN_POINT('',(0.134012,0.0788483,0.016));
#12016=DIRECTION('',(0.223455555,-0.9747141196,0.0));
#12017=VECTOR('',#12016,1.0);
#12018=LINE('',#12015,#12017);
#12019=EDGE_CURVE('no 2272',#7061,#12014,#12018,.T.);
#12020=ORIENTED_EDGE('no 2280',*,*,#12019,.T.);
#12021=CARTESIAN_POINT('',(0.139889,0.0532128,0.016));
#12022=DIRECTION('',(0.3148481235,0.9491420648,0.0));
#12023=VECTOR('',#12022,1.0);
#12024=LINE('',#12021,#12023);
#12025=EDGE_CURVE('no 2278',#12014,#10658,#12024,.T.);
#12026=ORIENTED_EDGE('no 2281',*,*,#12025,.T.);
#12027=EDGE_LOOP('',(#12012,#12020,#12026));
#12028=FACE_OUTER_BOUND('',#12027,.T.);
#12029=CARTESIAN_POINT('',(0.151284,0.0875642,0.016));
#12030=DIRECTION('',(0.0,0.0,1.0));
#12031=DIRECTION('',(-0.8927652599,-0.4505221312,0.0));
#12032=AXIS2_PLACEMENT_3D('',#12029,#12030,#12031);
#12033=PLANE('',#12032);
#12034=ADVANCED_FACE('no 2289',(#12028),#12033,.T.);
#12035=ORIENTED_EDGE('no 841',*,*,#10686,.F.);
#12036=CARTESIAN_POINT('',(0.120755,0.0533706,0.016));
#12037=VERTEX_POINT('',#12036);
#12038=CARTESIAN_POINT('',(0.123056,0.0168366,0.016));
#12039=DIRECTION('',(-0.0628590262,0.998022416,0.0));
#12040=VECTOR('',#12039,1.0);
#12041=LINE('',#12038,#12040);
#12042=EDGE_CURVE('no 834',#7083,#12037,#12041,.T.);
#12043=ORIENTED_EDGE('no 842',*,*,#12042,.T.);
#12044=CARTESIAN_POINT('',(0.120755,0.0533706,0.016));
#12045=DIRECTION('',(0.0,-1.0,0.0));
#12046=VECTOR('',#12045,1.0);
#12047=LINE('',#12044,#12046);
#12048=EDGE_CURVE('no 840',#12037,#10681,#12047,.T.);
#12049=ORIENTED_EDGE('no 843',*,*,#12048,.T.);
#12050=EDGE_LOOP('',(#12035,#12043,#12049));
#12051=FACE_OUTER_BOUND('',#12050,.T.);
#12052=CARTESIAN_POINT('',(0.120755,0.0363706,0.016));
#12053=DIRECTION('',(-0.0,0.0,1.0));
#12054=DIRECTION('',(0.1169880381,-0.9931333238,0.0));
#12055=AXIS2_PLACEMENT_3D('',#12052,#12053,#12054);
#12056=PLANE('',#12055);
#12057=ADVANCED_FACE('no 851',(#12051),#12056,.T.);
#12058=CARTESIAN_POINT('',(0.103755,0.0363706,0.016));
#12059=VERTEX_POINT('',#12058);
#12060=CARTESIAN_POINT('',(0.120739,0.0339808,0.016));
#12061=DIRECTION('',(-0.9902451184,0.1393363038,0.0));
#12062=VECTOR('',#12061,1.0);
#12063=LINE('',#12060,#12062);
#12064=EDGE_CURVE('no 4567',#9419,#12059,#12063,.T.);
#12065=ORIENTED_EDGE('no 4597',*,*,#12064,.F.);
#12066=ORIENTED_EDGE('no 4598',*,*,#10692,.F.);
#12067=CARTESIAN_POINT('',(0.120755,0.0363706,0.016));
#12068=DIRECTION('',(-1.0,0.0,0.0));
#12069=VECTOR('',#12068,1.0);
#12070=LINE('',#12067,#12069);
#12071=EDGE_CURVE('no 4596',#10681,#12059,#12070,.T.);
#12072=ORIENTED_EDGE('no 4599',*,*,#12071,.T.);
#12073=EDGE_LOOP('',(#12065,#12066,#12072));
#12074=FACE_OUTER_BOUND('',#12073,.T.);
#12075=CARTESIAN_POINT('',(0.103755,0.0363706,0.016));
#12076=DIRECTION('',(-0.0,0.0,1.0));
#12077=DIRECTION('',(0.9902455913,-0.1393329425,0.0));
#12078=AXIS2_PLACEMENT_3D('',#12075,#12076,#12077);
#12079=PLANE('',#12078);
#12080=ADVANCED_FACE('no 4607',(#12074),#12079,.T.);
#12081=ORIENTED_EDGE('no 6678',*,*,#10708,.T.);
#12082=CARTESIAN_POINT('',(0.123056,0.0168366,0.013));
#12083=VERTEX_POINT('',#12082);
#12084=CARTESIAN_POINT('',(0.140056,0.0168366,0.013));
#12085=DIRECTION('',(-1.0,0.0,0.0));
#12086=VECTOR('',#12085,1.0);
#12087=LINE('',#12084,#12086);
#12088=EDGE_CURVE('no 6671',#10703,#12083,#12087,.T.);
#12089=ORIENTED_EDGE('no 6679',*,*,#12088,.T.);
#12090=CARTESIAN_POINT('',(0.123056,0.0168366,0.013));
#12091=DIRECTION('',(0.0,0.0,1.0));
#12092=VECTOR('',#12091,1.0);
#12093=LINE('',#12090,#12092);
#12094=EDGE_CURVE('no 6677',#12083,#7083,#12093,.T.);
#12095=ORIENTED_EDGE('no 6680',*,*,#12094,.T.);
#12096=EDGE_LOOP('',(#12081,#12089,#12095));
#12097=FACE_OUTER_BOUND('',#12096,.T.);
#12098=CARTESIAN_POINT('',(0.123056,0.0168366,0.016));
#12099=DIRECTION('',(0.0,1.0,0.0));
#12100=DIRECTION('',(0.9847836293,0.0,-0.1737849346));
#12101=AXIS2_PLACEMENT_3D('',#12098,#12099,#12100);
#12102=PLANE('',#12101);
#12103=ADVANCED_FACE('no 6688',(#12097),#12102,.T.);
#12104=CARTESIAN_POINT('',(0.140056,0.0338366,0.016));
#12105=DIRECTION('',(0.0,-0.9847835588,-0.1737853339));
#12106=VECTOR('',#12105,1.0);
#12107=LINE('',#12104,#12106);
#12108=EDGE_CURVE('no 6607',#11991,#10703,#12107,.T.);
#12109=ORIENTED_EDGE('no 6614',*,*,#12108,.T.);
#12110=ORIENTED_EDGE('no 6615',*,*,#10715,.T.);
#12111=ORIENTED_EDGE('no 6616',*,*,#12002,.F.);
#12112=EDGE_LOOP('',(#12109,#12110,#12111));
#12113=FACE_OUTER_BOUND('',#12112,.T.);
#12114=CARTESIAN_POINT('',(0.140056,0.0338366,0.016));
#12115=DIRECTION('',(-1.0,-0.0,0.0));
#12116=DIRECTION('',(0.0,-0.9847836293,-0.1737849346));
#12117=AXIS2_PLACEMENT_3D('',#12114,#12115,#12116);
#12118=PLANE('',#12117);
#12119=ADVANCED_FACE('no 6624',(#12113),#12118,.T.);
#12120=ORIENTED_EDGE('no 23573',*,*,#10738,.F.);
#12121=CARTESIAN_POINT('',(0.152882,0.0891503,0.013));
#12122=VERTEX_POINT('',#12121);
#12123=CARTESIAN_POINT('',(0.153451,0.0892253,0.013));
#12124=DIRECTION('',(-0.9914246171,-0.1306798704,0.0));
#12125=VECTOR('',#12124,1.0);
#12126=LINE('',#12123,#12125);
#12127=EDGE_CURVE('no 16250',#10727,#12122,#12126,.T.);
#12128=ORIENTED_EDGE('no 23572',*,*,#12127,.T.);
#12129=CARTESIAN_POINT('',(0.152882,0.0891503,0.013));
#12130=VERTEX_POINT('',#12129);
#12131=CARTESIAN_POINT('',(0.152882,0.0891503,0.013));
#12132=DIRECTION('',(0.8891560831,0.4576040428,0.0));
#12133=VECTOR('',#12132,1.0);
#12134=LINE('',#12131,#12133);
#12135=EDGE_CURVE('no 23547',#12130,#5149,#12134,.T.);
#12136=ORIENTED_EDGE('no 23571',*,*,#12135,.T.);
#12137=EDGE_LOOP('',(#12120,#12128,#12136));
#12138=FACE_OUTER_BOUND('',#12137,.T.);
#12139=CARTESIAN_POINT('',(0.158409,0.0919948,0.013));
#12140=DIRECTION('',(0.0,0.0,1.0));
#12141=DIRECTION('',(-0.8891560831,-0.4576040428,0.0));
#12142=AXIS2_PLACEMENT_3D('',#12139,#12140,#12141);
#12143=PLANE('',#12142);
#12144=ADVANCED_FACE('no 23581',(#12138),#12143,.F.);
#12145=CARTESIAN_POINT('',(0.152954,0.0083472,0.016));
#12146=VERTEX_POINT('',#12145);
#12147=CARTESIAN_POINT('',(0.152954,0.0083472,0.016));
#12148=DIRECTION('',(0.0059516838,0.9999822886,0.0));
#12149=VECTOR('',#12148,1.0);
#12150=LINE('',#12147,#12149);
#12151=EDGE_CURVE('no 2898',#12146,#10749,#12150,.T.);
#12152=ORIENTED_EDGE('no 2934',*,*,#12151,.F.);
#12153=CARTESIAN_POINT('',(0.152954,0.0083472,0.016));
#12154=DIRECTION('',(0.9969861176,0.077580161,0.0));
#12155=VECTOR('',#12154,1.0);
#12156=LINE('',#12153,#12155);
#12157=EDGE_CURVE('no 2927',#12146,#9487,#12156,.T.);
#12158=ORIENTED_EDGE('no 2935',*,*,#12157,.T.);
#12159=ORIENTED_EDGE('no 2936',*,*,#10754,.T.);
#12160=EDGE_LOOP('',(#12152,#12158,#12159));
#12161=FACE_OUTER_BOUND('',#12160,.T.);
#12162=CARTESIAN_POINT('',(0.153409,0.0847948,0.016));
#12163=DIRECTION('',(0.0,0.0,1.0));
#12164=DIRECTION('',(-0.0059558716,-0.9999822636,0.0));
#12165=AXIS2_PLACEMENT_3D('',#12162,#12163,#12164);
#12166=PLANE('',#12165);
#12167=ADVANCED_FACE('no 2944',(#12161),#12166,.T.);
#12168=CARTESIAN_POINT('',(0.152954,0.0083472,0.013));
#12169=VERTEX_POINT('',#12168);
#12170=CARTESIAN_POINT('',(0.153526,0.00839171,0.016));
#12171=DIRECTION('',(-0.1872727718,-0.0145725718,-0.9821998519));
#12172=VECTOR('',#12171,1.0);
#12173=LINE('',#12170,#12172);
#12174=EDGE_CURVE('no 9937',#9487,#12169,#12173,.T.);
#12175=ORIENTED_EDGE('no 9944',*,*,#12174,.T.);
#12176=CARTESIAN_POINT('',(0.152954,0.0083472,0.013));
#12177=DIRECTION('',(0.9969861176,0.077580161,0.0));
#12178=VECTOR('',#12177,1.0);
#12179=LINE('',#12176,#12178);
#12180=EDGE_CURVE('no 9943',#12169,#9510,#12179,.T.);
#12181=ORIENTED_EDGE('no 9945',*,*,#12180,.T.);
#12182=ORIENTED_EDGE('no 9946',*,*,#10777,.F.);
#12183=EDGE_LOOP('',(#12175,#12181,#12182));
#12184=FACE_OUTER_BOUND('',#12183,.T.);
#12185=CARTESIAN_POINT('',(0.153526,0.00839171,0.016));
#12186=DIRECTION('',(0.0774935763,-0.9969928513,-0.0000000632));
#12187=DIRECTION('',(-0.18746003,-0.0145707023,-0.9821641572));
#12188=AXIS2_PLACEMENT_3D('',#12185,#12186,#12187);
#12189=PLANE('',#12188);
#12190=ADVANCED_FACE('no 9954',(#12184),#12189,.T.);
#12191=CARTESIAN_POINT('',(0.153451,0.0848253,0.013));
#12192=VERTEX_POINT('',#12191);
#12193=CARTESIAN_POINT('',(0.153451,0.0848253,0.013));
#12194=DIRECTION('',(0.991443431,0.1305370567,0.0));
#12195=VECTOR('',#12194,1.0);
#12196=LINE('',#12193,#12195);
#12197=EDGE_CURVE('no 10447',#12192,#9533,#12196,.T.);
#12198=ORIENTED_EDGE('no 24168',*,*,#12197,.T.);
#12199=ORIENTED_EDGE('no 24167',*,*,#10793,.F.);
#12200=CARTESIAN_POINT('',(0.153526,0.00839171,0.013));
#12201=DIRECTION('',(-0.0009812435,0.9999995186,0.0));
#12202=VECTOR('',#12201,1.0);
#12203=LINE('',#12200,#12202);
#12204=EDGE_CURVE('no 24113',#9510,#12192,#12203,.T.);
#12205=ORIENTED_EDGE('no 24166',*,*,#12204,.T.);
#12206=EDGE_LOOP('',(#12198,#12199,#12205));
#12207=FACE_OUTER_BOUND('',#12206,.T.);
#12208=CARTESIAN_POINT('',(0.153451,0.0848253,0.013));
#12209=DIRECTION('',(-0.0,0.0,1.0));
#12210=DIRECTION('',(0.0009808215,-0.999999519,0.0));
#12211=AXIS2_PLACEMENT_3D('',#12208,#12209,#12210);
#12212=PLANE('',#12211);
#12213=ADVANCED_FACE('no 24176',(#12207),#12212,.F.);
#12214=CARTESIAN_POINT('',(0.154021,0.0849002,0.0));
#12215=VERTEX_POINT('',#12214);
#12216=CARTESIAN_POINT('',(0.154021,0.0849002,0.013));
#12217=DIRECTION('',(0.0,0.0,-1.0));
#12218=VECTOR('',#12217,1.0);
#12219=LINE('',#12216,#12218);
#12220=EDGE_CURVE('no 10453',#9533,#12215,#12219,.T.);
#12221=ORIENTED_EDGE('no 15831',*,*,#12220,.T.);
#12222=CARTESIAN_POINT('',(0.154021,0.0849002,0.0));
#12223=DIRECTION('',(0.9238825216,0.382676216,0.0));
#12224=VECTOR('',#12223,1.0);
#12225=LINE('',#12222,#12224);
#12226=EDGE_CURVE('no 14839',#12215,#10804,#12225,.T.);
#12227=ORIENTED_EDGE('no 15830',*,*,#12226,.T.);
#12228=ORIENTED_EDGE('no 15829',*,*,#10816,.F.);
#12229=EDGE_LOOP('',(#12221,#12227,#12228));
#12230=FACE_OUTER_BOUND('',#12229,.T.);
#12231=CARTESIAN_POINT('',(0.154021,0.0849002,0.013));
#12232=DIRECTION('',(-0.382676217,0.9238825212,0.0000000232));
#12233=DIRECTION('',(0.0407756824,0.0168894927,-0.9990255696));
#12234=AXIS2_PLACEMENT_3D('',#12231,#12232,#12233);
#12235=PLANE('',#12234);
#12236=ADVANCED_FACE('no 15839',(#12230),#12235,.F.);
#12237=CARTESIAN_POINT('',(0.154551,0.00813054,0.0));
#12238=VERTEX_POINT('',#12237);
#12239=CARTESIAN_POINT('',(0.155007,0.0854696,0.0));
#12240=DIRECTION('',(-0.0058960126,-0.9999826184,0.0));
#12241=VECTOR('',#12240,1.0);
#12242=LINE('',#12239,#12241);
#12243=EDGE_CURVE('no 14903',#8411,#12238,#12242,.T.);
#12244=ORIENTED_EDGE('no 14906',*,*,#12243,.F.);
#12245=ORIENTED_EDGE('no 14905',*,*,#10831,.F.);
#12246=CARTESIAN_POINT('',(0.154551,0.08512,0.0));
#12247=DIRECTION('',(0.0,-1.0,0.0));
#12248=VECTOR('',#12247,1.0);
#12249=LINE('',#12246,#12248);
#12250=EDGE_CURVE('no 14868',#10804,#12238,#12249,.T.);
#12251=ORIENTED_EDGE('no 14904',*,*,#12250,.T.);
#12252=EDGE_LOOP('',(#12244,#12245,#12251));
#12253=FACE_OUTER_BOUND('',#12252,.T.);
#12254=CARTESIAN_POINT('',(0.154551,0.00813054,0.0));
#12255=DIRECTION('',(0.0,0.0,-1.0));
#12256=DIRECTION('',(0.0,1.0,0.0));
#12257=AXIS2_PLACEMENT_3D('',#12254,#12255,#12256);
#12258=PLANE('',#12257);
#12259=ADVANCED_FACE('no 14914',(#12253),#12258,.F.);
#12260=CARTESIAN_POINT('',(0.155357,0.0859253,0.0));
#12261=DIRECTION('',(0.3815207342,0.9243602812,0.0));
#12262=VECTOR('',#12261,1.0);
#12263=LINE('',#12260,#12262);
#12264=EDGE_CURVE('no 15013',#9572,#11912,#12263,.T.);
#12265=ORIENTED_EDGE('no 16386',*,*,#12264,.T.);
#12266=CARTESIAN_POINT('',(0.155576,0.0864559,0.0));
#12267=DIRECTION('',(0.0,0.0,1.0));
#12268=VECTOR('',#12267,1.0);
#12269=LINE('',#12266,#12268);
#12270=EDGE_CURVE('no 16308',#11912,#10843,#12269,.T.);
#12271=ORIENTED_EDGE('no 16385',*,*,#12270,.T.);
#12272=ORIENTED_EDGE('no 16384',*,*,#10855,.T.);
#12273=EDGE_LOOP('',(#12265,#12271,#12272));
#12274=FACE_OUTER_BOUND('',#12273,.T.);
#12275=CARTESIAN_POINT('',(0.155357,0.0859253,0.0));
#12276=DIRECTION('',(-0.9238806068,0.3826808387,0.0000000321));
#12277=DIRECTION('',(0.0168894931,0.0407750834,0.9990255941));
#12278=AXIS2_PLACEMENT_3D('',#12275,#12276,#12277);
#12279=PLANE('',#12278);
#12280=ADVANCED_FACE('no 16394',(#12274),#12279,.F.);
#12281=CARTESIAN_POINT('',(0.155007,0.00778091,0.0));
#12282=VERTEX_POINT('',#12281);
#12283=CARTESIAN_POINT('',(0.155357,0.00732528,0.0));
#12284=DIRECTION('',(-0.6087670316,0.7933490412,0.0));
#12285=VECTOR('',#12284,1.0);
#12286=LINE('',#12283,#12285);
#12287=EDGE_CURVE('no 14961',#10866,#12282,#12286,.T.);
#12288=ORIENTED_EDGE('no 14964',*,*,#12287,.F.);
#12289=ORIENTED_EDGE('no 14963',*,*,#10878,.F.);
#12290=CARTESIAN_POINT('',(0.155007,0.0854696,0.0));
#12291=DIRECTION('',(0.0,-1.0,0.0));
#12292=VECTOR('',#12291,1.0);
#12293=LINE('',#12290,#12292);
#12294=EDGE_CURVE('no 14926',#8411,#12282,#12293,.T.);
#12295=ORIENTED_EDGE('no 14962',*,*,#12294,.T.);
#12296=EDGE_LOOP('',(#12288,#12289,#12295));
#12297=FACE_OUTER_BOUND('',#12296,.T.);
#12298=CARTESIAN_POINT('',(0.155007,0.00778091,0.0));
#12299=DIRECTION('',(0.0,0.0,-1.0));
#12300=DIRECTION('',(0.0,1.0,0.0));
#12301=AXIS2_PLACEMENT_3D('',#12298,#12299,#12300);
#12302=PLANE('',#12301);
#12303=ADVANCED_FACE('no 14972',(#12297),#12302,.F.);
#12304=CARTESIAN_POINT('',(0.155576,0.0864559,0.0));
#12305=DIRECTION('',(-0.0027675653,-0.9999961703,0.0));
#12306=VECTOR('',#12305,1.0);
#12307=LINE('',#12304,#12306);
#12308=EDGE_CURVE('no 15019',#11912,#10866,#12307,.T.);
#12309=ORIENTED_EDGE('no 15022',*,*,#12308,.F.);
#12310=ORIENTED_EDGE('no 15021',*,*,#12264,.F.);
#12311=ORIENTED_EDGE('no 15020',*,*,#10871,.T.);
#12312=EDGE_LOOP('',(#12309,#12310,#12311));
#12313=FACE_OUTER_BOUND('',#12312,.T.);
#12314=CARTESIAN_POINT('',(0.155357,0.00732528,0.0));
#12315=DIRECTION('',(0.0,0.0,-1.0));
#12316=DIRECTION('',(0.0,1.0,0.0));
#12317=AXIS2_PLACEMENT_3D('',#12314,#12315,#12316);
#12318=PLANE('',#12317);
#12319=ADVANCED_FACE('no 15030',(#12313),#12318,.F.);
#12320=ORIENTED_EDGE('no 20269',*,*,#10894,.F.);
#12321=CARTESIAN_POINT('',(0.120739,0.0169808,0.013));
#12322=DIRECTION('',(0.9980689697,-0.0621154706,0.0));
#12323=VECTOR('',#12322,1.0);
#12324=LINE('',#12321,#12323);
#12325=EDGE_CURVE('no 20262',#8433,#12083,#12324,.T.);
#12326=ORIENTED_EDGE('no 20270',*,*,#12325,.T.);
#12327=CARTESIAN_POINT('',(0.123056,0.0168366,0.013));
#12328=DIRECTION('',(0.9764471838,-0.2157565695,0.0));
#12329=VECTOR('',#12328,1.0);
#12330=LINE('',#12327,#12329);
#12331=EDGE_CURVE('no 20268',#12083,#7448,#12330,.T.);
#12332=ORIENTED_EDGE('no 20271',*,*,#12331,.T.);
#12333=EDGE_LOOP('',(#12320,#12326,#12332));
#12334=FACE_OUTER_BOUND('',#12333,.T.);
#12335=CARTESIAN_POINT('',(0.148451,0.0112253,0.013));
#12336=DIRECTION('',(0.0,0.0,-1.0));
#12337=DIRECTION('',(-0.9791067455,0.2033469471,0.0));
#12338=AXIS2_PLACEMENT_3D('',#12335,#12336,#12337);
#12339=PLANE('',#12338);
#12340=ADVANCED_FACE('no 20279',(#12334),#12339,.T.);
#12341=ORIENTED_EDGE('no 6539',*,*,#10910,.F.);
#12342=CARTESIAN_POINT('',(0.103739,0.0339808,0.013));
#12343=DIRECTION('',(0.0,0.0,1.0));
#12344=VECTOR('',#12343,1.0);
#12345=LINE('',#12342,#12344);
#12346=EDGE_CURVE('no 6538',#10905,#10951,#12345,.T.);
#12347=ORIENTED_EDGE('no 6540',*,*,#12346,.T.);
#12348=ORIENTED_EDGE('no 6541',*,*,#10963,.F.);
#12349=EDGE_LOOP('',(#12341,#12347,#12348));
#12350=FACE_OUTER_BOUND('',#12349,.T.);
#12351=CARTESIAN_POINT('',(0.103739,0.0169808,0.016));
#12352=DIRECTION('',(1.0,-0.0,0.0));
#12353=DIRECTION('',(0.0,0.9847836293,-0.1737849346));
#12354=AXIS2_PLACEMENT_3D('',#12351,#12352,#12353);
#12355=PLANE('',#12354);
#12356=ADVANCED_FACE('no 6549',(#12350),#12355,.T.);
#12357=ORIENTED_EDGE('no 20217',*,*,#11016,.F.);
#12358=CARTESIAN_POINT('',(0.101964,0.0364488,0.013));
#12359=DIRECTION('',(0.5838800311,-0.811839953,0.0));
#12360=VECTOR('',#12359,1.0);
#12361=LINE('',#12358,#12360);
#12362=EDGE_CURVE('no 20216',#9715,#10905,#12361,.T.);
#12363=ORIENTED_EDGE('no 20218',*,*,#12362,.T.);
#12364=ORIENTED_EDGE('no 20219',*,*,#10917,.F.);
#12365=EDGE_LOOP('',(#12357,#12363,#12364));
#12366=FACE_OUTER_BOUND('',#12365,.T.);
#12367=CARTESIAN_POINT('',(0.103739,0.0169808,0.013));
#12368=DIRECTION('',(0.0,0.0,-1.0));
#12369=DIRECTION('',(-0.0908011043,0.9958690473,0.0));
#12370=AXIS2_PLACEMENT_3D('',#12367,#12368,#12369);
#12371=PLANE('',#12370);
#12372=ADVANCED_FACE('no 20227',(#12366),#12371,.T.);
#12373=CARTESIAN_POINT('',(0.120739,0.0339808,0.016));
#12374=DIRECTION('',(-0.9847835588,0.0,-0.1737853339));
#12375=VECTOR('',#12374,1.0);
#12376=LINE('',#12373,#12375);
#12377=EDGE_CURVE('no 6561',#9419,#10905,#12376,.T.);
#12378=ORIENTED_EDGE('no 6568',*,*,#12377,.T.);
#12379=CARTESIAN_POINT('',(0.103739,0.0339808,0.013));
#12380=DIRECTION('',(1.0,0.0,0.0));
#12381=VECTOR('',#12380,1.0);
#12382=LINE('',#12379,#12381);
#12383=EDGE_CURVE('no 6567',#10905,#10929,#12382,.T.);
#12384=ORIENTED_EDGE('no 6569',*,*,#12383,.T.);
#12385=ORIENTED_EDGE('no 6570',*,*,#10934,.F.);
#12386=EDGE_LOOP('',(#12378,#12384,#12385));
#12387=FACE_OUTER_BOUND('',#12386,.T.);
#12388=CARTESIAN_POINT('',(0.120739,0.0339808,0.016));
#12389=DIRECTION('',(0.0,-1.0,-0.0));
#12390=DIRECTION('',(-0.9847836293,0.0,-0.1737849346));
#12391=AXIS2_PLACEMENT_3D('',#12388,#12389,#12390);
#12392=PLANE('',#12391);
#12393=ADVANCED_FACE('no 6578',(#12387),#12392,.T.);
#12394=CARTESIAN_POINT('',(0.120755,0.0363706,0.013));
#12395=VERTEX_POINT('',#12394);
#12396=CARTESIAN_POINT('',(0.120755,0.0363706,0.013));
#12397=DIRECTION('',(-0.0066949709,-0.9999775884,0.0));
#12398=VECTOR('',#12397,1.0);
#12399=LINE('',#12396,#12398);
#12400=EDGE_CURVE('no 19650',#12395,#10929,#12399,.T.);
#12401=ORIENTED_EDGE('no 19674',*,*,#12400,.F.);
#12402=CARTESIAN_POINT('',(0.120755,0.0363706,0.013));
#12403=DIRECTION('',(-0.0008251758,-0.9999996595,0.0));
#12404=VECTOR('',#12403,1.0);
#12405=LINE('',#12402,#12404);
#12406=EDGE_CURVE('no 19673',#12395,#8433,#12405,.T.);
#12407=ORIENTED_EDGE('no 19675',*,*,#12406,.T.);
#12408=ORIENTED_EDGE('no 19676',*,*,#10940,.F.);
#12409=EDGE_LOOP('',(#12401,#12407,#12408));
#12410=FACE_OUTER_BOUND('',#12409,.T.);
#12411=CARTESIAN_POINT('',(0.120739,0.0339808,0.013));
#12412=DIRECTION('',(0.0,0.0,-1.0));
#12413=DIRECTION('',(0.0068028191,0.9999768606,0.0));
#12414=AXIS2_PLACEMENT_3D('',#12411,#12412,#12413);
#12415=PLANE('',#12414);
#12416=ADVANCED_FACE('no 19684',(#12410),#12415,.T.);
#12417=CARTESIAN_POINT('',(0.103755,0.0533706,0.016));
#12418=VERTEX_POINT('',#12417);
#12419=CARTESIAN_POINT('',(0.101964,0.0534488,0.016));
#12420=DIRECTION('',(0.9990463595,-0.0436620157,0.0));
#12421=VECTOR('',#12420,1.0);
#12422=LINE('',#12419,#12421);
#12423=EDGE_CURVE('no 4046',#9635,#12418,#12422,.T.);
#12424=ORIENTED_EDGE('no 4082',*,*,#12423,.F.);
#12425=ORIENTED_EDGE('no 4083',*,*,#10956,.T.);
#12426=CARTESIAN_POINT('',(0.103739,0.0339808,0.016));
#12427=DIRECTION('',(0.0008388267,0.9999996482,0.0));
#12428=VECTOR('',#12427,1.0);
#12429=LINE('',#12426,#12428);
#12430=EDGE_CURVE('no 4081',#10951,#12418,#12429,.T.);
#12431=ORIENTED_EDGE('no 4084',*,*,#12430,.T.);
#12432=EDGE_LOOP('',(#12424,#12425,#12431));
#12433=FACE_OUTER_BOUND('',#12432,.T.);
#12434=CARTESIAN_POINT('',(0.103755,0.0533706,0.016));
#12435=DIRECTION('',(0.0,0.0,1.0));
#12436=DIRECTION('',(-0.9990463595,0.0436620157,0.0));
#12437=AXIS2_PLACEMENT_3D('',#12434,#12435,#12436);
#12438=PLANE('',#12437);
#12439=ADVANCED_FACE('no 4092',(#12433),#12438,.T.);
#12440=ORIENTED_EDGE('no 5707',*,*,#10977,.F.);
#12441=ORIENTED_EDGE('no 5708',*,*,#11662,.F.);
#12442=CARTESIAN_POINT('',(0.101964,0.0534488,0.013));
#12443=DIRECTION('',(0.0,-1.0,0.0));
#12444=VECTOR('',#12443,1.0);
#12445=LINE('',#12442,#12444);
#12446=EDGE_CURVE('no 5706',#10355,#9715,#12445,.T.);
#12447=ORIENTED_EDGE('no 5709',*,*,#12446,.T.);
#12448=EDGE_LOOP('',(#12440,#12441,#12447));
#12449=FACE_OUTER_BOUND('',#12448,.T.);
#12450=CARTESIAN_POINT('',(0.101964,0.0364488,0.013));
#12451=DIRECTION('',(-1.0,0.0,0.0));
#12452=DIRECTION('',(0.0,0.9847836293,0.1737849346));
#12453=AXIS2_PLACEMENT_3D('',#12450,#12451,#12452);
#12454=PLANE('',#12453);
#12455=ADVANCED_FACE('no 5717',(#12449),#12454,.T.);
#12456=ORIENTED_EDGE('no 5736',*,*,#10998,.T.);
#12457=ORIENTED_EDGE('no 5737',*,*,#11047,.T.);
#12458=ORIENTED_EDGE('no 5738',*,*,#11084,.F.);
#12459=EDGE_LOOP('',(#12456,#12457,#12458));
#12460=FACE_OUTER_BOUND('',#12459,.T.);
#12461=CARTESIAN_POINT('',(0.0849636,0.0364488,0.016));
#12462=DIRECTION('',(0.0,1.0,0.0));
#12463=DIRECTION('',(0.9847836293,0.0,-0.1737849346));
#12464=AXIS2_PLACEMENT_3D('',#12461,#12462,#12463);
#12465=PLANE('',#12464);
#12466=ADVANCED_FACE('no 5746',(#12460),#12465,.T.);
#12467=ORIENTED_EDGE('no 4024',*,*,#11062,.F.);
#12468=CARTESIAN_POINT('',(0.101964,0.0534488,0.016));
#12469=DIRECTION('',(0.9673298905,0.2535209713,0.0));
#12470=VECTOR('',#12469,1.0);
#12471=LINE('',#12468,#12470);
#12472=EDGE_CURVE('no 4017',#9635,#11603,#12471,.T.);
#12473=ORIENTED_EDGE('no 4025',*,*,#12472,.T.);
#12474=CARTESIAN_POINT('',(0.134012,0.0618483,0.016));
#12475=DIRECTION('',(-1.0,0.0,0.0));
#12476=VECTOR('',#12475,1.0);
#12477=LINE('',#12474,#12476);
#12478=EDGE_CURVE('no 4023',#11603,#9372,#12477,.T.);
#12479=ORIENTED_EDGE('no 4026',*,*,#12478,.T.);
#12480=EDGE_LOOP('',(#12467,#12473,#12479));
#12481=FACE_OUTER_BOUND('',#12480,.T.);
#12482=CARTESIAN_POINT('',(0.0930123,0.0618483,0.016));
#12483=DIRECTION('',(-0.0,0.0,1.0));
#12484=DIRECTION('',(0.7292269316,-0.6842719358,0.0));
#12485=AXIS2_PLACEMENT_3D('',#12482,#12483,#12484);
#12486=PLANE('',#12485);
#12487=ADVANCED_FACE('no 4034',(#12481),#12486,.T.);
#12488=CARTESIAN_POINT('',(0.0467514,0.08512,0.013));
#12489=DIRECTION('',(0.7933484421,0.6087678124,0.0));
#12490=VECTOR('',#12489,1.0);
#12491=LINE('',#12488,#12490);
#12492=EDGE_CURVE('no 17105',#10037,#9890,#12491,.T.);
#12493=ORIENTED_EDGE('no 22087',*,*,#12492,.T.);
#12494=ORIENTED_EDGE('no 22086',*,*,#11160,.F.);
#12495=ORIENTED_EDGE('no 22085',*,*,#11337,.T.);
#12496=EDGE_LOOP('',(#12493,#12494,#12495));
#12497=FACE_OUTER_BOUND('',#12496,.T.);
#12498=CARTESIAN_POINT('',(0.0467514,0.08512,0.013));
#12499=DIRECTION('',(-0.0,0.0,1.0));
#12500=DIRECTION('',(0.0053422786,-0.9999857299,0.0));
#12501=AXIS2_PLACEMENT_3D('',#12498,#12499,#12500);
#12502=PLANE('',#12501);
#12503=ADVANCED_FACE('no 22095',(#12497),#12502,.F.);
#12504=CARTESIAN_POINT('',(0.0475566,0.0859253,0.0));
#12505=VERTEX_POINT('',#12504);
#12506=CARTESIAN_POINT('',(0.047207,0.0854696,0.0));
#12507=DIRECTION('',(0.6086837207,0.793412962,0.0));
#12508=VECTOR('',#12507,1.0);
#12509=LINE('',#12506,#12508);
#12510=EDGE_CURVE('no 15533',#11172,#12505,#12509,.T.);
#12511=ORIENTED_EDGE('no 17033',*,*,#12510,.T.);
#12512=CARTESIAN_POINT('',(0.0475143,0.0858948,0.013));
#12513=DIRECTION('',(0.0032535899,0.0023417599,-0.9999919651));
#12514=VECTOR('',#12513,1.0);
#12515=LINE('',#12512,#12514);
#12516=EDGE_CURVE('no 17030',#7625,#12505,#12515,.T.);
#12517=ORIENTED_EDGE('no 17032',*,*,#12516,.F.);
#12518=ORIENTED_EDGE('no 17031',*,*,#11183,.T.);
#12519=EDGE_LOOP('',(#12511,#12517,#12518));
#12520=FACE_OUTER_BOUND('',#12519,.T.);
#12521=CARTESIAN_POINT('',(0.047207,0.0854696,0.0));
#12522=DIRECTION('',(-0.7933537447,0.608759805,-0.0011556631));
#12523=DIRECTION('',(0.0236208928,0.03268029,0.9991866953));
#12524=AXIS2_PLACEMENT_3D('',#12521,#12522,#12523);
#12525=PLANE('',#12524);
#12526=ADVANCED_FACE('no 17041',(#12520),#12525,.F.);
#12527=ORIENTED_EDGE('no 17108',*,*,#11177,.T.);
#12528=ORIENTED_EDGE('no 17107',*,*,#12492,.F.);
#12529=ORIENTED_EDGE('no 17106',*,*,#11422,.T.);
#12530=EDGE_LOOP('',(#12527,#12528,#12529));
#12531=FACE_OUTER_BOUND('',#12530,.T.);
#12532=CARTESIAN_POINT('',(0.047207,0.0854696,0.0));
#12533=DIRECTION('',(-0.6087659188,0.7933498951,-0.0000000126));
#12534=DIRECTION('',(-0.0350147846,-0.0268680882,0.9990255606));
#12535=AXIS2_PLACEMENT_3D('',#12532,#12533,#12534);
#12536=PLANE('',#12535);
#12537=ADVANCED_FACE('no 17116',(#12531),#12536,.F.);
#12538=ORIENTED_EDGE('no 16629',*,*,#11246,.F.);
#12539=ORIENTED_EDGE('no 16628',*,*,#11222,.T.);
#12540=CARTESIAN_POINT('',(0.0445115,0.00457071,0.013));
#12541=DIRECTION('',(0.0367026669,-0.0245068686,-0.9990256892));
#12542=VECTOR('',#12541,1.0);
#12543=LINE('',#12540,#12542);
#12544=EDGE_CURVE('no 16620',#11241,#11217,#12543,.T.);
#12545=ORIENTED_EDGE('no 16627',*,*,#12544,.F.);
#12546=EDGE_LOOP('',(#12538,#12539,#12545));
#12547=FACE_OUTER_BOUND('',#12546,.T.);
#12548=CARTESIAN_POINT('',(0.0445115,0.00457071,0.013));
#12549=DIRECTION('',(0.5552712193,0.8316693292,0.0000000096));
#12550=DIRECTION('',(0.0367058841,-0.0245069894,-0.999025568));
#12551=AXIS2_PLACEMENT_3D('',#12548,#12549,#12550);
#12552=PLANE('',#12551);
#12553=ADVANCED_FACE('no 16637',(#12547),#12552,.F.);
#12554=CARTESIAN_POINT('',(0.0438036,0.00665371,0.013));
#12555=VERTEX_POINT('',#12554);
#12556=CARTESIAN_POINT('',(0.0438036,0.00665371,0.013));
#12557=DIRECTION('',(-0.0651205982,-0.9978774011,0.0));
#12558=VECTOR('',#12557,1.0);
#12559=LINE('',#12556,#12558);
#12560=EDGE_CURVE('no 11370',#12555,#9975,#12559,.T.);
#12561=ORIENTED_EDGE('no 11373',*,*,#12560,.F.);
#12562=CARTESIAN_POINT('',(0.0438036,0.00665371,0.0));
#12563=DIRECTION('',(0.0,0.0,1.0));
#12564=VECTOR('',#12563,1.0);
#12565=LINE('',#12562,#12564);
#12566=EDGE_CURVE('no 11364',#11279,#12555,#12565,.T.);
#12567=ORIENTED_EDGE('no 11372',*,*,#12566,.F.);
#12568=ORIENTED_EDGE('no 11371',*,*,#11291,.T.);
#12569=EDGE_LOOP('',(#12561,#12567,#12568));
#12570=FACE_OUTER_BOUND('',#12569,.T.);
#12571=CARTESIAN_POINT('',(0.0437662,0.00608061,0.013));
#12572=DIRECTION('',(0.9978822265,-0.0650466145,-0.0000000067));
#12573=DIRECTION('',(0.0028708288,0.0440415812,-0.999025574));
#12574=AXIS2_PLACEMENT_3D('',#12571,#12572,#12573);
#12575=PLANE('',#12574);
#12576=ADVANCED_FACE('no 11381',(#12570),#12575,.F.);
#12577=CARTESIAN_POINT('',(0.043988,0.00719761,0.0));
#12578=VERTEX_POINT('',#12577);
#12579=CARTESIAN_POINT('',(0.043988,0.00719761,0.0));
#12580=DIRECTION('',(-0.3210816337,-0.9470515216,0.0));
#12581=VECTOR('',#12580,1.0);
#12582=LINE('',#12579,#12581);
#12583=EDGE_CURVE('no 15163',#12578,#11279,#12582,.T.);
#12584=ORIENTED_EDGE('no 15166',*,*,#12583,.F.);
#12585=CARTESIAN_POINT('',(0.0440957,0.0854696,0.0));
#12586=DIRECTION('',(-0.0013765601,-0.9999990525,0.0));
#12587=VECTOR('',#12586,1.0);
#12588=LINE('',#12585,#12587);
#12589=EDGE_CURVE('no 15157',#10014,#12578,#12588,.T.);
#12590=ORIENTED_EDGE('no 15165',*,*,#12589,.F.);
#12591=ORIENTED_EDGE('no 15164',*,*,#11306,.T.);
#12592=EDGE_LOOP('',(#12584,#12590,#12591));
#12593=FACE_OUTER_BOUND('',#12592,.T.);
#12594=CARTESIAN_POINT('',(0.0438036,0.00665371,0.0));
#12595=DIRECTION('',(0.0,0.0,-1.0));
#12596=DIRECTION('',(0.0037068305,0.9999931297,0.0));
#12597=AXIS2_PLACEMENT_3D('',#12594,#12595,#12596);
#12598=PLANE('',#12597);
#12599=ADVANCED_FACE('no 15174',(#12593),#12598,.F.);
#12600=ORIENTED_EDGE('no 10247',*,*,#11322,.F.);
#12601=CARTESIAN_POINT('',(0.0445514,0.08512,0.0));
#12602=VERTEX_POINT('',#12601);
#12603=CARTESIAN_POINT('',(0.0445514,0.08512,0.0));
#12604=DIRECTION('',(-0.7933498948,0.6087659193,0.0));
#12605=VECTOR('',#12604,1.0);
#12606=LINE('',#12603,#12605);
#12607=EDGE_CURVE('no 10238',#12602,#10014,#12606,.T.);
#12608=ORIENTED_EDGE('no 10246',*,*,#12607,.F.);
#12609=CARTESIAN_POINT('',(0.0440957,0.0854696,0.013));
#12610=DIRECTION('',(0.0350147846,-0.0268680882,-0.9990255606));
#12611=VECTOR('',#12610,1.0);
#12612=LINE('',#12609,#12611);
#12613=EDGE_CURVE('no 10232',#11194,#12602,#12612,.T.);
#12614=ORIENTED_EDGE('no 10245',*,*,#12613,.F.);
#12615=EDGE_LOOP('',(#12600,#12608,#12614));
#12616=FACE_OUTER_BOUND('',#12615,.T.);
#12617=CARTESIAN_POINT('',(0.0440957,0.0854696,0.013));
#12618=DIRECTION('',(0.6087659188,0.7933498951,0.0000000126));
#12619=DIRECTION('',(0.0350147846,-0.0268680882,-0.9990255606));
#12620=AXIS2_PLACEMENT_3D('',#12617,#12618,#12619);
#12621=PLANE('',#12620);
#12622=ADVANCED_FACE('no 10255',(#12616),#12621,.F.);
#12623=ORIENTED_EDGE('no 15334',*,*,#11362,.F.);
#12624=ORIENTED_EDGE('no 15333',*,*,#11400,.F.);
#12625=CARTESIAN_POINT('',(0.045082,0.0849002,0.0));
#12626=DIRECTION('',(0.0022391337,-0.9999974931,0.0));
#12627=VECTOR('',#12626,1.0);
#12628=LINE('',#12625,#12627);
#12629=EDGE_CURVE('no 15296',#11389,#11350,#12628,.T.);
#12630=ORIENTED_EDGE('no 15332',*,*,#12629,.T.);
#12631=EDGE_LOOP('',(#12623,#12624,#12630));
#12632=FACE_OUTER_BOUND('',#12631,.T.);
#12633=CARTESIAN_POINT('',(0.0452535,0.00830827,0.0));
#12634=DIRECTION('',(0.0,0.0,-1.0));
#12635=DIRECTION('',(-0.0022401211,0.9999974909,0.0));
#12636=AXIS2_PLACEMENT_3D('',#12633,#12634,#12635);
#12637=PLANE('',#12636);
#12638=ADVANCED_FACE('no 15342',(#12632),#12637,.F.);
#12639=CARTESIAN_POINT('',(0.0458168,0.00842052,0.013));
#12640=VERTEX_POINT('',#12639);
#12641=CARTESIAN_POINT('',(0.0458168,0.00842052,0.0));
#12642=DIRECTION('',(0.0,0.0,1.0));
#12643=VECTOR('',#12642,1.0);
#12644=LINE('',#12641,#12643);
#12645=EDGE_CURVE('no 19276',#10081,#12640,#12644,.T.);
#12646=ORIENTED_EDGE('no 19279',*,*,#12645,.F.);
#12647=ORIENTED_EDGE('no 19278',*,*,#11355,.T.);
#12648=CARTESIAN_POINT('',(0.0458168,0.00842052,0.013));
#12649=DIRECTION('',(-0.0432885378,-0.0086261998,-0.9990253706));
#12650=VECTOR('',#12649,1.0);
#12651=LINE('',#12648,#12650);
#12652=EDGE_CURVE('no 19270',#12640,#11350,#12651,.T.);
#12653=ORIENTED_EDGE('no 19277',*,*,#12652,.F.);
#12654=EDGE_LOOP('',(#12646,#12647,#12653));
#12655=FACE_OUTER_BOUND('',#12654,.T.);
#12656=CARTESIAN_POINT('',(0.0458168,0.00842052,0.013));
#12657=DIRECTION('',(0.1954420497,-0.9807152519,-0.0000000112));
#12658=DIRECTION('',(-0.0432837818,-0.0086258064,-0.9990255801));
#12659=AXIS2_PLACEMENT_3D('',#12656,#12657,#12658);
#12660=PLANE('',#12659);
#12661=ADVANCED_FACE('no 19287',(#12655),#12660,.F.);
#12662=CARTESIAN_POINT('',(0.0463899,0.00838316,0.013));
#12663=VERTEX_POINT('',#12662);
#12664=CARTESIAN_POINT('',(0.0463899,0.00838316,0.013));
#12665=DIRECTION('',(0.0,0.0,-1.0));
#12666=VECTOR('',#12665,1.0);
#12667=LINE('',#12664,#12666);
#12668=EDGE_CURVE('no 12223',#12663,#10143,#12667,.T.);
#12669=ORIENTED_EDGE('no 19354',*,*,#12668,.T.);
#12670=ORIENTED_EDGE('no 19353',*,*,#11376,.T.);
#12671=CARTESIAN_POINT('',(0.0463899,0.00838316,0.013));
#12672=DIRECTION('',(-0.044041658,0.0028710458,-0.99902557));
#12673=VECTOR('',#12672,1.0);
#12674=LINE('',#12671,#12673);
#12675=EDGE_CURVE('no 19351',#12663,#10081,#12674,.T.);
#12676=ORIENTED_EDGE('no 19352',*,*,#12675,.F.);
#12677=EDGE_LOOP('',(#12669,#12670,#12676));
#12678=FACE_OUTER_BOUND('',#12677,.T.);
#12679=CARTESIAN_POINT('',(0.0463899,0.00838316,0.013));
#12680=DIRECTION('',(-0.0650466145,-0.9978822265,0.0000000067));
#12681=DIRECTION('',(-0.0440415812,0.0028708288,-0.999025574));
#12682=AXIS2_PLACEMENT_3D('',#12679,#12680,#12681);
#12683=PLANE('',#12682);
#12684=ADVANCED_FACE('no 19362',(#12678),#12683,.F.);
#12685=ORIENTED_EDGE('no 17512',*,*,#11394,.T.);
#12686=CARTESIAN_POINT('',(0.0445514,0.08512,0.013));
#12687=VERTEX_POINT('',#12686);
#12688=CARTESIAN_POINT('',(0.0445514,0.08512,0.013));
#12689=DIRECTION('',(0.9238682766,-0.3827106054,0.0));
#12690=VECTOR('',#12689,1.0);
#12691=LINE('',#12688,#12690);
#12692=EDGE_CURVE('no 17509',#12687,#10105,#12691,.T.);
#12693=ORIENTED_EDGE('no 17511',*,*,#12692,.F.);
#12694=CARTESIAN_POINT('',(0.0445514,0.08512,0.013));
#12695=DIRECTION('',(0.0407756118,-0.0168912165,-0.9990255434));
#12696=VECTOR('',#12695,1.0);
#12697=LINE('',#12694,#12696);
#12698=EDGE_CURVE('no 17486',#12687,#11389,#12697,.T.);
#12699=ORIENTED_EDGE('no 17510',*,*,#12698,.T.);
#12700=EDGE_LOOP('',(#12685,#12693,#12699));
#12701=FACE_OUTER_BOUND('',#12700,.T.);
#12702=CARTESIAN_POINT('',(0.045082,0.0849002,0.0));
#12703=DIRECTION('',(0.3826791302,0.9238813145,0.0000000011));
#12704=DIRECTION('',(-0.0407753829,0.0168894929,0.9990255818));
#12705=AXIS2_PLACEMENT_3D('',#12702,#12703,#12704);
#12706=PLANE('',#12705);
#12707=ADVANCED_FACE('no 17520',(#12701),#12706,.F.);
#12708=CARTESIAN_POINT('',(0.047207,0.0854696,0.0));
#12709=DIRECTION('',(-0.0035355932,-0.9999937498,0.0));
#12710=VECTOR('',#12709,1.0);
#12711=LINE('',#12708,#12710);
#12712=EDGE_CURVE('no 15487',#11172,#11433,#12711,.T.);
#12713=ORIENTED_EDGE('no 15490',*,*,#12712,.F.);
#12714=ORIENTED_EDGE('no 15489',*,*,#11416,.F.);
#12715=ORIENTED_EDGE('no 15488',*,*,#11444,.T.);
#12716=EDGE_LOOP('',(#12713,#12714,#12715));
#12717=FACE_OUTER_BOUND('',#12716,.T.);
#12718=CARTESIAN_POINT('',(0.0469338,0.00819875,0.0));
#12719=DIRECTION('',(0.0,0.0,-1.0));
#12720=DIRECTION('',(-0.0023714104,0.9999971882,0.0));
#12721=AXIS2_PLACEMENT_3D('',#12718,#12719,#12720);
#12722=PLANE('',#12721);
#12723=ADVANCED_FACE('no 15498',(#12717),#12722,.F.);
#12724=CARTESIAN_POINT('',(0.0469338,0.00819875,0.013));
#12725=VERTEX_POINT('',#12724);
#12726=CARTESIAN_POINT('',(0.0469338,0.00819875,0.0));
#12727=DIRECTION('',(0.0,0.0,1.0));
#12728=VECTOR('',#12727,1.0);
#12729=LINE('',#12726,#12728);
#12730=EDGE_CURVE('no 12194',#11433,#12725,#12729,.T.);
#12731=ORIENTED_EDGE('no 12197',*,*,#12730,.F.);
#12732=ORIENTED_EDGE('no 12196',*,*,#11438,.F.);
#12733=CARTESIAN_POINT('',(0.0469338,0.00819875,0.013));
#12734=DIRECTION('',(-0.041797982,0.0141717939,-0.9990255697));
#12735=VECTOR('',#12734,1.0);
#12736=LINE('',#12733,#12735);
#12737=EDGE_CURVE('no 12182',#12725,#10143,#12736,.T.);
#12738=ORIENTED_EDGE('no 12195',*,*,#12737,.F.);
#12739=EDGE_LOOP('',(#12731,#12732,#12738));
#12740=FACE_OUTER_BOUND('',#12739,.T.);
#12741=CARTESIAN_POINT('',(0.0469338,0.00819875,0.013));
#12742=DIRECTION('',(-0.3211000894,-0.9470452643,0.0000000055));
#12743=DIRECTION('',(-0.041797982,0.0141717939,-0.9990255697));
#12744=AXIS2_PLACEMENT_3D('',#12741,#12742,#12743);
#12745=PLANE('',#12744);
#12746=ADVANCED_FACE('no 12205',(#12740),#12745,.F.);
#12747=CARTESIAN_POINT('',(0.151326,0.00679468,0.013));
#12748=DIRECTION('',(-0.0374913206,-0.1587066796,0.9866136988));
#12749=VECTOR('',#12748,1.0);
#12750=LINE('',#12747,#12749);
#12751=EDGE_CURVE('no 9532',#10205,#11457,#12750,.T.);
#12752=ORIENTED_EDGE('no 9539',*,*,#12751,.T.);
#12753=ORIENTED_EDGE('no 9540',*,*,#11462,.F.);
#12754=ORIENTED_EDGE('no 9541',*,*,#11498,.T.);
#12755=EDGE_LOOP('',(#12752,#12753,#12754));
#12756=FACE_OUTER_BOUND('',#12755,.T.);
#12757=CARTESIAN_POINT('',(0.151326,0.00679468,0.013));
#12758=DIRECTION('',(0.9731490179,-0.2301759958,-0.0000000498));
#12759=DIRECTION('',(-0.0375382009,-0.158706004,0.9866120249));
#12760=AXIS2_PLACEMENT_3D('',#12757,#12758,#12759);
#12761=PLANE('',#12760);
#12762=ADVANCED_FACE('no 9549',(#12756),#12761,.T.);
#12763=CARTESIAN_POINT('',(0.151257,0.00573951,0.016));
#12764=DIRECTION('',(-0.3703120794,0.9289074033,0.0));
#12765=VECTOR('',#12764,1.0);
#12766=LINE('',#12763,#12765);
#12767=EDGE_CURVE('no 1043',#10182,#11991,#12766,.T.);
#12768=ORIENTED_EDGE('no 1073',*,*,#12767,.F.);
#12769=ORIENTED_EDGE('no 1074',*,*,#11468,.T.);
#12770=CARTESIAN_POINT('',(0.151212,0.0063121,0.016));
#12771=DIRECTION('',(-0.375630468,0.9267695245,0.0));
#12772=VECTOR('',#12771,1.0);
#12773=LINE('',#12770,#12772);
#12774=EDGE_CURVE('no 1072',#11457,#11991,#12773,.T.);
#12775=ORIENTED_EDGE('no 1075',*,*,#12774,.T.);
#12776=EDGE_LOOP('',(#12768,#12769,#12775));
#12777=FACE_OUTER_BOUND('',#12776,.T.);
#12778=CARTESIAN_POINT('',(0.140056,0.0338366,0.016));
#12779=DIRECTION('',(0.0,0.0,1.0));
#12780=DIRECTION('',(0.3703059404,-0.9289098506,0.0));
#12781=AXIS2_PLACEMENT_3D('',#12778,#12779,#12780);
#12782=PLANE('',#12781);
#12783=ADVANCED_FACE('no 1083',(#12777),#12782,.T.);
#12784=ORIENTED_EDGE('no 1044',*,*,#11996,.F.);
#12785=ORIENTED_EDGE('no 1045',*,*,#11484,.T.);
#12786=ORIENTED_EDGE('no 1046',*,*,#12767,.T.);
#12787=EDGE_LOOP('',(#12784,#12785,#12786));
#12788=FACE_OUTER_BOUND('',#12787,.T.);
#12789=CARTESIAN_POINT('',(0.140056,0.0338366,0.016));
#12790=DIRECTION('',(0.0,0.0,1.0));
#12791=DIRECTION('',(0.3696149977,-0.9291849942,0.0));
#12792=AXIS2_PLACEMENT_3D('',#12789,#12790,#12791);
#12793=PLANE('',#12792);
#12794=ADVANCED_FACE('no 1054',(#12788),#12793,.T.);
#12795=CARTESIAN_POINT('',(0.151546,0.00732528,0.013));
#12796=VERTEX_POINT('',#12795);
#12797=CARTESIAN_POINT('',(0.151546,0.00732528,0.013));
#12798=DIRECTION('',(-0.0005384319,0.999999855,0.0));
#12799=VECTOR('',#12798,1.0);
#12800=LINE('',#12797,#12799);
#12801=EDGE_CURVE('no 23813',#12796,#11511,#12800,.T.);
#12802=ORIENTED_EDGE('no 23816',*,*,#12801,.F.);
#12803=CARTESIAN_POINT('',(0.1513536985,0.0068614839,0.013));
#12804=DIRECTION('',(0.3830077761,0.9237451182,0.0));
#12805=VECTOR('',#12804,1.0);
#12806=LINE('',#12803,#12805);
#12807=EDGE_CURVE('no 9619',#10205,#12796,#12806,.T.);
#12808=ORIENTED_EDGE('no 23815',*,*,#12807,.F.);
#12809=ORIENTED_EDGE('no 23814',*,*,#11522,.T.);
#12810=EDGE_LOOP('',(#12802,#12808,#12809));
#12811=FACE_OUTER_BOUND('',#12810,.T.);
#12812=CARTESIAN_POINT('',(0.151504,0.0858948,0.013));
#12813=DIRECTION('',(0.0,0.0,1.0));
#12814=DIRECTION('',(-0.0023589305,-0.9999972177,0.0));
#12815=AXIS2_PLACEMENT_3D('',#12812,#12813,#12814);
#12816=PLANE('',#12815);
#12817=ADVANCED_FACE('no 23824',(#12811),#12816,.F.);
#12818=CARTESIAN_POINT('',(0.152309,0.0889001,0.013));
#12819=VERTEX_POINT('',#12818);
#12820=CARTESIAN_POINT('',(0.1518543712,0.0885487259,0.013));
#12821=DIRECTION('',(0.7912260118,0.6115238329,0.0));
#12822=VECTOR('',#12821,1.0);
#12823=LINE('',#12820,#12822);
#12824=EDGE_CURVE('no 23403',#11533,#12819,#12823,.T.);
#12825=ORIENTED_EDGE('no 23406',*,*,#12824,.F.);
#12826=ORIENTED_EDGE('no 23405',*,*,#11545,.F.);
#12827=CARTESIAN_POINT('',(0.148451,0.0919948,0.013));
#12828=DIRECTION('',(0.7800495155,-0.6257177905,0.0));
#12829=VECTOR('',#12828,1.0);
#12830=LINE('',#12827,#12829);
#12831=EDGE_CURVE('no 23374',#6625,#12819,#12830,.T.);
#12832=ORIENTED_EDGE('no 23404',*,*,#12831,.T.);
#12833=EDGE_LOOP('',(#12825,#12826,#12832));
#12834=FACE_OUTER_BOUND('',#12833,.T.);
#12835=CARTESIAN_POINT('',(0.152309,0.0889001,0.013));
#12836=DIRECTION('',(0.0,0.0,1.0));
#12837=DIRECTION('',(-0.7800211648,0.6257531322,0.0));
#12838=AXIS2_PLACEMENT_3D('',#12835,#12836,#12837);
#12839=PLANE('',#12838);
#12840=ADVANCED_FACE('no 23414',(#12834),#12839,.F.);
#12841=ORIENTED_EDGE('no 18540',*,*,#11538,.T.);
#12842=CARTESIAN_POINT('',(0.151896,0.0885809,0.0));
#12843=VERTEX_POINT('',#12842);
#12844=CARTESIAN_POINT('',(0.151896,0.0885809,0.0));
#12845=DIRECTION('',(0.0,0.0,1.0));
#12846=VECTOR('',#12845,1.0);
#12847=LINE('',#12844,#12846);
#12848=EDGE_CURVE('no 18531',#12843,#11533,#12847,.T.);
#12849=ORIENTED_EDGE('no 18539',*,*,#12848,.F.);
#12850=CARTESIAN_POINT('',(0.151896,0.0885809,0.0));
#12851=DIRECTION('',(-0.0268968238,-0.0350119798,0.9990248856));
#12852=VECTOR('',#12851,1.0);
#12853=LINE('',#12850,#12852);
#12854=EDGE_CURVE('no 18508',#12843,#10228,#12853,.T.);
#12855=ORIENTED_EDGE('no 18538',*,*,#12854,.T.);
#12856=EDGE_LOOP('',(#12841,#12849,#12855));
#12857=FACE_OUTER_BOUND('',#12856,.T.);
#12858=CARTESIAN_POINT('',(0.151546,0.0881253,0.013));
#12859=DIRECTION('',(0.8104611094,-0.5857910791,0.0012656011));
#12860=DIRECTION('',(0.0268680885,0.035014485,-0.9990255711));
#12861=AXIS2_PLACEMENT_3D('',#12858,#12859,#12860);
#12862=PLANE('',#12861);
#12863=ADVANCED_FACE('no 18548',(#12857),#12862,.F.);
#12864=ORIENTED_EDGE('no 19969',*,*,#11562,.F.);
#12865=CARTESIAN_POINT('',(0.140056,0.0338366,0.013));
#12866=VERTEX_POINT('',#12865);
#12867=CARTESIAN_POINT('',(0.148451,0.0819948,0.013));
#12868=DIRECTION('',(-0.1717315446,-0.9851437847,0.0));
#12869=VECTOR('',#12868,1.0);
#12870=LINE('',#12867,#12869);
#12871=EDGE_CURVE('no 19962',#6649,#12866,#12870,.T.);
#12872=ORIENTED_EDGE('no 19970',*,*,#12871,.T.);
#12873=CARTESIAN_POINT('',(0.140056,0.0338366,0.013));
#12874=DIRECTION('',(-0.0701073515,0.9975394525,0.0));
#12875=VECTOR('',#12874,1.0);
#12876=LINE('',#12873,#12875);
#12877=EDGE_CURVE('no 19968',#12866,#11557,#12876,.T.);
#12878=ORIENTED_EDGE('no 19971',*,*,#12877,.T.);
#12879=EDGE_LOOP('',(#12864,#12872,#12878));
#12880=FACE_OUTER_BOUND('',#12879,.T.);
#12881=CARTESIAN_POINT('',(0.139889,0.0362128,0.013));
#12882=DIRECTION('',(0.0,0.0,-1.0));
#12883=DIRECTION('',(0.1838440783,0.9829554186,0.0));
#12884=AXIS2_PLACEMENT_3D('',#12881,#12882,#12883);
#12885=PLANE('',#12884);
#12886=ADVANCED_FACE('no 19979',(#12880),#12885,.T.);
#12887=CARTESIAN_POINT('',(0.139889,0.0532128,0.016));
#12888=DIRECTION('',(0.0,-0.9847835588,-0.1737853339));
#12889=VECTOR('',#12888,1.0);
#12890=LINE('',#12887,#12889);
#12891=EDGE_CURVE('no 5983',#12014,#11557,#12890,.T.);
#12892=ORIENTED_EDGE('no 6019',*,*,#12891,.F.);
#12893=CARTESIAN_POINT('',(0.139889,0.0532128,0.016));
#12894=DIRECTION('',(0.0,0.0,-1.0));
#12895=VECTOR('',#12894,1.0);
#12896=LINE('',#12893,#12895);
#12897=EDGE_CURVE('no 6012',#12014,#10252,#12896,.T.);
#12898=ORIENTED_EDGE('no 6020',*,*,#12897,.T.);
#12899=ORIENTED_EDGE('no 6021',*,*,#11568,.T.);
#12900=EDGE_LOOP('',(#12892,#12898,#12899));
#12901=FACE_OUTER_BOUND('',#12900,.T.);
#12902=CARTESIAN_POINT('',(0.139889,0.0362128,0.013));
#12903=DIRECTION('',(-1.0,0.0,0.0));
#12904=DIRECTION('',(0.0,0.9847836293,0.1737849346));
#12905=AXIS2_PLACEMENT_3D('',#12902,#12903,#12904);
#12906=PLANE('',#12905);
#12907=ADVANCED_FACE('no 6029',(#12901),#12906,.T.);
#12908=CARTESIAN_POINT('',(0.120755,0.0533706,0.013));
#12909=VERTEX_POINT('',#12908);
#12910=CARTESIAN_POINT('',(0.134012,0.0618483,0.013));
#12911=DIRECTION('',(-0.8424669689,-0.5387479989,0.0));
#12912=VECTOR('',#12911,1.0);
#12913=LINE('',#12910,#12912);
#12914=EDGE_CURVE('no 20607',#9031,#12909,#12913,.T.);
#12915=ORIENTED_EDGE('no 20637',*,*,#12914,.F.);
#12916=ORIENTED_EDGE('no 20638',*,*,#11584,.T.);
#12917=CARTESIAN_POINT('',(0.122889,0.0532128,0.013));
#12918=DIRECTION('',(-0.9972771821,0.0737443015,0.0));
#12919=VECTOR('',#12918,1.0);
#12920=LINE('',#12917,#12919);
#12921=EDGE_CURVE('no 20636',#11579,#12909,#12920,.T.);
#12922=ORIENTED_EDGE('no 20639',*,*,#12921,.T.);
#12923=EDGE_LOOP('',(#12915,#12916,#12922));
#12924=FACE_OUTER_BOUND('',#12923,.T.);
#12925=CARTESIAN_POINT('',(0.120755,0.0533706,0.013));
#12926=DIRECTION('',(0.0,0.0,-1.0));
#12927=DIRECTION('',(0.8424740018,0.5387370011,0.0));
#12928=AXIS2_PLACEMENT_3D('',#12925,#12926,#12927);
#12929=PLANE('',#12928);
#12930=ADVANCED_FACE('no 20647',(#12924),#12929,.T.);
#12931=CARTESIAN_POINT('',(0.139889,0.0532128,0.016));
#12932=DIRECTION('',(-0.9847835588,0.0,-0.1737853339));
#12933=VECTOR('',#12932,1.0);
#12934=LINE('',#12931,#12933);
#12935=EDGE_CURVE('no 6145',#12014,#11579,#12934,.T.);
#12936=ORIENTED_EDGE('no 6152',*,*,#12935,.T.);
#12937=ORIENTED_EDGE('no 6153',*,*,#11591,.T.);
#12938=ORIENTED_EDGE('no 6154',*,*,#12897,.F.);
#12939=EDGE_LOOP('',(#12936,#12937,#12938));
#12940=FACE_OUTER_BOUND('',#12939,.T.);
#12941=CARTESIAN_POINT('',(0.139889,0.0532128,0.016));
#12942=DIRECTION('',(0.0,-1.0,-0.0));
#12943=DIRECTION('',(-0.9847836293,0.0,-0.1737849346));
#12944=AXIS2_PLACEMENT_3D('',#12941,#12942,#12943);
#12945=PLANE('',#12944);
#12946=ADVANCED_FACE('no 6162',(#12940),#12945,.T.);
#12947=ORIENTED_EDGE('no 4979',*,*,#11676,.F.);
#12948=ORIENTED_EDGE('no 4980',*,*,#12478,.F.);
#12949=ORIENTED_EDGE('no 4981',*,*,#11608,.T.);
#12950=EDGE_LOOP('',(#12947,#12948,#12949));
#12951=FACE_OUTER_BOUND('',#12950,.T.);
#12952=CARTESIAN_POINT('',(0.134012,0.0618483,0.013));
#12953=DIRECTION('',(0.0,1.0,-0.0));
#12954=DIRECTION('',(-0.9973337206,0.0,0.0729756796));
#12955=AXIS2_PLACEMENT_3D('',#12952,#12953,#12954);
#12956=PLANE('',#12955);
#12957=ADVANCED_FACE('no 4989',(#12951),#12956,.T.);
#12958=CARTESIAN_POINT('',(0.139889,0.0532128,0.016));
#12959=DIRECTION('',(-0.5625888734,0.8267368139,0.0));
#12960=VECTOR('',#12959,1.0);
#12961=LINE('',#12958,#12960);
#12962=EDGE_CURVE('no 4243',#12014,#11603,#12961,.T.);
#12963=ORIENTED_EDGE('no 4267',*,*,#12962,.F.);
#12964=ORIENTED_EDGE('no 4268',*,*,#12019,.F.);
#12965=ORIENTED_EDGE('no 4269',*,*,#11614,.T.);
#12966=EDGE_LOOP('',(#12963,#12964,#12965));
#12967=FACE_OUTER_BOUND('',#12966,.T.);
#12968=CARTESIAN_POINT('',(0.134012,0.0618483,0.016));
#12969=DIRECTION('',(-0.0,0.0,1.0));
#12970=DIRECTION('',(0.5625888734,-0.8267368139,0.0));
#12971=AXIS2_PLACEMENT_3D('',#12968,#12969,#12970);
#12972=PLANE('',#12971);
#12973=ADVANCED_FACE('no 4277',(#12967),#12972,.T.);
#12974=ORIENTED_EDGE('no 20545',*,*,#11646,.F.);
#12975=CARTESIAN_POINT('',(0.103755,0.0533706,0.013));
#12976=VERTEX_POINT('',#12975);
#12977=CARTESIAN_POINT('',(0.134012,0.0618483,0.013));
#12978=DIRECTION('',(-0.9629165748,-0.2697993141,0.0));
#12979=VECTOR('',#12978,1.0);
#12980=LINE('',#12977,#12979);
#12981=EDGE_CURVE('no 20538',#9031,#12976,#12980,.T.);
#12982=ORIENTED_EDGE('no 20546',*,*,#12981,.T.);
#12983=CARTESIAN_POINT('',(0.103755,0.0533706,0.013));
#12984=DIRECTION('',(-0.9990481425,0.0436211975,0.0));
#12985=VECTOR('',#12984,1.0);
#12986=LINE('',#12983,#12985);
#12987=EDGE_CURVE('no 20544',#12976,#10355,#12986,.T.);
#12988=ORIENTED_EDGE('no 20547',*,*,#12987,.T.);
#12989=EDGE_LOOP('',(#12974,#12982,#12988));
#12990=FACE_OUTER_BOUND('',#12989,.T.);
#12991=CARTESIAN_POINT('',(0.101964,0.0534488,0.013));
#12992=DIRECTION('',(0.0,0.0,-1.0));
#12993=DIRECTION('',(0.9673298905,0.2535209713,0.0));
#12994=AXIS2_PLACEMENT_3D('',#12991,#12992,#12993);
#12995=PLANE('',#12994);
#12996=ADVANCED_FACE('no 20555',(#12990),#12995,.T.);
#12997=CARTESIAN_POINT('',(0.0449891,0.00425181,0.013));
#12998=VERTEX_POINT('',#12997);
#12999=CARTESIAN_POINT('',(0.0449891,0.00425181,0.013));
#13000=DIRECTION('',(0.0417976935,-0.0141715622,-0.9990255851));
#13001=VECTOR('',#13000,1.0);
#13002=LINE('',#12999,#13001);
#13003=EDGE_CURVE('no 16568',#12998,#10426,#13002,.T.);
#13004=ORIENTED_EDGE('no 16575',*,*,#13003,.T.);
#13005=ORIENTED_EDGE('no 16576',*,*,#11694,.F.);
#13006=CARTESIAN_POINT('',(0.0449891,0.00425181,0.0));
#13007=DIRECTION('',(0.0,0.0,1.0));
#13008=VECTOR('',#13007,1.0);
#13009=LINE('',#13006,#13008);
#13010=EDGE_CURVE('no 16574',#11217,#12998,#13009,.T.);
#13011=ORIENTED_EDGE('no 16577',*,*,#13010,.T.);
#13012=EDGE_LOOP('',(#13004,#13005,#13011));
#13013=FACE_OUTER_BOUND('',#13012,.T.);
#13014=CARTESIAN_POINT('',(0.0449891,0.00425181,0.013));
#13015=DIRECTION('',(0.3211018837,0.9470446559,-0.0000000073));
#13016=DIRECTION('',(0.0417976825,-0.0141717941,-0.9990255822));
#13017=AXIS2_PLACEMENT_3D('',#13014,#13015,#13016);
#13018=PLANE('',#13017);
#13019=ADVANCED_FACE('no 16585',(#13013),#13018,.T.);
#13020=ORIENTED_EDGE('no 16546',*,*,#11710,.F.);
#13021=CARTESIAN_POINT('',(0.045533,0.0040674,0.013));
#13022=DIRECTION('',(0.9978822265,-0.0650466148,0.0));
#13023=VECTOR('',#13022,1.0);
#13024=LINE('',#13021,#13023);
#13025=EDGE_CURVE('no 16539',#11705,#11728,#13024,.T.);
#13026=ORIENTED_EDGE('no 16547',*,*,#13025,.T.);
#13027=ORIENTED_EDGE('no 16548',*,*,#11740,.T.);
#13028=EDGE_LOOP('',(#13020,#13026,#13027));
#13029=FACE_OUTER_BOUND('',#13028,.T.);
#13030=CARTESIAN_POINT('',(0.0461061,0.00403004,0.0));
#13031=DIRECTION('',(0.0650466145,0.9978822265,0.0000000067));
#13032=DIRECTION('',(-0.0440415812,0.0028708288,0.999025574));
#13033=AXIS2_PLACEMENT_3D('',#13030,#13031,#13032);
#13034=PLANE('',#13033);
#13035=ADVANCED_FACE('no 16556',(#13029),#13034,.T.);
#13036=ORIENTED_EDGE('no 16598',*,*,#13003,.F.);
#13037=CARTESIAN_POINT('',(0.0449891,0.00425181,0.013));
#13038=DIRECTION('',(0.9470462267,-0.3210972507,0.0));
#13039=VECTOR('',#13038,1.0);
#13040=LINE('',#13037,#13039);
#13041=EDGE_CURVE('no 16597',#12998,#11705,#13040,.T.);
#13042=ORIENTED_EDGE('no 16599',*,*,#13041,.T.);
#13043=ORIENTED_EDGE('no 16600',*,*,#11717,.F.);
#13044=EDGE_LOOP('',(#13036,#13042,#13043));
#13045=FACE_OUTER_BOUND('',#13044,.T.);
#13046=CARTESIAN_POINT('',(0.045533,0.0040674,0.0));
#13047=DIRECTION('',(0.3211018837,0.9470446559,-0.0000000073));
#13048=DIRECTION('',(-0.0417976825,0.0141717941,0.9990255822));
#13049=AXIS2_PLACEMENT_3D('',#13046,#13047,#13048);
#13050=PLANE('',#13049);
#13051=ADVANCED_FACE('no 16608',(#13045),#13050,.T.);
#13052=ORIENTED_EDGE('no 19063',*,*,#11733,.F.);
#13053=CARTESIAN_POINT('',(0.0466694,0.00414229,0.013));
#13054=VERTEX_POINT('',#13053);
#13055=CARTESIAN_POINT('',(0.0461061,0.00403004,0.013));
#13056=DIRECTION('',(0.9807177084,0.1954297226,0.0));
#13057=VECTOR('',#13056,1.0);
#13058=LINE('',#13055,#13057);
#13059=EDGE_CURVE('no 19062',#11728,#13054,#13058,.T.);
#13060=ORIENTED_EDGE('no 19064',*,*,#13059,.T.);
#13061=CARTESIAN_POINT('',(0.0466694,0.00414229,0.0));
#13062=DIRECTION('',(0.0,0.0,1.0));
#13063=VECTOR('',#13062,1.0);
#13064=LINE('',#13061,#13063);
#13065=EDGE_CURVE('no 18993',#10449,#13054,#13064,.T.);
#13066=ORIENTED_EDGE('no 19065',*,*,#13065,.F.);
#13067=EDGE_LOOP('',(#13052,#13060,#13066));
#13068=FACE_OUTER_BOUND('',#13067,.T.);
#13069=CARTESIAN_POINT('',(0.0466694,0.00414229,0.0));
#13070=DIRECTION('',(-0.1954408959,0.9807154818,-0.0000000179));
#13071=DIRECTION('',(-0.0432840812,-0.0086258063,0.9990255671));
#13072=AXIS2_PLACEMENT_3D('',#13069,#13070,#13071);
#13073=PLANE('',#13072);
#13074=ADVANCED_FACE('no 19073',(#13068),#13073,.T.);
#13075=CARTESIAN_POINT('',(0.0466694,0.00414229,0.013));
#13076=DIRECTION('',(0.0395763834,0.0195345918,-0.9990255801));
#13077=VECTOR('',#13076,1.0);
#13078=LINE('',#13075,#13077);
#13079=EDGE_CURVE('no 18987',#13054,#11752,#13078,.T.);
#13080=ORIENTED_EDGE('no 18994',*,*,#13079,.T.);
#13081=ORIENTED_EDGE('no 18995',*,*,#11757,.F.);
#13082=ORIENTED_EDGE('no 18996',*,*,#13065,.T.);
#13083=EDGE_LOOP('',(#13080,#13081,#13082));
#13084=FACE_OUTER_BOUND('',#13083,.T.);
#13085=CARTESIAN_POINT('',(0.0466694,0.00414229,0.013));
#13086=DIRECTION('',(-0.4426108904,0.896713778,-0.0000000007));
#13087=DIRECTION('',(0.0395763834,0.0195345918,-0.9990255801));
#13088=AXIS2_PLACEMENT_3D('',#13085,#13086,#13087);
#13089=PLANE('',#13088);
#13090=ADVANCED_FACE('no 19004',(#13084),#13089,.T.);
#13091=ORIENTED_EDGE('no 13886',*,*,#11763,.F.);
#13092=CARTESIAN_POINT('',(0.047616,0.00477531,0.0));
#13093=VERTEX_POINT('',#13092);
#13094=CARTESIAN_POINT('',(0.0471844,0.00439648,0.0));
#13095=DIRECTION('',(0.7515575028,0.6596675829,0.0));
#13096=VECTOR('',#13095,1.0);
#13097=LINE('',#13094,#13096);
#13098=EDGE_CURVE('no 13879',#11752,#13093,#13097,.T.);
#13099=ORIENTED_EDGE('no 13887',*,*,#13098,.T.);
#13100=CARTESIAN_POINT('',(0.047616,0.00477531,0.0));
#13101=DIRECTION('',(0.9994874382,-0.0320134469,0.0));
#13102=VECTOR('',#13101,1.0);
#13103=LINE('',#13100,#13102);
#13104=EDGE_CURVE('no 13885',#13093,#6860,#13103,.T.);
#13105=ORIENTED_EDGE('no 13888',*,*,#13104,.T.);
#13106=EDGE_LOOP('',(#13091,#13099,#13105));
#13107=FACE_OUTER_BOUND('',#13106,.T.);
#13108=CARTESIAN_POINT('',(0.158451,0.00122528,0.0));
#13109=DIRECTION('',(0.0,0.0,-1.0));
#13110=DIRECTION('',(-0.9995940974,0.0284893028,0.0));
#13111=AXIS2_PLACEMENT_3D('',#13108,#13109,#13110);
#13112=PLANE('',#13111);
#13113=ADVANCED_FACE('no 13896',(#13107),#13112,.T.);
#13114=CARTESIAN_POINT('',(0.154551,0.00432002,0.0));
#13115=VERTEX_POINT('',#13114);
#13116=CARTESIAN_POINT('',(0.154551,0.00432002,0.0));
#13117=DIRECTION('',(0.7833376165,-0.6215964757,0.0));
#13118=VECTOR('',#13117,1.0);
#13119=LINE('',#13116,#13118);
#13120=EDGE_CURVE('no 14319',#13115,#6860,#13119,.T.);
#13121=ORIENTED_EDGE('no 14349',*,*,#13120,.F.);
#13122=CARTESIAN_POINT('',(0.154551,0.00432002,0.0));
#13123=DIRECTION('',(0.7935895545,0.608453465,0.0));
#13124=VECTOR('',#13123,1.0);
#13125=LINE('',#13122,#13124);
#13126=EDGE_CURVE('no 14342',#13115,#11774,#13125,.T.);
#13127=ORIENTED_EDGE('no 14350',*,*,#13126,.T.);
#13128=ORIENTED_EDGE('no 14351',*,*,#11779,.T.);
#13129=EDGE_LOOP('',(#13121,#13127,#13128));
#13130=FACE_OUTER_BOUND('',#13129,.T.);
#13131=CARTESIAN_POINT('',(0.158451,0.00122528,0.0));
#13132=DIRECTION('',(0.0,0.0,-1.0));
#13133=DIRECTION('',(-0.7833379963,0.6215959971,0.0));
#13134=AXIS2_PLACEMENT_3D('',#13131,#13132,#13133);
#13135=PLANE('',#13134);
#13136=ADVANCED_FACE('no 14359',(#13130),#13135,.T.);
#13137=CARTESIAN_POINT('',(0.155253,0.00499484,0.013));
#13138=DIRECTION('',(-0.018913775,-0.025003088,-0.9995084365));
#13139=VECTOR('',#13138,1.0);
#13140=LINE('',#13137,#13139);
#13141=EDGE_CURVE('no 10830',#2507,#11774,#13140,.T.);
#13142=ORIENTED_EDGE('no 10866',*,*,#13141,.F.);
#13143=CARTESIAN_POINT('',(0.155253,0.00499484,0.013));
#13144=DIRECTION('',(0.0079993414,0.0100330201,-0.9999176711));
#13145=VECTOR('',#13144,1.0);
#13146=LINE('',#13143,#13145);
#13147=EDGE_CURVE('no 10859',#2507,#10471,#13146,.T.);
#13148=ORIENTED_EDGE('no 10867',*,*,#13147,.T.);
#13149=ORIENTED_EDGE('no 10868',*,*,#11785,.T.);
#13150=EDGE_LOOP('',(#13142,#13148,#13149));
#13151=FACE_OUTER_BOUND('',#13150,.T.);
#13152=CARTESIAN_POINT('',(0.155007,0.00466964,0.0));
#13153=DIRECTION('',(-0.7933490231,0.6087670167,-0.0002165775));
#13154=DIRECTION('',(0.0189129086,0.0250030114,0.9995084548));
#13155=AXIS2_PLACEMENT_3D('',#13152,#13153,#13154);
#13156=PLANE('',#13155);
#13157=ADVANCED_FACE('no 10876',(#13151),#13156,.T.);
#13158=ORIENTED_EDGE('no 10756',*,*,#11802,.T.);
#13159=CARTESIAN_POINT('',(0.155357,0.00512528,0.013));
#13160=VERTEX_POINT('',#13159);
#13161=CARTESIAN_POINT('',(0.155357,0.00512528,0.0));
#13162=DIRECTION('',(0.0,0.0,1.0));
#13163=VECTOR('',#13162,1.0);
#13164=LINE('',#13161,#13163);
#13165=EDGE_CURVE('no 10749',#10471,#13160,#13164,.T.);
#13166=ORIENTED_EDGE('no 10757',*,*,#13165,.T.);
#13167=CARTESIAN_POINT('',(0.155357,0.00512528,0.013));
#13168=DIRECTION('',(0.3481883509,0.9374245955,0.0));
#13169=VECTOR('',#13168,1.0);
#13170=LINE('',#13167,#13169);
#13171=EDGE_CURVE('no 10755',#13160,#11797,#13170,.T.);
#13172=ORIENTED_EDGE('no 10758',*,*,#13171,.T.);
#13173=EDGE_LOOP('',(#13158,#13166,#13172));
#13174=FACE_OUTER_BOUND('',#13173,.T.);
#13175=CARTESIAN_POINT('',(0.155501,0.00551297,0.013));
#13176=DIRECTION('',(-0.9373389064,0.3484189642,-0.0000000296));
#13177=DIRECTION('',(-0.0110797028,-0.0298074075,-0.9994942514));
#13178=AXIS2_PLACEMENT_3D('',#13175,#13176,#13177);
#13179=PLANE('',#13178);
#13180=ADVANCED_FACE('no 10766',(#13174),#13179,.T.);
#13181=ORIENTED_EDGE('no 10808',*,*,#11808,.F.);
#13182=CARTESIAN_POINT('',(0.155501,0.00551297,0.013));
#13183=DIRECTION('',(0.4679448302,0.8837576794,0.0));
#13184=VECTOR('',#13183,1.0);
#13185=LINE('',#13182,#13184);
#13186=EDGE_CURVE('no 10807',#11797,#11821,#13185,.T.);
#13187=ORIENTED_EDGE('no 10809',*,*,#13186,.T.);
#13188=ORIENTED_EDGE('no 10810',*,*,#11826,.F.);
#13189=EDGE_LOOP('',(#13181,#13187,#13188));
#13190=FACE_OUTER_BOUND('',#13189,.T.);
#13191=CARTESIAN_POINT('',(0.155576,0.00565588,0.0));
#13192=DIRECTION('',(-0.8837576793,0.4679448304,-0.0000000172));
#13193=DIRECTION('',(-0.005820168,-0.0109918961,0.9999226489));
#13194=AXIS2_PLACEMENT_3D('',#13191,#13192,#13193);
#13195=PLANE('',#13194);
#13196=ADVANCED_FACE('no 10818',(#13190),#13195,.T.);
#13197=CARTESIAN_POINT('',(0.155007,0.0885809,0.0));
#13198=VERTEX_POINT('',#13197);
#13199=CARTESIAN_POINT('',(0.158451,0.0920253,0.0));
#13200=DIRECTION('',(-0.7070657193,-0.7071478407,0.0));
#13201=VECTOR('',#13200,1.0);
#13202=LINE('',#13199,#13201);
#13203=EDGE_CURVE('no 13428',#4027,#13198,#13202,.T.);
#13204=ORIENTED_EDGE('no 13452',*,*,#13203,.F.);
#13205=ORIENTED_EDGE('no 13453',*,*,#11871,.T.);
#13206=CARTESIAN_POINT('',(0.155007,0.0885809,0.0));
#13207=DIRECTION('',(0.6092059313,-0.7930120637,0.0));
#13208=VECTOR('',#13207,1.0);
#13209=LINE('',#13206,#13208);
#13210=EDGE_CURVE('no 11904',#13198,#11866,#13209,.T.);
#13211=ORIENTED_EDGE('no 13454',*,*,#13210,.F.);
#13212=EDGE_LOOP('',(#13204,#13205,#13211));
#13213=FACE_OUTER_BOUND('',#13212,.T.);
#13214=CARTESIAN_POINT('',(0.155007,0.0885809,0.0));
#13215=DIRECTION('',(0.0,0.0,-1.0));
#13216=DIRECTION('',(0.7071077812,0.7071057812,0.0));
#13217=AXIS2_PLACEMENT_3D('',#13214,#13215,#13216);
#13218=PLANE('',#13217);
#13219=ADVANCED_FACE('no 13462',(#13213),#13218,.T.);
#13220=CARTESIAN_POINT('',(0.155357,0.0881253,0.013));
#13221=VERTEX_POINT('',#13220);
#13222=CARTESIAN_POINT('',(0.155357,0.0881253,0.013));
#13223=DIRECTION('',(0.0168894927,-0.0407756824,-0.9990255696));
#13224=VECTOR('',#13223,1.0);
#13225=LINE('',#13222,#13224);
#13226=EDGE_CURVE('no 11927',#13221,#10517,#13225,.T.);
#13227=ORIENTED_EDGE('no 11963',*,*,#13226,.F.);
#13228=CARTESIAN_POINT('',(0.155357,0.0881253,0.0));
#13229=DIRECTION('',(0.0,0.0,1.0));
#13230=VECTOR('',#13229,1.0);
#13231=LINE('',#13228,#13230);
#13232=EDGE_CURVE('no 11875',#11866,#13221,#13231,.T.);
#13233=ORIENTED_EDGE('no 11964',*,*,#13232,.F.);
#13234=ORIENTED_EDGE('no 11965',*,*,#11878,.T.);
#13235=EDGE_LOOP('',(#13227,#13233,#13234));
#13236=FACE_OUTER_BOUND('',#13235,.T.);
#13237=CARTESIAN_POINT('',(0.155576,0.0875947,0.0));
#13238=DIRECTION('',(-0.9238825212,-0.382676217,-0.0000000232));
#13239=DIRECTION('',(-0.0168894927,0.0407756824,0.9990255696));
#13240=AXIS2_PLACEMENT_3D('',#13237,#13238,#13239);
#13241=PLANE('',#13240);
#13242=ADVANCED_FACE('no 11973',(#13236),#13241,.T.);
#13243=ORIENTED_EDGE('no 17701',*,*,#11894,.T.);
#13244=CARTESIAN_POINT('',(0.155651,0.0870253,0.013));
#13245=VERTEX_POINT('',#13244);
#13246=CARTESIAN_POINT('',(0.155651,0.0870253,0.013));
#13247=DIRECTION('',(0.0,0.0,-1.0));
#13248=VECTOR('',#13247,1.0);
#13249=LINE('',#13246,#13248);
#13250=EDGE_CURVE('no 16337',#13245,#9248,#13249,.T.);
#13251=ORIENTED_EDGE('no 17702',*,*,#13250,.F.);
#13252=CARTESIAN_POINT('',(0.155651,0.0870253,0.013));
#13253=DIRECTION('',(-0.1305339784,0.9914438363,0.0));
#13254=VECTOR('',#13253,1.0);
#13255=LINE('',#13252,#13254);
#13256=EDGE_CURVE('no 17700',#13245,#11889,#13255,.T.);
#13257=ORIENTED_EDGE('no 17703',*,*,#13256,.T.);
#13258=EDGE_LOOP('',(#13243,#13251,#13257));
#13259=FACE_OUTER_BOUND('',#13258,.T.);
#13260=CARTESIAN_POINT('',(0.155576,0.0875947,0.013));
#13261=DIRECTION('',(-0.9914438364,-0.1305339777,0.0000000168));
#13262=DIRECTION('',(0.0057611275,-0.043757581,-0.999025567));
#13263=AXIS2_PLACEMENT_3D('',#13260,#13261,#13262);
#13264=PLANE('',#13263);
#13265=ADVANCED_FACE('no 17711',(#13259),#13264,.T.);
#13266=ORIENTED_EDGE('no 11940',*,*,#13226,.T.);
#13267=ORIENTED_EDGE('no 11941',*,*,#11900,.T.);
#13268=CARTESIAN_POINT('',(0.155576,0.0875947,0.013));
#13269=DIRECTION('',(-0.3815207342,0.9243602812,0.0));
#13270=VECTOR('',#13269,1.0);
#13271=LINE('',#13268,#13270);
#13272=EDGE_CURVE('no 11939',#11889,#13221,#13271,.T.);
#13273=ORIENTED_EDGE('no 11942',*,*,#13272,.T.);
#13274=EDGE_LOOP('',(#13266,#13267,#13273));
#13275=FACE_OUTER_BOUND('',#13274,.T.);
#13276=CARTESIAN_POINT('',(0.155357,0.0881253,0.013));
#13277=DIRECTION('',(-0.9238825212,-0.382676217,-0.0000000232));
#13278=DIRECTION('',(0.0168894927,-0.0407756824,-0.9990255696));
#13279=AXIS2_PLACEMENT_3D('',#13276,#13277,#13278);
#13280=PLANE('',#13279);
#13281=ADVANCED_FACE('no 11950',(#13275),#13280,.T.);
#13282=ORIENTED_EDGE('no 15043',*,*,#12308,.F.);
#13283=ORIENTED_EDGE('no 15044',*,*,#11917,.T.);
#13284=CARTESIAN_POINT('',(0.155357,0.00732528,0.0));
#13285=DIRECTION('',(0.3815207342,-0.9243602812,0.0));
#13286=VECTOR('',#13285,1.0);
#13287=LINE('',#13284,#13286);
#13288=EDGE_CURVE('no 12026',#10866,#10540,#13287,.T.);
#13289=ORIENTED_EDGE('no 15045',*,*,#13288,.F.);
#13290=EDGE_LOOP('',(#13282,#13283,#13289));
#13291=FACE_OUTER_BOUND('',#13290,.T.);
#13292=CARTESIAN_POINT('',(0.155357,0.00732528,0.0));
#13293=DIRECTION('',(0.0,0.0,-1.0));
#13294=DIRECTION('',(0.0027773904,0.999996143,0.0));
#13295=AXIS2_PLACEMENT_3D('',#13292,#13293,#13294);
#13296=PLANE('',#13295);
#13297=ADVANCED_FACE('no 15053',(#13291),#13296,.T.);
#13298=CARTESIAN_POINT('',(0.155651,0.0870253,0.013));
#13299=DIRECTION('',(-0.0057611275,-0.043757581,-0.999025567));
#13300=VECTOR('',#13299,1.0);
#13301=LINE('',#13298,#13300);
#13302=EDGE_CURVE('no 16302',#13245,#11912,#13301,.T.);
#13303=ORIENTED_EDGE('no 16338',*,*,#13302,.F.);
#13304=ORIENTED_EDGE('no 16339',*,*,#13250,.T.);
#13305=ORIENTED_EDGE('no 16340',*,*,#11923,.F.);
#13306=EDGE_LOOP('',(#13303,#13304,#13305));
#13307=FACE_OUTER_BOUND('',#13306,.T.);
#13308=CARTESIAN_POINT('',(0.155576,0.0864559,0.0));
#13309=DIRECTION('',(-0.9914438364,0.1305339777,-0.0000000168));
#13310=DIRECTION('',(0.0057611275,0.043757581,0.999025567));
#13311=AXIS2_PLACEMENT_3D('',#13308,#13309,#13310);
#13312=PLANE('',#13311);
#13313=ADVANCED_FACE('no 16348',(#13307),#13312,.T.);
#13314=CARTESIAN_POINT('',(0.155357,0.00732528,0.013));
#13315=VERTEX_POINT('',#13314);
#13316=CARTESIAN_POINT('',(0.155357,0.00732528,0.013));
#13317=DIRECTION('',(0.0168894929,-0.0407754828,-0.9990255778));
#13318=VECTOR('',#13317,1.0);
#13319=LINE('',#13316,#13318);
#13320=EDGE_CURVE('no 11985',#13315,#10540,#13319,.T.);
#13321=ORIENTED_EDGE('no 11998',*,*,#13320,.T.);
#13322=ORIENTED_EDGE('no 11999',*,*,#11939,.T.);
#13323=CARTESIAN_POINT('',(0.155576,0.00679468,0.013));
#13324=DIRECTION('',(-0.3815207342,0.9243602812,0.0));
#13325=VECTOR('',#13324,1.0);
#13326=LINE('',#13323,#13325);
#13327=EDGE_CURVE('no 11997',#11843,#13315,#13326,.T.);
#13328=ORIENTED_EDGE('no 12000',*,*,#13327,.T.);
#13329=EDGE_LOOP('',(#13321,#13322,#13328));
#13330=FACE_OUTER_BOUND('',#13329,.T.);
#13331=CARTESIAN_POINT('',(0.155357,0.00732528,0.013));
#13332=DIRECTION('',(-0.9238818142,-0.3826779239,-0.0000000182));
#13333=DIRECTION('',(0.0168894929,-0.0407754828,-0.9990255778));
#13334=AXIS2_PLACEMENT_3D('',#13331,#13332,#13333);
#13335=PLANE('',#13334);
#13336=ADVANCED_FACE('no 12008',(#13330),#13335,.T.);
#13337=ORIENTED_EDGE('no 13012',*,*,#11957,.F.);
#13338=CARTESIAN_POINT('',(0.0478514,0.0870253,0.0));
#13339=VERTEX_POINT('',#13338);
#13340=CARTESIAN_POINT('',(0.158451,0.0920253,0.0));
#13341=DIRECTION('',(-0.9989796767,-0.0451619932,0.0));
#13342=VECTOR('',#13341,1.0);
#13343=LINE('',#13340,#13342);
#13344=EDGE_CURVE('no 13005',#4027,#13339,#13343,.T.);
#13345=ORIENTED_EDGE('no 13013',*,*,#13344,.T.);
#13346=CARTESIAN_POINT('',(0.0478514,0.0870253,0.0));
#13347=DIRECTION('',(-0.1305896347,0.9914365069,0.0));
#13348=VECTOR('',#13347,1.0);
#13349=LINE('',#13346,#13348);
#13350=EDGE_CURVE('no 13011',#13339,#11952,#13349,.T.);
#13351=ORIENTED_EDGE('no 13014',*,*,#13350,.T.);
#13352=EDGE_LOOP('',(#13337,#13345,#13351));
#13353=FACE_OUTER_BOUND('',#13352,.T.);
#13354=CARTESIAN_POINT('',(0.0477764,0.0875947,0.0));
#13355=DIRECTION('',(0.0,0.0,-1.0));
#13356=DIRECTION('',(0.9991996603,0.0400004864,0.0));
#13357=AXIS2_PLACEMENT_3D('',#13354,#13355,#13356);
#13358=PLANE('',#13357);
#13359=ADVANCED_FACE('no 13022',(#13353),#13358,.T.);
#13360=CARTESIAN_POINT('',(0.0475566,0.0881253,0.013));
#13361=VERTEX_POINT('',#13360);
#13362=CARTESIAN_POINT('',(0.0475566,0.0881253,0.013));
#13363=DIRECTION('',(0.0168912165,-0.0407756118,-0.9990255434));
#13364=VECTOR('',#13363,1.0);
#13365=LINE('',#13362,#13364);
#13366=EDGE_CURVE('no 18046',#13361,#11952,#13365,.T.);
#13367=ORIENTED_EDGE('no 18076',*,*,#13366,.F.);
#13368=CARTESIAN_POINT('',(0.0475566,0.0881253,0.0));
#13369=DIRECTION('',(0.0,0.0,1.0));
#13370=VECTOR('',#13369,1.0);
#13371=LINE('',#13368,#13370);
#13372=EDGE_CURVE('no 18000',#10564,#13361,#13371,.T.);
#13373=ORIENTED_EDGE('no 18077',*,*,#13372,.F.);
#13374=ORIENTED_EDGE('no 18078',*,*,#11963,.F.);
#13375=EDGE_LOOP('',(#13367,#13373,#13374));
#13376=FACE_OUTER_BOUND('',#13375,.T.);
#13377=CARTESIAN_POINT('',(0.0477764,0.0875947,0.0));
#13378=DIRECTION('',(-0.923880107,-0.3826820454,-0.000000022));
#13379=DIRECTION('',(-0.0168897926,0.0407756822,0.9990255646));
#13380=AXIS2_PLACEMENT_3D('',#13377,#13378,#13379);
#13381=PLANE('',#13380);
#13382=ADVANCED_FACE('no 18086',(#13376),#13381,.T.);
#13383=ORIENTED_EDGE('no 18007',*,*,#11977,.T.);
#13384=ORIENTED_EDGE('no 18008',*,*,#13372,.T.);
#13385=CARTESIAN_POINT('',(0.0475566,0.0881253,0.013));
#13386=DIRECTION('',(-0.6087678124,0.7933484421,0.0));
#13387=VECTOR('',#13386,1.0);
#13388=LINE('',#13385,#13387);
#13389=EDGE_CURVE('no 18006',#13361,#10586,#13388,.T.);
#13390=ORIENTED_EDGE('no 18009',*,*,#13389,.T.);
#13391=EDGE_LOOP('',(#13383,#13384,#13390));
#13392=FACE_OUTER_BOUND('',#13391,.T.);
#13393=CARTESIAN_POINT('',(0.047207,0.0885809,0.013));
#13394=DIRECTION('',(-0.7933542746,-0.6087602114,-0.0000000116));
#13395=DIRECTION('',(0.0268674889,-0.0350144855,-0.9990255872));
#13396=AXIS2_PLACEMENT_3D('',#13393,#13394,#13395);
#13397=PLANE('',#13396);
#13398=ADVANCED_FACE('no 18017',(#13392),#13397,.T.);
#13399=ORIENTED_EDGE('no 2308',*,*,#12025,.F.);
#13400=CARTESIAN_POINT('',(0.139889,0.0532128,0.016));
#13401=DIRECTION('',(0.0086185009,-0.99996286,0.0));
#13402=VECTOR('',#13401,1.0);
#13403=LINE('',#13400,#13402);
#13404=EDGE_CURVE('no 2301',#12014,#11991,#13403,.T.);
#13405=ORIENTED_EDGE('no 2309',*,*,#13404,.T.);
#13406=CARTESIAN_POINT('',(0.140056,0.0338366,0.016));
#13407=DIRECTION('',(0.2045609837,0.9788538215,0.0));
#13408=VECTOR('',#13407,1.0);
#13409=LINE('',#13406,#13408);
#13410=EDGE_CURVE('no 2307',#11991,#10658,#13409,.T.);
#13411=ORIENTED_EDGE('no 2310',*,*,#13410,.T.);
#13412=EDGE_LOOP('',(#13399,#13405,#13411));
#13413=FACE_OUTER_BOUND('',#13412,.T.);
#13414=CARTESIAN_POINT('',(0.151284,0.0875642,0.016));
#13415=DIRECTION('',(0.0,0.0,1.0));
#13416=DIRECTION('',(-0.3148570359,-0.9491391083,0.0));
#13417=AXIS2_PLACEMENT_3D('',#13414,#13415,#13416);
#13418=PLANE('',#13417);
#13419=ADVANCED_FACE('no 2318',(#13413),#13418,.T.);
#13420=ORIENTED_EDGE('no 870',*,*,#12042,.F.);
#13421=CARTESIAN_POINT('',(0.122889,0.0362128,0.016));
#13422=VERTEX_POINT('',#13421);
#13423=CARTESIAN_POINT('',(0.123056,0.0168366,0.016));
#13424=DIRECTION('',(-0.0086306579,0.9999627552,0.0));
#13425=VECTOR('',#13424,1.0);
#13426=LINE('',#13423,#13425);
#13427=EDGE_CURVE('no 863',#7083,#13422,#13426,.T.);
#13428=ORIENTED_EDGE('no 871',*,*,#13427,.T.);
#13429=CARTESIAN_POINT('',(0.122889,0.0362128,0.016));
#13430=DIRECTION('',(-0.1234239534,0.9923540335,0.0));
#13431=VECTOR('',#13430,1.0);
#13432=LINE('',#13429,#13431);
#13433=EDGE_CURVE('no 869',#13422,#12037,#13432,.T.);
#13434=ORIENTED_EDGE('no 872',*,*,#13433,.T.);
#13435=EDGE_LOOP('',(#13420,#13428,#13434));
#13436=FACE_OUTER_BOUND('',#13435,.T.);
#13437=CARTESIAN_POINT('',(0.120755,0.0533706,0.016));
#13438=DIRECTION('',(0.0,0.0,1.0));
#13439=DIRECTION('',(0.0628590262,-0.998022416,0.0));
#13440=AXIS2_PLACEMENT_3D('',#13437,#13438,#13439);
#13441=PLANE('',#13440);
#13442=ADVANCED_FACE('no 880',(#13436),#13441,.T.);
#13443=CARTESIAN_POINT('',(0.120755,0.0533706,0.016));
#13444=DIRECTION('',(0.0,-0.9847835588,-0.1737853339));
#13445=VECTOR('',#13444,1.0);
#13446=LINE('',#13443,#13445);
#13447=EDGE_CURVE('no 5775',#12037,#12395,#13446,.T.);
#13448=ORIENTED_EDGE('no 5782',*,*,#13447,.T.);
#13449=CARTESIAN_POINT('',(0.120755,0.0363706,0.013));
#13450=DIRECTION('',(0.0,0.0,1.0));
#13451=VECTOR('',#13450,1.0);
#13452=LINE('',#13449,#13451);
#13453=EDGE_CURVE('no 5781',#12395,#10681,#13452,.T.);
#13454=ORIENTED_EDGE('no 5783',*,*,#13453,.T.);
#13455=ORIENTED_EDGE('no 5784',*,*,#12048,.F.);
#13456=EDGE_LOOP('',(#13448,#13454,#13455));
#13457=FACE_OUTER_BOUND('',#13456,.T.);
#13458=CARTESIAN_POINT('',(0.120755,0.0533706,0.016));
#13459=DIRECTION('',(-1.0,-0.0,0.0));
#13460=DIRECTION('',(0.0,-0.9847836293,-0.1737849346));
#13461=AXIS2_PLACEMENT_3D('',#13458,#13459,#13460);
#13462=PLANE('',#13461);
#13463=ADVANCED_FACE('no 5792',(#13457),#13462,.T.);
#13464=ORIENTED_EDGE('no 4574',*,*,#12064,.T.);
#13465=CARTESIAN_POINT('',(0.103739,0.0339808,0.016));
#13466=DIRECTION('',(0.0068059389,0.9999768393,0.0));
#13467=VECTOR('',#13466,1.0);
#13468=LINE('',#13465,#13467);
#13469=EDGE_CURVE('no 4127',#10951,#12059,#13468,.T.);
#13470=ORIENTED_EDGE('no 4575',*,*,#13469,.F.);
#13471=CARTESIAN_POINT('',(0.103739,0.0339808,0.016));
#13472=DIRECTION('',(1.0,0.0,0.0));
#13473=VECTOR('',#13472,1.0);
#13474=LINE('',#13471,#13473);
#13475=EDGE_CURVE('no 4573',#10951,#9419,#13474,.T.);
#13476=ORIENTED_EDGE('no 4576',*,*,#13475,.T.);
#13477=EDGE_LOOP('',(#13464,#13470,#13476));
#13478=FACE_OUTER_BOUND('',#13477,.T.);
#13479=CARTESIAN_POINT('',(0.120739,0.0339808,0.016));
#13480=DIRECTION('',(0.0,0.0,1.0));
#13481=DIRECTION('',(-0.9902455913,0.1393329425,0.0));
#13482=AXIS2_PLACEMENT_3D('',#13479,#13480,#13481);
#13483=PLANE('',#13482);
#13484=ADVANCED_FACE('no 4584',(#13478),#13483,.T.);
#13485=CARTESIAN_POINT('',(0.103755,0.0363706,0.016));
#13486=DIRECTION('',(0.9847835588,0.0,-0.1737853339));
#13487=VECTOR('',#13486,1.0);
#13488=LINE('',#13485,#13487);
#13489=EDGE_CURVE('no 5833',#12059,#12395,#13488,.T.);
#13490=ORIENTED_EDGE('no 5863',*,*,#13489,.F.);
#13491=ORIENTED_EDGE('no 5864',*,*,#12071,.F.);
#13492=ORIENTED_EDGE('no 5865',*,*,#13453,.F.);
#13493=EDGE_LOOP('',(#13490,#13491,#13492));
#13494=FACE_OUTER_BOUND('',#13493,.T.);
#13495=CARTESIAN_POINT('',(0.120755,0.0363706,0.013));
#13496=DIRECTION('',(0.0,1.0,-0.0));
#13497=DIRECTION('',(-0.9847836293,0.0,0.1737849346));
#13498=AXIS2_PLACEMENT_3D('',#13495,#13496,#13497);
#13499=PLANE('',#13498);
#13500=ADVANCED_FACE('no 5873',(#13494),#13499,.T.);
#13501=ORIENTED_EDGE('no 20390',*,*,#12331,.F.);
#13502=ORIENTED_EDGE('no 20391',*,*,#12088,.F.);
#13503=CARTESIAN_POINT('',(0.140056,0.0168366,0.013));
#13504=DIRECTION('',(0.8313808368,-0.555703072,0.0));
#13505=VECTOR('',#13504,1.0);
#13506=LINE('',#13503,#13505);
#13507=EDGE_CURVE('no 20389',#10703,#7448,#13506,.T.);
#13508=ORIENTED_EDGE('no 20392',*,*,#13507,.T.);
#13509=EDGE_LOOP('',(#13501,#13502,#13508));
#13510=FACE_OUTER_BOUND('',#13509,.T.);
#13511=CARTESIAN_POINT('',(0.148451,0.0112253,0.013));
#13512=DIRECTION('',(0.0,0.0,-1.0));
#13513=DIRECTION('',(-0.9764477631,0.2157539477,0.0));
#13514=AXIS2_PLACEMENT_3D('',#13511,#13512,#13513);
#13515=PLANE('',#13514);
#13516=ADVANCED_FACE('no 20400',(#13510),#13515,.T.);
#13517=CARTESIAN_POINT('',(0.123056,0.0338366,0.013));
#13518=VERTEX_POINT('',#13517);
#13519=CARTESIAN_POINT('',(0.123056,0.0338366,0.013));
#13520=DIRECTION('',(0.0,-0.9847835588,0.1737853339));
#13521=VECTOR('',#13520,1.0);
#13522=LINE('',#13519,#13521);
#13523=EDGE_CURVE('no 6717',#13518,#7083,#13522,.T.);
#13524=ORIENTED_EDGE('no 6724',*,*,#13523,.T.);
#13525=ORIENTED_EDGE('no 6725',*,*,#12094,.F.);
#13526=CARTESIAN_POINT('',(0.123056,0.0168366,0.013));
#13527=DIRECTION('',(0.0,1.0,0.0));
#13528=VECTOR('',#13527,1.0);
#13529=LINE('',#13526,#13528);
#13530=EDGE_CURVE('no 6723',#12083,#13518,#13529,.T.);
#13531=ORIENTED_EDGE('no 6726',*,*,#13530,.T.);
#13532=EDGE_LOOP('',(#13524,#13525,#13531));
#13533=FACE_OUTER_BOUND('',#13532,.T.);
#13534=CARTESIAN_POINT('',(0.123056,0.0338366,0.013));
#13535=DIRECTION('',(1.0,0.0,0.0));
#13536=DIRECTION('',(0.0,-0.9847836293,0.1737849346));
#13537=AXIS2_PLACEMENT_3D('',#13534,#13535,#13536);
#13538=PLANE('',#13537);
#13539=ADVANCED_FACE('no 6734',(#13533),#13538,.T.);
#13540=ORIENTED_EDGE('no 6643',*,*,#12108,.F.);
#13541=CARTESIAN_POINT('',(0.140056,0.0338366,0.016));
#13542=DIRECTION('',(0.0,0.0,-1.0));
#13543=VECTOR('',#13542,1.0);
#13544=LINE('',#13541,#13543);
#13545=EDGE_CURVE('no 6636',#11991,#12866,#13544,.T.);
#13546=ORIENTED_EDGE('no 6644',*,*,#13545,.T.);
#13547=CARTESIAN_POINT('',(0.140056,0.0338366,0.013));
#13548=DIRECTION('',(0.0,-1.0,0.0));
#13549=VECTOR('',#13548,1.0);
#13550=LINE('',#13547,#13549);
#13551=EDGE_CURVE('no 6642',#12866,#10703,#13550,.T.);
#13552=ORIENTED_EDGE('no 6645',*,*,#13551,.T.);
#13553=EDGE_LOOP('',(#13540,#13546,#13552));
#13554=FACE_OUTER_BOUND('',#13553,.T.);
#13555=CARTESIAN_POINT('',(0.140056,0.0168366,0.013));
#13556=DIRECTION('',(-1.0,0.0,0.0));
#13557=DIRECTION('',(0.0,0.9847836293,0.1737849346));
#13558=AXIS2_PLACEMENT_3D('',#13555,#13556,#13557);
#13559=PLANE('',#13558);
#13560=ADVANCED_FACE('no 6653',(#13554),#13559,.T.);
#13561=ORIENTED_EDGE('no 23550',*,*,#12135,.F.);
#13562=CARTESIAN_POINT('',(0.152882,0.0891503,0.013));
#13563=DIRECTION('',(-0.916443416,-0.4001642979,0.0));
#13564=VECTOR('',#13563,1.0);
#13565=LINE('',#13562,#13564);
#13566=EDGE_CURVE('no 16169',#12130,#12819,#13565,.T.);
#13567=ORIENTED_EDGE('no 23549',*,*,#13566,.T.);
#13568=CARTESIAN_POINT('',(0.1523546685,0.0889232689,0.013));
#13569=DIRECTION('',(0.8917979206,0.4524339385,0.0));
#13570=VECTOR('',#13569,1.0);
#13571=LINE('',#13568,#13570);
#13572=EDGE_CURVE('no 23351',#12819,#5149,#13571,.T.);
#13573=ORIENTED_EDGE('no 23548',*,*,#13572,.T.);
#13574=EDGE_LOOP('',(#13561,#13567,#13573));
#13575=FACE_OUTER_BOUND('',#13574,.T.);
#13576=CARTESIAN_POINT('',(0.158409,0.0919948,0.013));
#13577=DIRECTION('',(0.0,0.0,1.0));
#13578=DIRECTION('',(-0.8923282305,-0.4513871166,0.0));
#13579=AXIS2_PLACEMENT_3D('',#13576,#13577,#13578);
#13580=PLANE('',#13579);
#13581=ADVANCED_FACE('no 23558',(#13575),#13580,.F.);
#13582=CARTESIAN_POINT('',(0.152882,0.0891503,0.0));
#13583=VERTEX_POINT('',#13582);
#13584=CARTESIAN_POINT('',(0.152882,0.0891503,0.0));
#13585=DIRECTION('',(0.0,0.0,1.0));
#13586=VECTOR('',#13585,1.0);
#13587=LINE('',#13584,#13586);
#13588=EDGE_CURVE('no 16146',#13583,#12122,#13587,.T.);
#13589=ORIENTED_EDGE('no 16253',*,*,#13588,.T.);
#13590=ORIENTED_EDGE('no 16252',*,*,#12127,.F.);
#13591=CARTESIAN_POINT('',(0.153451,0.0892253,0.013));
#13592=DIRECTION('',(-0.0437266393,-0.0057636168,-0.9990269074));
#13593=VECTOR('',#13592,1.0);
#13594=LINE('',#13591,#13593);
#13595=EDGE_CURVE('no 16221',#10727,#13583,#13594,.T.);
#13596=ORIENTED_EDGE('no 16251',*,*,#13595,.T.);
#13597=EDGE_LOOP('',(#13589,#13590,#13596));
#13598=FACE_OUTER_BOUND('',#13597,.T.);
#13599=CARTESIAN_POINT('',(0.152882,0.0891503,0.0));
#13600=DIRECTION('',(0.130520941,-0.9914455527,-0.0000000015));
#13601=DIRECTION('',(0.0437575812,0.0057605575,0.9990255703));
#13602=AXIS2_PLACEMENT_3D('',#13599,#13600,#13601);
#13603=PLANE('',#13602);
#13604=ADVANCED_FACE('no 16261',(#13598),#13603,.F.);
#13605=CARTESIAN_POINT('',(0.15284,0.0848698,0.016));
#13606=VERTEX_POINT('',#13605);
#13607=CARTESIAN_POINT('',(0.152954,0.0083472,0.016));
#13608=DIRECTION('',(-0.0014897543,0.9999988903,0.0));
#13609=VECTOR('',#13608,1.0);
#13610=LINE('',#13607,#13609);
#13611=EDGE_CURVE('no 2875',#12146,#13606,#13610,.T.);
#13612=ORIENTED_EDGE('no 2905',*,*,#13611,.F.);
#13613=ORIENTED_EDGE('no 2906',*,*,#12151,.T.);
#13614=CARTESIAN_POINT('',(0.153409,0.0847948,0.016));
#13615=DIRECTION('',(-0.9914438363,0.1305339784,0.0));
#13616=VECTOR('',#13615,1.0);
#13617=LINE('',#13614,#13616);
#13618=EDGE_CURVE('no 2904',#10749,#13606,#13617,.T.);
#13619=ORIENTED_EDGE('no 2907',*,*,#13618,.T.);
#13620=EDGE_LOOP('',(#13612,#13613,#13619));
#13621=FACE_OUTER_BOUND('',#13620,.T.);
#13622=CARTESIAN_POINT('',(0.15284,0.0848698,0.016));
#13623=DIRECTION('',(0.0,0.0,1.0));
#13624=DIRECTION('',(0.0014908398,-0.9999988887,0.0));
#13625=AXIS2_PLACEMENT_3D('',#13622,#13623,#13624);
#13626=PLANE('',#13625);
#13627=ADVANCED_FACE('no 2915',(#13621),#13626,.T.);
#13628=ORIENTED_EDGE('no 9961',*,*,#12174,.F.);
#13629=ORIENTED_EDGE('no 9962',*,*,#12157,.F.);
#13630=CARTESIAN_POINT('',(0.152954,0.0083472,0.013));
#13631=DIRECTION('',(0.0,0.0,1.0));
#13632=VECTOR('',#13631,1.0);
#13633=LINE('',#13630,#13632);
#13634=EDGE_CURVE('no 9897',#12169,#12146,#13633,.T.);
#13635=ORIENTED_EDGE('no 9963',*,*,#13634,.F.);
#13636=EDGE_LOOP('',(#13628,#13629,#13635));
#13637=FACE_OUTER_BOUND('',#13636,.T.);
#13638=CARTESIAN_POINT('',(0.152954,0.0083472,0.013));
#13639=DIRECTION('',(0.0774935763,-0.9969928513,-0.0000000632));
#13640=DIRECTION('',(0.18746003,0.0145707023,0.9821641572));
#13641=AXIS2_PLACEMENT_3D('',#13638,#13639,#13640);
#13642=PLANE('',#13641);
#13643=ADVANCED_FACE('no 9971',(#13637),#13642,.T.);
#13644=ORIENTED_EDGE('no 24116',*,*,#12204,.F.);
#13645=ORIENTED_EDGE('no 24115',*,*,#12180,.F.);
#13646=CARTESIAN_POINT('',(0.152954,0.0083472,0.013));
#13647=DIRECTION('',(0.0064984552,0.9999788848,0.0));
#13648=VECTOR('',#13647,1.0);
#13649=LINE('',#13646,#13648);
#13650=EDGE_CURVE('no 24084',#12169,#12192,#13649,.T.);
#13651=ORIENTED_EDGE('no 24114',*,*,#13650,.T.);
#13652=EDGE_LOOP('',(#13644,#13645,#13651));
#13653=FACE_OUTER_BOUND('',#13652,.T.);
#13654=CARTESIAN_POINT('',(0.153409,0.0847948,0.013));
#13655=DIRECTION('',(0.0,0.0,1.0));
#13656=DIRECTION('',(-0.0059558716,-0.9999822636,0.0));
#13657=AXIS2_PLACEMENT_3D('',#13654,#13655,#13656);
#13658=PLANE('',#13657);
#13659=ADVANCED_FACE('no 24124',(#13653),#13658,.F.);
#13660=ORIENTED_EDGE('no 10456',*,*,#12220,.F.);
#13661=ORIENTED_EDGE('no 10455',*,*,#12197,.F.);
#13662=CARTESIAN_POINT('',(0.153451,0.0848253,0.013));
#13663=DIRECTION('',(0.0437563833,0.0057611278,-0.9990256195));
#13664=VECTOR('',#13663,1.0);
#13665=LINE('',#13662,#13664);
#13666=EDGE_CURVE('no 10412',#12192,#12215,#13665,.T.);
#13667=ORIENTED_EDGE('no 10454',*,*,#13666,.T.);
#13668=EDGE_LOOP('',(#13660,#13661,#13667));
#13669=FACE_OUTER_BOUND('',#13668,.T.);
#13670=CARTESIAN_POINT('',(0.154021,0.0849002,0.0));
#13671=DIRECTION('',(-0.1305370569,0.991443431,0.0000000028));
#13672=DIRECTION('',(-0.0437563833,-0.0057611278,0.9990256195));
#13673=AXIS2_PLACEMENT_3D('',#13670,#13671,#13672);
#13674=PLANE('',#13673);
#13675=ADVANCED_FACE('no 10464',(#13669),#13674,.F.);
#13676=CARTESIAN_POINT('',(0.154021,0.00835032,0.0));
#13677=VERTEX_POINT('',#13676);
#13678=CARTESIAN_POINT('',(0.154551,0.08512,0.0));
#13679=DIRECTION('',(-0.0069036027,-0.9999761699,0.0));
#13680=VECTOR('',#13679,1.0);
#13681=LINE('',#13678,#13680);
#13682=EDGE_CURVE('no 14845',#10804,#13677,#13681,.T.);
#13683=ORIENTED_EDGE('no 14848',*,*,#13682,.F.);
#13684=ORIENTED_EDGE('no 14847',*,*,#12226,.F.);
#13685=CARTESIAN_POINT('',(0.154021,0.0849002,0.0));
#13686=DIRECTION('',(0.0,-1.0,0.0));
#13687=VECTOR('',#13686,1.0);
#13688=LINE('',#13685,#13687);
#13689=EDGE_CURVE('no 14810',#12215,#13677,#13688,.T.);
#13690=ORIENTED_EDGE('no 14846',*,*,#13689,.T.);
#13691=EDGE_LOOP('',(#13683,#13684,#13690));
#13692=FACE_OUTER_BOUND('',#13691,.T.);
#13693=CARTESIAN_POINT('',(0.154021,0.00835032,0.0));
#13694=DIRECTION('',(0.0,0.0,-1.0));
#13695=DIRECTION('',(0.0,1.0,0.0));
#13696=AXIS2_PLACEMENT_3D('',#13693,#13694,#13695);
#13697=PLANE('',#13696);
#13698=ADVANCED_FACE('no 14856',(#13692),#13697,.F.);
#13699=CARTESIAN_POINT('',(0.154551,0.00813054,0.0));
#13700=DIRECTION('',(-0.9237273736,0.3830505701,0.0));
#13701=VECTOR('',#13700,1.0);
#13702=LINE('',#13699,#13701);
#13703=EDGE_CURVE('no 14874',#12238,#13677,#13702,.T.);
#13704=ORIENTED_EDGE('no 14877',*,*,#13703,.F.);
#13705=ORIENTED_EDGE('no 14876',*,*,#12250,.F.);
#13706=ORIENTED_EDGE('no 14875',*,*,#13682,.T.);
#13707=EDGE_LOOP('',(#13704,#13705,#13706));
#13708=FACE_OUTER_BOUND('',#13707,.T.);
#13709=CARTESIAN_POINT('',(0.154021,0.00835032,0.0));
#13710=DIRECTION('',(0.0,0.0,-1.0));
#13711=DIRECTION('',(0.0069114208,0.9999761158,0.0));
#13712=AXIS2_PLACEMENT_3D('',#13709,#13710,#13711);
#13713=PLANE('',#13712);
#13714=ADVANCED_FACE('no 14885',(#13708),#13713,.F.);
#13715=CARTESIAN_POINT('',(0.155007,0.00778091,0.0));
#13716=DIRECTION('',(-0.7935811511,0.6084644251,0.0));
#13717=VECTOR('',#13716,1.0);
#13718=LINE('',#13715,#13717);
#13719=EDGE_CURVE('no 14932',#12282,#12238,#13718,.T.);
#13720=ORIENTED_EDGE('no 14935',*,*,#13719,.F.);
#13721=ORIENTED_EDGE('no 14934',*,*,#12294,.F.);
#13722=ORIENTED_EDGE('no 14933',*,*,#12243,.T.);
#13723=EDGE_LOOP('',(#13720,#13721,#13722));
#13724=FACE_OUTER_BOUND('',#13723,.T.);
#13725=CARTESIAN_POINT('',(0.154551,0.00813054,0.0));
#13726=DIRECTION('',(0.0,0.0,-1.0));
#13727=DIRECTION('',(0.0058912579,0.9999826464,0.0));
#13728=AXIS2_PLACEMENT_3D('',#13725,#13726,#13727);
#13729=PLANE('',#13728);
#13730=ADVANCED_FACE('no 14943',(#13724),#13729,.F.);
#13731=CARTESIAN_POINT('',(0.155576,0.0864559,0.013));
#13732=DIRECTION('',(0.1305896347,0.9914365069,0.0));
#13733=VECTOR('',#13732,1.0);
#13734=LINE('',#13731,#13733);
#13735=EDGE_CURVE('no 16314',#10843,#13245,#13734,.T.);
#13736=ORIENTED_EDGE('no 16317',*,*,#13735,.F.);
#13737=ORIENTED_EDGE('no 16316',*,*,#12270,.F.);
#13738=ORIENTED_EDGE('no 16315',*,*,#13302,.F.);
#13739=EDGE_LOOP('',(#13736,#13737,#13738));
#13740=FACE_OUTER_BOUND('',#13739,.T.);
#13741=CARTESIAN_POINT('',(0.155651,0.0870253,0.013));
#13742=DIRECTION('',(-0.9914438364,0.1305339777,-0.0000000168));
#13743=DIRECTION('',(-0.0057611275,-0.043757581,-0.999025567));
#13744=AXIS2_PLACEMENT_3D('',#13741,#13742,#13743);
#13745=PLANE('',#13744);
#13746=ADVANCED_FACE('no 16325',(#13740),#13745,.F.);
#13747=ORIENTED_EDGE('no 18661',*,*,#12287,.T.);
#13748=CARTESIAN_POINT('',(0.155007,0.00778091,0.013));
#13749=VERTEX_POINT('',#13748);
#13750=CARTESIAN_POINT('',(0.155007,0.00778091,0.0));
#13751=DIRECTION('',(0.0,0.0,1.0));
#13752=VECTOR('',#13751,1.0);
#13753=LINE('',#13750,#13752);
#13754=EDGE_CURVE('no 18589',#12282,#13749,#13753,.T.);
#13755=ORIENTED_EDGE('no 18660',*,*,#13754,.T.);
#13756=CARTESIAN_POINT('',(0.155007,0.00778091,0.013));
#13757=DIRECTION('',(0.0268968217,-0.0350142825,-0.999024805));
#13758=VECTOR('',#13757,1.0);
#13759=LINE('',#13756,#13758);
#13760=EDGE_CURVE('no 18635',#13749,#10866,#13759,.T.);
#13761=ORIENTED_EDGE('no 18659',*,*,#13760,.T.);
#13762=EDGE_LOOP('',(#13747,#13755,#13761));
#13763=FACE_OUTER_BOUND('',#13762,.T.);
#13764=CARTESIAN_POINT('',(0.155357,0.00732528,0.0));
#13765=DIRECTION('',(-0.7933490416,-0.6087670312,0.0000000136));
#13766=DIRECTION('',(-0.0268680883,0.0350146847,0.9990255641));
#13767=AXIS2_PLACEMENT_3D('',#13764,#13765,#13766);
#13768=PLANE('',#13767);
#13769=ADVANCED_FACE('no 18669',(#13763),#13768,.F.);
#13770=ORIENTED_EDGE('no 20292',*,*,#12325,.F.);
#13771=ORIENTED_EDGE('no 20293',*,*,#12406,.F.);
#13772=CARTESIAN_POINT('',(0.120755,0.0363706,0.013));
#13773=DIRECTION('',(0.1169857883,-0.9931335889,0.0));
#13774=VECTOR('',#13773,1.0);
#13775=LINE('',#13772,#13774);
#13776=EDGE_CURVE('no 20291',#12395,#12083,#13775,.T.);
#13777=ORIENTED_EDGE('no 20294',*,*,#13776,.T.);
#13778=EDGE_LOOP('',(#13770,#13771,#13777));
#13779=FACE_OUTER_BOUND('',#13778,.T.);
#13780=CARTESIAN_POINT('',(0.123056,0.0168366,0.013));
#13781=DIRECTION('',(0.0,0.0,-1.0));
#13782=DIRECTION('',(-0.9980683007,0.0621262187,0.0));
#13783=AXIS2_PLACEMENT_3D('',#13780,#13781,#13782);
#13784=PLANE('',#13783);
#13785=ADVANCED_FACE('no 20302',(#13779),#13784,.T.);
#13786=ORIENTED_EDGE('no 6585',*,*,#12377,.F.);
#13787=ORIENTED_EDGE('no 6586',*,*,#13475,.F.);
#13788=ORIENTED_EDGE('no 6587',*,*,#12346,.F.);
#13789=EDGE_LOOP('',(#13786,#13787,#13788));
#13790=FACE_OUTER_BOUND('',#13789,.T.);
#13791=CARTESIAN_POINT('',(0.103739,0.0339808,0.013));
#13792=DIRECTION('',(0.0,-1.0,0.0));
#13793=DIRECTION('',(0.9847836293,0.0,0.1737849346));
#13794=AXIS2_PLACEMENT_3D('',#13791,#13792,#13793);
#13795=PLANE('',#13794);
#13796=ADVANCED_FACE('no 6595',(#13790),#13795,.T.);
#13797=CARTESIAN_POINT('',(0.103755,0.0533706,0.013));
#13798=DIRECTION('',(-0.1052519266,-0.9944455902,0.0));
#13799=VECTOR('',#13798,1.0);
#13800=LINE('',#13797,#13799);
#13801=EDGE_CURVE('no 20567',#12976,#9715,#13800,.T.);
#13802=ORIENTED_EDGE('no 20585',*,*,#13801,.F.);
#13803=CARTESIAN_POINT('',(0.103739,0.0339808,0.013));
#13804=DIRECTION('',(0.0008251758,0.9999996595,0.0));
#13805=VECTOR('',#13804,1.0);
#13806=LINE('',#13803,#13805);
#13807=EDGE_CURVE('no 19627',#10905,#12976,#13806,.T.);
#13808=ORIENTED_EDGE('no 20586',*,*,#13807,.F.);
#13809=ORIENTED_EDGE('no 20587',*,*,#12362,.F.);
#13810=EDGE_LOOP('',(#13802,#13808,#13809));
#13811=FACE_OUTER_BOUND('',#13810,.T.);
#13812=CARTESIAN_POINT('',(0.101964,0.0364488,0.013));
#13813=DIRECTION('',(0.0,0.0,-1.0));
#13814=DIRECTION('',(0.1052709551,0.9944435761,0.0));
#13815=AXIS2_PLACEMENT_3D('',#13812,#13813,#13814);
#13816=PLANE('',#13815);
#13817=ADVANCED_FACE('no 20595',(#13811),#13816,.T.);
#13818=CARTESIAN_POINT('',(0.103755,0.0363706,0.013));
#13819=VERTEX_POINT('',#13818);
#13820=CARTESIAN_POINT('',(0.103739,0.0339808,0.013));
#13821=DIRECTION('',(0.0066949709,0.9999775884,0.0));
#13822=VECTOR('',#13821,1.0);
#13823=LINE('',#13820,#13822);
#13824=EDGE_CURVE('no 19598',#10905,#13819,#13823,.T.);
#13825=ORIENTED_EDGE('no 19605',*,*,#13824,.T.);
#13826=CARTESIAN_POINT('',(0.103755,0.0363706,0.013));
#13827=DIRECTION('',(0.9902451184,-0.1393363038,0.0));
#13828=VECTOR('',#13827,1.0);
#13829=LINE('',#13826,#13828);
#13830=EDGE_CURVE('no 19604',#13819,#10929,#13829,.T.);
#13831=ORIENTED_EDGE('no 19606',*,*,#13830,.T.);
#13832=ORIENTED_EDGE('no 19607',*,*,#12383,.F.);
#13833=EDGE_LOOP('',(#13825,#13831,#13832));
#13834=FACE_OUTER_BOUND('',#13833,.T.);
#13835=CARTESIAN_POINT('',(0.103739,0.0339808,0.013));
#13836=DIRECTION('',(0.0,0.0,-1.0));
#13837=DIRECTION('',(0.0068059389,0.9999768393,0.0));
#13838=AXIS2_PLACEMENT_3D('',#13835,#13836,#13837);
#13839=PLANE('',#13838);
#13840=ADVANCED_FACE('no 19615',(#13834),#13839,.T.);
#13841=ORIENTED_EDGE('no 19651',*,*,#13830,.F.);
#13842=CARTESIAN_POINT('',(0.120755,0.0363706,0.013));
#13843=DIRECTION('',(-1.0,0.0,0.0));
#13844=VECTOR('',#13843,1.0);
#13845=LINE('',#13842,#13844);
#13846=EDGE_CURVE('no 5839',#12395,#13819,#13845,.T.);
#13847=ORIENTED_EDGE('no 19652',*,*,#13846,.F.);
#13848=ORIENTED_EDGE('no 19653',*,*,#12400,.T.);
#13849=EDGE_LOOP('',(#13841,#13847,#13848));
#13850=FACE_OUTER_BOUND('',#13849,.T.);
#13851=CARTESIAN_POINT('',(0.120739,0.0339808,0.013));
#13852=DIRECTION('',(0.0,0.0,-1.0));
#13853=DIRECTION('',(-0.9902455913,0.1393329425,0.0));
#13854=AXIS2_PLACEMENT_3D('',#13851,#13852,#13853);
#13855=PLANE('',#13854);
#13856=ADVANCED_FACE('no 19661',(#13850),#13855,.T.);
#13857=ORIENTED_EDGE('no 4053',*,*,#12472,.F.);
#13858=ORIENTED_EDGE('no 4054',*,*,#12423,.T.);
#13859=CARTESIAN_POINT('',(0.103755,0.0533706,0.016));
#13860=DIRECTION('',(0.962917207,0.269797058,0.0));
#13861=VECTOR('',#13860,1.0);
#13862=LINE('',#13859,#13861);
#13863=EDGE_CURVE('no 4052',#12418,#11603,#13862,.T.);
#13864=ORIENTED_EDGE('no 4055',*,*,#13863,.T.);
#13865=EDGE_LOOP('',(#13857,#13858,#13864));
#13866=FACE_OUTER_BOUND('',#13865,.T.);
#13867=CARTESIAN_POINT('',(0.134012,0.0618483,0.016));
#13868=DIRECTION('',(0.0,0.0,1.0));
#13869=DIRECTION('',(-0.9673298905,-0.2535209713,0.0));
#13870=AXIS2_PLACEMENT_3D('',#13867,#13868,#13869);
#13871=PLANE('',#13870);
#13872=ADVANCED_FACE('no 4063',(#13866),#13871,.T.);
#13873=ORIENTED_EDGE('no 4134',*,*,#12430,.F.);
#13874=ORIENTED_EDGE('no 4135',*,*,#13469,.T.);
#13875=CARTESIAN_POINT('',(0.103755,0.0363706,0.016));
#13876=DIRECTION('',(0.0,1.0,0.0));
#13877=VECTOR('',#13876,1.0);
#13878=LINE('',#13875,#13877);
#13879=EDGE_CURVE('no 4133',#12059,#12418,#13878,.T.);
#13880=ORIENTED_EDGE('no 4136',*,*,#13879,.T.);
#13881=EDGE_LOOP('',(#13873,#13874,#13880));
#13882=FACE_OUTER_BOUND('',#13881,.T.);
#13883=CARTESIAN_POINT('',(0.103755,0.0533706,0.016));
#13884=DIRECTION('',(0.0,0.0,1.0));
#13885=DIRECTION('',(-0.0008388267,-0.9999996482,0.0));
#13886=AXIS2_PLACEMENT_3D('',#13883,#13884,#13885);
#13887=PLANE('',#13886);
#13888=ADVANCED_FACE('no 4144',(#13882),#13887,.T.);
#13889=ORIENTED_EDGE('no 20568',*,*,#12987,.F.);
#13890=ORIENTED_EDGE('no 20569',*,*,#13801,.T.);
#13891=ORIENTED_EDGE('no 20570',*,*,#12446,.F.);
#13892=EDGE_LOOP('',(#13889,#13890,#13891));
#13893=FACE_OUTER_BOUND('',#13892,.T.);
#13894=CARTESIAN_POINT('',(0.101964,0.0534488,0.013));
#13895=DIRECTION('',(0.0,0.0,-1.0));
#13896=DIRECTION('',(0.9990463595,-0.0436620157,0.0));
#13897=AXIS2_PLACEMENT_3D('',#13894,#13895,#13896);
#13898=PLANE('',#13897);
#13899=ADVANCED_FACE('no 20578',(#13893),#13898,.T.);
#13900=CARTESIAN_POINT('',(0.0477764,0.0864559,0.013));
#13901=VERTEX_POINT('',#13900);
#13902=CARTESIAN_POINT('',(0.0475335718,0.0859360569,0.013));
#13903=DIRECTION('',(0.4232213478,0.906026319,0.0));
#13904=VECTOR('',#13903,1.0);
#13905=LINE('',#13902,#13904);
#13906=EDGE_CURVE('no 17394',#7625,#13901,#13905,.T.);
#13907=ORIENTED_EDGE('no 17397',*,*,#13906,.F.);
#13908=ORIENTED_EDGE('no 17396',*,*,#12516,.T.);
#13909=CARTESIAN_POINT('',(0.0477764,0.0864559,0.013));
#13910=DIRECTION('',(-0.0168912165,-0.0407756118,-0.9990255434));
#13911=VECTOR('',#13910,1.0);
#13912=LINE('',#13909,#13911);
#13913=EDGE_CURVE('no 17388',#13901,#12505,#13912,.T.);
#13914=ORIENTED_EDGE('no 17395',*,*,#13913,.F.);
#13915=EDGE_LOOP('',(#13907,#13908,#13914));
#13916=FACE_OUTER_BOUND('',#13915,.T.);
#13917=CARTESIAN_POINT('',(0.0477764,0.0864559,0.013));
#13918=DIRECTION('',(-0.9238780465,0.3826870199,0.0000000139));
#13919=DIRECTION('',(-0.0168897931,-0.0407750832,-0.999025589));
#13920=AXIS2_PLACEMENT_3D('',#13917,#13918,#13919);
#13921=PLANE('',#13920);
#13922=ADVANCED_FACE('no 17405',(#13916),#13921,.F.);
#13923=CARTESIAN_POINT('',(0.0474114,0.00787985,0.0));
#13924=VERTEX_POINT('',#13923);
#13925=CARTESIAN_POINT('',(0.0475566,0.0859253,0.0));
#13926=DIRECTION('',(-0.0018604512,-0.9999982694,0.0));
#13927=VECTOR('',#13926,1.0);
#13928=LINE('',#13925,#13927);
#13929=EDGE_CURVE('no 15539',#12505,#13924,#13928,.T.);
#13930=ORIENTED_EDGE('no 15542',*,*,#13929,.F.);
#13931=ORIENTED_EDGE('no 15541',*,*,#12510,.F.);
#13932=CARTESIAN_POINT('',(0.047207,0.0854696,0.0));
#13933=DIRECTION('',(0.0026343594,-0.9999965301,0.0));
#13934=VECTOR('',#13933,1.0);
#13935=LINE('',#13932,#13934);
#13936=EDGE_CURVE('no 15510',#11172,#13924,#13935,.T.);
#13937=ORIENTED_EDGE('no 15540',*,*,#13936,.T.);
#13938=EDGE_LOOP('',(#13930,#13931,#13937));
#13939=FACE_OUTER_BOUND('',#13938,.T.);
#13940=CARTESIAN_POINT('',(0.0474114,0.00787985,0.0));
#13941=DIRECTION('',(0.0,0.0,-1.0));
#13942=DIRECTION('',(-0.0026345388,0.9999965296,0.0));
#13943=AXIS2_PLACEMENT_3D('',#13940,#13941,#13942);
#13944=PLANE('',#13943);
#13945=ADVANCED_FACE('no 15550',(#13939),#13944,.F.);
#13946=ORIENTED_EDGE('no 16652',*,*,#13010,.T.);
#13947=CARTESIAN_POINT('',(0.0445115,0.00457071,0.013));
#13948=DIRECTION('',(0.8316482359,-0.5553028108,0.0));
#13949=VECTOR('',#13948,1.0);
#13950=LINE('',#13947,#13949);
#13951=EDGE_CURVE('no 16649',#11241,#12998,#13950,.T.);
#13952=ORIENTED_EDGE('no 16651',*,*,#13951,.F.);
#13953=ORIENTED_EDGE('no 16650',*,*,#12544,.T.);
#13954=EDGE_LOOP('',(#13946,#13952,#13953));
#13955=FACE_OUTER_BOUND('',#13954,.T.);
#13956=CARTESIAN_POINT('',(0.0449891,0.00425181,0.0));
#13957=DIRECTION('',(0.5552712193,0.8316693292,0.0000000096));
#13958=DIRECTION('',(-0.0367058841,0.0245069894,0.999025568));
#13959=AXIS2_PLACEMENT_3D('',#13956,#13957,#13958);
#13960=PLANE('',#13959);
#13961=ADVANCED_FACE('no 16660',(#13955),#13960,.F.);
#13962=ORIENTED_EDGE('no 17945',*,*,#12583,.T.);
#13963=ORIENTED_EDGE('no 17944',*,*,#12566,.T.);
#13964=CARTESIAN_POINT('',(0.043988,0.00719761,0.0));
#13965=DIRECTION('',(-0.0141707938,-0.041797694,0.999025596));
#13966=VECTOR('',#13965,1.0);
#13967=LINE('',#13964,#13966);
#13968=EDGE_CURVE('no 17942',#12578,#12555,#13967,.T.);
#13969=ORIENTED_EDGE('no 17943',*,*,#13968,.F.);
#13970=EDGE_LOOP('',(#13962,#13963,#13969));
#13971=FACE_OUTER_BOUND('',#13970,.T.);
#13972=CARTESIAN_POINT('',(0.043988,0.00719761,0.0));
#13973=DIRECTION('',(0.9470449603,-0.3211009858,-0.0000000151));
#13974=DIRECTION('',(-0.014171794,-0.0417978822,0.9990255739));
#13975=AXIS2_PLACEMENT_3D('',#13972,#13973,#13974);
#13976=PLANE('',#13975);
#13977=ADVANCED_FACE('no 17953',(#13971),#13976,.F.);
#13978=CARTESIAN_POINT('',(0.0443069,0.00767525,0.0));
#13979=VERTEX_POINT('',#13978);
#13980=CARTESIAN_POINT('',(0.0443069,0.00767525,0.0));
#13981=DIRECTION('',(-0.5552706457,-0.8316697121,0.0));
#13982=VECTOR('',#13981,1.0);
#13983=LINE('',#13980,#13982);
#13984=EDGE_CURVE('no 15192',#13979,#12578,#13983,.T.);
#13985=ORIENTED_EDGE('no 15195',*,*,#13984,.F.);
#13986=CARTESIAN_POINT('',(0.0440957,0.0854696,0.0));
#13987=DIRECTION('',(0.0027142409,-0.9999963164,0.0));
#13988=VECTOR('',#13987,1.0);
#13989=LINE('',#13986,#13988);
#13990=EDGE_CURVE('no 15186',#10014,#13979,#13989,.T.);
#13991=ORIENTED_EDGE('no 15194',*,*,#13990,.F.);
#13992=ORIENTED_EDGE('no 15193',*,*,#12589,.T.);
#13993=EDGE_LOOP('',(#13985,#13991,#13992));
#13994=FACE_OUTER_BOUND('',#13993,.T.);
#13995=CARTESIAN_POINT('',(0.043988,0.00719761,0.0));
#13996=DIRECTION('',(0.0,0.0,-1.0));
#13997=DIRECTION('',(0.0013765601,0.9999990525,0.0));
#13998=AXIS2_PLACEMENT_3D('',#13995,#13996,#13997);
#13999=PLANE('',#13998);
#14000=ADVANCED_FACE('no 15203',(#13994),#13999,.F.);
#14001=CARTESIAN_POINT('',(0.0445514,0.08512,0.013));
#14002=DIRECTION('',(0.0,0.0,-1.0));
#14003=VECTOR('',#14002,1.0);
#14004=LINE('',#14001,#14003);
#14005=EDGE_CURVE('no 10273',#12687,#12602,#14004,.T.);
#14006=ORIENTED_EDGE('no 10276',*,*,#14005,.F.);
#14007=CARTESIAN_POINT('',(0.0440957,0.0854696,0.013));
#14008=DIRECTION('',(0.7933498948,-0.6087659193,0.0));
#14009=VECTOR('',#14008,1.0);
#14010=LINE('',#14007,#14009);
#14011=EDGE_CURVE('no 10267',#11194,#12687,#14010,.T.);
#14012=ORIENTED_EDGE('no 10275',*,*,#14011,.F.);
#14013=ORIENTED_EDGE('no 10274',*,*,#12613,.T.);
#14014=EDGE_LOOP('',(#14006,#14012,#14013));
#14015=FACE_OUTER_BOUND('',#14014,.T.);
#14016=CARTESIAN_POINT('',(0.0445514,0.08512,0.0));
#14017=DIRECTION('',(0.6087659188,0.7933498951,0.0000000126));
#14018=DIRECTION('',(-0.0350147846,0.0268680882,0.9990255606));
#14019=AXIS2_PLACEMENT_3D('',#14016,#14017,#14018);
#14020=PLANE('',#14019);
#14021=ADVANCED_FACE('no 10284',(#14015),#14020,.F.);
#14022=CARTESIAN_POINT('',(0.0445514,0.08512,0.0));
#14023=DIRECTION('',(-0.0031568601,-0.9999950171,0.0));
#14024=VECTOR('',#14023,1.0);
#14025=LINE('',#14022,#14024);
#14026=EDGE_CURVE('no 15215',#12602,#13979,#14025,.T.);
#14027=ORIENTED_EDGE('no 15218',*,*,#14026,.F.);
#14028=ORIENTED_EDGE('no 15217',*,*,#12607,.T.);
#14029=ORIENTED_EDGE('no 15216',*,*,#13990,.T.);
#14030=EDGE_LOOP('',(#14027,#14028,#14029));
#14031=FACE_OUTER_BOUND('',#14030,.T.);
#14032=CARTESIAN_POINT('',(0.0443069,0.00767525,0.0));
#14033=DIRECTION('',(0.0,0.0,-1.0));
#14034=DIRECTION('',(-0.0027142409,0.9999963164,0.0));
#14035=AXIS2_PLACEMENT_3D('',#14032,#14033,#14034);
#14036=PLANE('',#14035);
#14037=ADVANCED_FACE('no 15226',(#14031),#14036,.F.);
#14038=CARTESIAN_POINT('',(0.0447385,0.00805408,0.0));
#14039=VERTEX_POINT('',#14038);
#14040=CARTESIAN_POINT('',(0.0452535,0.00830827,0.0));
#14041=DIRECTION('',(-0.8967206626,-0.4425969422,0.0));
#14042=VECTOR('',#14041,1.0);
#14043=LINE('',#14040,#14042);
#14044=EDGE_CURVE('no 15302',#11350,#14039,#14043,.T.);
#14045=ORIENTED_EDGE('no 15305',*,*,#14044,.F.);
#14046=ORIENTED_EDGE('no 15304',*,*,#12629,.F.);
#14047=CARTESIAN_POINT('',(0.045082,0.0849002,0.0));
#14048=DIRECTION('',(-0.0044699273,-0.9999900098,0.0));
#14049=VECTOR('',#14048,1.0);
#14050=LINE('',#14047,#14049);
#14051=EDGE_CURVE('no 15273',#11389,#14039,#14050,.T.);
#14052=ORIENTED_EDGE('no 15303',*,*,#14051,.T.);
#14053=EDGE_LOOP('',(#14045,#14046,#14052));
#14054=FACE_OUTER_BOUND('',#14053,.T.);
#14055=CARTESIAN_POINT('',(0.0447385,0.00805408,0.0));
#14056=DIRECTION('',(0.0,0.0,-1.0));
#14057=DIRECTION('',(0.0044689301,0.9999900143,0.0));
#14058=AXIS2_PLACEMENT_3D('',#14055,#14056,#14057);
#14059=PLANE('',#14058);
#14060=ADVANCED_FACE('no 15313',(#14054),#14059,.F.);
#14061=CARTESIAN_POINT('',(0.0452535,0.00830827,0.013));
#14062=VERTEX_POINT('',#14061);
#14063=CARTESIAN_POINT('',(0.0452535,0.00830827,0.0));
#14064=DIRECTION('',(0.0,0.0,1.0));
#14065=VECTOR('',#14064,1.0);
#14066=LINE('',#14063,#14065);
#14067=EDGE_CURVE('no 19224',#11350,#14062,#14066,.T.);
#14068=ORIENTED_EDGE('no 19302',*,*,#14067,.T.);
#14069=CARTESIAN_POINT('',(0.0458168,0.00842052,0.013));
#14070=DIRECTION('',(-0.9807177084,-0.1954297226,0.0));
#14071=VECTOR('',#14070,1.0);
#14072=LINE('',#14069,#14071);
#14073=EDGE_CURVE('no 19299',#12640,#14062,#14072,.T.);
#14074=ORIENTED_EDGE('no 19301',*,*,#14073,.F.);
#14075=ORIENTED_EDGE('no 19300',*,*,#12652,.T.);
#14076=EDGE_LOOP('',(#14068,#14074,#14075));
#14077=FACE_OUTER_BOUND('',#14076,.T.);
#14078=CARTESIAN_POINT('',(0.0452535,0.00830827,0.0));
#14079=DIRECTION('',(0.1954420497,-0.9807152519,-0.0000000112));
#14080=DIRECTION('',(0.0432837818,0.0086258064,0.9990255801));
#14081=AXIS2_PLACEMENT_3D('',#14078,#14079,#14080);
#14082=PLANE('',#14081);
#14083=ADVANCED_FACE('no 19310',(#14077),#14082,.F.);
#14084=ORIENTED_EDGE('no 19377',*,*,#12645,.T.);
#14085=CARTESIAN_POINT('',(0.0463899,0.00838316,0.013));
#14086=DIRECTION('',(-0.9978819246,0.0650512453,0.0));
#14087=VECTOR('',#14086,1.0);
#14088=LINE('',#14085,#14087);
#14089=EDGE_CURVE('no 19374',#12663,#12640,#14088,.T.);
#14090=ORIENTED_EDGE('no 19376',*,*,#14089,.F.);
#14091=ORIENTED_EDGE('no 19375',*,*,#12675,.T.);
#14092=EDGE_LOOP('',(#14084,#14090,#14091));
#14093=FACE_OUTER_BOUND('',#14092,.T.);
#14094=CARTESIAN_POINT('',(0.0458168,0.00842052,0.0));
#14095=DIRECTION('',(-0.0650466145,-0.9978822265,0.0000000067));
#14096=DIRECTION('',(0.0440415812,-0.0028708288,0.999025574));
#14097=AXIS2_PLACEMENT_3D('',#14094,#14095,#14096);
#14098=PLANE('',#14097);
#14099=ADVANCED_FACE('no 19385',(#14093),#14098,.F.);
#14100=ORIENTED_EDGE('no 12226',*,*,#12668,.F.);
#14101=CARTESIAN_POINT('',(0.0469338,0.00819875,0.013));
#14102=DIRECTION('',(-0.9470452642,0.3211000896,0.0));
#14103=VECTOR('',#14102,1.0);
#14104=LINE('',#14101,#14103);
#14105=EDGE_CURVE('no 12217',#12725,#12663,#14104,.T.);
#14106=ORIENTED_EDGE('no 12225',*,*,#14105,.F.);
#14107=ORIENTED_EDGE('no 12224',*,*,#12737,.T.);
#14108=EDGE_LOOP('',(#14100,#14106,#14107));
#14109=FACE_OUTER_BOUND('',#14108,.T.);
#14110=CARTESIAN_POINT('',(0.0463899,0.00838316,0.0));
#14111=DIRECTION('',(-0.3211000894,-0.9470452643,0.0000000055));
#14112=DIRECTION('',(0.041797982,-0.0141717939,0.9990255697));
#14113=AXIS2_PLACEMENT_3D('',#14110,#14111,#14112);
#14114=PLANE('',#14113);
#14115=ADVANCED_FACE('no 12234',(#14109),#14114,.F.);
#14116=ORIENTED_EDGE('no 17489',*,*,#14005,.T.);
#14117=CARTESIAN_POINT('',(0.0445514,0.08512,0.0));
#14118=DIRECTION('',(0.9238813145,-0.3826791303,0.0));
#14119=VECTOR('',#14118,1.0);
#14120=LINE('',#14117,#14119);
#14121=EDGE_CURVE('no 15267',#12602,#11389,#14120,.T.);
#14122=ORIENTED_EDGE('no 17488',*,*,#14121,.T.);
#14123=ORIENTED_EDGE('no 17487',*,*,#12698,.F.);
#14124=EDGE_LOOP('',(#14116,#14122,#14123));
#14125=FACE_OUTER_BOUND('',#14124,.T.);
#14126=CARTESIAN_POINT('',(0.0445514,0.08512,0.013));
#14127=DIRECTION('',(0.3826791302,0.9238813145,0.0000000011));
#14128=DIRECTION('',(0.0407753829,-0.0168894929,-0.9990255818));
#14129=AXIS2_PLACEMENT_3D('',#14126,#14127,#14128);
#14130=PLANE('',#14129);
#14131=ADVANCED_FACE('no 17497',(#14125),#14130,.F.);
#14132=CARTESIAN_POINT('',(0.0469338,0.00819875,0.0));
#14133=DIRECTION('',(0.8316673269,-0.5552742182,0.0));
#14134=VECTOR('',#14133,1.0);
#14135=LINE('',#14132,#14134);
#14136=EDGE_CURVE('no 12252',#11433,#13924,#14135,.T.);
#14137=ORIENTED_EDGE('no 15513',*,*,#14136,.T.);
#14138=ORIENTED_EDGE('no 15512',*,*,#13936,.F.);
#14139=ORIENTED_EDGE('no 15511',*,*,#12712,.T.);
#14140=EDGE_LOOP('',(#14137,#14138,#14139));
#14141=FACE_OUTER_BOUND('',#14140,.T.);
#14142=CARTESIAN_POINT('',(0.0469338,0.00819875,0.0));
#14143=DIRECTION('',(0.0,0.0,-1.0));
#14144=DIRECTION('',(0.0035358991,0.9999937487,0.0));
#14145=AXIS2_PLACEMENT_3D('',#14142,#14143,#14144);
#14146=PLANE('',#14145);
#14147=ADVANCED_FACE('no 15521',(#14141),#14146,.F.);
#14148=ORIENTED_EDGE('no 12284',*,*,#12730,.T.);
#14149=CARTESIAN_POINT('',(0.0474114,0.00787985,0.013));
#14150=VERTEX_POINT('',#14149);
#14151=CARTESIAN_POINT('',(0.0474114,0.00787985,0.013));
#14152=DIRECTION('',(-0.8316482359,0.5553028108,0.0));
#14153=VECTOR('',#14152,1.0);
#14154=LINE('',#14151,#14153);
#14155=EDGE_CURVE('no 12281',#14150,#12725,#14154,.T.);
#14156=ORIENTED_EDGE('no 12283',*,*,#14155,.F.);
#14157=CARTESIAN_POINT('',(0.0474114,0.00787985,0.013));
#14158=DIRECTION('',(-0.0367026669,0.0245068686,-0.9990256892));
#14159=VECTOR('',#14158,1.0);
#14160=LINE('',#14157,#14159);
#14161=EDGE_CURVE('no 12246',#14150,#11433,#14160,.T.);
#14162=ORIENTED_EDGE('no 12282',*,*,#14161,.T.);
#14163=EDGE_LOOP('',(#14148,#14156,#14162));
#14164=FACE_OUTER_BOUND('',#14163,.T.);
#14165=CARTESIAN_POINT('',(0.0469338,0.00819875,0.0));
#14166=DIRECTION('',(-0.5552742182,-0.8316673269,0.0000000022));
#14167=DIRECTION('',(0.0367055845,-0.0245069897,0.999025579));
#14168=AXIS2_PLACEMENT_3D('',#14165,#14166,#14167);
#14169=PLANE('',#14168);
#14170=ADVANCED_FACE('no 12292',(#14164),#14169,.F.);
#14171=ORIENTED_EDGE('no 9562',*,*,#12751,.F.);
#14172=CARTESIAN_POINT('',(0.151317,0.0068767,0.016));
#14173=VERTEX_POINT('',#14172);
#14174=CARTESIAN_POINT('',(0.151326,0.00679468,0.013));
#14175=DIRECTION('',(-0.0029741402,0.027328902,0.9996220714));
#14176=VECTOR('',#14175,1.0);
#14177=LINE('',#14174,#14176);
#14178=EDGE_CURVE('no 9561',#10205,#14173,#14177,.T.);
#14179=ORIENTED_EDGE('no 9563',*,*,#14178,.T.);
#14180=CARTESIAN_POINT('',(0.151212,0.0063121,0.016));
#14181=DIRECTION('',(0.1828374623,0.9831431546,0.0));
#14182=VECTOR('',#14181,1.0);
#14183=LINE('',#14180,#14182);
#14184=EDGE_CURVE('no 2637',#11457,#14173,#14183,.T.);
#14185=ORIENTED_EDGE('no 9564',*,*,#14184,.F.);
#14186=EDGE_LOOP('',(#14171,#14179,#14185));
#14187=FACE_OUTER_BOUND('',#14186,.T.);
#14188=CARTESIAN_POINT('',(0.151212,0.0063121,0.016));
#14189=DIRECTION('',(0.9830440253,-0.183198,0.0079332924));
#14190=DIRECTION('',(0.0375382009,0.158706004,-0.9866120249));
#14191=AXIS2_PLACEMENT_3D('',#14188,#14189,#14190);
#14192=PLANE('',#14191);
#14193=ADVANCED_FACE('no 9572',(#14187),#14192,.T.);
#14194=ORIENTED_EDGE('no 1102',*,*,#12774,.F.);
#14195=CARTESIAN_POINT('',(0.151209,0.0869948,0.016));
#14196=VERTEX_POINT('',#14195);
#14197=CARTESIAN_POINT('',(0.151212,0.0063121,0.016));
#14198=DIRECTION('',(-0.0000371827,0.9999999993,0.0));
#14199=VECTOR('',#14198,1.0);
#14200=LINE('',#14197,#14199);
#14201=EDGE_CURVE('no 1095',#11457,#14196,#14200,.T.);
#14202=ORIENTED_EDGE('no 1103',*,*,#14201,.T.);
#14203=CARTESIAN_POINT('',(0.151209,0.0869948,0.016));
#14204=DIRECTION('',(-0.2053369833,-0.978691332,0.0));
#14205=VECTOR('',#14204,1.0);
#14206=LINE('',#14203,#14205);
#14207=EDGE_CURVE('no 1101',#14196,#11991,#14206,.T.);
#14208=ORIENTED_EDGE('no 1104',*,*,#14207,.T.);
#14209=EDGE_LOOP('',(#14194,#14202,#14208));
#14210=FACE_OUTER_BOUND('',#14209,.T.);
#14211=CARTESIAN_POINT('',(0.140056,0.0338366,0.016));
#14212=DIRECTION('',(-0.0,0.0,1.0));
#14213=DIRECTION('',(0.3756390231,-0.926766057,0.0));
#14214=AXIS2_PLACEMENT_3D('',#14211,#14212,#14213);
#14215=PLANE('',#14214);
#14216=ADVANCED_FACE('no 1112',(#14210),#14215,.T.);
#14217=CARTESIAN_POINT('',(0.151546,0.00732528,0.013));
#14218=DIRECTION('',(-0.0752798241,-0.1474629846,0.9861985684));
#14219=VECTOR('',#14218,1.0);
#14220=LINE('',#14217,#14219);
#14221=EDGE_CURVE('no 9613',#12796,#14173,#14220,.T.);
#14222=ORIENTED_EDGE('no 9620',*,*,#14221,.T.);
#14223=ORIENTED_EDGE('no 9621',*,*,#14178,.F.);
#14224=ORIENTED_EDGE('no 9622',*,*,#12807,.T.);
#14225=EDGE_LOOP('',(#14222,#14223,#14224));
#14226=FACE_OUTER_BOUND('',#14225,.T.);
#14227=CARTESIAN_POINT('',(0.151546,0.00732528,0.013));
#14228=DIRECTION('',(0.8908941072,-0.4542110631,0.0000000448));
#14229=DIRECTION('',(-0.0751826871,-0.1474639746,0.9862058303));
#14230=AXIS2_PLACEMENT_3D('',#14227,#14228,#14229);
#14231=PLANE('',#14230);
#14232=ADVANCED_FACE('no 9630',(#14226),#14231,.T.);
#14233=CARTESIAN_POINT('',(0.151853,0.0854392,0.013));
#14234=VERTEX_POINT('',#14233);
#14235=CARTESIAN_POINT('',(0.151853,0.0854392,0.013));
#14236=DIRECTION('',(-0.6087619527,0.7933529384,0.0));
#14237=VECTOR('',#14236,1.0);
#14238=LINE('',#14235,#14237);
#14239=EDGE_CURVE('no 23842',#14234,#11511,#14238,.T.);
#14240=ORIENTED_EDGE('no 23845',*,*,#14239,.F.);
#14241=CARTESIAN_POINT('',(0.151546,0.00732528,0.013));
#14242=DIRECTION('',(0.003934241,0.9999922608,0.0));
#14243=VECTOR('',#14242,1.0);
#14244=LINE('',#14241,#14243);
#14245=EDGE_CURVE('no 23836',#12796,#14234,#14244,.T.);
#14246=ORIENTED_EDGE('no 23844',*,*,#14245,.F.);
#14247=ORIENTED_EDGE('no 23843',*,*,#12801,.T.);
#14248=EDGE_LOOP('',(#14240,#14246,#14247));
#14249=FACE_OUTER_BOUND('',#14248,.T.);
#14250=CARTESIAN_POINT('',(0.151504,0.0858948,0.013));
#14251=DIRECTION('',(0.0,0.0,1.0));
#14252=DIRECTION('',(0.0005384319,-0.999999855,0.0));
#14253=AXIS2_PLACEMENT_3D('',#14250,#14251,#14252);
#14254=PLANE('',#14253);
#14255=ADVANCED_FACE('no 23853',(#14249),#14254,.F.);
#14256=ORIENTED_EDGE('no 23376',*,*,#12831,.F.);
#14257=CARTESIAN_POINT('',(0.148451,0.0919948,0.013));
#14258=DIRECTION('',(0.7800495155,-0.6257177905,0.0));
#14259=VECTOR('',#14258,1.0);
#14260=LINE('',#14257,#14259);
#14261=EDGE_CURVE('no 23345',#6625,#12819,#14260,.T.);
#14262=ORIENTED_EDGE('no 23375',*,*,#14261,.T.);
#14263=EDGE_LOOP('',(#14256,#14262));
#14264=FACE_OUTER_BOUND('',#14263,.T.);
#14265=CARTESIAN_POINT('',(0.152351,0.0889305,0.013));
#14266=DIRECTION('',(0.0,0.0,1.0));
#14267=DIRECTION('',(-0.7863171243,0.6178230977,0.0));
#14268=AXIS2_PLACEMENT_3D('',#14265,#14266,#14267);
#14269=PLANE('',#14268);
#14270=ADVANCED_FACE('no 23385',(#14264),#14269,.F.);
#14271=CARTESIAN_POINT('',(0.152351,0.0889305,0.013));
#14272=VERTEX_POINT('',#14271);
#14273=CARTESIAN_POINT('',(0.152351,0.0889305,0.013));
#14274=DIRECTION('',(-0.7933542749,-0.608760211,0.0));
#14275=VECTOR('',#14274,1.0);
#14276=LINE('',#14273,#14275);
#14277=EDGE_CURVE('no 16082',#14272,#11533,#14276,.T.);
#14278=ORIENTED_EDGE('no 23527',*,*,#14277,.T.);
#14279=ORIENTED_EDGE('no 23525',*,*,#12824,.T.);
#14280=EDGE_LOOP('',(#14278,#14279));
#14281=FACE_OUTER_BOUND('',#14280,.T.);
#14282=CARTESIAN_POINT('',(0.152309,0.0889001,0.013));
#14283=DIRECTION('',(0.0,0.0,1.0));
#14284=DIRECTION('',(-0.7933542749,-0.608760211,0.0));
#14285=AXIS2_PLACEMENT_3D('',#14282,#14283,#14284);
#14286=PLANE('',#14285);
#14287=ADVANCED_FACE('no 23535',(#14281),#14286,.F.);
#14288=CARTESIAN_POINT('',(0.151546,0.0881253,0.0));
#14289=VERTEX_POINT('',#14288);
#14290=CARTESIAN_POINT('',(0.151896,0.0885809,0.0));
#14291=DIRECTION('',(-0.6092059313,-0.7930120637,0.0));
#14292=VECTOR('',#14291,1.0);
#14293=LINE('',#14290,#14292);
#14294=EDGE_CURVE('no 13173',#12843,#14289,#14293,.T.);
#14295=ORIENTED_EDGE('no 18511',*,*,#14294,.T.);
#14296=CARTESIAN_POINT('',(0.151546,0.0881253,0.0));
#14297=DIRECTION('',(0.0,0.0,1.0));
#14298=VECTOR('',#14297,1.0);
#14299=LINE('',#14296,#14298);
#14300=EDGE_CURVE('no 18265',#14289,#10228,#14299,.T.);
#14301=ORIENTED_EDGE('no 18510',*,*,#14300,.T.);
#14302=ORIENTED_EDGE('no 18509',*,*,#12854,.F.);
#14303=EDGE_LOOP('',(#14295,#14301,#14302));
#14304=FACE_OUTER_BOUND('',#14303,.T.);
#14305=CARTESIAN_POINT('',(0.151896,0.0885809,0.0));
#14306=DIRECTION('',(0.7933477044,-0.6087687738,0.0000000112));
#14307=DIRECTION('',(-0.0268680885,-0.035014485,0.9990255711));
#14308=AXIS2_PLACEMENT_3D('',#14305,#14306,#14307);
#14309=PLANE('',#14308);
#14310=ADVANCED_FACE('no 18519',(#14304),#14309,.F.);
#14311=ORIENTED_EDGE('no 16091',*,*,#12848,.T.);
#14312=ORIENTED_EDGE('no 16090',*,*,#14277,.F.);
#14313=CARTESIAN_POINT('',(0.152351,0.0889305,0.013));
#14314=DIRECTION('',(-0.0350144855,-0.0268674889,-0.9990255872));
#14315=VECTOR('',#14314,1.0);
#14316=LINE('',#14313,#14315);
#14317=EDGE_CURVE('no 16053',#14272,#12843,#14316,.T.);
#14318=ORIENTED_EDGE('no 16089',*,*,#14317,.T.);
#14319=EDGE_LOOP('',(#14311,#14312,#14318));
#14320=FACE_OUTER_BOUND('',#14319,.T.);
#14321=CARTESIAN_POINT('',(0.151896,0.0885809,0.0));
#14322=DIRECTION('',(0.6087602114,-0.7933542746,0.0000000116));
#14323=DIRECTION('',(0.0350144855,0.0268674889,0.9990255872));
#14324=AXIS2_PLACEMENT_3D('',#14321,#14322,#14323);
#14325=PLANE('',#14324);
#14326=ADVANCED_FACE('no 16099',(#14320),#14325,.F.);
#14327=ORIENTED_EDGE('no 19992',*,*,#12871,.F.);
#14328=CARTESIAN_POINT('',(0.148451,0.0819948,0.013));
#14329=DIRECTION('',(-0.1277840383,-0.9918020163,0.0));
#14330=VECTOR('',#14329,1.0);
#14331=LINE('',#14328,#14330);
#14332=EDGE_CURVE('no 19991',#6649,#10703,#14331,.T.);
#14333=ORIENTED_EDGE('no 19993',*,*,#14332,.T.);
#14334=ORIENTED_EDGE('no 19994',*,*,#13551,.F.);
#14335=EDGE_LOOP('',(#14327,#14333,#14334));
#14336=FACE_OUTER_BOUND('',#14335,.T.);
#14337=CARTESIAN_POINT('',(0.140056,0.0338366,0.013));
#14338=DIRECTION('',(0.0,0.0,-1.0));
#14339=DIRECTION('',(0.1717410231,0.9851421324,0.0));
#14340=AXIS2_PLACEMENT_3D('',#14337,#14338,#14339);
#14341=PLANE('',#14340);
#14342=ADVANCED_FACE('no 20002',(#14336),#14341,.T.);
#14343=CARTESIAN_POINT('',(0.139889,0.0362128,0.013));
#14344=DIRECTION('',(-0.990182954,-0.1397773858,0.0));
#14345=VECTOR('',#14344,1.0);
#14346=LINE('',#14343,#14345);
#14347=EDGE_CURVE('no 20429',#11557,#13518,#14346,.T.);
#14348=ORIENTED_EDGE('no 20447',*,*,#14347,.F.);
#14349=ORIENTED_EDGE('no 20448',*,*,#12877,.F.);
#14350=CARTESIAN_POINT('',(0.123056,0.0338366,0.013));
#14351=DIRECTION('',(1.0,0.0,0.0));
#14352=VECTOR('',#14351,1.0);
#14353=LINE('',#14350,#14352);
#14354=EDGE_CURVE('no 6775',#13518,#12866,#14353,.T.);
#14355=ORIENTED_EDGE('no 20449',*,*,#14354,.F.);
#14356=EDGE_LOOP('',(#14348,#14349,#14355));
#14357=FACE_OUTER_BOUND('',#14356,.T.);
#14358=CARTESIAN_POINT('',(0.123056,0.0338366,0.013));
#14359=DIRECTION('',(0.0,0.0,-1.0));
#14360=DIRECTION('',(0.9901825931,0.1397799426,0.0));
#14361=AXIS2_PLACEMENT_3D('',#14358,#14359,#14360);
#14362=PLANE('',#14361);
#14363=ADVANCED_FACE('no 20457',(#14357),#14362,.T.);
#14364=ORIENTED_EDGE('no 5990',*,*,#12891,.T.);
#14365=CARTESIAN_POINT('',(0.139889,0.0362128,0.016));
#14366=VERTEX_POINT('',#14365);
#14367=CARTESIAN_POINT('',(0.139889,0.0362128,0.013));
#14368=DIRECTION('',(0.0,0.0,1.0));
#14369=VECTOR('',#14368,1.0);
#14370=LINE('',#14367,#14369);
#14371=EDGE_CURVE('no 5989',#11557,#14366,#14370,.T.);
#14372=ORIENTED_EDGE('no 5991',*,*,#14371,.T.);
#14373=CARTESIAN_POINT('',(0.139889,0.0532128,0.016));
#14374=DIRECTION('',(0.0,-1.0,0.0));
#14375=VECTOR('',#14374,1.0);
#14376=LINE('',#14373,#14375);
#14377=EDGE_CURVE('no 4376',#12014,#14366,#14376,.T.);
#14378=ORIENTED_EDGE('no 5992',*,*,#14377,.F.);
#14379=EDGE_LOOP('',(#14364,#14372,#14378));
#14380=FACE_OUTER_BOUND('',#14379,.T.);
#14381=CARTESIAN_POINT('',(0.139889,0.0532128,0.016));
#14382=DIRECTION('',(-1.0,-0.0,0.0));
#14383=DIRECTION('',(0.0,-0.9847836293,-0.1737849346));
#14384=AXIS2_PLACEMENT_3D('',#14381,#14382,#14383);
#14385=PLANE('',#14384);
#14386=ADVANCED_FACE('no 6000',(#14380),#14385,.T.);
#14387=ORIENTED_EDGE('no 20608',*,*,#12981,.F.);
#14388=ORIENTED_EDGE('no 20609',*,*,#12914,.T.);
#14389=CARTESIAN_POINT('',(0.103755,0.0533706,0.013));
#14390=DIRECTION('',(1.0,0.0,0.0));
#14391=VECTOR('',#14390,1.0);
#14392=LINE('',#14389,#14391);
#14393=EDGE_CURVE('no 5943',#12976,#12909,#14392,.T.);
#14394=ORIENTED_EDGE('no 20610',*,*,#14393,.F.);
#14395=EDGE_LOOP('',(#14387,#14388,#14394));
#14396=FACE_OUTER_BOUND('',#14395,.T.);
#14397=CARTESIAN_POINT('',(0.103755,0.0533706,0.013));
#14398=DIRECTION('',(0.0,0.0,-1.0));
#14399=DIRECTION('',(0.962917207,0.269797058,0.0));
#14400=AXIS2_PLACEMENT_3D('',#14397,#14398,#14399);
#14401=PLANE('',#14400);
#14402=ADVANCED_FACE('no 20618',(#14396),#14401,.T.);
#14403=ORIENTED_EDGE('no 20654',*,*,#12921,.F.);
#14404=CARTESIAN_POINT('',(0.120755,0.0363706,0.013));
#14405=DIRECTION('',(0.1257005382,0.9920682309,0.0));
#14406=VECTOR('',#14405,1.0);
#14407=LINE('',#14404,#14406);
#14408=EDGE_CURVE('no 20343',#12395,#11579,#14407,.T.);
#14409=ORIENTED_EDGE('no 20655',*,*,#14408,.F.);
#14410=CARTESIAN_POINT('',(0.120755,0.0533706,0.013));
#14411=DIRECTION('',(0.0,-1.0,0.0));
#14412=VECTOR('',#14411,1.0);
#14413=LINE('',#14410,#14412);
#14414=EDGE_CURVE('no 5810',#12909,#12395,#14413,.T.);
#14415=ORIENTED_EDGE('no 20656',*,*,#14414,.F.);
#14416=EDGE_LOOP('',(#14403,#14409,#14415));
#14417=FACE_OUTER_BOUND('',#14416,.T.);
#14418=CARTESIAN_POINT('',(0.120755,0.0533706,0.013));
#14419=DIRECTION('',(0.0,0.0,-1.0));
#14420=DIRECTION('',(0.9972787437,-0.0737231811,0.0));
#14421=AXIS2_PLACEMENT_3D('',#14418,#14419,#14420);
#14422=PLANE('',#14421);
#14423=ADVANCED_FACE('no 20664',(#14417),#14422,.T.);
#14424=ORIENTED_EDGE('no 6169',*,*,#12935,.F.);
#14425=CARTESIAN_POINT('',(0.122889,0.0532128,0.016));
#14426=VERTEX_POINT('',#14425);
#14427=CARTESIAN_POINT('',(0.122889,0.0532128,0.016));
#14428=DIRECTION('',(1.0,0.0,0.0));
#14429=VECTOR('',#14428,1.0);
#14430=LINE('',#14427,#14429);
#14431=EDGE_CURVE('no 4237',#14426,#12014,#14430,.T.);
#14432=ORIENTED_EDGE('no 6170',*,*,#14431,.F.);
#14433=CARTESIAN_POINT('',(0.122889,0.0532128,0.013));
#14434=DIRECTION('',(0.0,0.0,1.0));
#14435=VECTOR('',#14434,1.0);
#14436=LINE('',#14433,#14435);
#14437=EDGE_CURVE('no 6122',#11579,#14426,#14436,.T.);
#14438=ORIENTED_EDGE('no 6171',*,*,#14437,.F.);
#14439=EDGE_LOOP('',(#14424,#14432,#14438));
#14440=FACE_OUTER_BOUND('',#14439,.T.);
#14441=CARTESIAN_POINT('',(0.122889,0.0532128,0.013));
#14442=DIRECTION('',(0.0,-1.0,0.0));
#14443=DIRECTION('',(0.9847836293,0.0,0.1737849346));
#14444=AXIS2_PLACEMENT_3D('',#14441,#14442,#14443);
#14445=PLANE('',#14444);
#14446=ADVANCED_FACE('no 6179',(#14440),#14445,.T.);
#14447=CARTESIAN_POINT('',(0.122889,0.0532128,0.016));
#14448=DIRECTION('',(0.7899107594,0.6132218132,0.0));
#14449=VECTOR('',#14448,1.0);
#14450=LINE('',#14447,#14449);
#14451=EDGE_CURVE('no 4191',#14426,#11603,#14450,.T.);
#14452=ORIENTED_EDGE('no 4244',*,*,#14451,.F.);
#14453=ORIENTED_EDGE('no 4245',*,*,#14431,.T.);
#14454=ORIENTED_EDGE('no 4246',*,*,#12962,.T.);
#14455=EDGE_LOOP('',(#14452,#14453,#14454));
#14456=FACE_OUTER_BOUND('',#14455,.T.);
#14457=CARTESIAN_POINT('',(0.134012,0.0618483,0.016));
#14458=DIRECTION('',(0.0,0.0,1.0));
#14459=DIRECTION('',(-0.7899107594,-0.6132218132,0.0));
#14460=AXIS2_PLACEMENT_3D('',#14457,#14458,#14459);
#14461=PLANE('',#14460);
#14462=ADVANCED_FACE('no 4254',(#14456),#14461,.T.);
#14463=ORIENTED_EDGE('no 19017',*,*,#13079,.F.);
#14464=CARTESIAN_POINT('',(0.0471844,0.00439648,0.013));
#14465=VERTEX_POINT('',#14464);
#14466=CARTESIAN_POINT('',(0.0466694,0.00414229,0.013));
#14467=DIRECTION('',(0.8967206626,0.4425969422,0.0));
#14468=VECTOR('',#14467,1.0);
#14469=LINE('',#14466,#14468);
#14470=EDGE_CURVE('no 19016',#13054,#14465,#14469,.T.);
#14471=ORIENTED_EDGE('no 19018',*,*,#14470,.T.);
#14472=CARTESIAN_POINT('',(0.0471844,0.00439648,0.0));
#14473=DIRECTION('',(0.0,0.0,1.0));
#14474=VECTOR('',#14473,1.0);
#14475=LINE('',#14472,#14474);
#14476=EDGE_CURVE('no 18941',#11752,#14465,#14475,.T.);
#14477=ORIENTED_EDGE('no 19019',*,*,#14476,.F.);
#14478=EDGE_LOOP('',(#14463,#14471,#14477));
#14479=FACE_OUTER_BOUND('',#14478,.T.);
#14480=CARTESIAN_POINT('',(0.0471844,0.00439648,0.0));
#14481=DIRECTION('',(-0.4426108904,0.896713778,-0.0000000007));
#14482=DIRECTION('',(-0.0395763834,-0.0195345918,0.9990255801));
#14483=AXIS2_PLACEMENT_3D('',#14480,#14481,#14482);
#14484=PLANE('',#14483);
#14485=ADVANCED_FACE('no 19027',(#14479),#14484,.T.);
#14486=CARTESIAN_POINT('',(0.0471844,0.00439648,0.013));
#14487=DIRECTION('',(0.0331722857,0.0291120874,-0.9990255682));
#14488=VECTOR('',#14487,1.0);
#14489=LINE('',#14486,#14488);
#14490=EDGE_CURVE('no 18935',#14465,#13093,#14489,.T.);
#14491=ORIENTED_EDGE('no 18942',*,*,#14490,.T.);
#14492=ORIENTED_EDGE('no 18943',*,*,#13098,.F.);
#14493=ORIENTED_EDGE('no 18944',*,*,#14476,.T.);
#14494=EDGE_LOOP('',(#14491,#14492,#14493));
#14495=FACE_OUTER_BOUND('',#14494,.T.);
#14496=CARTESIAN_POINT('',(0.0471844,0.00439648,0.013));
#14497=DIRECTION('',(-0.6596121413,0.7516061622,-0.0000000181));
#14498=DIRECTION('',(0.0331722857,0.0291120874,-0.9990255682));
#14499=AXIS2_PLACEMENT_3D('',#14496,#14497,#14498);
#14500=PLANE('',#14499);
#14501=ADVANCED_FACE('no 18952',(#14495),#14500,.T.);
#14502=ORIENTED_EDGE('no 13915',*,*,#13104,.F.);
#14503=CARTESIAN_POINT('',(0.0479349,0.00525295,0.0));
#14504=VERTEX_POINT('',#14503);
#14505=CARTESIAN_POINT('',(0.047616,0.00477531,0.0));
#14506=DIRECTION('',(0.5552706457,0.8316697121,0.0));
#14507=VECTOR('',#14506,1.0);
#14508=LINE('',#14505,#14507);
#14509=EDGE_CURVE('no 13908',#13093,#14504,#14508,.T.);
#14510=ORIENTED_EDGE('no 13916',*,*,#14509,.T.);
#14511=CARTESIAN_POINT('',(0.0479349,0.00525295,0.0));
#14512=DIRECTION('',(0.9993365712,-0.0364200142,0.0));
#14513=VECTOR('',#14512,1.0);
#14514=LINE('',#14511,#14513);
#14515=EDGE_CURVE('no 13914',#14504,#6860,#14514,.T.);
#14516=ORIENTED_EDGE('no 13917',*,*,#14515,.T.);
#14517=EDGE_LOOP('',(#14502,#14510,#14516));
#14518=FACE_OUTER_BOUND('',#14517,.T.);
#14519=CARTESIAN_POINT('',(0.158451,0.00122528,0.0));
#14520=DIRECTION('',(0.0,0.0,-1.0));
#14521=DIRECTION('',(-0.9994874393,0.0320134141,0.0));
#14522=AXIS2_PLACEMENT_3D('',#14519,#14520,#14521);
#14523=PLANE('',#14522);
#14524=ADVANCED_FACE('no 13925',(#14518),#14523,.T.);
#14525=CARTESIAN_POINT('',(0.154021,0.00410024,0.0));
#14526=VERTEX_POINT('',#14525);
#14527=CARTESIAN_POINT('',(0.154021,0.00410024,0.0));
#14528=DIRECTION('',(0.8388699148,-0.5443319447,0.0));
#14529=VECTOR('',#14528,1.0);
#14530=LINE('',#14527,#14529);
#14531=EDGE_CURVE('no 14290',#14526,#6860,#14530,.T.);
#14532=ORIENTED_EDGE('no 14320',*,*,#14531,.F.);
#14533=CARTESIAN_POINT('',(0.154021,0.00410024,0.0));
#14534=DIRECTION('',(0.9238801074,0.3826820445,0.0));
#14535=VECTOR('',#14534,1.0);
#14536=LINE('',#14533,#14535);
#14537=EDGE_CURVE('no 14313',#14526,#13115,#14536,.T.);
#14538=ORIENTED_EDGE('no 14321',*,*,#14537,.T.);
#14539=ORIENTED_EDGE('no 14322',*,*,#13120,.T.);
#14540=EDGE_LOOP('',(#14532,#14538,#14539));
#14541=FACE_OUTER_BOUND('',#14540,.T.);
#14542=CARTESIAN_POINT('',(0.158451,0.00122528,0.0));
#14543=DIRECTION('',(0.0,0.0,-1.0));
#14544=DIRECTION('',(-0.8388699148,0.5443319447,0.0));
#14545=AXIS2_PLACEMENT_3D('',#14542,#14543,#14544);
#14546=PLANE('',#14545);
#14547=ADVANCED_FACE('no 14330',(#14541),#14546,.T.);
#14548=CARTESIAN_POINT('',(0.154502,0.00429964,0.013));
#14549=VERTEX_POINT('',#14548);
#14550=CARTESIAN_POINT('',(0.1545020963,0.0042997105,0.0129975222));
#14551=DIRECTION('',(0.0388011883,0.0284285934,-0.9988424715));
#14552=VECTOR('',#14551,1.0);
#14553=LINE('',#14550,#14552);
#14554=EDGE_CURVE('no 19397',#14549,#11774,#14553,.T.);
#14555=ORIENTED_EDGE('no 19404',*,*,#14554,.T.);
#14556=ORIENTED_EDGE('no 19405',*,*,#13126,.F.);
#14557=CARTESIAN_POINT('',(0.154551,0.00432002,0.0));
#14558=DIRECTION('',(-0.0037691994,-0.0015676792,0.9999916677));
#14559=VECTOR('',#14558,1.0);
#14560=LINE('',#14557,#14559);
#14561=EDGE_CURVE('no 19403',#13115,#14549,#14560,.T.);
#14562=ORIENTED_EDGE('no 19406',*,*,#14561,.T.);
#14563=EDGE_LOOP('',(#14555,#14556,#14562));
#14564=FACE_OUTER_BOUND('',#14563,.T.);
#14565=CARTESIAN_POINT('',(0.154551,0.00432002,0.013));
#14566=DIRECTION('',(-0.6087630655,0.7933520846,0.0000000115));
#14567=DIRECTION('',(0.0350144853,0.0268676888,-0.9990255818));
#14568=AXIS2_PLACEMENT_3D('',#14565,#14566,#14567);
#14569=PLANE('',#14568);
#14570=ADVANCED_FACE('no 19414',(#14564),#14569,.T.);
#14571=ORIENTED_EDGE('no 10837',*,*,#13141,.T.);
#14572=CARTESIAN_POINT('',(0.155007,0.00466964,0.013));
#14573=VERTEX_POINT('',#14572);
#14574=CARTESIAN_POINT('',(0.155007,0.00466964,0.0));
#14575=DIRECTION('',(0.0,0.0,1.0));
#14576=VECTOR('',#14575,1.0);
#14577=LINE('',#14574,#14576);
#14578=EDGE_CURVE('no 10836',#11774,#14573,#14577,.T.);
#14579=ORIENTED_EDGE('no 10838',*,*,#14578,.T.);
#14580=CARTESIAN_POINT('',(0.155253,0.00499484,0.013));
#14581=DIRECTION('',(-0.6032909361,-0.7975211887,0.0));
#14582=VECTOR('',#14581,1.0);
#14583=LINE('',#14580,#14582);
#14584=EDGE_CURVE('no 8896',#2507,#14573,#14583,.T.);
#14585=ORIENTED_EDGE('no 10839',*,*,#14584,.F.);
#14586=EDGE_LOOP('',(#14571,#14579,#14585));
#14587=FACE_OUTER_BOUND('',#14586,.T.);
#14588=CARTESIAN_POINT('',(0.155253,0.00499484,0.013));
#14589=DIRECTION('',(-0.7975331553,0.6032751165,-0.0000000229));
#14590=DIRECTION('',(-0.0189129086,-0.0250030114,-0.9995084548));
#14591=AXIS2_PLACEMENT_3D('',#14588,#14589,#14590);
#14592=PLANE('',#14591);
#14593=ADVANCED_FACE('no 10847',(#14587),#14592,.T.);
#14594=ORIENTED_EDGE('no 10889',*,*,#13147,.F.);
#14595=CARTESIAN_POINT('',(0.155253,0.00499484,0.013));
#14596=DIRECTION('',(0.6234076173,0.7818970154,0.0));
#14597=VECTOR('',#14596,1.0);
#14598=LINE('',#14595,#14597);
#14599=EDGE_CURVE('no 10888',#2507,#13160,#14598,.T.);
#14600=ORIENTED_EDGE('no 10890',*,*,#14599,.T.);
#14601=ORIENTED_EDGE('no 10891',*,*,#13165,.F.);
#14602=EDGE_LOOP('',(#14594,#14600,#14601));
#14603=FACE_OUTER_BOUND('',#14602,.T.);
#14604=CARTESIAN_POINT('',(0.155357,0.00512528,0.0));
#14605=DIRECTION('',(-0.78294895,0.6220859601,0.00000001));
#14606=DIRECTION('',(-0.0079714692,-0.010032799,0.9999178959));
#14607=AXIS2_PLACEMENT_3D('',#14604,#14605,#14606);
#14608=PLANE('',#14607);
#14609=ADVANCED_FACE('no 10899',(#14603),#14608,.T.);
#14610=CARTESIAN_POINT('',(0.154551,0.0889305,0.0));
#14611=VERTEX_POINT('',#14610);
#14612=CARTESIAN_POINT('',(0.158451,0.0920253,0.0));
#14613=DIRECTION('',(-0.7833317485,-0.6216038705,0.0));
#14614=VECTOR('',#14613,1.0);
#14615=LINE('',#14612,#14614);
#14616=EDGE_CURVE('no 13399',#4027,#14611,#14615,.T.);
#14617=ORIENTED_EDGE('no 13429',*,*,#14616,.F.);
#14618=ORIENTED_EDGE('no 13430',*,*,#13203,.T.);
#14619=CARTESIAN_POINT('',(0.154551,0.0889305,0.0));
#14620=DIRECTION('',(0.7936063613,-0.6084315437,0.0));
#14621=VECTOR('',#14620,1.0);
#14622=LINE('',#14619,#14621);
#14623=EDGE_CURVE('no 11811',#14611,#13198,#14622,.T.);
#14624=ORIENTED_EDGE('no 13431',*,*,#14623,.F.);
#14625=EDGE_LOOP('',(#14617,#14618,#14624));
#14626=FACE_OUTER_BOUND('',#14625,.T.);
#14627=CARTESIAN_POINT('',(0.154551,0.0889305,0.0));
#14628=DIRECTION('',(0.0,0.0,-1.0));
#14629=DIRECTION('',(0.783337123,0.6215970976,0.0));
#14630=AXIS2_PLACEMENT_3D('',#14627,#14628,#14629);
#14631=PLANE('',#14630);
#14632=ADVANCED_FACE('no 13439',(#14626),#14631,.T.);
#14633=CARTESIAN_POINT('',(0.155007,0.0885809,0.013));
#14634=VERTEX_POINT('',#14633);
#14635=CARTESIAN_POINT('',(0.155007,0.0885809,0.013));
#14636=DIRECTION('',(0.0268968238,-0.0350119798,-0.9990248856));
#14637=VECTOR('',#14636,1.0);
#14638=LINE('',#14635,#14637);
#14639=EDGE_CURVE('no 11869',#14634,#11866,#14638,.T.);
#14640=ORIENTED_EDGE('no 11905',*,*,#14639,.F.);
#14641=CARTESIAN_POINT('',(0.155007,0.0885809,0.0));
#14642=DIRECTION('',(0.0,0.0,1.0));
#14643=VECTOR('',#14642,1.0);
#14644=LINE('',#14641,#14643);
#14645=EDGE_CURVE('no 11817',#13198,#14634,#14644,.T.);
#14646=ORIENTED_EDGE('no 11906',*,*,#14645,.F.);
#14647=ORIENTED_EDGE('no 11907',*,*,#13210,.T.);
#14648=EDGE_LOOP('',(#14640,#14646,#14647));
#14649=FACE_OUTER_BOUND('',#14648,.T.);
#14650=CARTESIAN_POINT('',(0.155357,0.0881253,0.0));
#14651=DIRECTION('',(-0.7933477044,-0.6087687738,-0.0000000112));
#14652=DIRECTION('',(-0.0268680885,0.035014485,0.9990255711));
#14653=AXIS2_PLACEMENT_3D('',#14650,#14651,#14652);
#14654=PLANE('',#14653);
#14655=ADVANCED_FACE('no 11915',(#14649),#14654,.T.);
#14656=ORIENTED_EDGE('no 11882',*,*,#14639,.T.);
#14657=ORIENTED_EDGE('no 11883',*,*,#13232,.T.);
#14658=CARTESIAN_POINT('',(0.155357,0.0881253,0.013));
#14659=DIRECTION('',(-0.6092059313,0.7930120637,0.0));
#14660=VECTOR('',#14659,1.0);
#14661=LINE('',#14658,#14660);
#14662=EDGE_CURVE('no 11881',#13221,#14634,#14661,.T.);
#14663=ORIENTED_EDGE('no 11884',*,*,#14662,.T.);
#14664=EDGE_LOOP('',(#14656,#14657,#14663));
#14665=FACE_OUTER_BOUND('',#14664,.T.);
#14666=CARTESIAN_POINT('',(0.155007,0.0885809,0.013));
#14667=DIRECTION('',(-0.7933477044,-0.6087687738,-0.0000000112));
#14668=DIRECTION('',(0.0268680885,-0.035014485,-0.9990255711));
#14669=AXIS2_PLACEMENT_3D('',#14666,#14667,#14668);
#14670=PLANE('',#14669);
#14671=ADVANCED_FACE('no 11892',(#14665),#14670,.T.);
#14672=ORIENTED_EDGE('no 12027',*,*,#13320,.F.);
#14673=CARTESIAN_POINT('',(0.155357,0.00732528,0.013));
#14674=DIRECTION('',(0.0,0.0,-1.0));
#14675=VECTOR('',#14674,1.0);
#14676=LINE('',#14673,#14675);
#14677=EDGE_CURVE('no 12020',#13315,#10866,#14676,.T.);
#14678=ORIENTED_EDGE('no 12028',*,*,#14677,.T.);
#14679=ORIENTED_EDGE('no 12029',*,*,#13288,.T.);
#14680=EDGE_LOOP('',(#14672,#14678,#14679));
#14681=FACE_OUTER_BOUND('',#14680,.T.);
#14682=CARTESIAN_POINT('',(0.155576,0.00679468,0.0));
#14683=DIRECTION('',(-0.9238818142,-0.3826779239,-0.0000000182));
#14684=DIRECTION('',(-0.0168894929,0.0407754828,0.9990255778));
#14685=AXIS2_PLACEMENT_3D('',#14682,#14683,#14684);
#14686=PLANE('',#14685);
#14687=ADVANCED_FACE('no 12037',(#14681),#14686,.T.);
#14688=ORIENTED_EDGE('no 13041',*,*,#13344,.F.);
#14689=CARTESIAN_POINT('',(0.0506514,0.0819948,0.0));
#14690=VERTEX_POINT('',#14689);
#14691=CARTESIAN_POINT('',(0.158451,0.0920253,0.0));
#14692=DIRECTION('',(-0.9956989752,-0.0926474548,0.0));
#14693=VECTOR('',#14692,1.0);
#14694=LINE('',#14691,#14693);
#14695=EDGE_CURVE('no 13034',#4027,#14690,#14694,.T.);
#14696=ORIENTED_EDGE('no 13042',*,*,#14695,.T.);
#14697=CARTESIAN_POINT('',(0.0506514,0.0819948,0.0));
#14698=DIRECTION('',(-0.4863468961,0.8737658134,0.0));
#14699=VECTOR('',#14698,1.0);
#14700=LINE('',#14697,#14699);
#14701=EDGE_CURVE('no 13040',#14690,#13339,#14700,.T.);
#14702=ORIENTED_EDGE('no 13043',*,*,#14701,.T.);
#14703=EDGE_LOOP('',(#14688,#14696,#14702));
#14704=FACE_OUTER_BOUND('',#14703,.T.);
#14705=CARTESIAN_POINT('',(0.0478514,0.0870253,0.0));
#14706=DIRECTION('',(0.0,0.0,-1.0));
#14707=DIRECTION('',(0.9989796815,0.0451618856,0.0));
#14708=AXIS2_PLACEMENT_3D('',#14705,#14706,#14707);
#14709=PLANE('',#14708);
#14710=ADVANCED_FACE('no 13051',(#14704),#14709,.T.);
#14711=CARTESIAN_POINT('',(0.0477764,0.0875947,0.013));
#14712=VERTEX_POINT('',#14711);
#14713=CARTESIAN_POINT('',(0.0477764,0.0875947,0.013));
#14714=DIRECTION('',(0.005763609,-0.0437573197,-0.9990255641));
#14715=VECTOR('',#14714,1.0);
#14716=LINE('',#14713,#14715);
#14717=EDGE_CURVE('no 18098',#14712,#13339,#14716,.T.);
#14718=ORIENTED_EDGE('no 18122',*,*,#14717,.F.);
#14719=CARTESIAN_POINT('',(0.0477764,0.0875947,0.0));
#14720=DIRECTION('',(0.0,0.0,1.0));
#14721=VECTOR('',#14720,1.0);
#14722=LINE('',#14719,#14721);
#14723=EDGE_CURVE('no 18052',#11952,#14712,#14722,.T.);
#14724=ORIENTED_EDGE('no 18123',*,*,#14723,.F.);
#14725=ORIENTED_EDGE('no 18124',*,*,#13350,.F.);
#14726=EDGE_LOOP('',(#14718,#14724,#14725));
#14727=FACE_OUTER_BOUND('',#14726,.T.);
#14728=CARTESIAN_POINT('',(0.0478514,0.0870253,0.0));
#14729=DIRECTION('',(-0.9914447592,-0.1305269686,-0.0000000078));
#14730=DIRECTION('',(-0.0057608375,0.0437575811,0.9990255687));
#14731=AXIS2_PLACEMENT_3D('',#14728,#14729,#14730);
#14732=PLANE('',#14731);
#14733=ADVANCED_FACE('no 18132',(#14727),#14732,.T.);
#14734=ORIENTED_EDGE('no 18059',*,*,#13366,.T.);
#14735=ORIENTED_EDGE('no 18060',*,*,#14723,.T.);
#14736=CARTESIAN_POINT('',(0.0477764,0.0875947,0.013));
#14737=DIRECTION('',(-0.3827106054,0.9238682766,0.0));
#14738=VECTOR('',#14737,1.0);
#14739=LINE('',#14736,#14738);
#14740=EDGE_CURVE('no 18058',#14712,#13361,#14739,.T.);
#14741=ORIENTED_EDGE('no 18061',*,*,#14740,.T.);
#14742=EDGE_LOOP('',(#14734,#14735,#14741));
#14743=FACE_OUTER_BOUND('',#14742,.T.);
#14744=CARTESIAN_POINT('',(0.0475566,0.0881253,0.013));
#14745=DIRECTION('',(-0.923880107,-0.3826820454,-0.000000022));
#14746=DIRECTION('',(0.0168897926,-0.0407756822,-0.9990255646));
#14747=AXIS2_PLACEMENT_3D('',#14744,#14745,#14746);
#14748=PLANE('',#14747);
#14749=ADVANCED_FACE('no 18069',(#14743),#14748,.T.);
#14750=CARTESIAN_POINT('',(0.140056,0.0338366,0.016));
#14751=DIRECTION('',(-0.0701073515,0.9975394525,0.0));
#14752=VECTOR('',#14751,1.0);
#14753=LINE('',#14750,#14752);
#14754=EDGE_CURVE('no 4353',#11991,#14366,#14753,.T.);
#14755=ORIENTED_EDGE('no 4377',*,*,#14754,.F.);
#14756=ORIENTED_EDGE('no 4378',*,*,#13404,.F.);
#14757=ORIENTED_EDGE('no 4379',*,*,#14377,.T.);
#14758=EDGE_LOOP('',(#14755,#14756,#14757));
#14759=FACE_OUTER_BOUND('',#14758,.T.);
#14760=CARTESIAN_POINT('',(0.139889,0.0362128,0.016));
#14761=DIRECTION('',(-0.0,0.0,1.0));
#14762=DIRECTION('',(0.0702052695,-0.997532566,0.0));
#14763=AXIS2_PLACEMENT_3D('',#14760,#14761,#14762);
#14764=PLANE('',#14763);
#14765=ADVANCED_FACE('no 4387',(#14759),#14764,.T.);
#14766=ORIENTED_EDGE('no 2331',*,*,#13410,.F.);
#14767=ORIENTED_EDGE('no 2332',*,*,#14207,.F.);
#14768=CARTESIAN_POINT('',(0.151209,0.0869948,0.016));
#14769=DIRECTION('',(0.1305896347,0.9914365069,0.0));
#14770=VECTOR('',#14769,1.0);
#14771=LINE('',#14768,#14770);
#14772=EDGE_CURVE('no 2330',#14196,#10658,#14771,.T.);
#14773=ORIENTED_EDGE('no 2333',*,*,#14772,.T.);
#14774=EDGE_LOOP('',(#14766,#14767,#14773));
#14775=FACE_OUTER_BOUND('',#14774,.T.);
#14776=CARTESIAN_POINT('',(0.151284,0.0875642,0.016));
#14777=DIRECTION('',(0.0,0.0,1.0));
#14778=DIRECTION('',(-0.2045630801,-0.9788533834,0.0));
#14779=AXIS2_PLACEMENT_3D('',#14776,#14777,#14778);
#14780=PLANE('',#14779);
#14781=ADVANCED_FACE('no 2341',(#14775),#14780,.T.);
#14782=CARTESIAN_POINT('',(0.123056,0.0338366,0.016));
#14783=VERTEX_POINT('',#14782);
#14784=CARTESIAN_POINT('',(0.122889,0.0362128,0.016));
#14785=DIRECTION('',(0.0702052695,-0.997532566,0.0));
#14786=VECTOR('',#14785,1.0);
#14787=LINE('',#14784,#14786);
#14788=EDGE_CURVE('no 4289',#13422,#14783,#14787,.T.);
#14789=ORIENTED_EDGE('no 4325',*,*,#14788,.F.);
#14790=ORIENTED_EDGE('no 4326',*,*,#13427,.F.);
#14791=CARTESIAN_POINT('',(0.123056,0.0168366,0.016));
#14792=DIRECTION('',(0.0,1.0,0.0));
#14793=VECTOR('',#14792,1.0);
#14794=LINE('',#14791,#14793);
#14795=EDGE_CURVE('no 4324',#7083,#14783,#14794,.T.);
#14796=ORIENTED_EDGE('no 4327',*,*,#14795,.T.);
#14797=EDGE_LOOP('',(#14789,#14790,#14796));
#14798=FACE_OUTER_BOUND('',#14797,.T.);
#14799=CARTESIAN_POINT('',(0.123056,0.0338366,0.016));
#14800=DIRECTION('',(0.0,0.0,1.0));
#14801=DIRECTION('',(-0.0702052695,0.997532566,0.0));
#14802=AXIS2_PLACEMENT_3D('',#14799,#14800,#14801);
#14803=PLANE('',#14802);
#14804=ADVANCED_FACE('no 4335',(#14798),#14803,.T.);
#14805=CARTESIAN_POINT('',(0.120755,0.0533706,0.016));
#14806=DIRECTION('',(0.9972771821,-0.0737443015,0.0));
#14807=VECTOR('',#14806,1.0);
#14808=LINE('',#14805,#14807);
#14809=EDGE_CURVE('no 4185',#12037,#14426,#14808,.T.);
#14810=ORIENTED_EDGE('no 4215',*,*,#14809,.F.);
#14811=ORIENTED_EDGE('no 4216',*,*,#13433,.F.);
#14812=CARTESIAN_POINT('',(0.122889,0.0362128,0.016));
#14813=DIRECTION('',(0.0,1.0,0.0));
#14814=VECTOR('',#14813,1.0);
#14815=LINE('',#14812,#14814);
#14816=EDGE_CURVE('no 4214',#13422,#14426,#14815,.T.);
#14817=ORIENTED_EDGE('no 4217',*,*,#14816,.T.);
#14818=EDGE_LOOP('',(#14810,#14811,#14817));
#14819=FACE_OUTER_BOUND('',#14818,.T.);
#14820=CARTESIAN_POINT('',(0.122889,0.0532128,0.016));
#14821=DIRECTION('',(0.0,0.0,1.0));
#14822=DIRECTION('',(-0.9972787437,0.0737231811,0.0));
#14823=AXIS2_PLACEMENT_3D('',#14820,#14821,#14822);
#14824=PLANE('',#14823);
#14825=ADVANCED_FACE('no 4225',(#14819),#14824,.T.);
#14826=ORIENTED_EDGE('no 5811',*,*,#13447,.F.);
#14827=CARTESIAN_POINT('',(0.120755,0.0533706,0.016));
#14828=DIRECTION('',(0.0,0.0,-1.0));
#14829=VECTOR('',#14828,1.0);
#14830=LINE('',#14827,#14829);
#14831=EDGE_CURVE('no 5804',#12037,#12909,#14830,.T.);
#14832=ORIENTED_EDGE('no 5812',*,*,#14831,.T.);
#14833=ORIENTED_EDGE('no 5813',*,*,#14414,.T.);
#14834=EDGE_LOOP('',(#14826,#14832,#14833));
#14835=FACE_OUTER_BOUND('',#14834,.T.);
#14836=CARTESIAN_POINT('',(0.120755,0.0363706,0.013));
#14837=DIRECTION('',(-1.0,0.0,0.0));
#14838=DIRECTION('',(0.0,0.9847836293,0.1737849346));
#14839=AXIS2_PLACEMENT_3D('',#14836,#14837,#14838);
#14840=PLANE('',#14839);
#14841=ADVANCED_FACE('no 5821',(#14835),#14840,.T.);
#14842=ORIENTED_EDGE('no 5846',*,*,#13489,.T.);
#14843=ORIENTED_EDGE('no 5847',*,*,#13846,.T.);
#14844=CARTESIAN_POINT('',(0.103755,0.0363706,0.013));
#14845=DIRECTION('',(0.0,0.0,1.0));
#14846=VECTOR('',#14845,1.0);
#14847=LINE('',#14844,#14846);
#14848=EDGE_CURVE('no 5845',#13819,#12059,#14847,.T.);
#14849=ORIENTED_EDGE('no 5848',*,*,#14848,.T.);
#14850=EDGE_LOOP('',(#14842,#14843,#14849));
#14851=FACE_OUTER_BOUND('',#14850,.T.);
#14852=CARTESIAN_POINT('',(0.103755,0.0363706,0.016));
#14853=DIRECTION('',(0.0,1.0,0.0));
#14854=DIRECTION('',(0.9847836293,0.0,-0.1737849346));
#14855=AXIS2_PLACEMENT_3D('',#14852,#14853,#14854);
#14856=PLANE('',#14855);
#14857=ADVANCED_FACE('no 5856',(#14851),#14856,.T.);
#14858=ORIENTED_EDGE('no 20407',*,*,#13507,.F.);
#14859=ORIENTED_EDGE('no 20408',*,*,#14332,.F.);
#14860=CARTESIAN_POINT('',(0.148451,0.0112253,0.013));
#14861=DIRECTION('',(0.0,1.0,0.0));
#14862=VECTOR('',#14861,1.0);
#14863=LINE('',#14860,#14862);
#14864=EDGE_CURVE('no 17792',#7448,#6649,#14863,.T.);
#14865=ORIENTED_EDGE('no 20409',*,*,#14864,.F.);
#14866=EDGE_LOOP('',(#14858,#14859,#14865));
#14867=FACE_OUTER_BOUND('',#14866,.T.);
#14868=CARTESIAN_POINT('',(0.148451,0.0112253,0.013));
#14869=DIRECTION('',(0.0,0.0,-1.0));
#14870=DIRECTION('',(-0.8313941747,0.5556831168,0.0));
#14871=AXIS2_PLACEMENT_3D('',#14868,#14869,#14870);
#14872=PLANE('',#14871);
#14873=ADVANCED_FACE('no 20417',(#14867),#14872,.T.);
#14874=ORIENTED_EDGE('no 6747',*,*,#13523,.F.);
#14875=CARTESIAN_POINT('',(0.123056,0.0338366,0.013));
#14876=DIRECTION('',(0.0,0.0,1.0));
#14877=VECTOR('',#14876,1.0);
#14878=LINE('',#14875,#14877);
#14879=EDGE_CURVE('no 6746',#13518,#14783,#14878,.T.);
#14880=ORIENTED_EDGE('no 6748',*,*,#14879,.T.);
#14881=ORIENTED_EDGE('no 6749',*,*,#14795,.F.);
#14882=EDGE_LOOP('',(#14874,#14880,#14881));
#14883=FACE_OUTER_BOUND('',#14882,.T.);
#14884=CARTESIAN_POINT('',(0.123056,0.0168366,0.016));
#14885=DIRECTION('',(1.0,-0.0,0.0));
#14886=DIRECTION('',(0.0,0.9847836293,-0.1737849346));
#14887=AXIS2_PLACEMENT_3D('',#14884,#14885,#14886);
#14888=PLANE('',#14887);
#14889=ADVANCED_FACE('no 6757',(#14883),#14888,.T.);
#14890=CARTESIAN_POINT('',(0.122889,0.0362128,0.013));
#14891=VERTEX_POINT('',#14890);
#14892=CARTESIAN_POINT('',(0.122889,0.0362128,0.013));
#14893=DIRECTION('',(0.0086306579,-0.9999627552,0.0));
#14894=VECTOR('',#14893,1.0);
#14895=LINE('',#14892,#14894);
#14896=EDGE_CURVE('no 20320',#14891,#12083,#14895,.T.);
#14897=ORIENTED_EDGE('no 20367',*,*,#14896,.F.);
#14898=CARTESIAN_POINT('',(0.122889,0.0362128,0.013));
#14899=DIRECTION('',(0.0701073515,-0.9975394525,0.0));
#14900=VECTOR('',#14899,1.0);
#14901=LINE('',#14898,#14900);
#14902=EDGE_CURVE('no 20366',#14891,#13518,#14901,.T.);
#14903=ORIENTED_EDGE('no 20368',*,*,#14902,.T.);
#14904=ORIENTED_EDGE('no 20369',*,*,#13530,.F.);
#14905=EDGE_LOOP('',(#14897,#14903,#14904));
#14906=FACE_OUTER_BOUND('',#14905,.T.);
#14907=CARTESIAN_POINT('',(0.123056,0.0168366,0.013));
#14908=DIRECTION('',(0.0,0.0,-1.0));
#14909=DIRECTION('',(-0.0086306579,0.9999627552,0.0));
#14910=AXIS2_PLACEMENT_3D('',#14907,#14908,#14909);
#14911=PLANE('',#14910);
#14912=ADVANCED_FACE('no 20377',(#14906),#14911,.T.);
#14913=CARTESIAN_POINT('',(0.140056,0.0338366,0.016));
#14914=DIRECTION('',(-0.9847835588,0.0,-0.1737853339));
#14915=VECTOR('',#14914,1.0);
#14916=LINE('',#14913,#14915);
#14917=EDGE_CURVE('no 6769',#11991,#13518,#14916,.T.);
#14918=ORIENTED_EDGE('no 6776',*,*,#14917,.T.);
#14919=ORIENTED_EDGE('no 6777',*,*,#14354,.T.);
#14920=ORIENTED_EDGE('no 6778',*,*,#13545,.F.);
#14921=EDGE_LOOP('',(#14918,#14919,#14920));
#14922=FACE_OUTER_BOUND('',#14921,.T.);
#14923=CARTESIAN_POINT('',(0.140056,0.0338366,0.016));
#14924=DIRECTION('',(0.0,-1.0,-0.0));
#14925=DIRECTION('',(-0.9847836293,0.0,-0.1737849346));
#14926=AXIS2_PLACEMENT_3D('',#14923,#14924,#14925);
#14927=PLANE('',#14926);
#14928=ADVANCED_FACE('no 6786',(#14922),#14927,.T.);
#14929=CARTESIAN_POINT('',(0.148451,0.0919948,0.013));
#14930=DIRECTION('',(1.0,0.0,0.0));
#14931=VECTOR('',#14930,1.0);
#14932=LINE('',#14929,#14931);
#14933=EDGE_CURVE('no 10180',#6625,#5149,#14932,.T.);
#14934=ORIENTED_EDGE('no 23354',*,*,#14933,.T.);
#14935=ORIENTED_EDGE('no 23353',*,*,#13572,.F.);
#14936=ORIENTED_EDGE('no 23352',*,*,#14261,.F.);
#14937=EDGE_LOOP('',(#14934,#14935,#14936));
#14938=FACE_OUTER_BOUND('',#14937,.T.);
#14939=CARTESIAN_POINT('',(0.148451,0.0919948,0.013));
#14940=DIRECTION('',(-0.0,0.0,1.0));
#14941=DIRECTION('',(0.7863171243,-0.6178230977,0.0));
#14942=AXIS2_PLACEMENT_3D('',#14939,#14940,#14941);
#14943=PLANE('',#14942);
#14944=ADVANCED_FACE('no 23362',(#14938),#14943,.F.);
#14945=CARTESIAN_POINT('',(0.153451,0.0892253,0.0));
#14946=VERTEX_POINT('',#14945);
#14947=CARTESIAN_POINT('',(0.153451,0.0892253,0.0));
#14948=DIRECTION('',(0.0,0.0,1.0));
#14949=VECTOR('',#14948,1.0);
#14950=LINE('',#14947,#14949);
#14951=EDGE_CURVE('no 16227',#14946,#10727,#14950,.T.);
#14952=ORIENTED_EDGE('no 16230',*,*,#14951,.F.);
#14953=CARTESIAN_POINT('',(0.153451,0.0892253,0.0));
#14954=DIRECTION('',(-0.9914246171,-0.1306798704,0.0));
#14955=VECTOR('',#14954,1.0);
#14956=LINE('',#14953,#14955);
#14957=EDGE_CURVE('no 13347',#14946,#13583,#14956,.T.);
#14958=ORIENTED_EDGE('no 16229',*,*,#14957,.T.);
#14959=ORIENTED_EDGE('no 16228',*,*,#13595,.F.);
#14960=EDGE_LOOP('',(#14952,#14958,#14959));
#14961=FACE_OUTER_BOUND('',#14960,.T.);
#14962=CARTESIAN_POINT('',(0.153451,0.0892253,0.013));
#14963=DIRECTION('',(0.130520941,-0.9914455527,-0.0000000015));
#14964=DIRECTION('',(-0.0437575812,-0.0057605575,-0.9990255703));
#14965=AXIS2_PLACEMENT_3D('',#14962,#14963,#14964);
#14966=PLANE('',#14965);
#14967=ADVANCED_FACE('no 16238',(#14961),#14966,.F.);
#14968=ORIENTED_EDGE('no 16149',*,*,#13588,.F.);
#14969=CARTESIAN_POINT('',(0.152351,0.0889305,0.0));
#14970=VERTEX_POINT('',#14969);
#14971=CARTESIAN_POINT('',(0.152882,0.0891503,0.0));
#14972=DIRECTION('',(-0.9239701885,-0.3824644961,0.0));
#14973=VECTOR('',#14972,1.0);
#14974=LINE('',#14971,#14973);
#14975=EDGE_CURVE('no 13318',#13583,#14970,#14974,.T.);
#14976=ORIENTED_EDGE('no 16148',*,*,#14975,.T.);
#14977=CARTESIAN_POINT('',(0.152882,0.0891503,0.013));
#14978=VERTEX_POINT('',#14977);
#14979=CARTESIAN_POINT('',(0.152882,0.0891503,0.013));
#14980=DIRECTION('',(-0.0408062999,-0.0168911953,-0.9990242907));
#14981=VECTOR('',#14980,1.0);
#14982=LINE('',#14979,#14981);
#14983=EDGE_CURVE('no 16140',#14978,#14970,#14982,.T.);
#14984=ORIENTED_EDGE('no 16147',*,*,#14983,.F.);
#14985=EDGE_LOOP('',(#14968,#14976,#14984));
#14986=FACE_OUTER_BOUND('',#14985,.T.);
#14987=CARTESIAN_POINT('',(0.152882,0.0891503,0.013));
#14988=DIRECTION('',(0.3826870181,-0.9238780472,-0.0000000309));
#14989=DIRECTION('',(-0.0407756821,-0.0168899926,-0.9990255612));
#14990=AXIS2_PLACEMENT_3D('',#14987,#14988,#14989);
#14991=PLANE('',#14990);
#14992=ADVANCED_FACE('no 16157',(#14986),#14991,.F.);
#14993=CARTESIAN_POINT('',(0.152412,0.00815602,0.016));
#14994=VERTEX_POINT('',#14993);
#14995=CARTESIAN_POINT('',(0.152412,0.00815602,0.016));
#14996=DIRECTION('',(0.0055790933,0.9999844367,0.0));
#14997=VECTOR('',#14996,1.0);
#14998=LINE('',#14995,#14997);
#14999=EDGE_CURVE('no 2840',#14994,#13606,#14998,.T.);
#15000=ORIENTED_EDGE('no 2876',*,*,#14999,.F.);
#15001=CARTESIAN_POINT('',(0.152412,0.00815602,0.016));
#15002=DIRECTION('',(0.943052634,0.3326435472,0.0));
#15003=VECTOR('',#15002,1.0);
#15004=LINE('',#15001,#15003);
#15005=EDGE_CURVE('no 2869',#14994,#12146,#15004,.T.);
#15006=ORIENTED_EDGE('no 2877',*,*,#15005,.T.);
#15007=ORIENTED_EDGE('no 2878',*,*,#13611,.T.);
#15008=EDGE_LOOP('',(#15000,#15006,#15007));
#15009=FACE_OUTER_BOUND('',#15008,.T.);
#15010=CARTESIAN_POINT('',(0.15284,0.0848698,0.016));
#15011=DIRECTION('',(0.0,0.0,1.0));
#15012=DIRECTION('',(-0.0055723726,-0.9999844742,0.0));
#15013=AXIS2_PLACEMENT_3D('',#15010,#15011,#15012);
#15014=PLANE('',#15013);
#15015=ADVANCED_FACE('no 2886',(#15009),#15014,.T.);
#15016=CARTESIAN_POINT('',(0.152351,0.00813054,0.013));
#15017=VERTEX_POINT('',#15016);
#15018=CARTESIAN_POINT('',(0.152954,0.0083472,0.016));
#15019=DIRECTION('',(-0.1965666318,-0.0706270754,-0.9779434419));
#15020=VECTOR('',#15019,1.0);
#15021=LINE('',#15018,#15020);
#15022=EDGE_CURVE('no 9885',#12146,#15017,#15021,.T.);
#15023=ORIENTED_EDGE('no 9898',*,*,#15022,.T.);
#15024=CARTESIAN_POINT('',(0.152351,0.00813054,0.013));
#15025=VERTEX_POINT('',#15024);
#15026=CARTESIAN_POINT('',(0.1524131337,0.0081528648,0.013));
#15027=DIRECTION('',(0.9410961355,0.3381391189,0.0));
#15028=VECTOR('',#15027,1.0);
#15029=LINE('',#15026,#15028);
#15030=EDGE_CURVE('no 9891',#15025,#12169,#15029,.T.);
#15031=ORIENTED_EDGE('no 9899',*,*,#15030,.T.);
#15032=ORIENTED_EDGE('no 9900',*,*,#13634,.T.);
#15033=EDGE_LOOP('',(#15023,#15031,#15032));
#15034=FACE_OUTER_BOUND('',#15033,.T.);
#15035=CARTESIAN_POINT('',(0.152954,0.0083472,0.016));
#15036=DIRECTION('',(0.3328881156,-0.9429663316,-0.0000000074));
#15037=DIRECTION('',(-0.1773029803,-0.062591893,-0.9821638907));
#15038=AXIS2_PLACEMENT_3D('',#15035,#15036,#15037);
#15039=PLANE('',#15038);
#15040=ADVANCED_FACE('no 9908',(#15034),#15039,.T.);
#15041=CARTESIAN_POINT('',(0.15284,0.0848698,0.013));
#15042=VERTEX_POINT('',#15041);
#15043=CARTESIAN_POINT('',(0.1534114312,0.0848281818,0.013));
#15044=DIRECTION('',(-0.9973582967,0.0726390249,0.0));
#15045=VECTOR('',#15044,1.0);
#15046=LINE('',#15043,#15045);
#15047=EDGE_CURVE('no 24090',#12192,#15042,#15046,.T.);
#15048=ORIENTED_EDGE('no 24093',*,*,#15047,.F.);
#15049=ORIENTED_EDGE('no 24092',*,*,#13650,.F.);
#15050=CARTESIAN_POINT('',(0.152954,0.0083472,0.013));
#15051=DIRECTION('',(-0.0014897543,0.9999988903,0.0));
#15052=VECTOR('',#15051,1.0);
#15053=LINE('',#15050,#15052);
#15054=EDGE_CURVE('no 24061',#12169,#15042,#15053,.T.);
#15055=ORIENTED_EDGE('no 24091',*,*,#15054,.T.);
#15056=EDGE_LOOP('',(#15048,#15049,#15055));
#15057=FACE_OUTER_BOUND('',#15056,.T.);
#15058=CARTESIAN_POINT('',(0.15284,0.0848698,0.013));
#15059=DIRECTION('',(0.0,0.0,1.0));
#15060=DIRECTION('',(0.0014908398,-0.9999988887,0.0));
#15061=AXIS2_PLACEMENT_3D('',#15058,#15059,#15060);
#15062=PLANE('',#15061);
#15063=ADVANCED_FACE('no 24101',(#15057),#15062,.F.);
#15064=CARTESIAN_POINT('',(0.153451,0.0848253,0.0));
#15065=VERTEX_POINT('',#15064);
#15066=CARTESIAN_POINT('',(0.153451,0.0848253,0.0));
#15067=DIRECTION('',(0.0,0.0,1.0));
#15068=VECTOR('',#15067,1.0);
#15069=LINE('',#15066,#15068);
#15070=EDGE_CURVE('no 10424',#15065,#12192,#15069,.T.);
#15071=ORIENTED_EDGE('no 10427',*,*,#15070,.F.);
#15072=CARTESIAN_POINT('',(0.154021,0.0849002,0.0));
#15073=DIRECTION('',(-0.991443431,-0.1305370567,0.0));
#15074=VECTOR('',#15073,1.0);
#15075=LINE('',#15072,#15074);
#15076=EDGE_CURVE('no 10418',#12215,#15065,#15075,.T.);
#15077=ORIENTED_EDGE('no 10426',*,*,#15076,.F.);
#15078=ORIENTED_EDGE('no 10425',*,*,#13666,.F.);
#15079=EDGE_LOOP('',(#15071,#15077,#15078));
#15080=FACE_OUTER_BOUND('',#15079,.T.);
#15081=CARTESIAN_POINT('',(0.153451,0.0848253,0.013));
#15082=DIRECTION('',(-0.1305370569,0.991443431,0.0000000028));
#15083=DIRECTION('',(0.0437563833,0.0057611278,-0.9990256195));
#15084=AXIS2_PLACEMENT_3D('',#15081,#15082,#15083);
#15085=PLANE('',#15084);
#15086=ADVANCED_FACE('no 10435',(#15080),#15085,.F.);
#15087=CARTESIAN_POINT('',(0.153451,0.00842528,0.0));
#15088=VERTEX_POINT('',#15087);
#15089=CARTESIAN_POINT('',(0.154021,0.00835032,0.0));
#15090=DIRECTION('',(-0.9914632922,0.13038612,0.0));
#15091=VECTOR('',#15090,1.0);
#15092=LINE('',#15089,#15091);
#15093=EDGE_CURVE('no 14816',#13677,#15088,#15092,.T.);
#15094=ORIENTED_EDGE('no 14819',*,*,#15093,.F.);
#15095=ORIENTED_EDGE('no 14818',*,*,#13689,.F.);
#15096=CARTESIAN_POINT('',(0.154021,0.0849002,0.0));
#15097=DIRECTION('',(-0.0074452121,-0.999972284,0.0));
#15098=VECTOR('',#15097,1.0);
#15099=LINE('',#15096,#15098);
#15100=EDGE_CURVE('no 14787',#12215,#15088,#15099,.T.);
#15101=ORIENTED_EDGE('no 14817',*,*,#15100,.T.);
#15102=EDGE_LOOP('',(#15094,#15095,#15101));
#15103=FACE_OUTER_BOUND('',#15102,.T.);
#15104=CARTESIAN_POINT('',(0.153451,0.00842528,0.0));
#15105=DIRECTION('',(0.0,0.0,-1.0));
#15106=DIRECTION('',(0.0074452121,0.999972284,0.0));
#15107=AXIS2_PLACEMENT_3D('',#15104,#15105,#15106);
#15108=PLANE('',#15107);
#15109=ADVANCED_FACE('no 14827',(#15103),#15108,.F.);
#15110=CARTESIAN_POINT('',(0.154551,0.00813054,0.013));
#15111=VERTEX_POINT('',#15110);
#15112=CARTESIAN_POINT('',(0.154551,0.00813054,0.0));
#15113=DIRECTION('',(0.0,0.0,1.0));
#15114=VECTOR('',#15113,1.0);
#15115=LINE('',#15112,#15114);
#15116=EDGE_CURVE('no 18462',#12238,#15111,#15115,.T.);
#15117=ORIENTED_EDGE('no 18465',*,*,#15116,.F.);
#15118=ORIENTED_EDGE('no 18464',*,*,#13703,.T.);
#15119=CARTESIAN_POINT('',(0.154551,0.00813054,0.013));
#15120=DIRECTION('',(-0.0407295805,0.0168897117,-0.9990274465));
#15121=VECTOR('',#15120,1.0);
#15122=LINE('',#15119,#15121);
#15123=EDGE_CURVE('no 18456',#15111,#13677,#15122,.T.);
#15124=ORIENTED_EDGE('no 18463',*,*,#15123,.F.);
#15125=EDGE_LOOP('',(#15117,#15118,#15124));
#15126=FACE_OUTER_BOUND('',#15125,.T.);
#15127=CARTESIAN_POINT('',(0.154551,0.00813054,0.013));
#15128=DIRECTION('',(-0.3826820454,-0.923880107,-0.000000022));
#15129=DIRECTION('',(-0.0407756822,0.0168897926,-0.9990255646));
#15130=AXIS2_PLACEMENT_3D('',#15127,#15128,#15129);
#15131=PLANE('',#15130);
#15132=ADVANCED_FACE('no 18473',(#15126),#15131,.F.);
#15133=ORIENTED_EDGE('no 18592',*,*,#13754,.F.);
#15134=ORIENTED_EDGE('no 18591',*,*,#13719,.T.);
#15135=CARTESIAN_POINT('',(0.155007,0.00778091,0.013));
#15136=DIRECTION('',(-0.0350427081,0.0268683817,-0.9990245736));
#15137=VECTOR('',#15136,1.0);
#15138=LINE('',#15135,#15137);
#15139=EDGE_CURVE('no 18583',#13749,#12238,#15138,.T.);
#15140=ORIENTED_EDGE('no 18590',*,*,#15139,.F.);
#15141=EDGE_LOOP('',(#15133,#15134,#15140));
#15142=FACE_OUTER_BOUND('',#15141,.T.);
#15143=CARTESIAN_POINT('',(0.155007,0.00778091,0.013));
#15144=DIRECTION('',(-0.6087630655,-0.7933520846,-0.0000000115));
#15145=DIRECTION('',(-0.0350144853,0.0268676888,-0.9990255818));
#15146=AXIS2_PLACEMENT_3D('',#15143,#15144,#15145);
#15147=PLANE('',#15146);
#15148=ADVANCED_FACE('no 18600',(#15142),#15147,.F.);
#15149=CARTESIAN_POINT('',(0.155357,0.00732528,0.013));
#15150=DIRECTION('',(-0.6091807053,0.7930314422,0.0));
#15151=VECTOR('',#15150,1.0);
#15152=LINE('',#15149,#15151);
#15153=EDGE_CURVE('no 18641',#13315,#13749,#15152,.T.);
#15154=ORIENTED_EDGE('no 18644',*,*,#15153,.F.);
#15155=ORIENTED_EDGE('no 18643',*,*,#14677,.T.);
#15156=ORIENTED_EDGE('no 18642',*,*,#13760,.F.);
#15157=EDGE_LOOP('',(#15154,#15155,#15156));
#15158=FACE_OUTER_BOUND('',#15157,.T.);
#15159=CARTESIAN_POINT('',(0.155007,0.00778091,0.013));
#15160=DIRECTION('',(-0.7933490416,-0.6087670312,0.0000000136));
#15161=DIRECTION('',(0.0268680883,-0.0350146847,-0.9990255641));
#15162=AXIS2_PLACEMENT_3D('',#15159,#15160,#15161);
#15163=PLANE('',#15162);
#15164=ADVANCED_FACE('no 18652',(#15158),#15163,.F.);
#15165=ORIENTED_EDGE('no 20321',*,*,#13776,.F.);
#15166=CARTESIAN_POINT('',(0.120755,0.0363706,0.013));
#15167=DIRECTION('',(0.9972771821,-0.0737443015,0.0));
#15168=VECTOR('',#15167,1.0);
#15169=LINE('',#15166,#15168);
#15170=EDGE_CURVE('no 20314',#12395,#14891,#15169,.T.);
#15171=ORIENTED_EDGE('no 20322',*,*,#15170,.T.);
#15172=ORIENTED_EDGE('no 20323',*,*,#14896,.T.);
#15173=EDGE_LOOP('',(#15165,#15171,#15172));
#15174=FACE_OUTER_BOUND('',#15173,.T.);
#15175=CARTESIAN_POINT('',(0.123056,0.0168366,0.013));
#15176=DIRECTION('',(0.0,0.0,-1.0));
#15177=DIRECTION('',(-0.1169880381,0.9931333238,0.0));
#15178=AXIS2_PLACEMENT_3D('',#15175,#15176,#15177);
#15179=PLANE('',#15178);
#15180=ADVANCED_FACE('no 20331',(#15174),#15179,.T.);
#15181=ORIENTED_EDGE('no 19628',*,*,#13824,.F.);
#15182=ORIENTED_EDGE('no 19629',*,*,#13807,.T.);
#15183=CARTESIAN_POINT('',(0.103755,0.0363706,0.013));
#15184=DIRECTION('',(0.0,1.0,0.0));
#15185=VECTOR('',#15184,1.0);
#15186=LINE('',#15183,#15185);
#15187=EDGE_CURVE('no 5891',#13819,#12976,#15186,.T.);
#15188=ORIENTED_EDGE('no 19630',*,*,#15187,.F.);
#15189=EDGE_LOOP('',(#15181,#15182,#15188));
#15190=FACE_OUTER_BOUND('',#15189,.T.);
#15191=CARTESIAN_POINT('',(0.103755,0.0363706,0.013));
#15192=DIRECTION('',(-0.0,0.0,-1.0));
#15193=DIRECTION('',(-0.0068059389,-0.9999768393,0.0));
#15194=AXIS2_PLACEMENT_3D('',#15191,#15192,#15193);
#15195=PLANE('',#15194);
#15196=ADVANCED_FACE('no 19638',(#15190),#15195,.T.);
#15197=ORIENTED_EDGE('no 4163',*,*,#13863,.F.);
#15198=CARTESIAN_POINT('',(0.103755,0.0533706,0.016));
#15199=DIRECTION('',(1.0,0.0,0.0));
#15200=VECTOR('',#15199,1.0);
#15201=LINE('',#15198,#15200);
#15202=EDGE_CURVE('no 4156',#12418,#12037,#15201,.T.);
#15203=ORIENTED_EDGE('no 4164',*,*,#15202,.T.);
#15204=CARTESIAN_POINT('',(0.120755,0.0533706,0.016));
#15205=DIRECTION('',(0.8424669689,0.5387479989,0.0));
#15206=VECTOR('',#15205,1.0);
#15207=LINE('',#15204,#15206);
#15208=EDGE_CURVE('no 4162',#12037,#11603,#15207,.T.);
#15209=ORIENTED_EDGE('no 4165',*,*,#15208,.T.);
#15210=EDGE_LOOP('',(#15197,#15203,#15209));
#15211=FACE_OUTER_BOUND('',#15210,.T.);
#15212=CARTESIAN_POINT('',(0.134012,0.0618483,0.016));
#15213=DIRECTION('',(0.0,0.0,1.0));
#15214=DIRECTION('',(-0.962917207,-0.269797058,0.0));
#15215=AXIS2_PLACEMENT_3D('',#15212,#15213,#15214);
#15216=PLANE('',#15215);
#15217=ADVANCED_FACE('no 4173',(#15211),#15216,.T.);
#15218=CARTESIAN_POINT('',(0.103755,0.0533706,0.013));
#15219=DIRECTION('',(0.0,-0.9847835588,0.1737853339));
#15220=VECTOR('',#15219,1.0);
#15221=LINE('',#15218,#15220);
#15222=EDGE_CURVE('no 5885',#12976,#12059,#15221,.T.);
#15223=ORIENTED_EDGE('no 5915',*,*,#15222,.F.);
#15224=CARTESIAN_POINT('',(0.103755,0.0533706,0.013));
#15225=DIRECTION('',(0.0,0.0,1.0));
#15226=VECTOR('',#15225,1.0);
#15227=LINE('',#15224,#15226);
#15228=EDGE_CURVE('no 5914',#12976,#12418,#15227,.T.);
#15229=ORIENTED_EDGE('no 5916',*,*,#15228,.T.);
#15230=ORIENTED_EDGE('no 5917',*,*,#13879,.F.);
#15231=EDGE_LOOP('',(#15223,#15229,#15230));
#15232=FACE_OUTER_BOUND('',#15231,.T.);
#15233=CARTESIAN_POINT('',(0.103755,0.0363706,0.016));
#15234=DIRECTION('',(1.0,-0.0,0.0));
#15235=DIRECTION('',(0.0,0.9847836293,-0.1737849346));
#15236=AXIS2_PLACEMENT_3D('',#15233,#15234,#15235);
#15237=PLANE('',#15236);
#15238=ADVANCED_FACE('no 5925',(#15232),#15237,.T.);
#15239=CARTESIAN_POINT('',(0.0477764,0.0864559,0.0));
#15240=VERTEX_POINT('',#15239);
#15241=CARTESIAN_POINT('',(0.0475566,0.0859253,0.0));
#15242=DIRECTION('',(0.3827106054,0.9238682766,0.0));
#15243=VECTOR('',#15242,1.0);
#15244=LINE('',#15241,#15243);
#15245=EDGE_CURVE('no 15585',#12505,#15240,#15244,.T.);
#15246=ORIENTED_EDGE('no 17414',*,*,#15245,.T.);
#15247=CARTESIAN_POINT('',(0.0477764,0.0864559,0.0));
#15248=DIRECTION('',(0.0,0.0,1.0));
#15249=VECTOR('',#15248,1.0);
#15250=LINE('',#15247,#15249);
#15251=EDGE_CURVE('no 17336',#15240,#13901,#15250,.T.);
#15252=ORIENTED_EDGE('no 17413',*,*,#15251,.T.);
#15253=ORIENTED_EDGE('no 17412',*,*,#13913,.T.);
#15254=EDGE_LOOP('',(#15246,#15252,#15253));
#15255=FACE_OUTER_BOUND('',#15254,.T.);
#15256=CARTESIAN_POINT('',(0.0475566,0.0859253,0.0));
#15257=DIRECTION('',(-0.9238780465,0.3826870199,0.0000000139));
#15258=DIRECTION('',(0.0168897931,0.0407750832,0.999025589));
#15259=AXIS2_PLACEMENT_3D('',#15256,#15257,#15258);
#15260=PLANE('',#15259);
#15261=ADVANCED_FACE('no 17422',(#15255),#15260,.F.);
#15262=CARTESIAN_POINT('',(0.0477903,0.00744819,0.0));
#15263=VERTEX_POINT('',#15262);
#15264=CARTESIAN_POINT('',(0.0474114,0.00787985,0.0));
#15265=DIRECTION('',(0.6596846312,-0.7515425386,0.0));
#15266=VECTOR('',#15265,1.0);
#15267=LINE('',#15264,#15266);
#15268=EDGE_CURVE('no 12339',#13924,#15263,#15267,.T.);
#15269=ORIENTED_EDGE('no 15565',*,*,#15268,.T.);
#15270=CARTESIAN_POINT('',(0.0475566,0.0859253,0.0));
#15271=DIRECTION('',(0.0029779252,-0.999995566,0.0));
#15272=VECTOR('',#15271,1.0);
#15273=LINE('',#15270,#15272);
#15274=EDGE_CURVE('no 15562',#12505,#15263,#15273,.T.);
#15275=ORIENTED_EDGE('no 15564',*,*,#15274,.F.);
#15276=ORIENTED_EDGE('no 15563',*,*,#13929,.T.);
#15277=EDGE_LOOP('',(#15269,#15275,#15276));
#15278=FACE_OUTER_BOUND('',#15277,.T.);
#15279=CARTESIAN_POINT('',(0.0474114,0.00787985,0.0));
#15280=DIRECTION('',(0.0,0.0,-1.0));
#15281=DIRECTION('',(0.0018605105,0.9999982692,0.0));
#15282=AXIS2_PLACEMENT_3D('',#15279,#15280,#15281);
#15283=PLANE('',#15282);
#15284=ADVANCED_FACE('no 15573',(#15278),#15283,.F.);
#15285=CARTESIAN_POINT('',(0.043988,0.00719761,0.013));
#15286=VERTEX_POINT('',#15285);
#15287=CARTESIAN_POINT('',(0.043988,0.00719761,0.013));
#15288=DIRECTION('',(-0.3210816337,-0.9470515216,0.0));
#15289=VECTOR('',#15288,1.0);
#15290=LINE('',#15287,#15289);
#15291=EDGE_CURVE('no 17971',#15286,#12555,#15290,.T.);
#15292=ORIENTED_EDGE('no 17974',*,*,#15291,.F.);
#15293=CARTESIAN_POINT('',(0.043988,0.00719761,0.0));
#15294=DIRECTION('',(0.0,0.0,1.0));
#15295=VECTOR('',#15294,1.0);
#15296=LINE('',#15293,#15295);
#15297=EDGE_CURVE('no 17965',#12578,#15286,#15296,.T.);
#15298=ORIENTED_EDGE('no 17973',*,*,#15297,.F.);
#15299=ORIENTED_EDGE('no 17972',*,*,#13968,.T.);
#15300=EDGE_LOOP('',(#15292,#15298,#15299));
#15301=FACE_OUTER_BOUND('',#15300,.T.);
#15302=CARTESIAN_POINT('',(0.0438036,0.00665371,0.013));
#15303=DIRECTION('',(0.9470449603,-0.3211009858,-0.0000000151));
#15304=DIRECTION('',(0.014171794,0.0417978822,-0.9990255739));
#15305=AXIS2_PLACEMENT_3D('',#15302,#15303,#15304);
#15306=PLANE('',#15305);
#15307=ADVANCED_FACE('no 17982',(#15301),#15306,.F.);
#15308=ORIENTED_EDGE('no 19117',*,*,#13984,.T.);
#15309=ORIENTED_EDGE('no 19116',*,*,#15297,.T.);
#15310=CARTESIAN_POINT('',(0.0443069,0.00767525,0.0));
#15311=DIRECTION('',(-0.0245068659,-0.0367057366,0.9990255765));
#15312=VECTOR('',#15311,1.0);
#15313=LINE('',#15310,#15312);
#15314=EDGE_CURVE('no 19114',#13979,#15286,#15313,.T.);
#15315=ORIENTED_EDGE('no 19115',*,*,#15314,.F.);
#15316=EDGE_LOOP('',(#15308,#15309,#15315));
#15317=FACE_OUTER_BOUND('',#15316,.T.);
#15318=CARTESIAN_POINT('',(0.0443069,0.00767525,0.0));
#15319=DIRECTION('',(0.8316696382,-0.5552707563,-0.0000000403));
#15320=DIRECTION('',(-0.0245067897,-0.0367056846,0.9990255802));
#15321=AXIS2_PLACEMENT_3D('',#15318,#15319,#15320);
#15322=PLANE('',#15321);
#15323=ADVANCED_FACE('no 19125',(#15317),#15322,.F.);
#15324=CARTESIAN_POINT('',(0.0447385,0.00805408,0.0));
#15325=DIRECTION('',(-0.7515575028,-0.6596675829,0.0));
#15326=VECTOR('',#15325,1.0);
#15327=LINE('',#15324,#15326);
#15328=EDGE_CURVE('no 15244',#14039,#13979,#15327,.T.);
#15329=ORIENTED_EDGE('no 15247',*,*,#15328,.F.);
#15330=CARTESIAN_POINT('',(0.0445514,0.08512,0.0));
#15331=DIRECTION('',(0.0024287401,-0.9999970506,0.0));
#15332=VECTOR('',#15331,1.0);
#15333=LINE('',#15330,#15332);
#15334=EDGE_CURVE('no 15238',#12602,#14039,#15333,.T.);
#15335=ORIENTED_EDGE('no 15246',*,*,#15334,.F.);
#15336=ORIENTED_EDGE('no 15245',*,*,#14026,.T.);
#15337=EDGE_LOOP('',(#15329,#15335,#15336));
#15338=FACE_OUTER_BOUND('',#15337,.T.);
#15339=CARTESIAN_POINT('',(0.0443069,0.00767525,0.0));
#15340=DIRECTION('',(0.0,0.0,-1.0));
#15341=DIRECTION('',(0.0031568601,0.9999950171,0.0));
#15342=AXIS2_PLACEMENT_3D('',#15339,#15340,#15341);
#15343=PLANE('',#15342);
#15344=ADVANCED_FACE('no 15255',(#15338),#15343,.F.);
#15345=ORIENTED_EDGE('no 15276',*,*,#14051,.F.);
#15346=ORIENTED_EDGE('no 15275',*,*,#14121,.F.);
#15347=ORIENTED_EDGE('no 15274',*,*,#15334,.T.);
#15348=EDGE_LOOP('',(#15345,#15346,#15347));
#15349=FACE_OUTER_BOUND('',#15348,.T.);
#15350=CARTESIAN_POINT('',(0.0447385,0.00805408,0.0));
#15351=DIRECTION('',(0.0,0.0,-1.0));
#15352=DIRECTION('',(-0.0024287401,0.9999970506,0.0));
#15353=AXIS2_PLACEMENT_3D('',#15350,#15351,#15352);
#15354=PLANE('',#15353);
#15355=ADVANCED_FACE('no 15284',(#15349),#15354,.F.);
#15356=ORIENTED_EDGE('no 19227',*,*,#14067,.F.);
#15357=ORIENTED_EDGE('no 19226',*,*,#14044,.T.);
#15358=CARTESIAN_POINT('',(0.0452535,0.00830827,0.013));
#15359=DIRECTION('',(-0.0395767824,-0.0195340239,-0.9990255754));
#15360=VECTOR('',#15359,1.0);
#15361=LINE('',#15358,#15360);
#15362=EDGE_CURVE('no 19218',#14062,#14039,#15361,.T.);
#15363=ORIENTED_EDGE('no 19225',*,*,#15362,.F.);
#15364=EDGE_LOOP('',(#15356,#15357,#15363));
#15365=FACE_OUTER_BOUND('',#15364,.T.);
#15366=CARTESIAN_POINT('',(0.0452535,0.00830827,0.013));
#15367=DIRECTION('',(0.4426072789,-0.8967155606,0.0000000443));
#15368=DIRECTION('',(-0.0395766829,-0.0195345916,-0.9990255682));
#15369=AXIS2_PLACEMENT_3D('',#15366,#15367,#15368);
#15370=PLANE('',#15369);
#15371=ADVANCED_FACE('no 19235',(#15365),#15370,.F.);
#15372=CARTESIAN_POINT('',(0.0474114,0.00787985,0.0));
#15373=DIRECTION('',(0.0,0.0,1.0));
#15374=VECTOR('',#15373,1.0);
#15375=LINE('',#15372,#15374);
#15376=EDGE_CURVE('no 12258',#13924,#14150,#15375,.T.);
#15377=ORIENTED_EDGE('no 12261',*,*,#15376,.F.);
#15378=ORIENTED_EDGE('no 12260',*,*,#14136,.F.);
#15379=ORIENTED_EDGE('no 12259',*,*,#14161,.F.);
#15380=EDGE_LOOP('',(#15377,#15378,#15379));
#15381=FACE_OUTER_BOUND('',#15380,.T.);
#15382=CARTESIAN_POINT('',(0.0474114,0.00787985,0.013));
#15383=DIRECTION('',(-0.5552742182,-0.8316673269,0.0000000022));
#15384=DIRECTION('',(-0.0367055845,0.0245069897,-0.999025579));
#15385=AXIS2_PLACEMENT_3D('',#15382,#15383,#15384);
#15386=PLANE('',#15385);
#15387=ADVANCED_FACE('no 12269',(#15381),#15386,.F.);
#15388=CARTESIAN_POINT('',(0.151284,0.0864254,0.016));
#15389=VERTEX_POINT('',#15388);
#15390=CARTESIAN_POINT('',(0.151212,0.0063121,0.016));
#15391=DIRECTION('',(0.0008987268,0.9999995961,0.0));
#15392=VECTOR('',#15391,1.0);
#15393=LINE('',#15390,#15392);
#15394=EDGE_CURVE('no 2608',#11457,#15389,#15393,.T.);
#15395=ORIENTED_EDGE('no 2644',*,*,#15394,.F.);
#15396=ORIENTED_EDGE('no 2645',*,*,#14184,.T.);
#15397=CARTESIAN_POINT('',(0.151317,0.0068767,0.016));
#15398=DIRECTION('',(-0.0004148402,0.999999914,0.0));
#15399=VECTOR('',#15398,1.0);
#15400=LINE('',#15397,#15399);
#15401=EDGE_CURVE('no 2643',#14173,#15389,#15400,.T.);
#15402=ORIENTED_EDGE('no 2646',*,*,#15401,.T.);
#15403=EDGE_LOOP('',(#15395,#15396,#15402));
#15404=FACE_OUTER_BOUND('',#15403,.T.);
#15405=CARTESIAN_POINT('',(0.151284,0.0864254,0.016));
#15406=DIRECTION('',(0.0,0.0,1.0));
#15407=DIRECTION('',(-0.0008967106,-0.999999598,0.0));
#15408=AXIS2_PLACEMENT_3D('',#15405,#15406,#15407);
#15409=PLANE('',#15408);
#15410=ADVANCED_FACE('no 2654',(#15404),#15409,.T.);
#15411=ORIENTED_EDGE('no 2615',*,*,#15394,.T.);
#15412=CARTESIAN_POINT('',(0.151284,0.0864254,0.016));
#15413=DIRECTION('',(-0.1305339784,0.9914438363,0.0));
#15414=VECTOR('',#15413,1.0);
#15415=LINE('',#15412,#15414);
#15416=EDGE_CURVE('no 2614',#15389,#14196,#15415,.T.);
#15417=ORIENTED_EDGE('no 2616',*,*,#15416,.T.);
#15418=ORIENTED_EDGE('no 2617',*,*,#14201,.F.);
#15419=EDGE_LOOP('',(#15411,#15417,#15418));
#15420=FACE_OUTER_BOUND('',#15419,.T.);
#15421=CARTESIAN_POINT('',(0.151212,0.0063121,0.016));
#15422=DIRECTION('',(0.0,-0.0,1.0));
#15423=DIRECTION('',(0.0008967106,0.999999598,0.0));
#15424=AXIS2_PLACEMENT_3D('',#15421,#15422,#15423);
#15425=PLANE('',#15424);
#15426=ADVANCED_FACE('no 2625',(#15420),#15425,.T.);
#15427=ORIENTED_EDGE('no 9643',*,*,#14221,.F.);
#15428=CARTESIAN_POINT('',(0.151565,0.00739483,0.016));
#15429=VERTEX_POINT('',#15428);
#15430=CARTESIAN_POINT('',(0.151546,0.00732528,0.013));
#15431=DIRECTION('',(0.0063460616,0.0231761059,0.9997112561));
#15432=VECTOR('',#15431,1.0);
#15433=LINE('',#15430,#15432);
#15434=EDGE_CURVE('no 9642',#12796,#15429,#15433,.T.);
#15435=ORIENTED_EDGE('no 9644',*,*,#15434,.T.);
#15436=CARTESIAN_POINT('',(0.151317,0.0068767,0.016));
#15437=DIRECTION('',(0.4317369892,0.9019995411,0.0));
#15438=VECTOR('',#15437,1.0);
#15439=LINE('',#15436,#15438);
#15440=EDGE_CURVE('no 2695',#14173,#15429,#15439,.T.);
#15441=ORIENTED_EDGE('no 9645',*,*,#15440,.F.);
#15442=EDGE_LOOP('',(#15427,#15435,#15441));
#15443=FACE_OUTER_BOUND('',#15442,.T.);
#15444=CARTESIAN_POINT('',(0.151317,0.0068767,0.016));
#15445=DIRECTION('',(0.9021626634,-0.4313748533,0.0042737151));
#15446=DIRECTION('',(0.0751826871,0.1474639746,-0.9862058303));
#15447=AXIS2_PLACEMENT_3D('',#15444,#15445,#15446);
#15448=PLANE('',#15447);
#15449=ADVANCED_FACE('no 9653',(#15443),#15448,.T.);
#15450=CARTESIAN_POINT('',(0.151896,0.00778091,0.013));
#15451=VERTEX_POINT('',#15450);
#15452=CARTESIAN_POINT('',(0.151896,0.00778091,0.013));
#15453=DIRECTION('',(-0.0005447509,0.9999998516,0.0));
#15454=VECTOR('',#15453,1.0);
#15455=LINE('',#15452,#15454);
#15456=EDGE_CURVE('no 23888',#15451,#14234,#15455,.T.);
#15457=ORIENTED_EDGE('no 23891',*,*,#15456,.F.);
#15458=CARTESIAN_POINT('',(0.1515866505,0.0073781988,0.013));
#15459=DIRECTION('',(0.6091807053,0.7930314422,0.0));
#15460=VECTOR('',#15459,1.0);
#15461=LINE('',#15458,#15460);
#15462=EDGE_CURVE('no 9700',#12796,#15451,#15461,.T.);
#15463=ORIENTED_EDGE('no 23890',*,*,#15462,.F.);
#15464=ORIENTED_EDGE('no 23889',*,*,#14245,.T.);
#15465=EDGE_LOOP('',(#15457,#15463,#15464));
#15466=FACE_OUTER_BOUND('',#15465,.T.);
#15467=CARTESIAN_POINT('',(0.151853,0.0854392,0.013));
#15468=DIRECTION('',(0.0,0.0,1.0));
#15469=DIRECTION('',(-0.0036937407,-0.9999931781,0.0));
#15470=AXIS2_PLACEMENT_3D('',#15467,#15468,#15469);
#15471=PLANE('',#15470);
#15472=ADVANCED_FACE('no 23899',(#15466),#15471,.F.);
#15473=CARTESIAN_POINT('',(0.151326,0.0875947,0.013));
#15474=VERTEX_POINT('',#15473);
#15475=CARTESIAN_POINT('',(0.151546,0.0881253,0.013));
#15476=DIRECTION('',(-0.3830077761,-0.9237451182,0.0));
#15477=VECTOR('',#15476,1.0);
#15478=LINE('',#15475,#15477);
#15479=EDGE_CURVE('no 18271',#10228,#15474,#15478,.T.);
#15480=ORIENTED_EDGE('no 18274',*,*,#15479,.F.);
#15481=ORIENTED_EDGE('no 18273',*,*,#14300,.F.);
#15482=CARTESIAN_POINT('',(0.151546,0.0881253,0.0));
#15483=DIRECTION('',(-0.0168894927,-0.0407756824,0.9990255696));
#15484=VECTOR('',#15483,1.0);
#15485=LINE('',#15482,#15484);
#15486=EDGE_CURVE('no 18242',#14289,#15474,#15485,.T.);
#15487=ORIENTED_EDGE('no 18272',*,*,#15486,.T.);
#15488=EDGE_LOOP('',(#15480,#15481,#15487));
#15489=FACE_OUTER_BOUND('',#15488,.T.);
#15490=CARTESIAN_POINT('',(0.151326,0.0875947,0.013));
#15491=DIRECTION('',(0.9238825212,-0.382676217,0.0000000232));
#15492=DIRECTION('',(0.0168894927,0.0407756824,-0.9990255696));
#15493=AXIS2_PLACEMENT_3D('',#15490,#15491,#15492);
#15494=PLANE('',#15493);
#15495=ADVANCED_FACE('no 18282',(#15489),#15494,.F.);
#15496=CARTESIAN_POINT('',(0.0506514,0.0819948,0.0));
#15497=VERTEX_POINT('',#15496);
#15498=CARTESIAN_POINT('',(0.151546,0.0881253,0.0));
#15499=DIRECTION('',(-0.9981591202,-0.0606495738,0.0));
#15500=VECTOR('',#15499,1.0);
#15501=LINE('',#15498,#15500);
#15502=EDGE_CURVE('no 13179',#14289,#15497,#15501,.T.);
#15503=ORIENTED_EDGE('no 13182',*,*,#15502,.F.);
#15504=ORIENTED_EDGE('no 13181',*,*,#14294,.F.);
#15505=CARTESIAN_POINT('',(0.151896,0.0885809,0.0));
#15506=DIRECTION('',(-0.9978908512,-0.0649141676,0.0));
#15507=VECTOR('',#15506,1.0);
#15508=LINE('',#15505,#15507);
#15509=EDGE_CURVE('no 13150',#12843,#15497,#15508,.T.);
#15510=ORIENTED_EDGE('no 13180',*,*,#15509,.T.);
#15511=EDGE_LOOP('',(#15503,#15504,#15510));
#15512=FACE_OUTER_BOUND('',#15511,.T.);
#15513=CARTESIAN_POINT('',(0.0506514,0.0819948,0.0));
#15514=DIRECTION('',(0.0,0.0,-1.0));
#15515=DIRECTION('',(0.9978908562,0.0649140906,0.0));
#15516=AXIS2_PLACEMENT_3D('',#15513,#15514,#15515);
#15517=PLANE('',#15516);
#15518=ADVANCED_FACE('no 13190',(#15512),#15517,.F.);
#15519=CARTESIAN_POINT('',(0.152351,0.0889305,0.013));
#15520=VERTEX_POINT('',#15519);
#15521=CARTESIAN_POINT('',(0.152351,0.0889305,0.0));
#15522=DIRECTION('',(0.0,0.0,1.0));
#15523=VECTOR('',#15522,1.0);
#15524=LINE('',#15521,#15523);
#15525=EDGE_CURVE('no 16059',#14970,#15520,#15524,.T.);
#15526=ORIENTED_EDGE('no 16062',*,*,#15525,.F.);
#15527=CARTESIAN_POINT('',(0.152351,0.0889305,0.0));
#15528=DIRECTION('',(-0.7933542749,-0.608760211,0.0));
#15529=VECTOR('',#15528,1.0);
#15530=LINE('',#15527,#15529);
#15531=EDGE_CURVE('no 13144',#14970,#12843,#15530,.T.);
#15532=ORIENTED_EDGE('no 16061',*,*,#15531,.T.);
#15533=ORIENTED_EDGE('no 16060',*,*,#14317,.F.);
#15534=EDGE_LOOP('',(#15526,#15532,#15533));
#15535=FACE_OUTER_BOUND('',#15534,.T.);
#15536=CARTESIAN_POINT('',(0.152351,0.0889305,0.013));
#15537=DIRECTION('',(0.6087602114,-0.7933542746,0.0000000116));
#15538=DIRECTION('',(-0.0350144855,-0.0268674889,-0.9990255872));
#15539=AXIS2_PLACEMENT_3D('',#15536,#15537,#15538);
#15540=PLANE('',#15539);
#15541=ADVANCED_FACE('no 16070',(#15535),#15540,.F.);
#15542=ORIENTED_EDGE('no 20430',*,*,#14347,.T.);
#15543=ORIENTED_EDGE('no 20431',*,*,#14902,.F.);
#15544=CARTESIAN_POINT('',(0.139889,0.0362128,0.013));
#15545=DIRECTION('',(-1.0,0.0,0.0));
#15546=VECTOR('',#15545,1.0);
#15547=LINE('',#15544,#15546);
#15548=EDGE_CURVE('no 6047',#11557,#14891,#15547,.T.);
#15549=ORIENTED_EDGE('no 20432',*,*,#15548,.F.);
#15550=EDGE_LOOP('',(#15542,#15543,#15549));
#15551=FACE_OUTER_BOUND('',#15550,.T.);
#15552=CARTESIAN_POINT('',(0.139889,0.0362128,0.013));
#15553=DIRECTION('',(-0.0,0.0,-1.0));
#15554=DIRECTION('',(-0.9901825931,-0.1397799426,0.0));
#15555=AXIS2_PLACEMENT_3D('',#15552,#15553,#15554);
#15556=PLANE('',#15555);
#15557=ADVANCED_FACE('no 20440',(#15551),#15556,.T.);
#15558=CARTESIAN_POINT('',(0.122889,0.0362128,0.016));
#15559=DIRECTION('',(0.9847835588,0.0,-0.1737853339));
#15560=VECTOR('',#15559,1.0);
#15561=LINE('',#15558,#15560);
#15562=EDGE_CURVE('no 6041',#13422,#11557,#15561,.T.);
#15563=ORIENTED_EDGE('no 6071',*,*,#15562,.F.);
#15564=CARTESIAN_POINT('',(0.139889,0.0362128,0.016));
#15565=DIRECTION('',(-1.0,0.0,0.0));
#15566=VECTOR('',#15565,1.0);
#15567=LINE('',#15564,#15566);
#15568=EDGE_CURVE('no 4301',#14366,#13422,#15567,.T.);
#15569=ORIENTED_EDGE('no 6072',*,*,#15568,.F.);
#15570=ORIENTED_EDGE('no 6073',*,*,#14371,.F.);
#15571=EDGE_LOOP('',(#15563,#15569,#15570));
#15572=FACE_OUTER_BOUND('',#15571,.T.);
#15573=CARTESIAN_POINT('',(0.139889,0.0362128,0.013));
#15574=DIRECTION('',(0.0,1.0,-0.0));
#15575=DIRECTION('',(-0.9847836293,0.0,0.1737849346));
#15576=AXIS2_PLACEMENT_3D('',#15573,#15574,#15575);
#15577=PLANE('',#15576);
#15578=ADVANCED_FACE('no 6081',(#15572),#15577,.T.);
#15579=CARTESIAN_POINT('',(0.120755,0.0533706,0.016));
#15580=DIRECTION('',(-0.9847835588,0.0,-0.1737853339));
#15581=VECTOR('',#15580,1.0);
#15582=LINE('',#15579,#15581);
#15583=EDGE_CURVE('no 5937',#12037,#12976,#15582,.T.);
#15584=ORIENTED_EDGE('no 5944',*,*,#15583,.T.);
#15585=ORIENTED_EDGE('no 5945',*,*,#14393,.T.);
#15586=ORIENTED_EDGE('no 5946',*,*,#14831,.F.);
#15587=EDGE_LOOP('',(#15584,#15585,#15586));
#15588=FACE_OUTER_BOUND('',#15587,.T.);
#15589=CARTESIAN_POINT('',(0.120755,0.0533706,0.016));
#15590=DIRECTION('',(0.0,-1.0,-0.0));
#15591=DIRECTION('',(-0.9847836293,0.0,-0.1737849346));
#15592=AXIS2_PLACEMENT_3D('',#15589,#15590,#15591);
#15593=PLANE('',#15592);
#15594=ADVANCED_FACE('no 5954',(#15588),#15593,.T.);
#15595=ORIENTED_EDGE('no 20344',*,*,#15170,.F.);
#15596=ORIENTED_EDGE('no 20345',*,*,#14408,.T.);
#15597=CARTESIAN_POINT('',(0.122889,0.0362128,0.013));
#15598=DIRECTION('',(0.0,1.0,0.0));
#15599=VECTOR('',#15598,1.0);
#15600=LINE('',#15597,#15599);
#15601=EDGE_CURVE('no 6099',#14891,#11579,#15600,.T.);
#15602=ORIENTED_EDGE('no 20346',*,*,#15601,.F.);
#15603=EDGE_LOOP('',(#15595,#15596,#15602));
#15604=FACE_OUTER_BOUND('',#15603,.T.);
#15605=CARTESIAN_POINT('',(0.122889,0.0362128,0.013));
#15606=DIRECTION('',(0.0,0.0,-1.0));
#15607=DIRECTION('',(-0.9972787437,0.0737231811,0.0));
#15608=AXIS2_PLACEMENT_3D('',#15605,#15606,#15607);
#15609=PLANE('',#15608);
#15610=ADVANCED_FACE('no 20354',(#15604),#15609,.T.);
#15611=CARTESIAN_POINT('',(0.122889,0.0532128,0.013));
#15612=DIRECTION('',(0.0,-0.9847835588,0.1737853339));
#15613=VECTOR('',#15612,1.0);
#15614=LINE('',#15611,#15613);
#15615=EDGE_CURVE('no 6093',#11579,#13422,#15614,.T.);
#15616=ORIENTED_EDGE('no 6123',*,*,#15615,.F.);
#15617=ORIENTED_EDGE('no 6124',*,*,#14437,.T.);
#15618=ORIENTED_EDGE('no 6125',*,*,#14816,.F.);
#15619=EDGE_LOOP('',(#15616,#15617,#15618));
#15620=FACE_OUTER_BOUND('',#15619,.T.);
#15621=CARTESIAN_POINT('',(0.122889,0.0362128,0.016));
#15622=DIRECTION('',(1.0,-0.0,0.0));
#15623=DIRECTION('',(0.0,0.9847836293,-0.1737849346));
#15624=AXIS2_PLACEMENT_3D('',#15621,#15622,#15623);
#15625=PLANE('',#15624);
#15626=ADVANCED_FACE('no 6133',(#15620),#15625,.T.);
#15627=ORIENTED_EDGE('no 4192',*,*,#15208,.F.);
#15628=ORIENTED_EDGE('no 4193',*,*,#14809,.T.);
#15629=ORIENTED_EDGE('no 4194',*,*,#14451,.T.);
#15630=EDGE_LOOP('',(#15627,#15628,#15629));
#15631=FACE_OUTER_BOUND('',#15630,.T.);
#15632=CARTESIAN_POINT('',(0.134012,0.0618483,0.016));
#15633=DIRECTION('',(0.0,0.0,1.0));
#15634=DIRECTION('',(-0.8424740018,-0.5387370011,0.0));
#15635=AXIS2_PLACEMENT_3D('',#15632,#15633,#15634);
#15636=PLANE('',#15635);
#15637=ADVANCED_FACE('no 4202',(#15631),#15636,.T.);
#15638=ORIENTED_EDGE('no 18965',*,*,#14490,.F.);
#15639=CARTESIAN_POINT('',(0.047616,0.00477531,0.013));
#15640=VERTEX_POINT('',#15639);
#15641=CARTESIAN_POINT('',(0.0471844,0.00439648,0.013));
#15642=DIRECTION('',(0.7516061617,0.6596121419,0.0));
#15643=VECTOR('',#15642,1.0);
#15644=LINE('',#15641,#15643);
#15645=EDGE_CURVE('no 18964',#14465,#15640,#15644,.T.);
#15646=ORIENTED_EDGE('no 18966',*,*,#15645,.T.);
#15647=CARTESIAN_POINT('',(0.047616,0.00477531,0.0));
#15648=DIRECTION('',(0.0,0.0,1.0));
#15649=VECTOR('',#15648,1.0);
#15650=LINE('',#15647,#15649);
#15651=EDGE_CURVE('no 18889',#13093,#15640,#15650,.T.);
#15652=ORIENTED_EDGE('no 18967',*,*,#15651,.F.);
#15653=EDGE_LOOP('',(#15638,#15646,#15652));
#15654=FACE_OUTER_BOUND('',#15653,.T.);
#15655=CARTESIAN_POINT('',(0.047616,0.00477531,0.0));
#15656=DIRECTION('',(-0.6596121413,0.7516061622,-0.0000000181));
#15657=DIRECTION('',(-0.0331722857,-0.0291120874,0.9990255682));
#15658=AXIS2_PLACEMENT_3D('',#15655,#15656,#15657);
#15659=PLANE('',#15658);
#15660=ADVANCED_FACE('no 18975',(#15654),#15659,.T.);
#15661=CARTESIAN_POINT('',(0.0479349,0.00525295,0.013));
#15662=VERTEX_POINT('',#15661);
#15663=CARTESIAN_POINT('',(0.0479349,0.00525295,0.013));
#15664=DIRECTION('',(-0.0245068659,-0.0367057366,-0.9990255765));
#15665=VECTOR('',#15664,1.0);
#15666=LINE('',#15663,#15665);
#15667=EDGE_CURVE('no 18883',#15662,#13093,#15666,.T.);
#15668=ORIENTED_EDGE('no 18913',*,*,#15667,.F.);
#15669=CARTESIAN_POINT('',(0.0479349,0.00525295,0.0));
#15670=DIRECTION('',(0.0,0.0,1.0));
#15671=VECTOR('',#15670,1.0);
#15672=LINE('',#15669,#15671);
#15673=EDGE_CURVE('no 18837',#14504,#15662,#15672,.T.);
#15674=ORIENTED_EDGE('no 18914',*,*,#15673,.F.);
#15675=ORIENTED_EDGE('no 18915',*,*,#14509,.F.);
#15676=EDGE_LOOP('',(#15668,#15674,#15675));
#15677=FACE_OUTER_BOUND('',#15676,.T.);
#15678=CARTESIAN_POINT('',(0.047616,0.00477531,0.0));
#15679=DIRECTION('',(-0.8316696382,0.5552707563,-0.0000000403));
#15680=DIRECTION('',(0.0245067897,0.0367056846,0.9990255802));
#15681=AXIS2_PLACEMENT_3D('',#15678,#15679,#15680);
#15682=PLANE('',#15681);
#15683=ADVANCED_FACE('no 18923',(#15677),#15682,.T.);
#15684=ORIENTED_EDGE('no 13944',*,*,#14515,.F.);
#15685=CARTESIAN_POINT('',(0.0481193,0.00579685,0.0));
#15686=VERTEX_POINT('',#15685);
#15687=CARTESIAN_POINT('',(0.0479349,0.00525295,0.0));
#15688=DIRECTION('',(0.3211009865,0.9470449601,0.0));
#15689=VECTOR('',#15688,1.0);
#15690=LINE('',#15687,#15689);
#15691=EDGE_CURVE('no 13937',#14504,#15686,#15690,.T.);
#15692=ORIENTED_EDGE('no 13945',*,*,#15691,.T.);
#15693=CARTESIAN_POINT('',(0.0481193,0.00579685,0.0));
#15694=DIRECTION('',(0.9991426831,-0.0413992598,0.0));
#15695=VECTOR('',#15694,1.0);
#15696=LINE('',#15693,#15695);
#15697=EDGE_CURVE('no 13943',#15686,#6860,#15696,.T.);
#15698=ORIENTED_EDGE('no 13946',*,*,#15697,.T.);
#15699=EDGE_LOOP('',(#15684,#15692,#15698));
#15700=FACE_OUTER_BOUND('',#15699,.T.);
#15701=CARTESIAN_POINT('',(0.158451,0.00122528,0.0));
#15702=DIRECTION('',(0.0,0.0,-1.0));
#15703=DIRECTION('',(-0.9993365759,0.0364198845,0.0));
#15704=AXIS2_PLACEMENT_3D('',#15701,#15702,#15703);
#15705=PLANE('',#15704);
#15706=ADVANCED_FACE('no 13954',(#15700),#15705,.T.);
#15707=CARTESIAN_POINT('',(0.153451,0.00402528,0.0));
#15708=VERTEX_POINT('',#15707);
#15709=CARTESIAN_POINT('',(0.153451,0.00402528,0.0));
#15710=DIRECTION('',(0.8725057431,-0.4886038561,0.0));
#15711=VECTOR('',#15710,1.0);
#15712=LINE('',#15709,#15711);
#15713=EDGE_CURVE('no 14267',#15708,#6860,#15712,.T.);
#15714=ORIENTED_EDGE('no 14291',*,*,#15713,.F.);
#15715=CARTESIAN_POINT('',(0.154021,0.00410024,0.0));
#15716=DIRECTION('',(-0.9914444833,-0.1305290636,0.0));
#15717=VECTOR('',#15716,1.0);
#15718=LINE('',#15715,#15717);
#15719=EDGE_CURVE('no 11097',#14526,#15708,#15718,.T.);
#15720=ORIENTED_EDGE('no 14292',*,*,#15719,.F.);
#15721=ORIENTED_EDGE('no 14293',*,*,#14531,.T.);
#15722=EDGE_LOOP('',(#15714,#15720,#15721));
#15723=FACE_OUTER_BOUND('',#15722,.T.);
#15724=CARTESIAN_POINT('',(0.158451,0.00122528,0.0));
#15725=DIRECTION('',(0.0,0.0,-1.0));
#15726=DIRECTION('',(-0.8725057431,0.4886038561,0.0));
#15727=AXIS2_PLACEMENT_3D('',#15724,#15725,#15726);
#15728=PLANE('',#15727);
#15729=ADVANCED_FACE('no 14301',(#15723),#15728,.T.);
#15730=CARTESIAN_POINT('',(0.154021,0.00410024,0.013));
#15731=DIRECTION('',(0.0407295805,0.0168897117,-0.9990274465));
#15732=VECTOR('',#15731,1.0);
#15733=LINE('',#15730,#15732);
#15734=EDGE_CURVE('no 19512',#6074,#13115,#15733,.T.);
#15735=ORIENTED_EDGE('no 19513',*,*,#15734,.T.);
#15736=ORIENTED_EDGE('no 19514',*,*,#14537,.F.);
#15737=CARTESIAN_POINT('',(0.154021,0.00410024,0.013));
#15738=DIRECTION('',(0.0,0.0,-1.0));
#15739=VECTOR('',#15738,1.0);
#15740=LINE('',#15737,#15739);
#15741=EDGE_CURVE('no 11132',#6074,#14526,#15740,.T.);
#15742=ORIENTED_EDGE('no 19515',*,*,#15741,.F.);
#15743=EDGE_LOOP('',(#15735,#15736,#15742));
#15744=FACE_OUTER_BOUND('',#15743,.T.);
#15745=CARTESIAN_POINT('',(0.154021,0.00410024,0.013));
#15746=DIRECTION('',(-0.3826820454,0.923880107,0.000000022));
#15747=DIRECTION('',(0.0407756822,0.0168897926,-0.9990255646));
#15748=AXIS2_PLACEMENT_3D('',#15745,#15746,#15747);
#15749=PLANE('',#15748);
#15750=ADVANCED_FACE('no 19523',(#15744),#15749,.T.);
#15751=ORIENTED_EDGE('no 19427',*,*,#14554,.F.);
#15752=CARTESIAN_POINT('',(0.1545436004,0.0043301195,0.013));
#15753=DIRECTION('',(0.8066588346,0.591017364,0.0));
#15754=VECTOR('',#15753,1.0);
#15755=LINE('',#15752,#15754);
#15756=EDGE_CURVE('no 19426',#14549,#14573,#15755,.T.);
#15757=ORIENTED_EDGE('no 19428',*,*,#15756,.T.);
#15758=ORIENTED_EDGE('no 19429',*,*,#14578,.F.);
#15759=EDGE_LOOP('',(#15751,#15757,#15758));
#15760=FACE_OUTER_BOUND('',#15759,.T.);
#15761=CARTESIAN_POINT('',(0.155007,0.00466964,0.0));
#15762=DIRECTION('',(-0.6087630655,0.7933520846,0.0000000115));
#15763=DIRECTION('',(-0.0350144853,-0.0268676888,0.9990255818));
#15764=AXIS2_PLACEMENT_3D('',#15761,#15762,#15763);
#15765=PLANE('',#15764);
#15766=ADVANCED_FACE('no 19437',(#15760),#15765,.T.);
#15767=ORIENTED_EDGE('no 19536',*,*,#15734,.F.);
#15768=CARTESIAN_POINT('',(0.154021,0.00410024,0.013));
#15769=DIRECTION('',(0.9237686281,0.3829510695,0.0));
#15770=VECTOR('',#15769,1.0);
#15771=LINE('',#15768,#15770);
#15772=EDGE_CURVE('no 19535',#6074,#14549,#15771,.T.);
#15773=ORIENTED_EDGE('no 19537',*,*,#15772,.T.);
#15774=ORIENTED_EDGE('no 19538',*,*,#14561,.F.);
#15775=EDGE_LOOP('',(#15767,#15773,#15774));
#15776=FACE_OUTER_BOUND('',#15775,.T.);
#15777=CARTESIAN_POINT('',(0.154551,0.00432002,0.0));
#15778=DIRECTION('',(-0.3826820454,0.923880107,0.000000022));
#15779=DIRECTION('',(-0.0407756822,-0.0168897926,0.9990255646));
#15780=AXIS2_PLACEMENT_3D('',#15777,#15778,#15779);
#15781=PLANE('',#15780);
#15782=ADVANCED_FACE('no 19546',(#15776),#15781,.T.);
#15783=CARTESIAN_POINT('',(0.154021,0.0891503,0.0));
#15784=VERTEX_POINT('',#15783);
#15785=CARTESIAN_POINT('',(0.158451,0.0920253,0.0));
#15786=DIRECTION('',(-0.8388327569,-0.5443892045,0.0));
#15787=VECTOR('',#15786,1.0);
#15788=LINE('',#15785,#15787);
#15789=EDGE_CURVE('no 13370',#4027,#15784,#15788,.T.);
#15790=ORIENTED_EDGE('no 13406',*,*,#15789,.F.);
#15791=ORIENTED_EDGE('no 13407',*,*,#14616,.T.);
#15792=CARTESIAN_POINT('',(0.154551,0.0889305,0.0));
#15793=DIRECTION('',(-0.9237150395,0.3830803126,0.0));
#15794=VECTOR('',#15793,1.0);
#15795=LINE('',#15792,#15794);
#15796=EDGE_CURVE('no 13405',#14611,#15784,#15795,.T.);
#15797=ORIENTED_EDGE('no 13408',*,*,#15796,.T.);
#15798=EDGE_LOOP('',(#15790,#15791,#15797));
#15799=FACE_OUTER_BOUND('',#15798,.T.);
#15800=CARTESIAN_POINT('',(0.154021,0.0891503,0.0));
#15801=DIRECTION('',(0.0,0.0,-1.0));
#15802=DIRECTION('',(0.8388699148,0.5443319447,0.0));
#15803=AXIS2_PLACEMENT_3D('',#15800,#15801,#15802);
#15804=PLANE('',#15803);
#15805=ADVANCED_FACE('no 13416',(#15799),#15804,.T.);
#15806=CARTESIAN_POINT('',(0.155007,0.0885809,0.013));
#15807=DIRECTION('',(-0.0350144855,0.0268674889,-0.9990255872));
#15808=VECTOR('',#15807,1.0);
#15809=LINE('',#15806,#15808);
#15810=EDGE_CURVE('no 11805',#14634,#14611,#15809,.T.);
#15811=ORIENTED_EDGE('no 11818',*,*,#15810,.T.);
#15812=ORIENTED_EDGE('no 11819',*,*,#14623,.T.);
#15813=ORIENTED_EDGE('no 11820',*,*,#14645,.T.);
#15814=EDGE_LOOP('',(#15811,#15812,#15813));
#15815=FACE_OUTER_BOUND('',#15814,.T.);
#15816=CARTESIAN_POINT('',(0.155007,0.0885809,0.013));
#15817=DIRECTION('',(-0.6087602114,-0.7933542746,-0.0000000116));
#15818=DIRECTION('',(-0.0350144855,0.0268674889,-0.9990255872));
#15819=AXIS2_PLACEMENT_3D('',#15816,#15817,#15818);
#15820=PLANE('',#15819);
#15821=ADVANCED_FACE('no 11828',(#15815),#15820,.T.);
#15822=ORIENTED_EDGE('no 13122',*,*,#14695,.F.);
#15823=CARTESIAN_POINT('',(0.158451,0.0920253,0.0));
#15824=DIRECTION('',(-0.8917920219,-0.4524455655,0.0));
#15825=VECTOR('',#15824,1.0);
#15826=LINE('',#15823,#15825);
#15827=EDGE_CURVE('no 13115',#4027,#14970,#15826,.T.);
#15828=ORIENTED_EDGE('no 13123',*,*,#15827,.T.);
#15829=CARTESIAN_POINT('',(0.152351,0.0889305,0.0));
#15830=DIRECTION('',(-0.997682623,-0.0680395743,0.0));
#15831=VECTOR('',#15830,1.0);
#15832=LINE('',#15829,#15831);
#15833=EDGE_CURVE('no 13121',#14970,#14690,#15832,.T.);
#15834=ORIENTED_EDGE('no 13124',*,*,#15833,.T.);
#15835=EDGE_LOOP('',(#15822,#15828,#15834));
#15836=FACE_OUTER_BOUND('',#15835,.T.);
#15837=CARTESIAN_POINT('',(0.0506514,0.0819948,0.0));
#15838=DIRECTION('',(0.0,0.0,-1.0));
#15839=DIRECTION('',(0.9956990542,0.092646605,0.0));
#15840=AXIS2_PLACEMENT_3D('',#15837,#15838,#15839);
#15841=PLANE('',#15840);
#15842=ADVANCED_FACE('no 13132',(#15836),#15841,.T.);
#15843=ORIENTED_EDGE('no 13070',*,*,#14701,.F.);
#15844=CARTESIAN_POINT('',(0.0506514,0.0819948,0.0));
#15845=VERTEX_POINT('',#15844);
#15846=CARTESIAN_POINT('',(0.0480445,0.00693319,0.0));
#15847=VERTEX_POINT('',#15846);
#15848=CARTESIAN_POINT('',(0.0506514,0.0819948,0.0));
#15849=DIRECTION('',(-0.0347092105,-0.9993974538,0.0));
#15850=VECTOR('',#15849,1.0);
#15851=LINE('',#15848,#15850);
#15852=EDGE_CURVE('no 13063',#15845,#15847,#15851,.T.);
#15853=ORIENTED_EDGE('no 13071',*,*,#15852,.T.);
#15854=CARTESIAN_POINT('',(0.0480445,0.00693319,0.0));
#15855=DIRECTION('',(-0.0024109671,0.9999970936,0.0));
#15856=VECTOR('',#15855,1.0);
#15857=LINE('',#15854,#15856);
#15858=EDGE_CURVE('no 13069',#15847,#13339,#15857,.T.);
#15859=ORIENTED_EDGE('no 13072',*,*,#15858,.T.);
#15860=EDGE_LOOP('',(#15843,#15853,#15859));
#15861=FACE_OUTER_BOUND('',#15860,.T.);
#15862=CARTESIAN_POINT('',(0.0478514,0.0870253,0.0));
#15863=DIRECTION('',(0.0,0.0,-1.0));
#15864=DIRECTION('',(0.4863468961,-0.8737658134,0.0));
#15865=AXIS2_PLACEMENT_3D('',#15862,#15863,#15864);
#15866=PLANE('',#15865);
#15867=ADVANCED_FACE('no 13080',(#15861),#15866,.T.);
#15868=ORIENTED_EDGE('no 18105',*,*,#14717,.T.);
#15869=CARTESIAN_POINT('',(0.0478514,0.0870253,0.013));
#15870=VERTEX_POINT('',#15869);
#15871=CARTESIAN_POINT('',(0.0478514,0.0870253,0.013));
#15872=DIRECTION('',(0.0,0.0,-1.0));
#15873=VECTOR('',#15872,1.0);
#15874=LINE('',#15871,#15873);
#15875=EDGE_CURVE('no 17365',#15870,#13339,#15874,.T.);
#15876=ORIENTED_EDGE('no 18106',*,*,#15875,.F.);
#15877=CARTESIAN_POINT('',(0.0478514,0.0870253,0.013));
#15878=DIRECTION('',(-0.1305269683,0.9914447592,0.0));
#15879=VECTOR('',#15878,1.0);
#15880=LINE('',#15877,#15879);
#15881=EDGE_CURVE('no 18104',#15870,#14712,#15880,.T.);
#15882=ORIENTED_EDGE('no 18107',*,*,#15881,.T.);
#15883=EDGE_LOOP('',(#15868,#15876,#15882));
#15884=FACE_OUTER_BOUND('',#15883,.T.);
#15885=CARTESIAN_POINT('',(0.0477764,0.0875947,0.013));
#15886=DIRECTION('',(-0.9914447592,-0.1305269686,-0.0000000078));
#15887=DIRECTION('',(0.0057608375,-0.0437575811,-0.9990255687));
#15888=AXIS2_PLACEMENT_3D('',#15885,#15886,#15887);
#15889=PLANE('',#15888);
#15890=ADVANCED_FACE('no 18115',(#15884),#15889,.T.);
#15891=CARTESIAN_POINT('',(0.123056,0.0338366,0.016));
#15892=DIRECTION('',(0.9901825931,0.1397799426,0.0));
#15893=VECTOR('',#15892,1.0);
#15894=LINE('',#15891,#15893);
#15895=EDGE_CURVE('no 4295',#14783,#14366,#15894,.T.);
#15896=ORIENTED_EDGE('no 4354',*,*,#15895,.F.);
#15897=CARTESIAN_POINT('',(0.123056,0.0338366,0.016));
#15898=DIRECTION('',(1.0,0.0,0.0));
#15899=VECTOR('',#15898,1.0);
#15900=LINE('',#15897,#15899);
#15901=EDGE_CURVE('no 4347',#14783,#11991,#15900,.T.);
#15902=ORIENTED_EDGE('no 4355',*,*,#15901,.T.);
#15903=ORIENTED_EDGE('no 4356',*,*,#14754,.T.);
#15904=EDGE_LOOP('',(#15896,#15902,#15903));
#15905=FACE_OUTER_BOUND('',#15904,.T.);
#15906=CARTESIAN_POINT('',(0.139889,0.0362128,0.016));
#15907=DIRECTION('',(0.0,0.0,1.0));
#15908=DIRECTION('',(-0.9901825931,-0.1397799426,0.0));
#15909=AXIS2_PLACEMENT_3D('',#15906,#15907,#15908);
#15910=PLANE('',#15909);
#15911=ADVANCED_FACE('no 4364',(#15905),#15910,.T.);
#15912=ORIENTED_EDGE('no 4302',*,*,#14788,.T.);
#15913=ORIENTED_EDGE('no 4303',*,*,#15895,.T.);
#15914=ORIENTED_EDGE('no 4304',*,*,#15568,.T.);
#15915=EDGE_LOOP('',(#15912,#15913,#15914));
#15916=FACE_OUTER_BOUND('',#15915,.T.);
#15917=CARTESIAN_POINT('',(0.122889,0.0362128,0.016));
#15918=DIRECTION('',(-0.0,0.0,1.0));
#15919=DIRECTION('',(0.0702052695,-0.997532566,0.0));
#15920=AXIS2_PLACEMENT_3D('',#15917,#15918,#15919);
#15921=PLANE('',#15920);
#15922=ADVANCED_FACE('no 4312',(#15916),#15921,.T.);
#15923=ORIENTED_EDGE('no 5892',*,*,#15222,.T.);
#15924=ORIENTED_EDGE('no 5893',*,*,#14848,.F.);
#15925=ORIENTED_EDGE('no 5894',*,*,#15187,.T.);
#15926=EDGE_LOOP('',(#15923,#15924,#15925));
#15927=FACE_OUTER_BOUND('',#15926,.T.);
#15928=CARTESIAN_POINT('',(0.103755,0.0533706,0.013));
#15929=DIRECTION('',(1.0,0.0,0.0));
#15930=DIRECTION('',(0.0,-0.9847836293,0.1737849346));
#15931=AXIS2_PLACEMENT_3D('',#15928,#15929,#15930);
#15932=PLANE('',#15931);
#15933=ADVANCED_FACE('no 5902',(#15927),#15932,.T.);
#15934=ORIENTED_EDGE('no 6793',*,*,#14917,.F.);
#15935=ORIENTED_EDGE('no 6794',*,*,#15901,.F.);
#15936=ORIENTED_EDGE('no 6795',*,*,#14879,.F.);
#15937=EDGE_LOOP('',(#15934,#15935,#15936));
#15938=FACE_OUTER_BOUND('',#15937,.T.);
#15939=CARTESIAN_POINT('',(0.123056,0.0338366,0.013));
#15940=DIRECTION('',(0.0,-1.0,0.0));
#15941=DIRECTION('',(0.9847836293,0.0,0.1737849346));
#15942=AXIS2_PLACEMENT_3D('',#15939,#15940,#15941);
#15943=PLANE('',#15942);
#15944=ADVANCED_FACE('no 6803',(#15938),#15943,.T.);
#15945=ORIENTED_EDGE('no 13350',*,*,#14957,.F.);
#15946=CARTESIAN_POINT('',(0.158451,0.0920253,0.0));
#15947=DIRECTION('',(-0.8725060159,-0.4886033689,0.0));
#15948=VECTOR('',#15947,1.0);
#15949=LINE('',#15946,#15948);
#15950=EDGE_CURVE('no 13341',#4027,#14946,#15949,.T.);
#15951=ORIENTED_EDGE('no 13349',*,*,#15950,.F.);
#15952=CARTESIAN_POINT('',(0.158451,0.0920253,0.0));
#15953=DIRECTION('',(-0.8885766009,-0.4587282685,0.0));
#15954=VECTOR('',#15953,1.0);
#15955=LINE('',#15952,#15954);
#15956=EDGE_CURVE('no 13312',#4027,#13583,#15955,.T.);
#15957=ORIENTED_EDGE('no 13348',*,*,#15956,.T.);
#15958=EDGE_LOOP('',(#15945,#15951,#15957));
#15959=FACE_OUTER_BOUND('',#15958,.T.);
#15960=CARTESIAN_POINT('',(0.152882,0.0891503,0.0));
#15961=DIRECTION('',(0.0,0.0,-1.0));
#15962=DIRECTION('',(0.8885921788,0.4586980923,0.0));
#15963=AXIS2_PLACEMENT_3D('',#15960,#15961,#15962);
#15964=PLANE('',#15963);
#15965=ADVANCED_FACE('no 13358',(#15959),#15964,.F.);
#15966=ORIENTED_EDGE('no 17264',*,*,#14951,.T.);
#15967=CARTESIAN_POINT('',(0.154021,0.0891503,0.013));
#15968=VERTEX_POINT('',#15967);
#15969=CARTESIAN_POINT('',(0.154021,0.0891503,0.013));
#15970=DIRECTION('',(-0.9914542955,0.1304545126,0.0));
#15971=VECTOR('',#15970,1.0);
#15972=LINE('',#15969,#15971);
#15973=EDGE_CURVE('no 17261',#15968,#10727,#15972,.T.);
#15974=ORIENTED_EDGE('no 17263',*,*,#15973,.F.);
#15975=CARTESIAN_POINT('',(0.154021,0.0891503,0.013));
#15976=DIRECTION('',(-0.0438033402,0.0057635974,-0.9990235474));
#15977=VECTOR('',#15976,1.0);
#15978=LINE('',#15975,#15977);
#15979=EDGE_CURVE('no 17232',#15968,#14946,#15978,.T.);
#15980=ORIENTED_EDGE('no 17262',*,*,#15979,.T.);
#15981=EDGE_LOOP('',(#15966,#15974,#15980));
#15982=FACE_OUTER_BOUND('',#15981,.T.);
#15983=CARTESIAN_POINT('',(0.153451,0.0892253,0.0));
#15984=DIRECTION('',(-0.1305240202,-0.9914451473,-0.000000018));
#15985=DIRECTION('',(0.0437563835,-0.0057605578,0.9990256227));
#15986=AXIS2_PLACEMENT_3D('',#15983,#15984,#15985);
#15987=PLANE('',#15986);
#15988=ADVANCED_FACE('no 17272',(#15982),#15987,.F.);
#15989=ORIENTED_EDGE('no 16172',*,*,#15525,.T.);
#15990=CARTESIAN_POINT('',(0.152882,0.0891503,0.013));
#15991=DIRECTION('',(-0.9238780467,-0.3826870194,0.0));
#15992=VECTOR('',#15991,1.0);
#15993=LINE('',#15990,#15992);
#15994=EDGE_CURVE('no 16169',#14978,#15520,#15993,.T.);
#15995=ORIENTED_EDGE('no 16171',*,*,#15994,.F.);
#15996=ORIENTED_EDGE('no 16170',*,*,#14983,.T.);
#15997=EDGE_LOOP('',(#15989,#15995,#15996));
#15998=FACE_OUTER_BOUND('',#15997,.T.);
#15999=CARTESIAN_POINT('',(0.152351,0.0889305,0.0));
#16000=DIRECTION('',(0.3826870181,-0.9238780472,-0.0000000309));
#16001=DIRECTION('',(0.0407756821,0.0168899926,0.9990255612));
#16002=AXIS2_PLACEMENT_3D('',#15999,#16000,#16001);
#16003=PLANE('',#16002);
#16004=ADVANCED_FACE('no 16180',(#15998),#16003,.F.);
#16005=ORIENTED_EDGE('no 13321',*,*,#14975,.F.);
#16006=ORIENTED_EDGE('no 13320',*,*,#15956,.F.);
#16007=ORIENTED_EDGE('no 13319',*,*,#15827,.T.);
#16008=EDGE_LOOP('',(#16005,#16006,#16007));
#16009=FACE_OUTER_BOUND('',#16008,.T.);
#16010=CARTESIAN_POINT('',(0.152351,0.0889305,0.0));
#16011=DIRECTION('',(0.0,0.0,-1.0));
#16012=DIRECTION('',(0.8917948771,0.4524399376,0.0));
#16013=AXIS2_PLACEMENT_3D('',#16010,#16011,#16012);
#16014=PLANE('',#16013);
#16015=ADVANCED_FACE('no 13329',(#16009),#16014,.F.);
#16016=CARTESIAN_POINT('',(0.152309,0.0850896,0.016));
#16017=VERTEX_POINT('',#16016);
#16018=CARTESIAN_POINT('',(0.152412,0.00815602,0.016));
#16019=DIRECTION('',(-0.001338816,0.9999991038,0.0));
#16020=VECTOR('',#16019,1.0);
#16021=LINE('',#16018,#16020);
#16022=EDGE_CURVE('no 2817',#14994,#16017,#16021,.T.);
#16023=ORIENTED_EDGE('no 2847',*,*,#16022,.F.);
#16024=ORIENTED_EDGE('no 2848',*,*,#14999,.T.);
#16025=CARTESIAN_POINT('',(0.15284,0.0848698,0.016));
#16026=DIRECTION('',(-0.9238825216,0.382676216,0.0));
#16027=VECTOR('',#16026,1.0);
#16028=LINE('',#16025,#16027);
#16029=EDGE_CURVE('no 2846',#13606,#16017,#16028,.T.);
#16030=ORIENTED_EDGE('no 2849',*,*,#16029,.T.);
#16031=EDGE_LOOP('',(#16023,#16024,#16030));
#16032=FACE_OUTER_BOUND('',#16031,.T.);
#16033=CARTESIAN_POINT('',(0.152309,0.0850896,0.016));
#16034=DIRECTION('',(0.0,0.0,1.0));
#16035=DIRECTION('',(0.0013403201,-0.9999991018,0.0));
#16036=AXIS2_PLACEMENT_3D('',#16033,#16034,#16035);
#16037=PLANE('',#16036);
#16038=ADVANCED_FACE('no 2857',(#16032),#16037,.T.);
#16039=ORIENTED_EDGE('no 9915',*,*,#15022,.F.);
#16040=ORIENTED_EDGE('no 9916',*,*,#15005,.F.);
#16041=CARTESIAN_POINT('',(0.152412,0.00815602,0.016));
#16042=DIRECTION('',(-0.0202655913,-0.0084916063,-0.9997585701));
#16043=VECTOR('',#16042,1.0);
#16044=LINE('',#16041,#16043);
#16045=EDGE_CURVE('no 9775',#14994,#15017,#16044,.T.);
#16046=ORIENTED_EDGE('no 9917',*,*,#16045,.T.);
#16047=EDGE_LOOP('',(#16039,#16040,#16046));
#16048=FACE_OUTER_BOUND('',#16047,.T.);
#16049=CARTESIAN_POINT('',(0.152412,0.00815602,0.013));
#16050=DIRECTION('',(0.3328881156,-0.9429663316,-0.0000000074));
#16051=DIRECTION('',(0.1773029803,0.062591893,0.9821638907));
#16052=AXIS2_PLACEMENT_3D('',#16049,#16050,#16051);
#16053=PLANE('',#16052);
#16054=ADVANCED_FACE('no 9925',(#16048),#16053,.T.);
#16055=ORIENTED_EDGE('no 24064',*,*,#15054,.F.);
#16056=ORIENTED_EDGE('no 24063',*,*,#15030,.F.);
#16057=CARTESIAN_POINT('',(0.152351,0.00813054,0.013));
#16058=DIRECTION('',(0.0063629284,0.9999797564,0.0));
#16059=VECTOR('',#16058,1.0);
#16060=LINE('',#16057,#16059);
#16061=EDGE_CURVE('no 24009',#15025,#15042,#16060,.T.);
#16062=ORIENTED_EDGE('no 24062',*,*,#16061,.T.);
#16063=EDGE_LOOP('',(#16055,#16056,#16062));
#16064=FACE_OUTER_BOUND('',#16063,.T.);
#16065=CARTESIAN_POINT('',(0.15284,0.0848698,0.013));
#16066=DIRECTION('',(0.0,0.0,1.0));
#16067=DIRECTION('',(-0.0055723726,-0.9999844742,0.0));
#16068=AXIS2_PLACEMENT_3D('',#16065,#16066,#16067);
#16069=PLANE('',#16068);
#16070=ADVANCED_FACE('no 24072',(#16064),#16069,.F.);
#16071=ORIENTED_EDGE('no 14790',*,*,#15100,.F.);
#16072=ORIENTED_EDGE('no 14789',*,*,#15076,.T.);
#16073=CARTESIAN_POINT('',(0.153451,0.0848253,0.0));
#16074=DIRECTION('',(0.0,-1.0,0.0));
#16075=VECTOR('',#16074,1.0);
#16076=LINE('',#16073,#16075);
#16077=EDGE_CURVE('no 14758',#15065,#15088,#16076,.T.);
#16078=ORIENTED_EDGE('no 14788',*,*,#16077,.T.);
#16079=EDGE_LOOP('',(#16071,#16072,#16078));
#16080=FACE_OUTER_BOUND('',#16079,.T.);
#16081=CARTESIAN_POINT('',(0.153451,0.00842528,0.0));
#16082=DIRECTION('',(0.0,0.0,-1.0));
#16083=DIRECTION('',(0.0,1.0,0.0));
#16084=AXIS2_PLACEMENT_3D('',#16081,#16082,#16083);
#16085=PLANE('',#16084);
#16086=ADVANCED_FACE('no 14798',(#16080),#16085,.F.);
#16087=ORIENTED_EDGE('no 10543',*,*,#15070,.T.);
#16088=CARTESIAN_POINT('',(0.152882,0.0849002,0.013));
#16089=VERTEX_POINT('',#16088);
#16090=CARTESIAN_POINT('',(0.152882,0.0849002,0.013));
#16091=DIRECTION('',(0.9914471772,-0.1305086003,0.0));
#16092=VECTOR('',#16091,1.0);
#16093=LINE('',#16090,#16092);
#16094=EDGE_CURVE('no 10540',#16089,#12192,#16093,.T.);
#16095=ORIENTED_EDGE('no 10542',*,*,#16094,.F.);
#16096=CARTESIAN_POINT('',(0.152882,0.0849002,0.013));
#16097=DIRECTION('',(0.043757581,-0.0057611275,-0.999025567));
#16098=VECTOR('',#16097,1.0);
#16099=LINE('',#16096,#16098);
#16100=EDGE_CURVE('no 10505',#16089,#15065,#16099,.T.);
#16101=ORIENTED_EDGE('no 10541',*,*,#16100,.T.);
#16102=EDGE_LOOP('',(#16087,#16095,#16101));
#16103=FACE_OUTER_BOUND('',#16102,.T.);
#16104=CARTESIAN_POINT('',(0.153451,0.0848253,0.0));
#16105=DIRECTION('',(0.1305339777,0.9914438364,0.0000000168));
#16106=DIRECTION('',(-0.043757581,0.0057611275,0.999025567));
#16107=AXIS2_PLACEMENT_3D('',#16104,#16105,#16106);
#16108=PLANE('',#16107);
#16109=ADVANCED_FACE('no 10551',(#16103),#16108,.F.);
#16110=CARTESIAN_POINT('',(0.154021,0.00835032,0.013));
#16111=VERTEX_POINT('',#16110);
#16112=CARTESIAN_POINT('',(0.154021,0.00835032,0.0));
#16113=DIRECTION('',(0.0,0.0,1.0));
#16114=VECTOR('',#16113,1.0);
#16115=LINE('',#16112,#16114);
#16116=EDGE_CURVE('no 18381',#13677,#16111,#16115,.T.);
#16117=ORIENTED_EDGE('no 18384',*,*,#16116,.F.);
#16118=ORIENTED_EDGE('no 18383',*,*,#15093,.T.);
#16119=CARTESIAN_POINT('',(0.154021,0.00835032,0.013));
#16120=DIRECTION('',(-0.0438033409,0.0057605236,-0.9990235651));
#16121=VECTOR('',#16120,1.0);
#16122=LINE('',#16119,#16121);
#16123=EDGE_CURVE('no 18375',#16111,#15088,#16122,.T.);
#16124=ORIENTED_EDGE('no 18382',*,*,#16123,.F.);
#16125=EDGE_LOOP('',(#16117,#16118,#16124));
#16126=FACE_OUTER_BOUND('',#16125,.T.);
#16127=CARTESIAN_POINT('',(0.154021,0.00835032,0.013));
#16128=DIRECTION('',(-0.1305290637,-0.9914444833,-0.0000000017));
#16129=DIRECTION('',(-0.0437563834,0.0057607678,-0.9990256215));
#16130=AXIS2_PLACEMENT_3D('',#16127,#16128,#16129);
#16131=PLANE('',#16130);
#16132=ADVANCED_FACE('no 18392',(#16126),#16131,.F.);
#16133=ORIENTED_EDGE('no 18488',*,*,#16116,.T.);
#16134=CARTESIAN_POINT('',(0.154551,0.00813054,0.013));
#16135=DIRECTION('',(-0.9237273736,0.3830505701,0.0));
#16136=VECTOR('',#16135,1.0);
#16137=LINE('',#16134,#16136);
#16138=EDGE_CURVE('no 18485',#15111,#16111,#16137,.T.);
#16139=ORIENTED_EDGE('no 18487',*,*,#16138,.F.);
#16140=ORIENTED_EDGE('no 18486',*,*,#15123,.T.);
#16141=EDGE_LOOP('',(#16133,#16139,#16140));
#16142=FACE_OUTER_BOUND('',#16141,.T.);
#16143=CARTESIAN_POINT('',(0.154021,0.00835032,0.0));
#16144=DIRECTION('',(-0.3826820454,-0.923880107,-0.000000022));
#16145=DIRECTION('',(0.0407756822,-0.0168897926,0.9990255646));
#16146=AXIS2_PLACEMENT_3D('',#16143,#16144,#16145);
#16147=PLANE('',#16146);
#16148=ADVANCED_FACE('no 18496',(#16142),#16147,.F.);
#16149=ORIENTED_EDGE('no 18615',*,*,#15116,.T.);
#16150=CARTESIAN_POINT('',(0.155007,0.00778091,0.013));
#16151=DIRECTION('',(-0.7935811511,0.6084644251,0.0));
#16152=VECTOR('',#16151,1.0);
#16153=LINE('',#16150,#16152);
#16154=EDGE_CURVE('no 18612',#13749,#15111,#16153,.T.);
#16155=ORIENTED_EDGE('no 18614',*,*,#16154,.F.);
#16156=ORIENTED_EDGE('no 18613',*,*,#15139,.T.);
#16157=EDGE_LOOP('',(#16149,#16155,#16156));
#16158=FACE_OUTER_BOUND('',#16157,.T.);
#16159=CARTESIAN_POINT('',(0.154551,0.00813054,0.0));
#16160=DIRECTION('',(-0.6087630655,-0.7933520846,-0.0000000115));
#16161=DIRECTION('',(0.0350144853,-0.0268676888,0.9990255818));
#16162=AXIS2_PLACEMENT_3D('',#16159,#16160,#16161);
#16163=PLANE('',#16162);
#16164=ADVANCED_FACE('no 18623',(#16158),#16163,.F.);
#16165=ORIENTED_EDGE('no 5961',*,*,#15583,.F.);
#16166=ORIENTED_EDGE('no 5962',*,*,#15202,.F.);
#16167=ORIENTED_EDGE('no 5963',*,*,#15228,.F.);
#16168=EDGE_LOOP('',(#16165,#16166,#16167));
#16169=FACE_OUTER_BOUND('',#16168,.T.);
#16170=CARTESIAN_POINT('',(0.103755,0.0533706,0.013));
#16171=DIRECTION('',(0.0,-1.0,0.0));
#16172=DIRECTION('',(0.9847836293,0.0,0.1737849346));
#16173=AXIS2_PLACEMENT_3D('',#16170,#16171,#16172);
#16174=PLANE('',#16173);
#16175=ADVANCED_FACE('no 5971',(#16169),#16174,.T.);
#16176=CARTESIAN_POINT('',(0.0477764,0.0864559,0.013));
#16177=DIRECTION('',(0.1305896347,0.9914365069,0.0));
#16178=VECTOR('',#16177,1.0);
#16179=LINE('',#16176,#16178);
#16180=EDGE_CURVE('no 17342',#13901,#15870,#16179,.T.);
#16181=ORIENTED_EDGE('no 17345',*,*,#16180,.F.);
#16182=ORIENTED_EDGE('no 17344',*,*,#15251,.F.);
#16183=CARTESIAN_POINT('',(0.0478514,0.0870253,0.013));
#16184=DIRECTION('',(-0.0057608375,-0.0437575811,-0.9990255687));
#16185=VECTOR('',#16184,1.0);
#16186=LINE('',#16183,#16185);
#16187=EDGE_CURVE('no 17330',#15870,#15240,#16186,.T.);
#16188=ORIENTED_EDGE('no 17343',*,*,#16187,.F.);
#16189=EDGE_LOOP('',(#16181,#16182,#16188));
#16190=FACE_OUTER_BOUND('',#16189,.T.);
#16191=CARTESIAN_POINT('',(0.0478514,0.0870253,0.013));
#16192=DIRECTION('',(-0.9914447592,0.1305269686,0.0000000078));
#16193=DIRECTION('',(-0.0057608375,-0.0437575811,-0.9990255687));
#16194=AXIS2_PLACEMENT_3D('',#16191,#16192,#16193);
#16195=PLANE('',#16194);
#16196=ADVANCED_FACE('no 17353',(#16190),#16195,.F.);
#16197=CARTESIAN_POINT('',(0.0477764,0.0864559,0.0));
#16198=DIRECTION('',(0.0001759322,-0.9999999845,0.0));
#16199=VECTOR('',#16198,1.0);
#16200=LINE('',#16197,#16199);
#16201=EDGE_CURVE('no 15591',#15240,#15263,#16200,.T.);
#16202=ORIENTED_EDGE('no 15594',*,*,#16201,.F.);
#16203=ORIENTED_EDGE('no 15593',*,*,#15245,.F.);
#16204=ORIENTED_EDGE('no 15592',*,*,#15274,.T.);
#16205=EDGE_LOOP('',(#16202,#16203,#16204));
#16206=FACE_OUTER_BOUND('',#16205,.T.);
#16207=CARTESIAN_POINT('',(0.0477903,0.00744819,0.0));
#16208=DIRECTION('',(0.0,0.0,-1.0));
#16209=DIRECTION('',(-0.0029769587,0.9999955688,0.0));
#16210=AXIS2_PLACEMENT_3D('',#16207,#16208,#16209);
#16211=PLANE('',#16210);
#16212=ADVANCED_FACE('no 15602',(#16206),#16211,.F.);
#16213=ORIENTED_EDGE('no 12342',*,*,#15268,.F.);
#16214=ORIENTED_EDGE('no 12341',*,*,#15376,.T.);
#16215=CARTESIAN_POINT('',(0.0474114,0.00787985,0.013));
#16216=DIRECTION('',(0.0291177481,-0.0331722543,-0.9990254042));
#16217=VECTOR('',#16216,1.0);
#16218=LINE('',#16215,#16217);
#16219=EDGE_CURVE('no 12304',#14150,#15263,#16218,.T.);
#16220=ORIENTED_EDGE('no 12340',*,*,#16219,.T.);
#16221=EDGE_LOOP('',(#16213,#16214,#16220));
#16222=FACE_OUTER_BOUND('',#16221,.T.);
#16223=CARTESIAN_POINT('',(0.0477903,0.00744819,0.0));
#16224=DIRECTION('',(-0.751602872,-0.6596158903,-0.0000000441));
#16225=DIRECTION('',(-0.0291122874,0.0331720857,0.999025569));
#16226=AXIS2_PLACEMENT_3D('',#16223,#16224,#16225);
#16227=PLANE('',#16226);
#16228=ADVANCED_FACE('no 12350',(#16222),#16227,.F.);
#16229=CARTESIAN_POINT('',(0.0443069,0.00767525,0.013));
#16230=VERTEX_POINT('',#16229);
#16231=CARTESIAN_POINT('',(0.0443069,0.00767525,0.013));
#16232=DIRECTION('',(-0.5552706457,-0.8316697121,0.0));
#16233=VECTOR('',#16232,1.0);
#16234=LINE('',#16231,#16233);
#16235=EDGE_CURVE('no 19143',#16230,#15286,#16234,.T.);
#16236=ORIENTED_EDGE('no 19146',*,*,#16235,.F.);
#16237=CARTESIAN_POINT('',(0.0443069,0.00767525,0.0));
#16238=DIRECTION('',(0.0,0.0,1.0));
#16239=VECTOR('',#16238,1.0);
#16240=LINE('',#16237,#16239);
#16241=EDGE_CURVE('no 19137',#13979,#16230,#16240,.T.);
#16242=ORIENTED_EDGE('no 19145',*,*,#16241,.F.);
#16243=ORIENTED_EDGE('no 19144',*,*,#15314,.T.);
#16244=EDGE_LOOP('',(#16236,#16242,#16243));
#16245=FACE_OUTER_BOUND('',#16244,.T.);
#16246=CARTESIAN_POINT('',(0.043988,0.00719761,0.013));
#16247=DIRECTION('',(0.8316696382,-0.5552707563,-0.0000000403));
#16248=DIRECTION('',(0.0245067897,0.0367056846,-0.9990255802));
#16249=AXIS2_PLACEMENT_3D('',#16246,#16247,#16248);
#16250=PLANE('',#16249);
#16251=ADVANCED_FACE('no 19154',(#16245),#16250,.F.);
#16252=CARTESIAN_POINT('',(0.0447385,0.00805408,0.013));
#16253=VERTEX_POINT('',#16252);
#16254=CARTESIAN_POINT('',(0.0447385,0.00805408,0.0));
#16255=DIRECTION('',(0.0,0.0,1.0));
#16256=VECTOR('',#16255,1.0);
#16257=LINE('',#16254,#16256);
#16258=EDGE_CURVE('no 19172',#14039,#16253,#16257,.T.);
#16259=ORIENTED_EDGE('no 19175',*,*,#16258,.F.);
#16260=ORIENTED_EDGE('no 19174',*,*,#15328,.T.);
#16261=CARTESIAN_POINT('',(0.0447385,0.00805408,0.013));
#16262=DIRECTION('',(-0.0331676537,-0.0291123778,-0.9990257135));
#16263=VECTOR('',#16262,1.0);
#16264=LINE('',#16261,#16263);
#16265=EDGE_CURVE('no 19166',#16253,#13979,#16264,.T.);
#16266=ORIENTED_EDGE('no 19173',*,*,#16265,.F.);
#16267=EDGE_LOOP('',(#16259,#16260,#16266));
#16268=FACE_OUTER_BOUND('',#16267,.T.);
#16269=CARTESIAN_POINT('',(0.0447385,0.00805408,0.013));
#16270=DIRECTION('',(0.65961589,-0.7516028723,0.0000000349));
#16271=DIRECTION('',(-0.0331719859,-0.0291121876,-0.9990255752));
#16272=AXIS2_PLACEMENT_3D('',#16269,#16270,#16271);
#16273=PLANE('',#16272);
#16274=ADVANCED_FACE('no 19183',(#16268),#16273,.F.);
#16275=ORIENTED_EDGE('no 19250',*,*,#16258,.T.);
#16276=CARTESIAN_POINT('',(0.0452535,0.00830827,0.013));
#16277=DIRECTION('',(-0.8967206626,-0.4425969422,0.0));
#16278=VECTOR('',#16277,1.0);
#16279=LINE('',#16276,#16278);
#16280=EDGE_CURVE('no 19247',#14062,#16253,#16279,.T.);
#16281=ORIENTED_EDGE('no 19249',*,*,#16280,.F.);
#16282=ORIENTED_EDGE('no 19248',*,*,#15362,.T.);
#16283=EDGE_LOOP('',(#16275,#16281,#16282));
#16284=FACE_OUTER_BOUND('',#16283,.T.);
#16285=CARTESIAN_POINT('',(0.0447385,0.00805408,0.0));
#16286=DIRECTION('',(0.4426072789,-0.8967155606,0.0000000443));
#16287=DIRECTION('',(0.0395766829,0.0195345916,0.9990255682));
#16288=AXIS2_PLACEMENT_3D('',#16285,#16286,#16287);
#16289=PLANE('',#16288);
#16290=ADVANCED_FACE('no 19258',(#16284),#16289,.F.);
#16291=ORIENTED_EDGE('no 2673',*,*,#15401,.F.);
#16292=CARTESIAN_POINT('',(0.151504,0.0858948,0.016));
#16293=VERTEX_POINT('',#16292);
#16294=CARTESIAN_POINT('',(0.151317,0.0068767,0.016));
#16295=DIRECTION('',(0.0023665398,0.9999971997,0.0));
#16296=VECTOR('',#16295,1.0);
#16297=LINE('',#16294,#16296);
#16298=EDGE_CURVE('no 2666',#14173,#16293,#16297,.T.);
#16299=ORIENTED_EDGE('no 2674',*,*,#16298,.T.);
#16300=CARTESIAN_POINT('',(0.151504,0.0858948,0.016));
#16301=DIRECTION('',(-0.3826808374,0.9238806074,0.0));
#16302=VECTOR('',#16301,1.0);
#16303=LINE('',#16300,#16302);
#16304=EDGE_CURVE('no 2672',#16293,#15389,#16303,.T.);
#16305=ORIENTED_EDGE('no 2675',*,*,#16304,.T.);
#16306=EDGE_LOOP('',(#16291,#16299,#16305));
#16307=FACE_OUTER_BOUND('',#16306,.T.);
#16308=CARTESIAN_POINT('',(0.151284,0.0864254,0.016));
#16309=DIRECTION('',(0.0,0.0,1.0));
#16310=DIRECTION('',(0.000419599,-0.999999912,0.0));
#16311=AXIS2_PLACEMENT_3D('',#16308,#16309,#16310);
#16312=PLANE('',#16311);
#16313=ADVANCED_FACE('no 2683',(#16307),#16312,.T.);
#16314=CARTESIAN_POINT('',(0.151896,0.00778091,0.013));
#16315=DIRECTION('',(-0.1087814624,-0.1268832235,0.9859347042));
#16316=VECTOR('',#16315,1.0);
#16317=LINE('',#16314,#16316);
#16318=EDGE_CURVE('no 9694',#15451,#15429,#16317,.T.);
#16319=ORIENTED_EDGE('no 9701',*,*,#16318,.T.);
#16320=ORIENTED_EDGE('no 9702',*,*,#15434,.F.);
#16321=ORIENTED_EDGE('no 9703',*,*,#15462,.T.);
#16322=EDGE_LOOP('',(#16319,#16320,#16321));
#16323=FACE_OUTER_BOUND('',#16322,.T.);
#16324=CARTESIAN_POINT('',(0.151896,0.00778091,0.013));
#16325=DIRECTION('',(0.7595960559,-0.6503951351,0.0000003911));
#16326=DIRECTION('',(-0.1086460166,-0.1268870194,0.9859491505));
#16327=AXIS2_PLACEMENT_3D('',#16324,#16325,#16326);
#16328=PLANE('',#16327);
#16329=ADVANCED_FACE('no 9711',(#16323),#16328,.T.);
#16330=ORIENTED_EDGE('no 2702',*,*,#16298,.F.);
#16331=ORIENTED_EDGE('no 2703',*,*,#15440,.T.);
#16332=CARTESIAN_POINT('',(0.151565,0.00739483,0.016));
#16333=DIRECTION('',(-0.0007770701,0.9999996981,0.0));
#16334=VECTOR('',#16333,1.0);
#16335=LINE('',#16332,#16334);
#16336=EDGE_CURVE('no 2701',#15429,#16293,#16335,.T.);
#16337=ORIENTED_EDGE('no 2704',*,*,#16336,.T.);
#16338=EDGE_LOOP('',(#16330,#16331,#16337));
#16339=FACE_OUTER_BOUND('',#16338,.T.);
#16340=CARTESIAN_POINT('',(0.151504,0.0858948,0.016));
#16341=DIRECTION('',(0.0,0.0,1.0));
#16342=DIRECTION('',(-0.0023589305,-0.9999972177,0.0));
#16343=AXIS2_PLACEMENT_3D('',#16340,#16341,#16342);
#16344=PLANE('',#16343);
#16345=ADVANCED_FACE('no 2712',(#16339),#16344,.T.);
#16346=CARTESIAN_POINT('',(0.152309,0.0850896,0.013));
#16347=VERTEX_POINT('',#16346);
#16348=CARTESIAN_POINT('',(0.152309,0.0850896,0.013));
#16349=DIRECTION('',(-0.7933542749,0.608760211,0.0));
#16350=VECTOR('',#16349,1.0);
#16351=LINE('',#16348,#16350);
#16352=EDGE_CURVE('no 23917',#16347,#14234,#16351,.T.);
#16353=ORIENTED_EDGE('no 23920',*,*,#16352,.F.);
#16354=CARTESIAN_POINT('',(0.151896,0.00778091,0.013));
#16355=VERTEX_POINT('',#16354);
#16356=CARTESIAN_POINT('',(0.151896,0.00778091,0.013));
#16357=DIRECTION('',(0.0053463884,0.999985708,0.0));
#16358=VECTOR('',#16357,1.0);
#16359=LINE('',#16356,#16358);
#16360=EDGE_CURVE('no 23911',#16355,#16347,#16359,.T.);
#16361=ORIENTED_EDGE('no 23919',*,*,#16360,.F.);
#16362=ORIENTED_EDGE('no 23918',*,*,#15456,.T.);
#16363=EDGE_LOOP('',(#16353,#16361,#16362));
#16364=FACE_OUTER_BOUND('',#16363,.T.);
#16365=CARTESIAN_POINT('',(0.151853,0.0854392,0.013));
#16366=DIRECTION('',(0.0,0.0,1.0));
#16367=DIRECTION('',(0.0005447509,-0.9999998516,0.0));
#16368=AXIS2_PLACEMENT_3D('',#16365,#16366,#16367);
#16369=PLANE('',#16368);
#16370=ADVANCED_FACE('no 23928',(#16364),#16369,.F.);
#16371=CARTESIAN_POINT('',(0.151326,0.0875947,0.0));
#16372=VERTEX_POINT('',#16371);
#16373=CARTESIAN_POINT('',(0.151546,0.0881253,0.0));
#16374=DIRECTION('',(-0.382676216,-0.9238825216,0.0));
#16375=VECTOR('',#16374,1.0);
#16376=LINE('',#16373,#16375);
#16377=EDGE_CURVE('no 13231',#14289,#16372,#16376,.T.);
#16378=ORIENTED_EDGE('no 18245',*,*,#16377,.T.);
#16379=CARTESIAN_POINT('',(0.151326,0.0875947,0.0));
#16380=DIRECTION('',(0.0,0.0,1.0));
#16381=VECTOR('',#16380,1.0);
#16382=LINE('',#16379,#16381);
#16383=EDGE_CURVE('no 11062',#16372,#15474,#16382,.T.);
#16384=ORIENTED_EDGE('no 18244',*,*,#16383,.T.);
#16385=ORIENTED_EDGE('no 18243',*,*,#15486,.F.);
#16386=EDGE_LOOP('',(#16378,#16384,#16385));
#16387=FACE_OUTER_BOUND('',#16386,.T.);
#16388=CARTESIAN_POINT('',(0.151546,0.0881253,0.0));
#16389=DIRECTION('',(0.9238825212,-0.382676217,0.0000000232));
#16390=DIRECTION('',(-0.0168894927,-0.0407756824,0.9990255696));
#16391=AXIS2_PLACEMENT_3D('',#16388,#16389,#16390);
#16392=PLANE('',#16391);
#16393=ADVANCED_FACE('no 18253',(#16387),#16392,.F.);
#16394=ORIENTED_EDGE('no 13153',*,*,#15509,.F.);
#16395=ORIENTED_EDGE('no 13152',*,*,#15531,.F.);
#16396=ORIENTED_EDGE('no 13151',*,*,#15833,.T.);
#16397=EDGE_LOOP('',(#16394,#16395,#16396));
#16398=FACE_OUTER_BOUND('',#16397,.T.);
#16399=CARTESIAN_POINT('',(0.0506514,0.0819948,0.0));
#16400=DIRECTION('',(0.0,0.0,-1.0));
#16401=DIRECTION('',(0.997682623,0.0680395743,0.0));
#16402=AXIS2_PLACEMENT_3D('',#16399,#16400,#16401);
#16403=PLANE('',#16402);
#16404=ADVANCED_FACE('no 13161',(#16398),#16403,.F.);
#16405=CARTESIAN_POINT('',(0.148451,0.0819948,0.0));
#16406=VERTEX_POINT('',#16405);
#16407=CARTESIAN_POINT('',(0.148451,0.0819948,0.0));
#16408=DIRECTION('',(-1.0,0.0,0.0));
#16409=VECTOR('',#16408,1.0);
#16410=LINE('',#16407,#16409);
#16411=EDGE_CURVE('no 13208',#16406,#15497,#16410,.T.);
#16412=ORIENTED_EDGE('no 13211',*,*,#16411,.F.);
#16413=CARTESIAN_POINT('',(0.151546,0.0881253,0.0));
#16414=DIRECTION('',(-0.4506758557,-0.8926876683,0.0));
#16415=VECTOR('',#16414,1.0);
#16416=LINE('',#16413,#16415);
#16417=EDGE_CURVE('no 13202',#14289,#16406,#16416,.T.);
#16418=ORIENTED_EDGE('no 13210',*,*,#16417,.F.);
#16419=ORIENTED_EDGE('no 13209',*,*,#15502,.T.);
#16420=EDGE_LOOP('',(#16412,#16418,#16419));
#16421=FACE_OUTER_BOUND('',#16420,.T.);
#16422=CARTESIAN_POINT('',(0.0506514,0.0819948,0.0));
#16423=DIRECTION('',(0.0,0.0,-1.0));
#16424=DIRECTION('',(0.9981591545,0.0606490094,0.0));
#16425=AXIS2_PLACEMENT_3D('',#16422,#16423,#16424);
#16426=PLANE('',#16425);
#16427=ADVANCED_FACE('no 13219',(#16421),#16426,.F.);
#16428=ORIENTED_EDGE('no 6054',*,*,#15562,.T.);
#16429=ORIENTED_EDGE('no 6055',*,*,#15548,.T.);
#16430=CARTESIAN_POINT('',(0.122889,0.0362128,0.013));
#16431=DIRECTION('',(0.0,0.0,1.0));
#16432=VECTOR('',#16431,1.0);
#16433=LINE('',#16430,#16432);
#16434=EDGE_CURVE('no 6053',#14891,#13422,#16433,.T.);
#16435=ORIENTED_EDGE('no 6056',*,*,#16434,.T.);
#16436=EDGE_LOOP('',(#16428,#16429,#16435));
#16437=FACE_OUTER_BOUND('',#16436,.T.);
#16438=CARTESIAN_POINT('',(0.122889,0.0362128,0.016));
#16439=DIRECTION('',(0.0,1.0,0.0));
#16440=DIRECTION('',(0.9847836293,0.0,-0.1737849346));
#16441=AXIS2_PLACEMENT_3D('',#16438,#16439,#16440);
#16442=PLANE('',#16441);
#16443=ADVANCED_FACE('no 6064',(#16437),#16442,.T.);
#16444=ORIENTED_EDGE('no 6100',*,*,#15615,.T.);
#16445=ORIENTED_EDGE('no 6101',*,*,#16434,.F.);
#16446=ORIENTED_EDGE('no 6102',*,*,#15601,.T.);
#16447=EDGE_LOOP('',(#16444,#16445,#16446));
#16448=FACE_OUTER_BOUND('',#16447,.T.);
#16449=CARTESIAN_POINT('',(0.122889,0.0532128,0.013));
#16450=DIRECTION('',(1.0,0.0,0.0));
#16451=DIRECTION('',(0.0,-0.9847836293,0.1737849346));
#16452=AXIS2_PLACEMENT_3D('',#16449,#16450,#16451);
#16453=PLANE('',#16452);
#16454=ADVANCED_FACE('no 6110',(#16448),#16453,.T.);
#16455=ORIENTED_EDGE('no 18896',*,*,#15667,.T.);
#16456=ORIENTED_EDGE('no 18897',*,*,#15651,.T.);
#16457=CARTESIAN_POINT('',(0.047616,0.00477531,0.013));
#16458=DIRECTION('',(0.5552706457,0.8316697121,0.0));
#16459=VECTOR('',#16458,1.0);
#16460=LINE('',#16457,#16459);
#16461=EDGE_CURVE('no 18895',#15640,#15662,#16460,.T.);
#16462=ORIENTED_EDGE('no 18898',*,*,#16461,.T.);
#16463=EDGE_LOOP('',(#16455,#16456,#16462));
#16464=FACE_OUTER_BOUND('',#16463,.T.);
#16465=CARTESIAN_POINT('',(0.0479349,0.00525295,0.013));
#16466=DIRECTION('',(-0.8316696382,0.5552707563,-0.0000000403));
#16467=DIRECTION('',(-0.0245067897,-0.0367056846,-0.9990255802));
#16468=AXIS2_PLACEMENT_3D('',#16465,#16466,#16467);
#16469=PLANE('',#16468);
#16470=ADVANCED_FACE('no 18906',(#16464),#16469,.T.);
#16471=CARTESIAN_POINT('',(0.0481193,0.00579685,0.013));
#16472=VERTEX_POINT('',#16471);
#16473=CARTESIAN_POINT('',(0.0481193,0.00579685,0.013));
#16474=DIRECTION('',(-0.014171794,-0.0417978822,-0.9990255739));
#16475=VECTOR('',#16474,1.0);
#16476=LINE('',#16473,#16475);
#16477=EDGE_CURVE('no 18831',#16472,#14504,#16476,.T.);
#16478=ORIENTED_EDGE('no 18844',*,*,#16477,.T.);
#16479=ORIENTED_EDGE('no 18845',*,*,#15673,.T.);
#16480=CARTESIAN_POINT('',(0.0479349,0.00525295,0.013));
#16481=DIRECTION('',(0.3210816337,0.9470515216,0.0));
#16482=VECTOR('',#16481,1.0);
#16483=LINE('',#16480,#16482);
#16484=EDGE_CURVE('no 18843',#15662,#16472,#16483,.T.);
#16485=ORIENTED_EDGE('no 18846',*,*,#16484,.T.);
#16486=EDGE_LOOP('',(#16478,#16479,#16485));
#16487=FACE_OUTER_BOUND('',#16486,.T.);
#16488=CARTESIAN_POINT('',(0.0481193,0.00579685,0.013));
#16489=DIRECTION('',(-0.9470449603,0.3211009858,-0.0000000151));
#16490=DIRECTION('',(-0.014171794,-0.0417978822,-0.9990255739));
#16491=AXIS2_PLACEMENT_3D('',#16488,#16489,#16490);
#16492=PLANE('',#16491);
#16493=ADVANCED_FACE('no 18854',(#16487),#16492,.T.);
#16494=ORIENTED_EDGE('no 18861',*,*,#16477,.F.);
#16495=CARTESIAN_POINT('',(0.0481193,0.00579685,0.0));
#16496=DIRECTION('',(0.0,0.0,1.0));
#16497=VECTOR('',#16496,1.0);
#16498=LINE('',#16495,#16497);
#16499=EDGE_CURVE('no 18785',#15686,#16472,#16498,.T.);
#16500=ORIENTED_EDGE('no 18862',*,*,#16499,.F.);
#16501=ORIENTED_EDGE('no 18863',*,*,#15691,.F.);
#16502=EDGE_LOOP('',(#16494,#16500,#16501));
#16503=FACE_OUTER_BOUND('',#16502,.T.);
#16504=CARTESIAN_POINT('',(0.0479349,0.00525295,0.0));
#16505=DIRECTION('',(-0.9470449603,0.3211009858,-0.0000000151));
#16506=DIRECTION('',(0.014171794,0.0417978822,0.9990255739));
#16507=AXIS2_PLACEMENT_3D('',#16504,#16505,#16506);
#16508=PLANE('',#16507);
#16509=ADVANCED_FACE('no 18871',(#16503),#16508,.T.);
#16510=ORIENTED_EDGE('no 13973',*,*,#15697,.F.);
#16511=CARTESIAN_POINT('',(0.0481567,0.00636995,0.0));
#16512=VERTEX_POINT('',#16511);
#16513=CARTESIAN_POINT('',(0.0481193,0.00579685,0.0));
#16514=DIRECTION('',(0.0650466148,0.9978822265,0.0));
#16515=VECTOR('',#16514,1.0);
#16516=LINE('',#16513,#16515);
#16517=EDGE_CURVE('no 13966',#15686,#16512,#16516,.T.);
#16518=ORIENTED_EDGE('no 13974',*,*,#16517,.T.);
#16519=CARTESIAN_POINT('',(0.0481567,0.00636995,0.0));
#16520=DIRECTION('',(0.9989138972,-0.0465942697,0.0));
#16521=VECTOR('',#16520,1.0);
#16522=LINE('',#16519,#16521);
#16523=EDGE_CURVE('no 13972',#16512,#6860,#16522,.T.);
#16524=ORIENTED_EDGE('no 13975',*,*,#16523,.T.);
#16525=EDGE_LOOP('',(#16510,#16518,#16524));
#16526=FACE_OUTER_BOUND('',#16525,.T.);
#16527=CARTESIAN_POINT('',(0.158451,0.00122528,0.0));
#16528=DIRECTION('',(0.0,0.0,-1.0));
#16529=DIRECTION('',(-0.9991426862,0.041399187,0.0));
#16530=AXIS2_PLACEMENT_3D('',#16527,#16528,#16529);
#16531=PLANE('',#16530);
#16532=ADVANCED_FACE('no 13983',(#16526),#16531,.T.);
#16533=CARTESIAN_POINT('',(0.152882,0.00410024,0.0));
#16534=VERTEX_POINT('',#16533);
#16535=CARTESIAN_POINT('',(0.152882,0.00410024,0.0));
#16536=DIRECTION('',(0.8885921788,-0.4586980923,0.0));
#16537=VECTOR('',#16536,1.0);
#16538=LINE('',#16535,#16537);
#16539=EDGE_CURVE('no 14244',#16534,#6860,#16538,.T.);
#16540=ORIENTED_EDGE('no 14268',*,*,#16539,.F.);
#16541=CARTESIAN_POINT('',(0.153451,0.00402528,0.0));
#16542=DIRECTION('',(-0.9914448886,0.1305259853,0.0));
#16543=VECTOR('',#16542,1.0);
#16544=LINE('',#16541,#16543);
#16545=EDGE_CURVE('no 11161',#15708,#16534,#16544,.T.);
#16546=ORIENTED_EDGE('no 14269',*,*,#16545,.F.);
#16547=ORIENTED_EDGE('no 14270',*,*,#15713,.T.);
#16548=EDGE_LOOP('',(#16540,#16546,#16547));
#16549=FACE_OUTER_BOUND('',#16548,.T.);
#16550=CARTESIAN_POINT('',(0.158451,0.00122528,0.0));
#16551=DIRECTION('',(0.0,0.0,-1.0));
#16552=DIRECTION('',(-0.8885921788,0.4586980923,0.0));
#16553=AXIS2_PLACEMENT_3D('',#16550,#16551,#16552);
#16554=PLANE('',#16553);
#16555=ADVANCED_FACE('no 14278',(#16549),#16554,.T.);
#16556=CARTESIAN_POINT('',(0.153451,0.00402528,0.013));
#16557=VERTEX_POINT('',#16556);
#16558=CARTESIAN_POINT('',(0.153451,0.00402528,0.013));
#16559=DIRECTION('',(0.0437563834,0.0057607678,-0.9990256215));
#16560=VECTOR('',#16559,1.0);
#16561=LINE('',#16558,#16560);
#16562=EDGE_CURVE('no 11091',#16557,#14526,#16561,.T.);
#16563=ORIENTED_EDGE('no 11104',*,*,#16562,.T.);
#16564=ORIENTED_EDGE('no 11105',*,*,#15719,.T.);
#16565=CARTESIAN_POINT('',(0.153451,0.00402528,0.0));
#16566=DIRECTION('',(0.0,0.0,1.0));
#16567=VECTOR('',#16566,1.0);
#16568=LINE('',#16565,#16567);
#16569=EDGE_CURVE('no 11103',#15708,#16557,#16568,.T.);
#16570=ORIENTED_EDGE('no 11106',*,*,#16569,.T.);
#16571=EDGE_LOOP('',(#16563,#16564,#16570));
#16572=FACE_OUTER_BOUND('',#16571,.T.);
#16573=CARTESIAN_POINT('',(0.153451,0.00402528,0.013));
#16574=DIRECTION('',(-0.1305290637,0.9914444833,0.0000000017));
#16575=DIRECTION('',(0.0437563834,0.0057607678,-0.9990256215));
#16576=AXIS2_PLACEMENT_3D('',#16573,#16574,#16575);
#16577=PLANE('',#16576);
#16578=ADVANCED_FACE('no 11114',(#16572),#16577,.T.);
#16579=ORIENTED_EDGE('no 11133',*,*,#16562,.F.);
#16580=CARTESIAN_POINT('',(0.153451,0.00402528,0.013));
#16581=DIRECTION('',(0.9914632922,0.13038612,0.0));
#16582=VECTOR('',#16581,1.0);
#16583=LINE('',#16580,#16582);
#16584=EDGE_CURVE('no 11126',#16557,#6074,#16583,.T.);
#16585=ORIENTED_EDGE('no 11134',*,*,#16584,.T.);
#16586=ORIENTED_EDGE('no 11135',*,*,#15741,.T.);
#16587=EDGE_LOOP('',(#16579,#16585,#16586));
#16588=FACE_OUTER_BOUND('',#16587,.T.);
#16589=CARTESIAN_POINT('',(0.154021,0.00410024,0.0));
#16590=DIRECTION('',(-0.1305290637,0.9914444833,0.0000000017));
#16591=DIRECTION('',(-0.0437563834,-0.0057607678,0.9990256215));
#16592=AXIS2_PLACEMENT_3D('',#16589,#16590,#16591);
#16593=PLANE('',#16592);
#16594=ADVANCED_FACE('no 11143',(#16588),#16593,.T.);
#16595=ORIENTED_EDGE('no 19450',*,*,#15756,.F.);
#16596=CARTESIAN_POINT('',(0.154715,0.00444592,0.013));
#16597=VERTEX_POINT('',#16596);
#16598=CARTESIAN_POINT('',(0.154715,0.00444592,0.013));
#16599=DIRECTION('',(-0.8243263787,-0.5661148482,0.0));
#16600=VECTOR('',#16599,1.0);
#16601=LINE('',#16598,#16600);
#16602=EDGE_CURVE('no 8989',#16597,#14549,#16601,.T.);
#16603=ORIENTED_EDGE('no 19451',*,*,#16602,.F.);
#16604=CARTESIAN_POINT('',(0.154715,0.00444592,0.013));
#16605=DIRECTION('',(0.7937988416,0.6081804001,0.0));
#16606=VECTOR('',#16605,1.0);
#16607=LINE('',#16604,#16606);
#16608=EDGE_CURVE('no 19449',#16597,#14573,#16607,.T.);
#16609=ORIENTED_EDGE('no 19452',*,*,#16608,.T.);
#16610=EDGE_LOOP('',(#16595,#16603,#16609));
#16611=FACE_OUTER_BOUND('',#16610,.T.);
#16612=CARTESIAN_POINT('',(0.155007,0.00466964,0.013));
#16613=DIRECTION('',(0.0,0.0,1.0));
#16614=DIRECTION('',(-0.7933520849,-0.6087630651,0.0));
#16615=AXIS2_PLACEMENT_3D('',#16612,#16613,#16614);
#16616=PLANE('',#16615);
#16617=ADVANCED_FACE('no 19460',(#16611),#16616,.F.);
#16618=ORIENTED_EDGE('no 19559',*,*,#15772,.F.);
#16619=CARTESIAN_POINT('',(0.154406,0.00423365,0.013));
#16620=VERTEX_POINT('',#16619);
#16621=CARTESIAN_POINT('',(0.154406,0.00423365,0.013));
#16622=DIRECTION('',(-0.94487923,-0.3274190599,0.0));
#16623=VECTOR('',#16622,1.0);
#16624=LINE('',#16621,#16623);
#16625=EDGE_CURVE('no 9099',#16620,#6074,#16624,.T.);
#16626=ORIENTED_EDGE('no 19560',*,*,#16625,.F.);
#16627=CARTESIAN_POINT('',(0.154406,0.00423365,0.013));
#16628=DIRECTION('',(0.8240819969,0.566470531,0.0));
#16629=VECTOR('',#16628,1.0);
#16630=LINE('',#16627,#16629);
#16631=EDGE_CURVE('no 19558',#16620,#14549,#16630,.T.);
#16632=ORIENTED_EDGE('no 19561',*,*,#16631,.T.);
#16633=EDGE_LOOP('',(#16618,#16626,#16632));
#16634=FACE_OUTER_BOUND('',#16633,.T.);
#16635=CARTESIAN_POINT('',(0.154551,0.00432002,0.013));
#16636=DIRECTION('',(0.0,0.0,1.0));
#16637=DIRECTION('',(-0.9238801074,-0.3826820445,0.0));
#16638=AXIS2_PLACEMENT_3D('',#16635,#16636,#16637);
#16639=PLANE('',#16638);
#16640=ADVANCED_FACE('no 19569',(#16634),#16639,.T.);
#16641=ORIENTED_EDGE('no 13377',*,*,#15950,.F.);
#16642=ORIENTED_EDGE('no 13378',*,*,#15789,.T.);
#16643=CARTESIAN_POINT('',(0.154021,0.0891503,0.0));
#16644=DIRECTION('',(-0.9914542955,0.1304545126,0.0));
#16645=VECTOR('',#16644,1.0);
#16646=LINE('',#16643,#16645);
#16647=EDGE_CURVE('no 13376',#15784,#14946,#16646,.T.);
#16648=ORIENTED_EDGE('no 13379',*,*,#16647,.T.);
#16649=EDGE_LOOP('',(#16641,#16642,#16648));
#16650=FACE_OUTER_BOUND('',#16649,.T.);
#16651=CARTESIAN_POINT('',(0.153451,0.0892253,0.0));
#16652=DIRECTION('',(0.0,0.0,-1.0));
#16653=DIRECTION('',(0.8725057431,0.4886038561,0.0));
#16654=AXIS2_PLACEMENT_3D('',#16651,#16652,#16653);
#16655=PLANE('',#16654);
#16656=ADVANCED_FACE('no 13387',(#16650),#16655,.T.);
#16657=CARTESIAN_POINT('',(0.154551,0.0889305,0.013));
#16658=VERTEX_POINT('',#16657);
#16659=CARTESIAN_POINT('',(0.154551,0.0889305,0.013));
#16660=DIRECTION('',(-0.0407295795,0.0168912482,-0.9990274206));
#16661=VECTOR('',#16660,1.0);
#16662=LINE('',#16659,#16661);
#16663=EDGE_CURVE('no 17284',#16658,#15784,#16662,.T.);
#16664=ORIENTED_EDGE('no 17285',*,*,#16663,.T.);
#16665=ORIENTED_EDGE('no 17286',*,*,#15796,.F.);
#16666=CARTESIAN_POINT('',(0.154551,0.0889305,0.013));
#16667=DIRECTION('',(0.0,0.0,-1.0));
#16668=VECTOR('',#16667,1.0);
#16669=LINE('',#16666,#16668);
#16670=EDGE_CURVE('no 11846',#16658,#14611,#16669,.T.);
#16671=ORIENTED_EDGE('no 17287',*,*,#16670,.F.);
#16672=EDGE_LOOP('',(#16664,#16665,#16671));
#16673=FACE_OUTER_BOUND('',#16672,.T.);
#16674=CARTESIAN_POINT('',(0.154551,0.0889305,0.013));
#16675=DIRECTION('',(-0.3826870181,-0.9238780472,0.0000000309));
#16676=DIRECTION('',(-0.0407756821,0.0168899926,-0.9990255612));
#16677=AXIS2_PLACEMENT_3D('',#16674,#16675,#16676);
#16678=PLANE('',#16677);
#16679=ADVANCED_FACE('no 17295',(#16673),#16678,.T.);
#16680=ORIENTED_EDGE('no 11847',*,*,#15810,.F.);
#16681=CARTESIAN_POINT('',(0.155007,0.0885809,0.013));
#16682=DIRECTION('',(-0.7933542749,0.608760211,0.0));
#16683=VECTOR('',#16682,1.0);
#16684=LINE('',#16681,#16683);
#16685=EDGE_CURVE('no 11840',#14634,#16658,#16684,.T.);
#16686=ORIENTED_EDGE('no 11848',*,*,#16685,.T.);
#16687=ORIENTED_EDGE('no 11849',*,*,#16670,.T.);
#16688=EDGE_LOOP('',(#16680,#16686,#16687));
#16689=FACE_OUTER_BOUND('',#16688,.T.);
#16690=CARTESIAN_POINT('',(0.154551,0.0889305,0.0));
#16691=DIRECTION('',(-0.6087602114,-0.7933542746,-0.0000000116));
#16692=DIRECTION('',(0.0350144855,-0.0268674889,0.9990255872));
#16693=AXIS2_PLACEMENT_3D('',#16690,#16691,#16692);
#16694=PLANE('',#16693);
#16695=ADVANCED_FACE('no 11857',(#16689),#16694,.T.);
#16696=ORIENTED_EDGE('no 13093',*,*,#15852,.F.);
#16697=CARTESIAN_POINT('',(0.0506514,0.0819948,0.0));
#16698=DIRECTION('',(-0.0329699,-0.9994563451,0.0));
#16699=VECTOR('',#16698,1.0);
#16700=LINE('',#16697,#16699);
#16701=EDGE_CURVE('no 13092',#15845,#16512,#16700,.T.);
#16702=ORIENTED_EDGE('no 13094',*,*,#16701,.T.);
#16703=CARTESIAN_POINT('',(0.0480445,0.00693319,0.0));
#16704=DIRECTION('',(0.1953660094,-0.9807304025,0.0));
#16705=VECTOR('',#16704,1.0);
#16706=LINE('',#16703,#16705);
#16707=EDGE_CURVE('no 12455',#15847,#16512,#16706,.T.);
#16708=ORIENTED_EDGE('no 13095',*,*,#16707,.F.);
#16709=EDGE_LOOP('',(#16696,#16702,#16708));
#16710=FACE_OUTER_BOUND('',#16709,.T.);
#16711=CARTESIAN_POINT('',(0.0480445,0.00693319,0.0));
#16712=DIRECTION('',(0.0,0.0,-1.0));
#16713=DIRECTION('',(0.0347095154,0.9993974432,0.0));
#16714=AXIS2_PLACEMENT_3D('',#16711,#16712,#16713);
#16715=PLANE('',#16714);
#16716=ADVANCED_FACE('no 13103',(#16710),#16715,.T.);
#16717=CARTESIAN_POINT('',(0.0478514,0.0870253,0.0));
#16718=DIRECTION('',(-0.0007678085,-0.9999997052,0.0));
#16719=VECTOR('',#16718,1.0);
#16720=LINE('',#16717,#16719);
#16721=EDGE_CURVE('no 15620',#13339,#15263,#16720,.T.);
#16722=ORIENTED_EDGE('no 15638',*,*,#16721,.F.);
#16723=ORIENTED_EDGE('no 15639',*,*,#15858,.F.);
#16724=CARTESIAN_POINT('',(0.0477903,0.00744819,0.0));
#16725=DIRECTION('',(0.4426109432,-0.896713752,0.0));
#16726=VECTOR('',#16725,1.0);
#16727=LINE('',#16724,#16726);
#16728=EDGE_CURVE('no 12397',#15263,#15847,#16727,.T.);
#16729=ORIENTED_EDGE('no 15640',*,*,#16728,.F.);
#16730=EDGE_LOOP('',(#16722,#16723,#16729));
#16731=FACE_OUTER_BOUND('',#16730,.T.);
#16732=CARTESIAN_POINT('',(0.0477903,0.00744819,0.0));
#16733=DIRECTION('',(0.0,0.0,-1.0));
#16734=DIRECTION('',(0.0007680708,0.999999705,0.0));
#16735=AXIS2_PLACEMENT_3D('',#16732,#16733,#16734);
#16736=PLANE('',#16735);
#16737=ADVANCED_FACE('no 15648',(#16731),#16736,.T.);
#16738=ORIENTED_EDGE('no 17366',*,*,#16187,.F.);
#16739=ORIENTED_EDGE('no 17367',*,*,#15875,.T.);
#16740=CARTESIAN_POINT('',(0.0477764,0.0864559,0.0));
#16741=DIRECTION('',(0.1305896347,0.9914365069,0.0));
#16742=VECTOR('',#16741,1.0);
#16743=LINE('',#16740,#16742);
#16744=EDGE_CURVE('no 15614',#15240,#13339,#16743,.T.);
#16745=ORIENTED_EDGE('no 17368',*,*,#16744,.F.);
#16746=EDGE_LOOP('',(#16738,#16739,#16745));
#16747=FACE_OUTER_BOUND('',#16746,.T.);
#16748=CARTESIAN_POINT('',(0.0477764,0.0864559,0.0));
#16749=DIRECTION('',(-0.9914447592,0.1305269686,0.0000000078));
#16750=DIRECTION('',(0.0057608375,0.0437575811,0.9990255687));
#16751=AXIS2_PLACEMENT_3D('',#16748,#16749,#16750);
#16752=PLANE('',#16751);
#16753=ADVANCED_FACE('no 17376',(#16747),#16752,.T.);
#16754=CARTESIAN_POINT('',(0.154021,0.0891503,0.0));
#16755=DIRECTION('',(0.0,0.0,1.0));
#16756=VECTOR('',#16755,1.0);
#16757=LINE('',#16754,#16756);
#16758=EDGE_CURVE('no 17238',#15784,#15968,#16757,.T.);
#16759=ORIENTED_EDGE('no 17241',*,*,#16758,.F.);
#16760=ORIENTED_EDGE('no 17240',*,*,#16647,.T.);
#16761=ORIENTED_EDGE('no 17239',*,*,#15979,.F.);
#16762=EDGE_LOOP('',(#16759,#16760,#16761));
#16763=FACE_OUTER_BOUND('',#16762,.T.);
#16764=CARTESIAN_POINT('',(0.154021,0.0891503,0.013));
#16765=DIRECTION('',(-0.1305240202,-0.9914451473,-0.000000018));
#16766=DIRECTION('',(-0.0437563835,0.0057605578,-0.9990256227));
#16767=AXIS2_PLACEMENT_3D('',#16764,#16765,#16766);
#16768=PLANE('',#16767);
#16769=ADVANCED_FACE('no 17249',(#16763),#16768,.F.);
#16770=CARTESIAN_POINT('',(0.151939,0.00783118,0.016));
#16771=VERTEX_POINT('',#16770);
#16772=CARTESIAN_POINT('',(0.151939,0.00783118,0.016));
#16773=DIRECTION('',(0.0047890671,0.9999885324,0.0));
#16774=VECTOR('',#16773,1.0);
#16775=LINE('',#16772,#16774);
#16776=EDGE_CURVE('no 2782',#16771,#16017,#16775,.T.);
#16777=ORIENTED_EDGE('no 2818',*,*,#16776,.F.);
#16778=CARTESIAN_POINT('',(0.151939,0.00783118,0.016));
#16779=DIRECTION('',(0.8243245459,0.5661175169,0.0));
#16780=VECTOR('',#16779,1.0);
#16781=LINE('',#16778,#16780);
#16782=EDGE_CURVE('no 2811',#16771,#14994,#16781,.T.);
#16783=ORIENTED_EDGE('no 2819',*,*,#16782,.T.);
#16784=ORIENTED_EDGE('no 2820',*,*,#16022,.T.);
#16785=EDGE_LOOP('',(#16777,#16783,#16784));
#16786=FACE_OUTER_BOUND('',#16785,.T.);
#16787=CARTESIAN_POINT('',(0.152309,0.0850896,0.016));
#16788=DIRECTION('',(0.0,0.0,1.0));
#16789=DIRECTION('',(-0.0047955676,-0.9999885012,0.0));
#16790=AXIS2_PLACEMENT_3D('',#16787,#16788,#16789);
#16791=PLANE('',#16790);
#16792=ADVANCED_FACE('no 2828',(#16786),#16791,.T.);
#16793=ORIENTED_EDGE('no 9817',*,*,#16045,.F.);
#16794=CARTESIAN_POINT('',(0.152152,0.00797764,0.013));
#16795=VERTEX_POINT('',#16794);
#16796=CARTESIAN_POINT('',(0.152412,0.00815602,0.016));
#16797=DIRECTION('',(-0.0862197672,-0.0591343775,-0.9945196213));
#16798=VECTOR('',#16797,1.0);
#16799=LINE('',#16796,#16798);
#16800=EDGE_CURVE('no 9810',#14994,#16795,#16799,.T.);
#16801=ORIENTED_EDGE('no 9818',*,*,#16800,.T.);
#16802=CARTESIAN_POINT('',(0.152152,0.00797764,0.013));
#16803=DIRECTION('',(0.7933681563,0.6087421199,0.0));
#16804=VECTOR('',#16803,1.0);
#16805=LINE('',#16802,#16804);
#16806=EDGE_CURVE('no 9816',#16795,#15017,#16805,.T.);
#16807=ORIENTED_EDGE('no 9819',*,*,#16806,.T.);
#16808=EDGE_LOOP('',(#16793,#16801,#16807));
#16809=FACE_OUTER_BOUND('',#16808,.T.);
#16810=CARTESIAN_POINT('',(0.152351,0.00813054,0.013));
#16811=DIRECTION('',(0.6087320739,-0.7933560949,-0.0056008));
#16812=DIRECTION('',(0.0202655913,0.0084916063,0.9997585701));
#16813=AXIS2_PLACEMENT_3D('',#16810,#16811,#16812);
#16814=PLANE('',#16813);
#16815=ADVANCED_FACE('no 9827',(#16809),#16814,.T.);
#16816=CARTESIAN_POINT('',(0.15284,0.0848698,0.013));
#16817=DIRECTION('',(-0.9238825216,0.382676216,0.0));
#16818=VECTOR('',#16817,1.0);
#16819=LINE('',#16816,#16818);
#16820=EDGE_CURVE('no 24015',#15042,#16347,#16819,.T.);
#16821=ORIENTED_EDGE('no 24018',*,*,#16820,.F.);
#16822=ORIENTED_EDGE('no 24017',*,*,#16061,.F.);
#16823=CARTESIAN_POINT('',(0.152351,0.00813054,0.013));
#16824=VERTEX_POINT('',#16823);
#16825=CARTESIAN_POINT('',(0.152351,0.00813054,0.013));
#16826=DIRECTION('',(-0.0005496999,0.9999998489,0.0));
#16827=VECTOR('',#16826,1.0);
#16828=LINE('',#16825,#16827);
#16829=EDGE_CURVE('no 23986',#16824,#16347,#16828,.T.);
#16830=ORIENTED_EDGE('no 24016',*,*,#16829,.T.);
#16831=EDGE_LOOP('',(#16821,#16822,#16830));
#16832=FACE_OUTER_BOUND('',#16831,.T.);
#16833=CARTESIAN_POINT('',(0.152309,0.0850896,0.013));
#16834=DIRECTION('',(0.0,0.0,1.0));
#16835=DIRECTION('',(0.0005496999,-0.9999998489,0.0));
#16836=AXIS2_PLACEMENT_3D('',#16833,#16834,#16835);
#16837=PLANE('',#16836);
#16838=ADVANCED_FACE('no 24026',(#16832),#16837,.F.);
#16839=CARTESIAN_POINT('',(0.152882,0.00835032,0.0));
#16840=VERTEX_POINT('',#16839);
#16841=CARTESIAN_POINT('',(0.153451,0.00842528,0.0));
#16842=DIRECTION('',(-0.9914336446,-0.1306113638,0.0));
#16843=VECTOR('',#16842,1.0);
#16844=LINE('',#16841,#16843);
#16845=EDGE_CURVE('no 14764',#15088,#16840,#16844,.T.);
#16846=ORIENTED_EDGE('no 14767',*,*,#16845,.F.);
#16847=ORIENTED_EDGE('no 14766',*,*,#16077,.F.);
#16848=CARTESIAN_POINT('',(0.153451,0.0848253,0.0));
#16849=DIRECTION('',(-0.0074454121,-0.9999722825,0.0));
#16850=VECTOR('',#16849,1.0);
#16851=LINE('',#16848,#16850);
#16852=EDGE_CURVE('no 14735',#15065,#16840,#16851,.T.);
#16853=ORIENTED_EDGE('no 14765',*,*,#16852,.T.);
#16854=EDGE_LOOP('',(#16846,#16847,#16853));
#16855=FACE_OUTER_BOUND('',#16854,.T.);
#16856=CARTESIAN_POINT('',(0.152882,0.00835032,0.0));
#16857=DIRECTION('',(0.0,0.0,-1.0));
#16858=DIRECTION('',(0.0074454121,0.9999722825,0.0));
#16859=AXIS2_PLACEMENT_3D('',#16856,#16857,#16858);
#16860=PLANE('',#16859);
#16861=ADVANCED_FACE('no 14775',(#16855),#16860,.F.);
#16862=CARTESIAN_POINT('',(0.152882,0.0849002,0.0));
#16863=VERTEX_POINT('',#16862);
#16864=CARTESIAN_POINT('',(0.152882,0.0849002,0.0));
#16865=DIRECTION('',(0.0,0.0,1.0));
#16866=VECTOR('',#16865,1.0);
#16867=LINE('',#16864,#16866);
#16868=EDGE_CURVE('no 10517',#16863,#16089,#16867,.T.);
#16869=ORIENTED_EDGE('no 10520',*,*,#16868,.F.);
#16870=CARTESIAN_POINT('',(0.153451,0.0848253,0.0));
#16871=DIRECTION('',(-0.9914438363,0.1305339784,0.0));
#16872=VECTOR('',#16871,1.0);
#16873=LINE('',#16870,#16872);
#16874=EDGE_CURVE('no 10511',#15065,#16863,#16873,.T.);
#16875=ORIENTED_EDGE('no 10519',*,*,#16874,.F.);
#16876=ORIENTED_EDGE('no 10518',*,*,#16100,.F.);
#16877=EDGE_LOOP('',(#16869,#16875,#16876));
#16878=FACE_OUTER_BOUND('',#16877,.T.);
#16879=CARTESIAN_POINT('',(0.152882,0.0849002,0.013));
#16880=DIRECTION('',(0.1305339777,0.9914438364,0.0000000168));
#16881=DIRECTION('',(0.043757581,-0.0057611275,-0.999025567));
#16882=AXIS2_PLACEMENT_3D('',#16879,#16880,#16881);
#16883=PLANE('',#16882);
#16884=ADVANCED_FACE('no 10528',(#16878),#16883,.F.);
#16885=CARTESIAN_POINT('',(0.153451,0.00842528,0.013));
#16886=VERTEX_POINT('',#16885);
#16887=CARTESIAN_POINT('',(0.153451,0.00842528,0.0));
#16888=DIRECTION('',(0.0,0.0,1.0));
#16889=VECTOR('',#16888,1.0);
#16890=LINE('',#16887,#16889);
#16891=EDGE_CURVE('no 18300',#15088,#16886,#16890,.T.);
#16892=ORIENTED_EDGE('no 18407',*,*,#16891,.T.);
#16893=CARTESIAN_POINT('',(0.154021,0.00835032,0.013));
#16894=DIRECTION('',(-0.9914632922,0.13038612,0.0));
#16895=VECTOR('',#16894,1.0);
#16896=LINE('',#16893,#16895);
#16897=EDGE_CURVE('no 18404',#16111,#16886,#16896,.T.);
#16898=ORIENTED_EDGE('no 18406',*,*,#16897,.F.);
#16899=ORIENTED_EDGE('no 18405',*,*,#16123,.T.);
#16900=EDGE_LOOP('',(#16892,#16898,#16899));
#16901=FACE_OUTER_BOUND('',#16900,.T.);
#16902=CARTESIAN_POINT('',(0.153451,0.00842528,0.0));
#16903=DIRECTION('',(-0.1305290637,-0.9914444833,-0.0000000017));
#16904=DIRECTION('',(0.0437563834,-0.0057607678,0.9990256215));
#16905=AXIS2_PLACEMENT_3D('',#16902,#16903,#16904);
#16906=PLANE('',#16905);
#16907=ADVANCED_FACE('no 18415',(#16901),#16906,.F.);
#16908=ORIENTED_EDGE('no 15623',*,*,#16721,.F.);
#16909=ORIENTED_EDGE('no 15622',*,*,#16744,.F.);
#16910=ORIENTED_EDGE('no 15621',*,*,#16201,.T.);
#16911=EDGE_LOOP('',(#16908,#16909,#16910));
#16912=FACE_OUTER_BOUND('',#16911,.T.);
#16913=CARTESIAN_POINT('',(0.0477903,0.00744819,0.0));
#16914=DIRECTION('',(0.0,0.0,-1.0));
#16915=DIRECTION('',(-0.000175213,0.9999999847,0.0));
#16916=AXIS2_PLACEMENT_3D('',#16913,#16914,#16915);
#16917=PLANE('',#16916);
#16918=ADVANCED_FACE('no 15631',(#16912),#16917,.F.);
#16919=CARTESIAN_POINT('',(0.0477903,0.00744819,0.013));
#16920=VERTEX_POINT('',#16919);
#16921=CARTESIAN_POINT('',(0.0477903,0.00744819,0.013));
#16922=DIRECTION('',(-0.6596846312,0.7515425386,0.0));
#16923=VECTOR('',#16922,1.0);
#16924=LINE('',#16921,#16923);
#16925=EDGE_CURVE('no 12316',#16920,#14150,#16924,.T.);
#16926=ORIENTED_EDGE('no 12319',*,*,#16925,.F.);
#16927=CARTESIAN_POINT('',(0.0477903,0.00744819,0.0));
#16928=DIRECTION('',(0.0,0.0,1.0));
#16929=VECTOR('',#16928,1.0);
#16930=LINE('',#16927,#16929);
#16931=EDGE_CURVE('no 12310',#15263,#16920,#16930,.T.);
#16932=ORIENTED_EDGE('no 12318',*,*,#16931,.F.);
#16933=ORIENTED_EDGE('no 12317',*,*,#16219,.F.);
#16934=EDGE_LOOP('',(#16926,#16932,#16933));
#16935=FACE_OUTER_BOUND('',#16934,.T.);
#16936=CARTESIAN_POINT('',(0.0474114,0.00787985,0.013));
#16937=DIRECTION('',(-0.751602872,-0.6596158903,-0.0000000441));
#16938=DIRECTION('',(0.0291122874,-0.0331720857,-0.999025569));
#16939=AXIS2_PLACEMENT_3D('',#16936,#16937,#16938);
#16940=PLANE('',#16939);
#16941=ADVANCED_FACE('no 12327',(#16935),#16940,.F.);
#16942=ORIENTED_EDGE('no 19198',*,*,#16241,.T.);
#16943=CARTESIAN_POINT('',(0.0447385,0.00805408,0.013));
#16944=DIRECTION('',(-0.7516028733,-0.6596158888,0.0));
#16945=VECTOR('',#16944,1.0);
#16946=LINE('',#16943,#16945);
#16947=EDGE_CURVE('no 19195',#16253,#16230,#16946,.T.);
#16948=ORIENTED_EDGE('no 19197',*,*,#16947,.F.);
#16949=ORIENTED_EDGE('no 19196',*,*,#16265,.T.);
#16950=EDGE_LOOP('',(#16942,#16948,#16949));
#16951=FACE_OUTER_BOUND('',#16950,.T.);
#16952=CARTESIAN_POINT('',(0.0443069,0.00767525,0.0));
#16953=DIRECTION('',(0.65961589,-0.7516028723,0.0000000349));
#16954=DIRECTION('',(0.0331719859,0.0291121876,0.9990255752));
#16955=AXIS2_PLACEMENT_3D('',#16952,#16953,#16954);
#16956=PLANE('',#16955);
#16957=ADVANCED_FACE('no 19206',(#16951),#16956,.F.);
#16958=ORIENTED_EDGE('no 9724',*,*,#16318,.F.);
#16959=CARTESIAN_POINT('',(0.151896,0.00778091,0.013));
#16960=VERTEX_POINT('',#16959);
#16961=CARTESIAN_POINT('',(0.151896,0.00778091,0.013));
#16962=DIRECTION('',(0.0142718977,0.0167505973,0.9997578359));
#16963=VECTOR('',#16962,1.0);
#16964=LINE('',#16961,#16963);
#16965=EDGE_CURVE('no 9723',#16960,#16771,#16964,.T.);
#16966=ORIENTED_EDGE('no 9725',*,*,#16965,.T.);
#16967=CARTESIAN_POINT('',(0.151565,0.00739483,0.016));
#16968=DIRECTION('',(0.6507770436,0.7592688849,0.0));
#16969=VECTOR('',#16968,1.0);
#16970=LINE('',#16967,#16969);
#16971=EDGE_CURVE('no 2753',#15429,#16771,#16970,.T.);
#16972=ORIENTED_EDGE('no 9726',*,*,#16971,.F.);
#16973=EDGE_LOOP('',(#16958,#16966,#16972));
#16974=FACE_OUTER_BOUND('',#16973,.T.);
#16975=CARTESIAN_POINT('',(0.151565,0.00739483,0.016));
#16976=DIRECTION('',(0.7597782474,-0.6501822917,0.0000478595));
#16977=DIRECTION('',(0.1086460166,0.1268870194,-0.9859491505));
#16978=AXIS2_PLACEMENT_3D('',#16975,#16976,#16977);
#16979=PLANE('',#16978);
#16980=ADVANCED_FACE('no 9734',(#16974),#16979,.T.);
#16981=ORIENTED_EDGE('no 2731',*,*,#16336,.F.);
#16982=CARTESIAN_POINT('',(0.151853,0.0854392,0.016));
#16983=VERTEX_POINT('',#16982);
#16984=CARTESIAN_POINT('',(0.151565,0.00739483,0.016));
#16985=DIRECTION('',(0.0036901834,0.9999931913,0.0));
#16986=VECTOR('',#16985,1.0);
#16987=LINE('',#16984,#16986);
#16988=EDGE_CURVE('no 2724',#15429,#16983,#16987,.T.);
#16989=ORIENTED_EDGE('no 2732',*,*,#16988,.T.);
#16990=CARTESIAN_POINT('',(0.151853,0.0854392,0.016));
#16991=DIRECTION('',(-0.6087619527,0.7933529384,0.0));
#16992=VECTOR('',#16991,1.0);
#16993=LINE('',#16990,#16992);
#16994=EDGE_CURVE('no 2730',#16983,#16293,#16993,.T.);
#16995=ORIENTED_EDGE('no 2733',*,*,#16994,.T.);
#16996=EDGE_LOOP('',(#16981,#16989,#16995));
#16997=FACE_OUTER_BOUND('',#16996,.T.);
#16998=CARTESIAN_POINT('',(0.151504,0.0858948,0.016));
#16999=DIRECTION('',(0.0,0.0,1.0));
#17000=DIRECTION('',(0.0007815038,-0.9999996946,0.0));
#17001=AXIS2_PLACEMENT_3D('',#16998,#16999,#17000);
#17002=PLANE('',#17001);
#17003=ADVANCED_FACE('no 2741',(#16997),#17002,.T.);
#17004=CARTESIAN_POINT('',(0.152152,0.00797764,0.013));
#17005=VERTEX_POINT('',#17004);
#17006=CARTESIAN_POINT('',(0.152152,0.00797764,0.013));
#17007=DIRECTION('',(0.0020355899,0.9999979282,0.0));
#17008=VECTOR('',#17007,1.0);
#17009=LINE('',#17006,#17008);
#17010=EDGE_CURVE('no 23963',#17005,#16347,#17009,.T.);
#17011=ORIENTED_EDGE('no 23966',*,*,#17010,.F.);
#17012=CARTESIAN_POINT('',(0.151939,0.00783118,0.013));
#17013=VERTEX_POINT('',#17012);
#17014=CARTESIAN_POINT('',(0.152152,0.00797764,0.013));
#17015=VERTEX_POINT('',#17014);
#17016=CARTESIAN_POINT('',(0.151939,0.00783118,0.013));
#17017=DIRECTION('',(0.8246680409,0.565617028,0.0));
#17018=VECTOR('',#17017,1.0);
#17019=LINE('',#17016,#17018);
#17020=EDGE_CURVE('no 9845',#17013,#17015,#17019,.T.);
#17021=ORIENTED_EDGE('no 23965',*,*,#17020,.F.);
#17022=ORIENTED_EDGE('no 23964',*,*,#16360,.T.);
#17023=EDGE_LOOP('',(#17011,#17021,#17022));
#17024=FACE_OUTER_BOUND('',#17023,.T.);
#17025=CARTESIAN_POINT('',(0.152309,0.0850896,0.013));
#17026=DIRECTION('',(0.0,0.0,1.0));
#17027=DIRECTION('',(-0.0047955676,-0.9999885012,0.0));
#17028=AXIS2_PLACEMENT_3D('',#17025,#17026,#17027);
#17029=PLANE('',#17028);
#17030=ADVANCED_FACE('no 23974',(#17024),#17029,.F.);
#17031=CARTESIAN_POINT('',(0.151251,0.0870253,0.013));
#17032=VERTEX_POINT('',#17031);
#17033=CARTESIAN_POINT('',(0.151326,0.0875947,0.013));
#17034=DIRECTION('',(-0.1305896347,-0.9914365069,0.0));
#17035=VECTOR('',#17034,1.0);
#17036=LINE('',#17033,#17035);
#17037=EDGE_CURVE('no 11068',#15474,#17032,#17036,.T.);
#17038=ORIENTED_EDGE('no 11071',*,*,#17037,.F.);
#17039=ORIENTED_EDGE('no 11070',*,*,#16383,.F.);
#17040=CARTESIAN_POINT('',(0.151326,0.0875947,0.0));
#17041=DIRECTION('',(-0.0057611275,-0.043757581,0.999025567));
#17042=VECTOR('',#17041,1.0);
#17043=LINE('',#17040,#17042);
#17044=EDGE_CURVE('no 11033',#16372,#17032,#17043,.T.);
#17045=ORIENTED_EDGE('no 11069',*,*,#17044,.T.);
#17046=EDGE_LOOP('',(#17038,#17039,#17045));
#17047=FACE_OUTER_BOUND('',#17046,.T.);
#17048=CARTESIAN_POINT('',(0.151251,0.0870253,0.013));
#17049=DIRECTION('',(0.9914438364,-0.1305339777,-0.0000000168));
#17050=DIRECTION('',(0.0057611275,0.043757581,-0.999025567));
#17051=AXIS2_PLACEMENT_3D('',#17048,#17049,#17050);
#17052=PLANE('',#17051);
#17053=ADVANCED_FACE('no 11079',(#17047),#17052,.F.);
#17054=CARTESIAN_POINT('',(0.151326,0.0875947,0.0));
#17055=DIRECTION('',(-0.4567261984,-0.8896073177,0.0));
#17056=VECTOR('',#17055,1.0);
#17057=LINE('',#17054,#17056);
#17058=EDGE_CURVE('no 13237',#16372,#16406,#17057,.T.);
#17059=ORIENTED_EDGE('no 13240',*,*,#17058,.F.);
#17060=ORIENTED_EDGE('no 13239',*,*,#16377,.F.);
#17061=ORIENTED_EDGE('no 13238',*,*,#16417,.T.);
#17062=EDGE_LOOP('',(#17059,#17060,#17061));
#17063=FACE_OUTER_BOUND('',#17062,.T.);
#17064=CARTESIAN_POINT('',(0.148451,0.0819948,0.0));
#17065=DIRECTION('',(0.0,0.0,-1.0));
#17066=DIRECTION('',(0.4506498878,0.8927007778,0.0));
#17067=AXIS2_PLACEMENT_3D('',#17064,#17065,#17066);
#17068=PLANE('',#17067);
#17069=ADVANCED_FACE('no 13248',(#17063),#17068,.F.);
#17070=CARTESIAN_POINT('',(0.0481567,0.00636995,0.013));
#17071=VERTEX_POINT('',#17070);
#17072=CARTESIAN_POINT('',(0.0481567,0.00636995,0.013));
#17073=DIRECTION('',(-0.0028708288,-0.0440415812,-0.999025574));
#17074=VECTOR('',#17073,1.0);
#17075=LINE('',#17072,#17074);
#17076=EDGE_CURVE('no 18779',#17071,#15686,#17075,.T.);
#17077=ORIENTED_EDGE('no 18792',*,*,#17076,.T.);
#17078=ORIENTED_EDGE('no 18793',*,*,#16499,.T.);
#17079=CARTESIAN_POINT('',(0.0481193,0.00579685,0.013));
#17080=DIRECTION('',(0.0651205982,0.9978774011,0.0));
#17081=VECTOR('',#17080,1.0);
#17082=LINE('',#17079,#17081);
#17083=EDGE_CURVE('no 18791',#16472,#17071,#17082,.T.);
#17084=ORIENTED_EDGE('no 18794',*,*,#17083,.T.);
#17085=EDGE_LOOP('',(#17077,#17078,#17084));
#17086=FACE_OUTER_BOUND('',#17085,.T.);
#17087=CARTESIAN_POINT('',(0.0481567,0.00636995,0.013));
#17088=DIRECTION('',(-0.9978822265,0.0650466145,-0.0000000067));
#17089=DIRECTION('',(-0.0028708288,-0.0440415812,-0.999025574));
#17090=AXIS2_PLACEMENT_3D('',#17087,#17088,#17089);
#17091=PLANE('',#17090);
#17092=ADVANCED_FACE('no 18802',(#17086),#17091,.T.);
#17093=ORIENTED_EDGE('no 18809',*,*,#17076,.F.);
#17094=CARTESIAN_POINT('',(0.0481567,0.00636995,0.0));
#17095=DIRECTION('',(0.0,0.0,1.0));
#17096=VECTOR('',#17095,1.0);
#17097=LINE('',#17094,#17096);
#17098=EDGE_CURVE('no 12426',#16512,#17071,#17097,.T.);
#17099=ORIENTED_EDGE('no 18810',*,*,#17098,.F.);
#17100=ORIENTED_EDGE('no 18811',*,*,#16517,.F.);
#17101=EDGE_LOOP('',(#17093,#17099,#17100));
#17102=FACE_OUTER_BOUND('',#17101,.T.);
#17103=CARTESIAN_POINT('',(0.0481193,0.00579685,0.0));
#17104=DIRECTION('',(-0.9978822265,0.0650466145,-0.0000000067));
#17105=DIRECTION('',(0.0028708288,0.0440415812,0.999025574));
#17106=AXIS2_PLACEMENT_3D('',#17103,#17104,#17105);
#17107=PLANE('',#17106);
#17108=ADVANCED_FACE('no 18819',(#17102),#17107,.T.);
#17109=ORIENTED_EDGE('no 14002',*,*,#16523,.F.);
#17110=CARTESIAN_POINT('',(0.0506514,0.0112253,0.0));
#17111=VERTEX_POINT('',#17110);
#17112=CARTESIAN_POINT('',(0.0481567,0.00636995,0.0));
#17113=DIRECTION('',(0.4570093874,0.8894618709,0.0));
#17114=VECTOR('',#17113,1.0);
#17115=LINE('',#17112,#17114);
#17116=EDGE_CURVE('no 13995',#16512,#17111,#17115,.T.);
#17117=ORIENTED_EDGE('no 14003',*,*,#17116,.T.);
#17118=CARTESIAN_POINT('',(0.0506514,0.0112253,0.0));
#17119=VERTEX_POINT('',#17118);
#17120=CARTESIAN_POINT('',(0.0506514,0.0112253,0.0));
#17121=DIRECTION('',(0.9957249571,-0.092367796,0.0));
#17122=VECTOR('',#17121,1.0);
#17123=LINE('',#17120,#17122);
#17124=EDGE_CURVE('no 14001',#17119,#6860,#17123,.T.);
#17125=ORIENTED_EDGE('no 14004',*,*,#17124,.T.);
#17126=EDGE_LOOP('',(#17109,#17117,#17125));
#17127=FACE_OUTER_BOUND('',#17126,.T.);
#17128=CARTESIAN_POINT('',(0.158451,0.00122528,0.0));
#17129=DIRECTION('',(0.0,0.0,-1.0));
#17130=DIRECTION('',(-0.9989139053,0.0465940956,0.0));
#17131=AXIS2_PLACEMENT_3D('',#17128,#17129,#17130);
#17132=PLANE('',#17131);
#17133=ADVANCED_FACE('no 14012',(#17127),#17132,.T.);
#17134=CARTESIAN_POINT('',(0.152351,0.00432002,0.0));
#17135=VERTEX_POINT('',#17134);
#17136=CARTESIAN_POINT('',(0.152351,0.00432002,0.0));
#17137=DIRECTION('',(0.8917952806,-0.4524391423,0.0));
#17138=VECTOR('',#17137,1.0);
#17139=LINE('',#17136,#17138);
#17140=EDGE_CURVE('no 14053',#17135,#6860,#17139,.T.);
#17141=ORIENTED_EDGE('no 14245',*,*,#17140,.F.);
#17142=CARTESIAN_POINT('',(0.152882,0.00410024,0.0));
#17143=DIRECTION('',(-0.9238801074,0.3826820445,0.0));
#17144=VECTOR('',#17143,1.0);
#17145=LINE('',#17142,#17144);
#17146=EDGE_CURVE('no 11219',#16534,#17135,#17145,.T.);
#17147=ORIENTED_EDGE('no 14246',*,*,#17146,.F.);
#17148=ORIENTED_EDGE('no 14247',*,*,#16539,.T.);
#17149=EDGE_LOOP('',(#17141,#17147,#17148));
#17150=FACE_OUTER_BOUND('',#17149,.T.);
#17151=CARTESIAN_POINT('',(0.158451,0.00122528,0.0));
#17152=DIRECTION('',(0.0,0.0,-1.0));
#17153=DIRECTION('',(-0.8917952806,0.4524391423,0.0));
#17154=AXIS2_PLACEMENT_3D('',#17151,#17152,#17153);
#17155=PLANE('',#17154);
#17156=ADVANCED_FACE('no 14255',(#17150),#17155,.T.);
#17157=CARTESIAN_POINT('',(0.152882,0.00410024,0.013));
#17158=VERTEX_POINT('',#17157);
#17159=CARTESIAN_POINT('',(0.152882,0.00410024,0.013));
#17160=DIRECTION('',(0.0437575811,-0.0057607675,-0.9990255691));
#17161=VECTOR('',#17160,1.0);
#17162=LINE('',#17159,#17161);
#17163=EDGE_CURVE('no 11155',#17158,#15708,#17162,.T.);
#17164=ORIENTED_EDGE('no 11168',*,*,#17163,.T.);
#17165=ORIENTED_EDGE('no 11169',*,*,#16545,.T.);
#17166=CARTESIAN_POINT('',(0.152882,0.00410024,0.0));
#17167=DIRECTION('',(0.0,0.0,1.0));
#17168=VECTOR('',#17167,1.0);
#17169=LINE('',#17166,#17168);
#17170=EDGE_CURVE('no 11167',#16534,#17158,#17169,.T.);
#17171=ORIENTED_EDGE('no 11170',*,*,#17170,.T.);
#17172=EDGE_LOOP('',(#17164,#17165,#17171));
#17173=FACE_OUTER_BOUND('',#17172,.T.);
#17174=CARTESIAN_POINT('',(0.152882,0.00410024,0.013));
#17175=DIRECTION('',(0.1305259846,0.9914448887,0.0000000179));
#17176=DIRECTION('',(0.0437575811,-0.0057607675,-0.9990255691));
#17177=AXIS2_PLACEMENT_3D('',#17174,#17175,#17176);
#17178=PLANE('',#17177);
#17179=ADVANCED_FACE('no 11178',(#17173),#17178,.T.);
#17180=ORIENTED_EDGE('no 11191',*,*,#17163,.F.);
#17181=CARTESIAN_POINT('',(0.152882,0.00410024,0.013));
#17182=DIRECTION('',(0.9914336446,-0.1306113638,0.0));
#17183=VECTOR('',#17182,1.0);
#17184=LINE('',#17181,#17183);
#17185=EDGE_CURVE('no 11190',#17158,#16557,#17184,.T.);
#17186=ORIENTED_EDGE('no 11192',*,*,#17185,.T.);
#17187=ORIENTED_EDGE('no 11193',*,*,#16569,.F.);
#17188=EDGE_LOOP('',(#17180,#17186,#17187));
#17189=FACE_OUTER_BOUND('',#17188,.T.);
#17190=CARTESIAN_POINT('',(0.153451,0.00402528,0.0));
#17191=DIRECTION('',(0.1305259846,0.9914448887,0.0000000179));
#17192=DIRECTION('',(-0.0437575811,0.0057607675,0.9990255691));
#17193=AXIS2_PLACEMENT_3D('',#17190,#17191,#17192);
#17194=PLANE('',#17193);
#17195=ADVANCED_FACE('no 11201',(#17189),#17194,.T.);
#17196=ORIENTED_EDGE('no 19473',*,*,#16608,.F.);
#17197=CARTESIAN_POINT('',(0.15488,0.00455849,0.013));
#17198=VERTEX_POINT('',#17197);
#17199=CARTESIAN_POINT('',(0.15488,0.00455849,0.013));
#17200=DIRECTION('',(-0.8260641925,-0.5635760373,0.0));
#17201=VECTOR('',#17200,1.0);
#17202=LINE('',#17199,#17201);
#17203=EDGE_CURVE('no 9018',#17198,#16597,#17202,.T.);
#17204=ORIENTED_EDGE('no 19474',*,*,#17203,.F.);
#17205=CARTESIAN_POINT('',(0.15488,0.00455849,0.013));
#17206=DIRECTION('',(0.7525032802,0.6585885007,0.0));
#17207=VECTOR('',#17206,1.0);
#17208=LINE('',#17205,#17207);
#17209=EDGE_CURVE('no 19472',#17198,#14573,#17208,.T.);
#17210=ORIENTED_EDGE('no 19475',*,*,#17209,.T.);
#17211=EDGE_LOOP('',(#17196,#17204,#17210));
#17212=FACE_OUTER_BOUND('',#17211,.T.);
#17213=CARTESIAN_POINT('',(0.155007,0.00466964,0.013));
#17214=DIRECTION('',(0.0,0.0,1.0));
#17215=DIRECTION('',(-0.7933421003,-0.608776077,0.0));
#17216=AXIS2_PLACEMENT_3D('',#17213,#17214,#17215);
#17217=PLANE('',#17216);
#17218=ADVANCED_FACE('no 19483',(#17212),#17217,.T.);
#17219=ORIENTED_EDGE('no 17308',*,*,#16663,.F.);
#17220=CARTESIAN_POINT('',(0.154551,0.0889305,0.013));
#17221=DIRECTION('',(-0.9237150395,0.3830803126,0.0));
#17222=VECTOR('',#17221,1.0);
#17223=LINE('',#17220,#17222);
#17224=EDGE_CURVE('no 17307',#16658,#15968,#17223,.T.);
#17225=ORIENTED_EDGE('no 17309',*,*,#17224,.T.);
#17226=ORIENTED_EDGE('no 17310',*,*,#16758,.F.);
#17227=EDGE_LOOP('',(#17219,#17225,#17226));
#17228=FACE_OUTER_BOUND('',#17227,.T.);
#17229=CARTESIAN_POINT('',(0.154021,0.0891503,0.0));
#17230=DIRECTION('',(-0.3826870181,-0.9238780472,0.0000000309));
#17231=DIRECTION('',(0.0407756821,-0.0168899926,0.9990255612));
#17232=AXIS2_PLACEMENT_3D('',#17229,#17230,#17231);
#17233=PLANE('',#17232);
#17234=ADVANCED_FACE('no 17318',(#17228),#17233,.T.);
#17235=ORIENTED_EDGE('no 14025',*,*,#17116,.F.);
#17236=ORIENTED_EDGE('no 14026',*,*,#16701,.F.);
#17237=CARTESIAN_POINT('',(0.0506514,0.0819948,0.0));
#17238=DIRECTION('',(0.0,-1.0,0.0));
#17239=VECTOR('',#17238,1.0);
#17240=LINE('',#17237,#17239);
#17241=EDGE_CURVE('no 14024',#15845,#17111,#17240,.T.);
#17242=ORIENTED_EDGE('no 14027',*,*,#17241,.T.);
#17243=EDGE_LOOP('',(#17235,#17236,#17242));
#17244=FACE_OUTER_BOUND('',#17243,.T.);
#17245=CARTESIAN_POINT('',(0.0506514,0.0112253,0.0));
#17246=DIRECTION('',(-0.0,0.0,-1.0));
#17247=DIRECTION('',(-0.4570078308,-0.8894626707,0.0));
#17248=AXIS2_PLACEMENT_3D('',#17245,#17246,#17247);
#17249=PLANE('',#17248);
#17250=ADVANCED_FACE('no 14035',(#17244),#17249,.T.);
#17251=CARTESIAN_POINT('',(0.0480445,0.00693319,0.013));
#17252=VERTEX_POINT('',#17251);
#17253=CARTESIAN_POINT('',(0.0480445,0.00693319,0.013));
#17254=DIRECTION('',(0.0086256563,-0.0432838817,-0.9990255771));
#17255=VECTOR('',#17254,1.0);
#17256=LINE('',#17253,#17255);
#17257=EDGE_CURVE('no 12420',#17252,#16512,#17256,.T.);
#17258=ORIENTED_EDGE('no 12456',*,*,#17257,.F.);
#17259=CARTESIAN_POINT('',(0.0480445,0.00693319,0.0));
#17260=DIRECTION('',(0.0,0.0,1.0));
#17261=VECTOR('',#17260,1.0);
#17262=LINE('',#17259,#17261);
#17263=EDGE_CURVE('no 12368',#15847,#17252,#17262,.T.);
#17264=ORIENTED_EDGE('no 12457',*,*,#17263,.F.);
#17265=ORIENTED_EDGE('no 12458',*,*,#16707,.T.);
#17266=EDGE_LOOP('',(#17258,#17264,#17265));
#17267=FACE_OUTER_BOUND('',#17266,.T.);
#17268=CARTESIAN_POINT('',(0.0481567,0.00636995,0.0));
#17269=DIRECTION('',(-0.9807160566,-0.1954380115,-0.0000000039));
#17270=DIRECTION('',(-0.0086256563,0.0432838817,0.9990255771));
#17271=AXIS2_PLACEMENT_3D('',#17268,#17269,#17270);
#17272=PLANE('',#17271);
#17273=ADVANCED_FACE('no 12466',(#17267),#17272,.T.);
#17274=CARTESIAN_POINT('',(0.0477903,0.00744819,0.013));
#17275=DIRECTION('',(0.0195346917,-0.0395764831,-0.9990255741));
#17276=VECTOR('',#17275,1.0);
#17277=LINE('',#17274,#17276);
#17278=EDGE_CURVE('no 12362',#16920,#15847,#17277,.T.);
#17279=ORIENTED_EDGE('no 12398',*,*,#17278,.F.);
#17280=ORIENTED_EDGE('no 12399',*,*,#16931,.F.);
#17281=ORIENTED_EDGE('no 12400',*,*,#16728,.T.);
#17282=EDGE_LOOP('',(#17279,#17280,#17281));
#17283=FACE_OUTER_BOUND('',#17282,.T.);
#17284=CARTESIAN_POINT('',(0.0480445,0.00693319,0.0));
#17285=DIRECTION('',(-0.8967131855,-0.4426120908,0.0000000144));
#17286=DIRECTION('',(-0.0195346917,0.0395764831,0.9990255741));
#17287=AXIS2_PLACEMENT_3D('',#17284,#17285,#17286);
#17288=PLANE('',#17287);
#17289=ADVANCED_FACE('no 12408',(#17283),#17288,.T.);
#17290=CARTESIAN_POINT('',(0.151939,0.00783118,0.016));
#17291=DIRECTION('',(-0.0011081322,0.999999386,0.0));
#17292=VECTOR('',#17291,1.0);
#17293=LINE('',#17290,#17292);
#17294=EDGE_CURVE('no 2759',#16771,#16983,#17293,.T.);
#17295=ORIENTED_EDGE('no 2789',*,*,#17294,.F.);
#17296=ORIENTED_EDGE('no 2790',*,*,#16776,.T.);
#17297=CARTESIAN_POINT('',(0.152309,0.0850896,0.016));
#17298=DIRECTION('',(-0.7933542749,0.608760211,0.0));
#17299=VECTOR('',#17298,1.0);
#17300=LINE('',#17297,#17299);
#17301=EDGE_CURVE('no 2788',#16017,#16983,#17300,.T.);
#17302=ORIENTED_EDGE('no 2791',*,*,#17301,.T.);
#17303=EDGE_LOOP('',(#17295,#17296,#17302));
#17304=FACE_OUTER_BOUND('',#17303,.T.);
#17305=CARTESIAN_POINT('',(0.151853,0.0854392,0.016));
#17306=DIRECTION('',(0.0,0.0,1.0));
#17307=DIRECTION('',(0.0010969304,-0.9999993984,0.0));
#17308=AXIS2_PLACEMENT_3D('',#17305,#17306,#17307);
#17309=PLANE('',#17308);
#17310=ADVANCED_FACE('no 2799',(#17304),#17309,.T.);
#17311=CARTESIAN_POINT('',(0.151939,0.00783118,0.013));
#17312=VERTEX_POINT('',#17311);
#17313=CARTESIAN_POINT('',(0.152412,0.00815602,0.016));
#17314=DIRECTION('',(-0.155056949,-0.106347965,-0.9821646771));
#17315=VECTOR('',#17314,1.0);
#17316=LINE('',#17313,#17315);
#17317=EDGE_CURVE('no 9839',#14994,#17312,#17316,.T.);
#17318=ORIENTED_EDGE('no 9863',*,*,#17317,.F.);
#17319=ORIENTED_EDGE('no 9864',*,*,#16782,.F.);
#17320=ORIENTED_EDGE('no 9865',*,*,#16965,.F.);
#17321=EDGE_LOOP('',(#17318,#17319,#17320));
#17322=FACE_OUTER_BOUND('',#17321,.T.);
#17323=CARTESIAN_POINT('',(0.151939,0.00783118,0.013));
#17324=DIRECTION('',(0.5656122301,-0.8246713316,0.0000000114));
#17325=DIRECTION('',(0.155056949,0.106347965,0.9821646771));
#17326=AXIS2_PLACEMENT_3D('',#17323,#17324,#17325);
#17327=PLANE('',#17326);
#17328=ADVANCED_FACE('no 9873',(#17322),#17327,.T.);
#17329=ORIENTED_EDGE('no 9846',*,*,#16800,.F.);
#17330=ORIENTED_EDGE('no 9847',*,*,#17317,.T.);
#17331=CARTESIAN_POINT('',(0.151939,0.00783118,0.013));
#17332=DIRECTION('',(0.8246680409,0.565617028,0.0));
#17333=VECTOR('',#17332,1.0);
#17334=LINE('',#17331,#17333);
#17335=EDGE_CURVE('no 9845',#17312,#16795,#17334,.T.);
#17336=ORIENTED_EDGE('no 9848',*,*,#17335,.T.);
#17337=EDGE_LOOP('',(#17329,#17330,#17336));
#17338=FACE_OUTER_BOUND('',#17337,.T.);
#17339=CARTESIAN_POINT('',(0.152152,0.00797764,0.013));
#17340=DIRECTION('',(0.5656170328,-0.8246680376,-0.0000011441));
#17341=DIRECTION('',(0.0862197672,0.0591343775,0.9945196213));
#17342=AXIS2_PLACEMENT_3D('',#17339,#17340,#17341);
#17343=PLANE('',#17342);
#17344=ADVANCED_FACE('no 9856',(#17338),#17343,.T.);
#17345=ORIENTED_EDGE('no 23989',*,*,#16829,.F.);
#17346=CARTESIAN_POINT('',(0.152152,0.00797764,0.013));
#17347=DIRECTION('',(0.7933681563,0.6087421199,0.0));
#17348=VECTOR('',#17347,1.0);
#17349=LINE('',#17346,#17348);
#17350=EDGE_CURVE('no 9816',#17005,#16824,#17349,.T.);
#17351=ORIENTED_EDGE('no 23988',*,*,#17350,.F.);
#17352=ORIENTED_EDGE('no 23987',*,*,#17010,.T.);
#17353=EDGE_LOOP('',(#17345,#17351,#17352));
#17354=FACE_OUTER_BOUND('',#17353,.T.);
#17355=CARTESIAN_POINT('',(0.152309,0.0850896,0.013));
#17356=DIRECTION('',(0.0,0.0,1.0));
#17357=DIRECTION('',(-0.0020355899,-0.9999979282,0.0));
#17358=AXIS2_PLACEMENT_3D('',#17355,#17356,#17357);
#17359=PLANE('',#17358);
#17360=ADVANCED_FACE('no 23997',(#17354),#17359,.F.);
#17361=ORIENTED_EDGE('no 14738',*,*,#16852,.F.);
#17362=ORIENTED_EDGE('no 14737',*,*,#16874,.T.);
#17363=CARTESIAN_POINT('',(0.152882,0.0849002,0.0));
#17364=DIRECTION('',(0.0,-1.0,0.0));
#17365=VECTOR('',#17364,1.0);
#17366=LINE('',#17363,#17365);
#17367=EDGE_CURVE('no 14706',#16863,#16840,#17366,.T.);
#17368=ORIENTED_EDGE('no 14736',*,*,#17367,.T.);
#17369=EDGE_LOOP('',(#17361,#17362,#17368));
#17370=FACE_OUTER_BOUND('',#17369,.T.);
#17371=CARTESIAN_POINT('',(0.152882,0.00835032,0.0));
#17372=DIRECTION('',(0.0,0.0,-1.0));
#17373=DIRECTION('',(0.0,1.0,0.0));
#17374=AXIS2_PLACEMENT_3D('',#17371,#17372,#17373);
#17375=PLANE('',#17374);
#17376=ADVANCED_FACE('no 14746',(#17370),#17375,.F.);
#17377=ORIENTED_EDGE('no 18303',*,*,#16891,.F.);
#17378=ORIENTED_EDGE('no 18302',*,*,#16845,.T.);
#17379=CARTESIAN_POINT('',(0.153451,0.00842528,0.013));
#17380=DIRECTION('',(-0.04372664,-0.0057605429,-0.9990269251));
#17381=VECTOR('',#17380,1.0);
#17382=LINE('',#17379,#17381);
#17383=EDGE_CURVE('no 18294',#16886,#16840,#17382,.T.);
#17384=ORIENTED_EDGE('no 18301',*,*,#17383,.F.);
#17385=EDGE_LOOP('',(#17377,#17378,#17384));
#17386=FACE_OUTER_BOUND('',#17385,.T.);
#17387=CARTESIAN_POINT('',(0.153451,0.00842528,0.013));
#17388=DIRECTION('',(0.1305259846,-0.9914448887,-0.0000000179));
#17389=DIRECTION('',(-0.0437575811,-0.0057607675,-0.9990255691));
#17390=AXIS2_PLACEMENT_3D('',#17387,#17388,#17389);
#17391=PLANE('',#17390);
#17392=ADVANCED_FACE('no 18311',(#17386),#17391,.F.);
#17393=ORIENTED_EDGE('no 15935',*,*,#16868,.T.);
#17394=CARTESIAN_POINT('',(0.152351,0.08512,0.013));
#17395=VERTEX_POINT('',#17394);
#17396=CARTESIAN_POINT('',(0.152351,0.08512,0.013));
#17397=DIRECTION('',(0.9239701885,-0.3824644961,0.0));
#17398=VECTOR('',#17397,1.0);
#17399=LINE('',#17396,#17398);
#17400=EDGE_CURVE('no 15932',#17395,#16089,#17399,.T.);
#17401=ORIENTED_EDGE('no 15934',*,*,#17400,.F.);
#17402=CARTESIAN_POINT('',(0.152351,0.08512,0.013));
#17403=DIRECTION('',(0.0408062999,-0.0168911953,-0.9990242907));
#17404=VECTOR('',#17403,1.0);
#17405=LINE('',#17402,#17404);
#17406=EDGE_CURVE('no 15903',#17395,#16863,#17405,.T.);
#17407=ORIENTED_EDGE('no 15933',*,*,#17406,.T.);
#17408=EDGE_LOOP('',(#17393,#17401,#17407));
#17409=FACE_OUTER_BOUND('',#17408,.T.);
#17410=CARTESIAN_POINT('',(0.152882,0.0849002,0.0));
#17411=DIRECTION('',(0.382676217,0.9238825212,-0.0000000232));
#17412=DIRECTION('',(-0.0407756824,0.0168894927,0.9990255696));
#17413=AXIS2_PLACEMENT_3D('',#17410,#17411,#17412);
#17414=PLANE('',#17413);
#17415=ADVANCED_FACE('no 15943',(#17409),#17414,.F.);
#17416=ORIENTED_EDGE('no 2760',*,*,#16988,.F.);
#17417=ORIENTED_EDGE('no 2761',*,*,#16971,.T.);
#17418=ORIENTED_EDGE('no 2762',*,*,#17294,.T.);
#17419=EDGE_LOOP('',(#17416,#17417,#17418));
#17420=FACE_OUTER_BOUND('',#17419,.T.);
#17421=CARTESIAN_POINT('',(0.151853,0.0854392,0.016));
#17422=DIRECTION('',(0.0,0.0,1.0));
#17423=DIRECTION('',(-0.0036937407,-0.9999931781,0.0));
#17424=AXIS2_PLACEMENT_3D('',#17421,#17422,#17423);
#17425=PLANE('',#17424);
#17426=ADVANCED_FACE('no 2770',(#17420),#17425,.T.);
#17427=CARTESIAN_POINT('',(0.151251,0.0870253,0.0));
#17428=VERTEX_POINT('',#17427);
#17429=CARTESIAN_POINT('',(0.151251,0.0870253,0.0));
#17430=DIRECTION('',(0.1305896347,0.9914365069,0.0));
#17431=VECTOR('',#17430,1.0);
#17432=LINE('',#17429,#17431);
#17433=EDGE_CURVE('no 11039',#17428,#16372,#17432,.T.);
#17434=ORIENTED_EDGE('no 11042',*,*,#17433,.F.);
#17435=CARTESIAN_POINT('',(0.151251,0.0870253,0.0));
#17436=DIRECTION('',(0.0,0.0,1.0));
#17437=VECTOR('',#17436,1.0);
#17438=LINE('',#17435,#17437);
#17439=EDGE_CURVE('no 11004',#17428,#17032,#17438,.T.);
#17440=ORIENTED_EDGE('no 11041',*,*,#17439,.T.);
#17441=ORIENTED_EDGE('no 11040',*,*,#17044,.F.);
#17442=EDGE_LOOP('',(#17434,#17440,#17441));
#17443=FACE_OUTER_BOUND('',#17442,.T.);
#17444=CARTESIAN_POINT('',(0.151326,0.0875947,0.0));
#17445=DIRECTION('',(0.9914438364,-0.1305339777,-0.0000000168));
#17446=DIRECTION('',(-0.0057611275,-0.043757581,0.999025567));
#17447=AXIS2_PLACEMENT_3D('',#17444,#17445,#17446);
#17448=PLANE('',#17447);
#17449=ADVANCED_FACE('no 11050',(#17443),#17448,.F.);
#17450=CARTESIAN_POINT('',(0.151251,0.0870253,0.0));
#17451=DIRECTION('',(-0.4863480845,-0.8737651519,0.0));
#17452=VECTOR('',#17451,1.0);
#17453=LINE('',#17450,#17452);
#17454=EDGE_CURVE('no 13260',#17428,#16406,#17453,.T.);
#17455=ORIENTED_EDGE('no 13263',*,*,#17454,.F.);
#17456=ORIENTED_EDGE('no 13262',*,*,#17433,.T.);
#17457=ORIENTED_EDGE('no 13261',*,*,#17058,.T.);
#17458=EDGE_LOOP('',(#17455,#17456,#17457));
#17459=FACE_OUTER_BOUND('',#17458,.T.);
#17460=CARTESIAN_POINT('',(0.148451,0.0819948,0.0));
#17461=DIRECTION('',(0.0,0.0,-1.0));
#17462=DIRECTION('',(0.4567257642,0.8896075406,0.0));
#17463=AXIS2_PLACEMENT_3D('',#17460,#17461,#17462);
#17464=PLANE('',#17463);
#17465=ADVANCED_FACE('no 13271',(#17459),#17464,.F.);
#17466=ORIENTED_EDGE('no 12433',*,*,#17257,.T.);
#17467=ORIENTED_EDGE('no 12434',*,*,#17098,.T.);
#17468=CARTESIAN_POINT('',(0.0481567,0.00636995,0.013));
#17469=DIRECTION('',(-0.1953660094,0.9807304025,0.0));
#17470=VECTOR('',#17469,1.0);
#17471=LINE('',#17468,#17470);
#17472=EDGE_CURVE('no 12432',#17071,#17252,#17471,.T.);
#17473=ORIENTED_EDGE('no 12435',*,*,#17472,.T.);
#17474=EDGE_LOOP('',(#17466,#17467,#17473));
#17475=FACE_OUTER_BOUND('',#17474,.T.);
#17476=CARTESIAN_POINT('',(0.0480445,0.00693319,0.013));
#17477=DIRECTION('',(-0.9807160566,-0.1954380115,-0.0000000039));
#17478=DIRECTION('',(0.0086256563,-0.0432838817,-0.9990255771));
#17479=AXIS2_PLACEMENT_3D('',#17476,#17477,#17478);
#17480=PLANE('',#17479);
#17481=ADVANCED_FACE('no 12443',(#17475),#17480,.T.);
#17482=ORIENTED_EDGE('no 14054',*,*,#17124,.F.);
#17483=CARTESIAN_POINT('',(0.0506514,0.0112253,0.0));
#17484=DIRECTION('',(0.9977028526,-0.06774229,0.0));
#17485=VECTOR('',#17484,1.0);
#17486=LINE('',#17483,#17485);
#17487=EDGE_CURVE('no 14047',#17119,#17135,#17486,.T.);
#17488=ORIENTED_EDGE('no 14055',*,*,#17487,.T.);
#17489=ORIENTED_EDGE('no 14056',*,*,#17140,.T.);
#17490=EDGE_LOOP('',(#17482,#17488,#17489));
#17491=FACE_OUTER_BOUND('',#17490,.T.);
#17492=CARTESIAN_POINT('',(0.158451,0.00122528,0.0));
#17493=DIRECTION('',(0.0,0.0,-1.0));
#17494=DIRECTION('',(-0.9957249571,0.092367796,0.0));
#17495=AXIS2_PLACEMENT_3D('',#17492,#17493,#17494);
#17496=PLANE('',#17495);
#17497=ADVANCED_FACE('no 14064',(#17491),#17496,.T.);
#17498=CARTESIAN_POINT('',(0.152351,0.00432002,0.013));
#17499=VERTEX_POINT('',#17498);
#17500=CARTESIAN_POINT('',(0.152351,0.00432002,0.013));
#17501=DIRECTION('',(0.0407756822,-0.0168897926,-0.9990255646));
#17502=VECTOR('',#17501,1.0);
#17503=LINE('',#17500,#17502);
#17504=EDGE_CURVE('no 11213',#17499,#16534,#17503,.T.);
#17505=ORIENTED_EDGE('no 11226',*,*,#17504,.T.);
#17506=ORIENTED_EDGE('no 11227',*,*,#17146,.T.);
#17507=CARTESIAN_POINT('',(0.152351,0.00432002,0.0));
#17508=DIRECTION('',(0.0,0.0,1.0));
#17509=VECTOR('',#17508,1.0);
#17510=LINE('',#17507,#17509);
#17511=EDGE_CURVE('no 11225',#17135,#17499,#17510,.T.);
#17512=ORIENTED_EDGE('no 11228',*,*,#17511,.T.);
#17513=EDGE_LOOP('',(#17505,#17506,#17512));
#17514=FACE_OUTER_BOUND('',#17513,.T.);
#17515=CARTESIAN_POINT('',(0.152351,0.00432002,0.013));
#17516=DIRECTION('',(0.3826820454,0.923880107,-0.000000022));
#17517=DIRECTION('',(0.0407756822,-0.0168897926,-0.9990255646));
#17518=AXIS2_PLACEMENT_3D('',#17515,#17516,#17517);
#17519=PLANE('',#17518);
#17520=ADVANCED_FACE('no 11236',(#17514),#17519,.T.);
#17521=ORIENTED_EDGE('no 11249',*,*,#17504,.F.);
#17522=CARTESIAN_POINT('',(0.152351,0.00432002,0.013));
#17523=DIRECTION('',(0.9239824864,-0.3824347851,0.0));
#17524=VECTOR('',#17523,1.0);
#17525=LINE('',#17522,#17524);
#17526=EDGE_CURVE('no 11248',#17499,#17158,#17525,.T.);
#17527=ORIENTED_EDGE('no 11250',*,*,#17526,.T.);
#17528=ORIENTED_EDGE('no 11251',*,*,#17170,.F.);
#17529=EDGE_LOOP('',(#17521,#17527,#17528));
#17530=FACE_OUTER_BOUND('',#17529,.T.);
#17531=CARTESIAN_POINT('',(0.152882,0.00410024,0.0));
#17532=DIRECTION('',(0.3826820454,0.923880107,-0.000000022));
#17533=DIRECTION('',(-0.0407756822,0.0168897926,0.9990255646));
#17534=AXIS2_PLACEMENT_3D('',#17531,#17532,#17533);
#17535=PLANE('',#17534);
#17536=ADVANCED_FACE('no 11259',(#17530),#17535,.T.);
#17537=ORIENTED_EDGE('no 12375',*,*,#17278,.T.);
#17538=ORIENTED_EDGE('no 12376',*,*,#17263,.T.);
#17539=CARTESIAN_POINT('',(0.0480445,0.00693319,0.013));
#17540=DIRECTION('',(-0.4426109432,0.896713752,0.0));
#17541=VECTOR('',#17540,1.0);
#17542=LINE('',#17539,#17541);
#17543=EDGE_CURVE('no 12374',#17252,#16920,#17542,.T.);
#17544=ORIENTED_EDGE('no 12377',*,*,#17543,.T.);
#17545=EDGE_LOOP('',(#17537,#17538,#17544));
#17546=FACE_OUTER_BOUND('',#17545,.T.);
#17547=CARTESIAN_POINT('',(0.0477903,0.00744819,0.013));
#17548=DIRECTION('',(-0.8967131855,-0.4426120908,0.0000000144));
#17549=DIRECTION('',(0.0195346917,-0.0395764831,-0.9990255741));
#17550=AXIS2_PLACEMENT_3D('',#17547,#17548,#17549);
#17551=PLANE('',#17550);
#17552=ADVANCED_FACE('no 12385',(#17546),#17551,.T.);
#17553=CARTESIAN_POINT('',(0.152351,0.00813054,0.0));
#17554=VERTEX_POINT('',#17553);
#17555=CARTESIAN_POINT('',(0.152882,0.00835032,0.0));
#17556=DIRECTION('',(-0.9239824864,-0.3824347851,0.0));
#17557=VECTOR('',#17556,1.0);
#17558=LINE('',#17555,#17557);
#17559=EDGE_CURVE('no 14712',#16840,#17554,#17558,.T.);
#17560=ORIENTED_EDGE('no 14715',*,*,#17559,.F.);
#17561=ORIENTED_EDGE('no 14714',*,*,#17367,.F.);
#17562=CARTESIAN_POINT('',(0.152882,0.0849002,0.0));
#17563=DIRECTION('',(-0.0069114208,-0.9999761158,0.0));
#17564=VECTOR('',#17563,1.0);
#17565=LINE('',#17562,#17564);
#17566=EDGE_CURVE('no 14683',#16863,#17554,#17565,.T.);
#17567=ORIENTED_EDGE('no 14713',*,*,#17566,.T.);
#17568=EDGE_LOOP('',(#17560,#17561,#17567));
#17569=FACE_OUTER_BOUND('',#17568,.T.);
#17570=CARTESIAN_POINT('',(0.152351,0.00813054,0.0));
#17571=DIRECTION('',(0.0,0.0,-1.0));
#17572=DIRECTION('',(0.0069114208,0.9999761158,0.0));
#17573=AXIS2_PLACEMENT_3D('',#17570,#17571,#17572);
#17574=PLANE('',#17573);
#17575=ADVANCED_FACE('no 14723',(#17569),#17574,.F.);
#17576=CARTESIAN_POINT('',(0.152882,0.00835032,0.013));
#17577=VERTEX_POINT('',#17576);
#17578=CARTESIAN_POINT('',(0.152882,0.00835032,0.0));
#17579=DIRECTION('',(0.0,0.0,1.0));
#17580=VECTOR('',#17579,1.0);
#17581=LINE('',#17578,#17580);
#17582=EDGE_CURVE('no 17163',#16840,#17577,#17581,.T.);
#17583=ORIENTED_EDGE('no 18326',*,*,#17582,.T.);
#17584=CARTESIAN_POINT('',(0.153451,0.00842528,0.013));
#17585=DIRECTION('',(-0.9914336446,-0.1306113638,0.0));
#17586=VECTOR('',#17585,1.0);
#17587=LINE('',#17584,#17586);
#17588=EDGE_CURVE('no 18323',#16886,#17577,#17587,.T.);
#17589=ORIENTED_EDGE('no 18325',*,*,#17588,.F.);
#17590=ORIENTED_EDGE('no 18324',*,*,#17383,.T.);
#17591=EDGE_LOOP('',(#17583,#17589,#17590));
#17592=FACE_OUTER_BOUND('',#17591,.T.);
#17593=CARTESIAN_POINT('',(0.152882,0.00835032,0.0));
#17594=DIRECTION('',(0.1305259846,-0.9914448887,-0.0000000179));
#17595=DIRECTION('',(0.0437575811,0.0057607675,0.9990255691));
#17596=AXIS2_PLACEMENT_3D('',#17593,#17594,#17595);
#17597=PLANE('',#17596);
#17598=ADVANCED_FACE('no 18334',(#17592),#17597,.F.);
#17599=CARTESIAN_POINT('',(0.152351,0.08512,0.0));
#17600=VERTEX_POINT('',#17599);
#17601=CARTESIAN_POINT('',(0.152351,0.08512,0.0));
#17602=DIRECTION('',(0.0,0.0,1.0));
#17603=VECTOR('',#17602,1.0);
#17604=LINE('',#17601,#17603);
#17605=EDGE_CURVE('no 15909',#17600,#17395,#17604,.T.);
#17606=ORIENTED_EDGE('no 15912',*,*,#17605,.F.);
#17607=CARTESIAN_POINT('',(0.152351,0.08512,0.0));
#17608=DIRECTION('',(0.9239701885,-0.3824644961,0.0));
#17609=VECTOR('',#17608,1.0);
#17610=LINE('',#17607,#17609);
#17611=EDGE_CURVE('no 14677',#17600,#16863,#17610,.T.);
#17612=ORIENTED_EDGE('no 15911',*,*,#17611,.T.);
#17613=ORIENTED_EDGE('no 15910',*,*,#17406,.F.);
#17614=EDGE_LOOP('',(#17606,#17612,#17613));
#17615=FACE_OUTER_BOUND('',#17614,.T.);
#17616=CARTESIAN_POINT('',(0.152351,0.08512,0.013));
#17617=DIRECTION('',(0.382676217,0.9238825212,-0.0000000232));
#17618=DIRECTION('',(0.0407756824,-0.0168894927,-0.9990255696));
#17619=AXIS2_PLACEMENT_3D('',#17616,#17617,#17618);
#17620=PLANE('',#17619);
#17621=ADVANCED_FACE('no 15920',(#17615),#17620,.F.);
#17622=CARTESIAN_POINT('',(0.151326,0.0864559,0.013));
#17623=VERTEX_POINT('',#17622);
#17624=CARTESIAN_POINT('',(0.151251,0.0870253,0.013));
#17625=DIRECTION('',(0.1305896347,-0.9914365069,0.0));
#17626=VECTOR('',#17625,1.0);
#17627=LINE('',#17624,#17626);
#17628=EDGE_CURVE('no 11010',#17032,#17623,#17627,.T.);
#17629=ORIENTED_EDGE('no 11013',*,*,#17628,.F.);
#17630=ORIENTED_EDGE('no 11012',*,*,#17439,.F.);
#17631=CARTESIAN_POINT('',(0.151251,0.0870253,0.0));
#17632=DIRECTION('',(0.0057611275,-0.043757581,0.999025567));
#17633=VECTOR('',#17632,1.0);
#17634=LINE('',#17631,#17633);
#17635=EDGE_CURVE('no 10975',#17428,#17623,#17634,.T.);
#17636=ORIENTED_EDGE('no 11011',*,*,#17635,.T.);
#17637=EDGE_LOOP('',(#17629,#17630,#17636));
#17638=FACE_OUTER_BOUND('',#17637,.T.);
#17639=CARTESIAN_POINT('',(0.151326,0.0864559,0.013));
#17640=DIRECTION('',(0.9914438364,0.1305339777,0.0000000168));
#17641=DIRECTION('',(-0.0057611275,0.043757581,-0.999025567));
#17642=AXIS2_PLACEMENT_3D('',#17639,#17640,#17641);
#17643=PLANE('',#17642);
#17644=ADVANCED_FACE('no 11021',(#17638),#17643,.F.);
#17645=CARTESIAN_POINT('',(0.148451,0.0112253,0.0));
#17646=VERTEX_POINT('',#17645);
#17647=CARTESIAN_POINT('',(0.148451,0.0112253,0.0));
#17648=DIRECTION('',(0.0,1.0,0.0));
#17649=VECTOR('',#17648,1.0);
#17650=LINE('',#17647,#17649);
#17651=EDGE_CURVE('no 13289',#17646,#16406,#17650,.T.);
#17652=ORIENTED_EDGE('no 13292',*,*,#17651,.F.);
#17653=CARTESIAN_POINT('',(0.151251,0.0870253,0.0));
#17654=DIRECTION('',(-0.0369142162,-0.9993184381,0.0));
#17655=VECTOR('',#17654,1.0);
#17656=LINE('',#17653,#17655);
#17657=EDGE_CURVE('no 13283',#17428,#17646,#17656,.T.);
#17658=ORIENTED_EDGE('no 13291',*,*,#17657,.F.);
#17659=ORIENTED_EDGE('no 13290',*,*,#17454,.T.);
#17660=EDGE_LOOP('',(#17652,#17658,#17659));
#17661=FACE_OUTER_BOUND('',#17660,.T.);
#17662=CARTESIAN_POINT('',(0.148451,0.0819948,0.0));
#17663=DIRECTION('',(0.0,0.0,-1.0));
#17664=DIRECTION('',(0.4863480845,0.8737651519,0.0));
#17665=AXIS2_PLACEMENT_3D('',#17662,#17663,#17664);
#17666=PLANE('',#17665);
#17667=ADVANCED_FACE('no 13300',(#17661),#17666,.F.);
#17668=ORIENTED_EDGE('no 14083',*,*,#17487,.F.);
#17669=CARTESIAN_POINT('',(0.0506514,0.0112253,0.0));
#17670=VERTEX_POINT('',#17669);
#17671=CARTESIAN_POINT('',(0.151896,0.00466964,0.0));
#17672=VERTEX_POINT('',#17671);
#17673=CARTESIAN_POINT('',(0.0506514,0.0112253,0.0));
#17674=DIRECTION('',(0.9979102469,-0.064615316,0.0));
#17675=VECTOR('',#17674,1.0);
#17676=LINE('',#17673,#17675);
#17677=EDGE_CURVE('no 14076',#17670,#17672,#17676,.T.);
#17678=ORIENTED_EDGE('no 14084',*,*,#17677,.T.);
#17679=CARTESIAN_POINT('',(0.151896,0.00466964,0.0));
#17680=DIRECTION('',(0.792943921,-0.6092946234,0.0));
#17681=VECTOR('',#17680,1.0);
#17682=LINE('',#17679,#17681);
#17683=EDGE_CURVE('no 14082',#17672,#17135,#17682,.T.);
#17684=ORIENTED_EDGE('no 14085',*,*,#17683,.T.);
#17685=EDGE_LOOP('',(#17668,#17678,#17684));
#17686=FACE_OUTER_BOUND('',#17685,.T.);
#17687=CARTESIAN_POINT('',(0.152351,0.00432002,0.0));
#17688=DIRECTION('',(0.0,0.0,-1.0));
#17689=DIRECTION('',(-0.9977028526,0.06774229,0.0));
#17690=AXIS2_PLACEMENT_3D('',#17687,#17688,#17689);
#17691=PLANE('',#17690);
#17692=ADVANCED_FACE('no 14093',(#17686),#17691,.T.);
#17693=CARTESIAN_POINT('',(0.151896,0.00466964,0.013));
#17694=VERTEX_POINT('',#17693);
#17695=CARTESIAN_POINT('',(0.151896,0.00466964,0.013));
#17696=DIRECTION('',(0.0349659549,-0.026867686,-0.9990272816));
#17697=VECTOR('',#17696,1.0);
#17698=LINE('',#17695,#17697);
#17699=EDGE_CURVE('no 18681',#17694,#17135,#17698,.T.);
#17700=ORIENTED_EDGE('no 18711',*,*,#17699,.F.);
#17701=CARTESIAN_POINT('',(0.151896,0.00466964,0.013));
#17702=DIRECTION('',(0.792943921,-0.6092946234,0.0));
#17703=VECTOR('',#17702,1.0);
#17704=LINE('',#17701,#17703);
#17705=EDGE_CURVE('no 18710',#17694,#17499,#17704,.T.);
#17706=ORIENTED_EDGE('no 18712',*,*,#17705,.T.);
#17707=ORIENTED_EDGE('no 18713',*,*,#17511,.F.);
#17708=EDGE_LOOP('',(#17700,#17706,#17707));
#17709=FACE_OUTER_BOUND('',#17708,.T.);
#17710=CARTESIAN_POINT('',(0.152351,0.00432002,0.0));
#17711=DIRECTION('',(0.6087630655,0.7933520846,-0.0000000115));
#17712=DIRECTION('',(-0.0350144853,0.0268676888,0.9990255818));
#17713=AXIS2_PLACEMENT_3D('',#17710,#17711,#17712);
#17714=PLANE('',#17713);
#17715=ADVANCED_FACE('no 18721',(#17709),#17714,.T.);
#17716=ORIENTED_EDGE('no 14686',*,*,#17566,.F.);
#17717=ORIENTED_EDGE('no 14685',*,*,#17611,.F.);
#17718=CARTESIAN_POINT('',(0.152351,0.08512,0.0));
#17719=DIRECTION('',(0.0,-1.0,0.0));
#17720=VECTOR('',#17719,1.0);
#17721=LINE('',#17718,#17720);
#17722=EDGE_CURVE('no 14648',#17600,#17554,#17721,.T.);
#17723=ORIENTED_EDGE('no 14684',*,*,#17722,.T.);
#17724=EDGE_LOOP('',(#17716,#17717,#17723));
#17725=FACE_OUTER_BOUND('',#17724,.T.);
#17726=CARTESIAN_POINT('',(0.152351,0.00813054,0.0));
#17727=DIRECTION('',(0.0,0.0,-1.0));
#17728=DIRECTION('',(0.0,1.0,0.0));
#17729=AXIS2_PLACEMENT_3D('',#17726,#17727,#17728);
#17730=PLANE('',#17729);
#17731=ADVANCED_FACE('no 14694',(#17725),#17730,.F.);
#17732=ORIENTED_EDGE('no 17166',*,*,#17582,.F.);
#17733=ORIENTED_EDGE('no 17165',*,*,#17559,.T.);
#17734=CARTESIAN_POINT('',(0.152882,0.00835032,0.013));
#17735=DIRECTION('',(-0.0408063009,-0.0168896588,-0.9990243166));
#17736=VECTOR('',#17735,1.0);
#17737=LINE('',#17734,#17736);
#17738=EDGE_CURVE('no 17157',#17577,#17554,#17737,.T.);
#17739=ORIENTED_EDGE('no 17164',*,*,#17738,.F.);
#17740=EDGE_LOOP('',(#17732,#17733,#17739));
#17741=FACE_OUTER_BOUND('',#17740,.T.);
#17742=CARTESIAN_POINT('',(0.152882,0.00835032,0.013));
#17743=DIRECTION('',(0.3826820454,-0.923880107,0.000000022));
#17744=DIRECTION('',(-0.0407756822,-0.0168897926,-0.9990255646));
#17745=AXIS2_PLACEMENT_3D('',#17742,#17743,#17744);
#17746=PLANE('',#17745);
#17747=ADVANCED_FACE('no 17174',(#17741),#17746,.F.);
#17748=ORIENTED_EDGE('no 15987',*,*,#17605,.T.);
#17749=CARTESIAN_POINT('',(0.151896,0.0854696,0.013));
#17750=VERTEX_POINT('',#17749);
#17751=CARTESIAN_POINT('',(0.151896,0.0854696,0.013));
#17752=DIRECTION('',(0.7929607606,-0.6092727075,0.0));
#17753=VECTOR('',#17752,1.0);
#17754=LINE('',#17751,#17753);
#17755=EDGE_CURVE('no 15984',#17750,#17395,#17754,.T.);
#17756=ORIENTED_EDGE('no 15986',*,*,#17755,.F.);
#17757=CARTESIAN_POINT('',(0.151896,0.0854696,0.013));
#17758=DIRECTION('',(0.035014485,-0.0268680885,-0.9990255711));
#17759=VECTOR('',#17758,1.0);
#17760=LINE('',#17757,#17759);
#17761=EDGE_CURVE('no 15955',#17750,#17600,#17760,.T.);
#17762=ORIENTED_EDGE('no 15985',*,*,#17761,.T.);
#17763=EDGE_LOOP('',(#17748,#17756,#17762));
#17764=FACE_OUTER_BOUND('',#17763,.T.);
#17765=CARTESIAN_POINT('',(0.152351,0.08512,0.0));
#17766=DIRECTION('',(0.6087687738,0.7933477044,-0.0000000112));
#17767=DIRECTION('',(-0.035014485,0.0268680885,0.9990255711));
#17768=AXIS2_PLACEMENT_3D('',#17765,#17766,#17767);
#17769=PLANE('',#17768);
#17770=ADVANCED_FACE('no 15995',(#17764),#17769,.F.);
#17771=CARTESIAN_POINT('',(0.151326,0.0864559,0.0));
#17772=VERTEX_POINT('',#17771);
#17773=CARTESIAN_POINT('',(0.151326,0.0864559,0.0));
#17774=DIRECTION('',(-0.1305896347,0.9914365069,0.0));
#17775=VECTOR('',#17774,1.0);
#17776=LINE('',#17773,#17775);
#17777=EDGE_CURVE('no 10981',#17772,#17428,#17776,.T.);
#17778=ORIENTED_EDGE('no 10984',*,*,#17777,.F.);
#17779=CARTESIAN_POINT('',(0.151326,0.0864559,0.0));
#17780=DIRECTION('',(0.0,0.0,1.0));
#17781=VECTOR('',#17780,1.0);
#17782=LINE('',#17779,#17781);
#17783=EDGE_CURVE('no 10946',#17772,#17623,#17782,.T.);
#17784=ORIENTED_EDGE('no 10983',*,*,#17783,.T.);
#17785=ORIENTED_EDGE('no 10982',*,*,#17635,.F.);
#17786=EDGE_LOOP('',(#17778,#17784,#17785));
#17787=FACE_OUTER_BOUND('',#17786,.T.);
#17788=CARTESIAN_POINT('',(0.151251,0.0870253,0.0));
#17789=DIRECTION('',(0.9914438364,0.1305339777,0.0000000168));
#17790=DIRECTION('',(0.0057611275,-0.043757581,0.999025567));
#17791=AXIS2_PLACEMENT_3D('',#17788,#17789,#17790);
#17792=PLANE('',#17791);
#17793=ADVANCED_FACE('no 10992',(#17787),#17792,.F.);
#17794=CARTESIAN_POINT('',(0.151251,0.00622528,0.0));
#17795=VERTEX_POINT('',#17794);
#17796=CARTESIAN_POINT('',(0.151251,0.0870253,0.0));
#17797=DIRECTION('',(0.0,-1.0,0.0));
#17798=VECTOR('',#17797,1.0);
#17799=LINE('',#17796,#17798);
#17800=EDGE_CURVE('no 14221',#17428,#17795,#17799,.T.);
#17801=ORIENTED_EDGE('no 14224',*,*,#17800,.F.);
#17802=ORIENTED_EDGE('no 14223',*,*,#17657,.T.);
#17803=CARTESIAN_POINT('',(0.148451,0.0112253,0.0));
#17804=DIRECTION('',(0.4886038561,-0.8725057431,0.0));
#17805=VECTOR('',#17804,1.0);
#17806=LINE('',#17803,#17805);
#17807=EDGE_CURVE('no 14192',#17646,#17795,#17806,.T.);
#17808=ORIENTED_EDGE('no 14222',*,*,#17807,.T.);
#17809=EDGE_LOOP('',(#17801,#17802,#17808));
#17810=FACE_OUTER_BOUND('',#17809,.T.);
#17811=CARTESIAN_POINT('',(0.151251,0.00622528,0.0));
#17812=DIRECTION('',(0.0,0.0,-1.0));
#17813=DIRECTION('',(-0.4886038561,0.8725057431,0.0));
#17814=AXIS2_PLACEMENT_3D('',#17811,#17812,#17813);
#17815=PLANE('',#17814);
#17816=ADVANCED_FACE('no 14232',(#17810),#17815,.F.);
#17817=ORIENTED_EDGE('no 14112',*,*,#17677,.F.);
#17818=CARTESIAN_POINT('',(0.151546,0.00512528,0.0));
#17819=VERTEX_POINT('',#17818);
#17820=CARTESIAN_POINT('',(0.0506514,0.0112253,0.0));
#17821=DIRECTION('',(0.9981773489,-0.0603488211,0.0));
#17822=VECTOR('',#17821,1.0);
#17823=LINE('',#17820,#17822);
#17824=EDGE_CURVE('no 14105',#17670,#17819,#17823,.T.);
#17825=ORIENTED_EDGE('no 14113',*,*,#17824,.T.);
#17826=CARTESIAN_POINT('',(0.151546,0.00512528,0.0));
#17827=DIRECTION('',(0.609172297,-0.7930379011,0.0));
#17828=VECTOR('',#17827,1.0);
#17829=LINE('',#17826,#17828);
#17830=EDGE_CURVE('no 14111',#17819,#17672,#17829,.T.);
#17831=ORIENTED_EDGE('no 14114',*,*,#17830,.T.);
#17832=EDGE_LOOP('',(#17817,#17825,#17831));
#17833=FACE_OUTER_BOUND('',#17832,.T.);
#17834=CARTESIAN_POINT('',(0.151896,0.00466964,0.0));
#17835=DIRECTION('',(0.0,0.0,-1.0));
#17836=DIRECTION('',(-0.9979102469,0.064615316,0.0));
#17837=AXIS2_PLACEMENT_3D('',#17834,#17835,#17836);
#17838=PLANE('',#17837);
#17839=ADVANCED_FACE('no 14122',(#17833),#17838,.T.);
#17840=ORIENTED_EDGE('no 18688',*,*,#17699,.T.);
#17841=ORIENTED_EDGE('no 18689',*,*,#17683,.F.);
#17842=CARTESIAN_POINT('',(0.151896,0.00466964,0.0));
#17843=DIRECTION('',(0.0,0.0,1.0));
#17844=VECTOR('',#17843,1.0);
#17845=LINE('',#17842,#17844);
#17846=EDGE_CURVE('no 18687',#17672,#17694,#17845,.T.);
#17847=ORIENTED_EDGE('no 18690',*,*,#17846,.T.);
#17848=EDGE_LOOP('',(#17840,#17841,#17847));
#17849=FACE_OUTER_BOUND('',#17848,.T.);
#17850=CARTESIAN_POINT('',(0.151896,0.00466964,0.013));
#17851=DIRECTION('',(0.6087630655,0.7933520846,-0.0000000115));
#17852=DIRECTION('',(0.0350144853,-0.0268676888,-0.9990255818));
#17853=AXIS2_PLACEMENT_3D('',#17850,#17851,#17852);
#17854=PLANE('',#17853);
#17855=ADVANCED_FACE('no 18698',(#17849),#17854,.T.);
#17856=CARTESIAN_POINT('',(0.151896,0.00778091,0.0));
#17857=VERTEX_POINT('',#17856);
#17858=CARTESIAN_POINT('',(0.152351,0.00813054,0.0));
#17859=DIRECTION('',(-0.7929355012,-0.6093055809,0.0));
#17860=VECTOR('',#17859,1.0);
#17861=LINE('',#17858,#17860);
#17862=EDGE_CURVE('no 14654',#17554,#17857,#17861,.T.);
#17863=ORIENTED_EDGE('no 14657',*,*,#17862,.F.);
#17864=ORIENTED_EDGE('no 14656',*,*,#17722,.F.);
#17865=CARTESIAN_POINT('',(0.152351,0.08512,0.0));
#17866=DIRECTION('',(-0.0058830809,-0.9999826945,0.0));
#17867=VECTOR('',#17866,1.0);
#17868=LINE('',#17865,#17867);
#17869=EDGE_CURVE('no 14625',#17600,#17857,#17868,.T.);
#17870=ORIENTED_EDGE('no 14655',*,*,#17869,.T.);
#17871=EDGE_LOOP('',(#17863,#17864,#17870));
#17872=FACE_OUTER_BOUND('',#17871,.T.);
#17873=CARTESIAN_POINT('',(0.151896,0.00778091,0.0));
#17874=DIRECTION('',(0.0,0.0,-1.0));
#17875=DIRECTION('',(0.0058912579,0.9999826464,0.0));
#17876=AXIS2_PLACEMENT_3D('',#17873,#17874,#17875);
#17877=PLANE('',#17876);
#17878=ADVANCED_FACE('no 14665',(#17872),#17877,.F.);
#17879=CARTESIAN_POINT('',(0.152351,0.00813054,0.013));
#17880=VERTEX_POINT('',#17879);
#17881=CARTESIAN_POINT('',(0.152351,0.00813054,0.0));
#17882=DIRECTION('',(0.0,0.0,1.0));
#17883=VECTOR('',#17882,1.0);
#17884=LINE('',#17881,#17883);
#17885=EDGE_CURVE('no 16903',#17554,#17880,#17884,.T.);
#17886=ORIENTED_EDGE('no 17189',*,*,#17885,.T.);
#17887=CARTESIAN_POINT('',(0.152882,0.00835032,0.013));
#17888=DIRECTION('',(-0.9239824864,-0.3824347851,0.0));
#17889=VECTOR('',#17888,1.0);
#17890=LINE('',#17887,#17889);
#17891=EDGE_CURVE('no 17186',#17577,#17880,#17890,.T.);
#17892=ORIENTED_EDGE('no 17188',*,*,#17891,.F.);
#17893=ORIENTED_EDGE('no 17187',*,*,#17738,.T.);
#17894=EDGE_LOOP('',(#17886,#17892,#17893));
#17895=FACE_OUTER_BOUND('',#17894,.T.);
#17896=CARTESIAN_POINT('',(0.152351,0.00813054,0.0));
#17897=DIRECTION('',(0.3826820454,-0.923880107,0.000000022));
#17898=DIRECTION('',(0.0407756822,0.0168897926,0.9990255646));
#17899=AXIS2_PLACEMENT_3D('',#17896,#17897,#17898);
#17900=PLANE('',#17899);
#17901=ADVANCED_FACE('no 17197',(#17895),#17900,.F.);
#17902=CARTESIAN_POINT('',(0.151896,0.0854696,0.0));
#17903=VERTEX_POINT('',#17902);
#17904=CARTESIAN_POINT('',(0.151896,0.0854696,0.0));
#17905=DIRECTION('',(0.0,0.0,1.0));
#17906=VECTOR('',#17905,1.0);
#17907=LINE('',#17904,#17906);
#17908=EDGE_CURVE('no 15961',#17903,#17750,#17907,.T.);
#17909=ORIENTED_EDGE('no 15964',*,*,#17908,.F.);
#17910=CARTESIAN_POINT('',(0.151896,0.0854696,0.0));
#17911=DIRECTION('',(0.7933477047,-0.6087687734,0.0));
#17912=VECTOR('',#17911,1.0);
#17913=LINE('',#17910,#17912);
#17914=EDGE_CURVE('no 14619',#17903,#17600,#17913,.T.);
#17915=ORIENTED_EDGE('no 15963',*,*,#17914,.T.);
#17916=ORIENTED_EDGE('no 15962',*,*,#17761,.F.);
#17917=EDGE_LOOP('',(#17909,#17915,#17916));
#17918=FACE_OUTER_BOUND('',#17917,.T.);
#17919=CARTESIAN_POINT('',(0.151896,0.0854696,0.013));
#17920=DIRECTION('',(0.6087687738,0.7933477044,-0.0000000112));
#17921=DIRECTION('',(0.035014485,-0.0268680885,-0.9990255711));
#17922=AXIS2_PLACEMENT_3D('',#17919,#17920,#17921);
#17923=PLANE('',#17922);
#17924=ADVANCED_FACE('no 15972',(#17918),#17923,.F.);
#17925=CARTESIAN_POINT('',(0.151546,0.0859253,0.013));
#17926=VERTEX_POINT('',#17925);
#17927=CARTESIAN_POINT('',(0.151326,0.0864559,0.013));
#17928=DIRECTION('',(0.3830077761,-0.9237451182,0.0));
#17929=VECTOR('',#17928,1.0);
#17930=LINE('',#17927,#17929);
#17931=EDGE_CURVE('no 10952',#17623,#17926,#17930,.T.);
#17932=ORIENTED_EDGE('no 10955',*,*,#17931,.F.);
#17933=ORIENTED_EDGE('no 10954',*,*,#17783,.F.);
#17934=CARTESIAN_POINT('',(0.151326,0.0864559,0.0));
#17935=DIRECTION('',(0.0168894931,-0.0407750834,0.9990255941));
#17936=VECTOR('',#17935,1.0);
#17937=LINE('',#17934,#17936);
#17938=EDGE_CURVE('no 10911',#17772,#17926,#17937,.T.);
#17939=ORIENTED_EDGE('no 10953',*,*,#17938,.T.);
#17940=EDGE_LOOP('',(#17932,#17933,#17939));
#17941=FACE_OUTER_BOUND('',#17940,.T.);
#17942=CARTESIAN_POINT('',(0.151546,0.0859253,0.013));
#17943=DIRECTION('',(0.9238806068,0.3826808387,-0.0000000321));
#17944=DIRECTION('',(-0.0168894931,0.0407750834,-0.9990255941));
#17945=AXIS2_PLACEMENT_3D('',#17942,#17943,#17944);
#17946=PLANE('',#17945);
#17947=ADVANCED_FACE('no 10963',(#17941),#17946,.F.);
#17948=ORIENTED_EDGE('no 14460',*,*,#17777,.T.);
#17949=ORIENTED_EDGE('no 14459',*,*,#17800,.T.);
#17950=CARTESIAN_POINT('',(0.151326,0.0864559,0.0));
#17951=DIRECTION('',(-0.0009348048,-0.9999995631,0.0));
#17952=VECTOR('',#17951,1.0);
#17953=LINE('',#17950,#17952);
#17954=EDGE_CURVE('no 14457',#17772,#17795,#17953,.T.);
#17955=ORIENTED_EDGE('no 14458',*,*,#17954,.F.);
#17956=EDGE_LOOP('',(#17948,#17949,#17955));
#17957=FACE_OUTER_BOUND('',#17956,.T.);
#17958=CARTESIAN_POINT('',(0.151326,0.0864559,0.0));
#17959=DIRECTION('',(-0.0,0.0,-1.0));
#17960=DIRECTION('',(-0.0009344026,-0.9999995634,0.0));
#17961=AXIS2_PLACEMENT_3D('',#17958,#17959,#17960);
#17962=PLANE('',#17961);
#17963=ADVANCED_FACE('no 14468',(#17957),#17962,.F.);
#17964=CARTESIAN_POINT('',(0.151326,0.00565588,0.0));
#17965=VERTEX_POINT('',#17964);
#17966=CARTESIAN_POINT('',(0.151251,0.00622528,0.0));
#17967=DIRECTION('',(0.1305896347,-0.9914365069,0.0));
#17968=VECTOR('',#17967,1.0);
#17969=LINE('',#17966,#17968);
#17970=EDGE_CURVE('no 14198',#17795,#17965,#17969,.T.);
#17971=ORIENTED_EDGE('no 14201',*,*,#17970,.F.);
#17972=ORIENTED_EDGE('no 14200',*,*,#17807,.F.);
#17973=CARTESIAN_POINT('',(0.148451,0.0112253,0.0));
#17974=VERTEX_POINT('',#17973);
#17975=CARTESIAN_POINT('',(0.148451,0.0112253,0.0));
#17976=DIRECTION('',(0.4586980923,-0.8885921788,0.0));
#17977=VECTOR('',#17976,1.0);
#17978=LINE('',#17975,#17977);
#17979=EDGE_CURVE('no 14163',#17974,#17965,#17978,.T.);
#17980=ORIENTED_EDGE('no 14199',*,*,#17979,.T.);
#17981=EDGE_LOOP('',(#17971,#17972,#17980));
#17982=FACE_OUTER_BOUND('',#17981,.T.);
#17983=CARTESIAN_POINT('',(0.151326,0.00565588,0.0));
#17984=DIRECTION('',(0.0,0.0,-1.0));
#17985=DIRECTION('',(-0.4586980923,0.8885921788,0.0));
#17986=AXIS2_PLACEMENT_3D('',#17983,#17984,#17985);
#17987=PLANE('',#17986);
#17988=ADVANCED_FACE('no 14209',(#17982),#17987,.F.);
#17989=ORIENTED_EDGE('no 14141',*,*,#17824,.F.);
#17990=CARTESIAN_POINT('',(0.0506514,0.0112253,0.0));
#17991=DIRECTION('',(1.0,0.0,0.0));
#17992=VECTOR('',#17991,1.0);
#17993=LINE('',#17990,#17992);
#17994=EDGE_CURVE('no 14134',#17670,#17974,#17993,.T.);
#17995=ORIENTED_EDGE('no 14142',*,*,#17994,.T.);
#17996=CARTESIAN_POINT('',(0.148451,0.0112253,0.0));
#17997=DIRECTION('',(0.4524391423,-0.8917952806,0.0));
#17998=VECTOR('',#17997,1.0);
#17999=LINE('',#17996,#17998);
#18000=EDGE_CURVE('no 14140',#17974,#17819,#17999,.T.);
#18001=ORIENTED_EDGE('no 14143',*,*,#18000,.T.);
#18002=EDGE_LOOP('',(#17989,#17995,#18001));
#18003=FACE_OUTER_BOUND('',#18002,.T.);
#18004=CARTESIAN_POINT('',(0.151546,0.00512528,0.0));
#18005=DIRECTION('',(0.0,0.0,-1.0));
#18006=DIRECTION('',(-0.9981773489,0.0603488211,0.0));
#18007=AXIS2_PLACEMENT_3D('',#18004,#18005,#18006);
#18008=PLANE('',#18007);
#18009=ADVANCED_FACE('no 14151',(#18003),#18008,.T.);
#18010=CARTESIAN_POINT('',(0.151546,0.00512528,0.0));
#18011=DIRECTION('',(0.0268968209,-0.03501505,0.9990247781));
#18012=VECTOR('',#18011,1.0);
#18013=LINE('',#18010,#18012);
#18014=EDGE_CURVE('no 18733',#17819,#17694,#18013,.T.);
#18015=ORIENTED_EDGE('no 18734',*,*,#18014,.T.);
#18016=ORIENTED_EDGE('no 18735',*,*,#17846,.F.);
#18017=ORIENTED_EDGE('no 18736',*,*,#17830,.F.);
#18018=EDGE_LOOP('',(#18015,#18016,#18017));
#18019=FACE_OUTER_BOUND('',#18018,.T.);
#18020=CARTESIAN_POINT('',(0.151546,0.00512528,0.0));
#18021=DIRECTION('',(0.7933490416,0.6087670312,0.0000000136));
#18022=DIRECTION('',(0.0268680883,-0.0350146847,0.9990255641));
#18023=AXIS2_PLACEMENT_3D('',#18020,#18021,#18022);
#18024=PLANE('',#18023);
#18025=ADVANCED_FACE('no 18744',(#18019),#18024,.T.);
#18026=ORIENTED_EDGE('no 14628',*,*,#17869,.F.);
#18027=ORIENTED_EDGE('no 14627',*,*,#17914,.F.);
#18028=CARTESIAN_POINT('',(0.151896,0.0854696,0.0));
#18029=DIRECTION('',(0.0,-1.0,0.0));
#18030=VECTOR('',#18029,1.0);
#18031=LINE('',#18028,#18030);
#18032=EDGE_CURVE('no 14590',#17903,#17857,#18031,.T.);
#18033=ORIENTED_EDGE('no 14626',*,*,#18032,.T.);
#18034=EDGE_LOOP('',(#18026,#18027,#18033));
#18035=FACE_OUTER_BOUND('',#18034,.T.);
#18036=CARTESIAN_POINT('',(0.151896,0.00778091,0.0));
#18037=DIRECTION('',(0.0,0.0,-1.0));
#18038=DIRECTION('',(0.0,1.0,0.0));
#18039=AXIS2_PLACEMENT_3D('',#18036,#18037,#18038);
#18040=PLANE('',#18039);
#18041=ADVANCED_FACE('no 14636',(#18035),#18040,.F.);
#18042=ORIENTED_EDGE('no 16906',*,*,#17885,.F.);
#18043=ORIENTED_EDGE('no 16905',*,*,#17862,.T.);
#18044=CARTESIAN_POINT('',(0.152351,0.00813054,0.013));
#18045=DIRECTION('',(-0.0349659541,-0.0268684539,-0.999027261));
#18046=VECTOR('',#18045,1.0);
#18047=LINE('',#18044,#18046);
#18048=EDGE_CURVE('no 16897',#17880,#17857,#18047,.T.);
#18049=ORIENTED_EDGE('no 16904',*,*,#18048,.F.);
#18050=EDGE_LOOP('',(#18042,#18043,#18049));
#18051=FACE_OUTER_BOUND('',#18050,.T.);
#18052=CARTESIAN_POINT('',(0.152351,0.00813054,0.013));
#18053=DIRECTION('',(0.6087630655,-0.7933520846,0.0000000115));
#18054=DIRECTION('',(-0.0350144853,-0.0268676888,-0.9990255818));
#18055=AXIS2_PLACEMENT_3D('',#18052,#18053,#18054);
#18056=PLANE('',#18055);
#18057=ADVANCED_FACE('no 16914',(#18051),#18056,.F.);
#18058=CARTESIAN_POINT('',(0.151546,0.0859253,0.0));
#18059=VERTEX_POINT('',#18058);
#18060=CARTESIAN_POINT('',(0.151546,0.0859253,0.0));
#18061=DIRECTION('',(0.6087687734,-0.7933477047,0.0));
#18062=VECTOR('',#18061,1.0);
#18063=LINE('',#18060,#18062);
#18064=EDGE_CURVE('no 14561',#18059,#17903,#18063,.T.);
#18065=ORIENTED_EDGE('no 16010',*,*,#18064,.T.);
#18066=ORIENTED_EDGE('no 16009',*,*,#17908,.T.);
#18067=CARTESIAN_POINT('',(0.151546,0.0859253,0.0));
#18068=DIRECTION('',(0.0268968166,-0.0350196552,0.9990246168));
#18069=VECTOR('',#18068,1.0);
#18070=LINE('',#18067,#18069);
#18071=EDGE_CURVE('no 16007',#18059,#17750,#18070,.T.);
#18072=ORIENTED_EDGE('no 16008',*,*,#18071,.F.);
#18073=EDGE_LOOP('',(#18065,#18066,#18072));
#18074=FACE_OUTER_BOUND('',#18073,.T.);
#18075=CARTESIAN_POINT('',(0.151546,0.0859253,0.0));
#18076=DIRECTION('',(0.7933477044,0.6087687738,-0.0000000112));
#18077=DIRECTION('',(0.0268680885,-0.035014485,0.9990255711));
#18078=AXIS2_PLACEMENT_3D('',#18075,#18076,#18077);
#18079=PLANE('',#18078);
#18080=ADVANCED_FACE('no 16018',(#18074),#18079,.F.);
#18081=CARTESIAN_POINT('',(0.151546,0.0859253,0.0));
#18082=DIRECTION('',(-0.3830077761,0.9237451182,0.0));
#18083=VECTOR('',#18082,1.0);
#18084=LINE('',#18081,#18083);
#18085=EDGE_CURVE('no 10923',#18059,#17772,#18084,.T.);
#18086=ORIENTED_EDGE('no 10926',*,*,#18085,.F.);
#18087=CARTESIAN_POINT('',(0.151546,0.0859253,0.013));
#18088=DIRECTION('',(0.0,0.0,-1.0));
#18089=VECTOR('',#18088,1.0);
#18090=LINE('',#18087,#18089);
#18091=EDGE_CURVE('no 10917',#17926,#18059,#18090,.T.);
#18092=ORIENTED_EDGE('no 10925',*,*,#18091,.F.);
#18093=ORIENTED_EDGE('no 10924',*,*,#17938,.F.);
#18094=EDGE_LOOP('',(#18086,#18092,#18093));
#18095=FACE_OUTER_BOUND('',#18094,.T.);
#18096=CARTESIAN_POINT('',(0.151326,0.0864559,0.0));
#18097=DIRECTION('',(0.9238806068,0.3826808387,-0.0000000321));
#18098=DIRECTION('',(0.0168894931,-0.0407750834,0.9990255941));
#18099=AXIS2_PLACEMENT_3D('',#18096,#18097,#18098);
#18100=PLANE('',#18099);
#18101=ADVANCED_FACE('no 10934',(#18095),#18100,.F.);
#18102=CARTESIAN_POINT('',(0.151326,0.00679468,0.0));
#18103=VERTEX_POINT('',#18102);
#18104=CARTESIAN_POINT('',(0.151326,0.00679468,0.0));
#18105=DIRECTION('',(-0.1305896347,-0.9914365069,0.0));
#18106=VECTOR('',#18105,1.0);
#18107=LINE('',#18104,#18106);
#18108=EDGE_CURVE('no 14486',#18103,#17795,#18107,.T.);
#18109=ORIENTED_EDGE('no 14489',*,*,#18108,.F.);
#18110=CARTESIAN_POINT('',(0.151326,0.0864559,0.0));
#18111=DIRECTION('',(0.0,-1.0,0.0));
#18112=VECTOR('',#18111,1.0);
#18113=LINE('',#18110,#18112);
#18114=EDGE_CURVE('no 14480',#17772,#18103,#18113,.T.);
#18115=ORIENTED_EDGE('no 14488',*,*,#18114,.F.);
#18116=ORIENTED_EDGE('no 14487',*,*,#17954,.T.);
#18117=EDGE_LOOP('',(#18109,#18115,#18116));
#18118=FACE_OUTER_BOUND('',#18117,.T.);
#18119=CARTESIAN_POINT('',(0.151251,0.00622528,0.0));
#18120=DIRECTION('',(0.0,0.0,-1.0));
#18121=DIRECTION('',(0.0009344026,0.9999995634,0.0));
#18122=AXIS2_PLACEMENT_3D('',#18119,#18120,#18121);
#18123=PLANE('',#18122);
#18124=ADVANCED_FACE('no 14497',(#18118),#18123,.F.);
#18125=CARTESIAN_POINT('',(0.151326,0.00565588,0.0));
#18126=DIRECTION('',(0.3830077761,-0.9237451182,0.0));
#18127=VECTOR('',#18126,1.0);
#18128=LINE('',#18125,#18127);
#18129=EDGE_CURVE('no 14169',#17965,#17819,#18128,.T.);
#18130=ORIENTED_EDGE('no 14172',*,*,#18129,.F.);
#18131=ORIENTED_EDGE('no 14171',*,*,#17979,.F.);
#18132=ORIENTED_EDGE('no 14170',*,*,#18000,.T.);
#18133=EDGE_LOOP('',(#18130,#18131,#18132));
#18134=FACE_OUTER_BOUND('',#18133,.T.);
#18135=CARTESIAN_POINT('',(0.151546,0.00512528,0.0));
#18136=DIRECTION('',(0.0,0.0,-1.0));
#18137=DIRECTION('',(-0.4524391423,0.8917952806,0.0));
#18138=AXIS2_PLACEMENT_3D('',#18135,#18136,#18137);
#18139=PLANE('',#18138);
#18140=ADVANCED_FACE('no 14180',(#18134),#18139,.F.);
#18141=ORIENTED_EDGE('no 17593',*,*,#17970,.T.);
#18142=CARTESIAN_POINT('',(0.151326,0.00565588,0.013));
#18143=VERTEX_POINT('',#18142);
#18144=CARTESIAN_POINT('',(0.151326,0.00565588,0.0));
#18145=DIRECTION('',(0.0,0.0,1.0));
#18146=VECTOR('',#18145,1.0);
#18147=LINE('',#18144,#18146);
#18148=EDGE_CURVE('no 17561',#17965,#18143,#18147,.T.);
#18149=ORIENTED_EDGE('no 17592',*,*,#18148,.T.);
#18150=CARTESIAN_POINT('',(0.151251,0.00622528,0.0));
#18151=DIRECTION('',(0.005763609,-0.0437573197,0.9990255641));
#18152=VECTOR('',#18151,1.0);
#18153=LINE('',#18150,#18152);
#18154=EDGE_CURVE('no 17590',#17795,#18143,#18153,.T.);
#18155=ORIENTED_EDGE('no 17591',*,*,#18154,.F.);
#18156=EDGE_LOOP('',(#18141,#18149,#18155));
#18157=FACE_OUTER_BOUND('',#18156,.T.);
#18158=CARTESIAN_POINT('',(0.151251,0.00622528,0.0));
#18159=DIRECTION('',(0.9914438363,0.1305339783,0.0000000037));
#18160=DIRECTION('',(0.0057611275,-0.0437574812,0.9990255714));
#18161=AXIS2_PLACEMENT_3D('',#18158,#18159,#18160);
#18162=PLANE('',#18161);
#18163=ADVANCED_FACE('no 17601',(#18157),#18162,.F.);
#18164=ORIENTED_EDGE('no 18757',*,*,#18014,.F.);
#18165=CARTESIAN_POINT('',(0.151546,0.00512528,0.013));
#18166=VERTEX_POINT('',#18165);
#18167=CARTESIAN_POINT('',(0.151546,0.00512528,0.013));
#18168=DIRECTION('',(0.0,0.0,-1.0));
#18169=VECTOR('',#18168,1.0);
#18170=LINE('',#18167,#18169);
#18171=EDGE_CURVE('no 17538',#18166,#17819,#18170,.T.);
#18172=ORIENTED_EDGE('no 18758',*,*,#18171,.F.);
#18173=CARTESIAN_POINT('',(0.151546,0.00512528,0.013));
#18174=DIRECTION('',(0.609172297,-0.7930379011,0.0));
#18175=VECTOR('',#18174,1.0);
#18176=LINE('',#18173,#18175);
#18177=EDGE_CURVE('no 18756',#18166,#17694,#18176,.T.);
#18178=ORIENTED_EDGE('no 18759',*,*,#18177,.T.);
#18179=EDGE_LOOP('',(#18164,#18172,#18178));
#18180=FACE_OUTER_BOUND('',#18179,.T.);
#18181=CARTESIAN_POINT('',(0.151896,0.00466964,0.013));
#18182=DIRECTION('',(0.7933490416,0.6087670312,0.0000000136));
#18183=DIRECTION('',(-0.0268680883,0.0350146847,-0.9990255641));
#18184=AXIS2_PLACEMENT_3D('',#18181,#18182,#18183);
#18185=PLANE('',#18184);
#18186=ADVANCED_FACE('no 18767',(#18180),#18185,.T.);
#18187=CARTESIAN_POINT('',(0.151546,0.00732528,0.0));
#18188=VERTEX_POINT('',#18187);
#18189=CARTESIAN_POINT('',(0.151896,0.00778091,0.0));
#18190=DIRECTION('',(-0.6091807053,-0.7930314422,0.0));
#18191=VECTOR('',#18190,1.0);
#18192=LINE('',#18189,#18191);
#18193=EDGE_CURVE('no 14596',#17857,#18188,#18192,.T.);
#18194=ORIENTED_EDGE('no 14599',*,*,#18193,.F.);
#18195=ORIENTED_EDGE('no 14598',*,*,#18032,.F.);
#18196=CARTESIAN_POINT('',(0.151896,0.0854696,0.0));
#18197=DIRECTION('',(-0.00447406,-0.9999899913,0.0));
#18198=VECTOR('',#18197,1.0);
#18199=LINE('',#18196,#18198);
#18200=EDGE_CURVE('no 14567',#17903,#18188,#18199,.T.);
#18201=ORIENTED_EDGE('no 14597',*,*,#18200,.T.);
#18202=EDGE_LOOP('',(#18194,#18195,#18201));
#18203=FACE_OUTER_BOUND('',#18202,.T.);
#18204=CARTESIAN_POINT('',(0.151546,0.00732528,0.0));
#18205=DIRECTION('',(0.0,0.0,-1.0));
#18206=DIRECTION('',(0.00447406,0.9999899913,0.0));
#18207=AXIS2_PLACEMENT_3D('',#18204,#18205,#18206);
#18208=PLANE('',#18207);
#18209=ADVANCED_FACE('no 14607',(#18203),#18208,.F.);
#18210=CARTESIAN_POINT('',(0.151896,0.00778091,0.013));
#18211=DIRECTION('',(0.0,0.0,-1.0));
#18212=VECTOR('',#18211,1.0);
#18213=LINE('',#18210,#18212);
#18214=EDGE_CURVE('no 16932',#15451,#17857,#18213,.T.);
#18215=ORIENTED_EDGE('no 16935',*,*,#18214,.F.);
#18216=CARTESIAN_POINT('',(0.152351,0.00813054,0.013));
#18217=DIRECTION('',(-0.7929355012,-0.6093055809,0.0));
#18218=VECTOR('',#18217,1.0);
#18219=LINE('',#18216,#18218);
#18220=EDGE_CURVE('no 16926',#17880,#15451,#18219,.T.);
#18221=ORIENTED_EDGE('no 16934',*,*,#18220,.F.);
#18222=ORIENTED_EDGE('no 16933',*,*,#18048,.T.);
#18223=EDGE_LOOP('',(#18215,#18221,#18222));
#18224=FACE_OUTER_BOUND('',#18223,.T.);
#18225=CARTESIAN_POINT('',(0.151896,0.00778091,0.0));
#18226=DIRECTION('',(0.6087630655,-0.7933520846,0.0000000115));
#18227=DIRECTION('',(0.0350144853,0.0268676888,0.9990255818));
#18228=AXIS2_PLACEMENT_3D('',#18225,#18226,#18227);
#18229=PLANE('',#18228);
#18230=ADVANCED_FACE('no 16943',(#18224),#18229,.F.);
#18231=CARTESIAN_POINT('',(0.151546,0.0859253,0.013));
#18232=DIRECTION('',(0.6091218503,-0.7930766492,0.0));
#18233=VECTOR('',#18232,1.0);
#18234=LINE('',#18231,#18233);
#18235=EDGE_CURVE('no 16030',#17926,#17750,#18234,.T.);
#18236=ORIENTED_EDGE('no 16033',*,*,#18235,.F.);
#18237=ORIENTED_EDGE('no 16032',*,*,#18091,.T.);
#18238=ORIENTED_EDGE('no 16031',*,*,#18071,.T.);
#18239=EDGE_LOOP('',(#18236,#18237,#18238));
#18240=FACE_OUTER_BOUND('',#18239,.T.);
#18241=CARTESIAN_POINT('',(0.151896,0.0854696,0.013));
#18242=DIRECTION('',(0.7933477044,0.6087687738,-0.0000000112));
#18243=DIRECTION('',(-0.0268680885,0.035014485,-0.9990255711));
#18244=AXIS2_PLACEMENT_3D('',#18241,#18242,#18243);
#18245=PLANE('',#18244);
#18246=ADVANCED_FACE('no 16041',(#18240),#18245,.F.);
#18247=ORIENTED_EDGE('no 14570',*,*,#18200,.F.);
#18248=ORIENTED_EDGE('no 14569',*,*,#18064,.F.);
#18249=CARTESIAN_POINT('',(0.151546,0.0859253,0.0));
#18250=DIRECTION('',(0.0,-1.0,0.0));
#18251=VECTOR('',#18250,1.0);
#18252=LINE('',#18249,#18251);
#18253=EDGE_CURVE('no 14532',#18059,#18188,#18252,.T.);
#18254=ORIENTED_EDGE('no 14568',*,*,#18253,.T.);
#18255=EDGE_LOOP('',(#18247,#18248,#18254));
#18256=FACE_OUTER_BOUND('',#18255,.T.);
#18257=CARTESIAN_POINT('',(0.151546,0.00732528,0.0));
#18258=DIRECTION('',(0.0,0.0,-1.0));
#18259=DIRECTION('',(0.0,1.0,0.0));
#18260=AXIS2_PLACEMENT_3D('',#18257,#18258,#18259);
#18261=PLANE('',#18260);
#18262=ADVANCED_FACE('no 14578',(#18256),#18261,.F.);
#18263=CARTESIAN_POINT('',(0.151546,0.0859253,0.0));
#18264=DIRECTION('',(-0.0027802025,-0.9999961352,0.0));
#18265=VECTOR('',#18264,1.0);
#18266=LINE('',#18263,#18265);
#18267=EDGE_CURVE('no 14509',#18059,#18103,#18266,.T.);
#18268=ORIENTED_EDGE('no 14512',*,*,#18267,.F.);
#18269=ORIENTED_EDGE('no 14511',*,*,#18085,.T.);
#18270=ORIENTED_EDGE('no 14510',*,*,#18114,.T.);
#18271=EDGE_LOOP('',(#18268,#18269,#18270));
#18272=FACE_OUTER_BOUND('',#18271,.T.);
#18273=CARTESIAN_POINT('',(0.151326,0.00679468,0.0));
#18274=DIRECTION('',(0.0,0.0,-1.0));
#18275=DIRECTION('',(0.0,1.0,0.0));
#18276=AXIS2_PLACEMENT_3D('',#18273,#18274,#18275);
#18277=PLANE('',#18276);
#18278=ADVANCED_FACE('no 14520',(#18272),#18277,.F.);
#18279=ORIENTED_EDGE('no 17645',*,*,#18108,.T.);
#18280=CARTESIAN_POINT('',(0.151251,0.00622528,0.013));
#18281=VERTEX_POINT('',#18280);
#18282=CARTESIAN_POINT('',(0.151251,0.00622528,0.0));
#18283=DIRECTION('',(0.0,0.0,1.0));
#18284=VECTOR('',#18283,1.0);
#18285=LINE('',#18282,#18284);
#18286=EDGE_CURVE('no 17613',#17795,#18281,#18285,.T.);
#18287=ORIENTED_EDGE('no 17644',*,*,#18286,.T.);
#18288=CARTESIAN_POINT('',(0.151326,0.00679468,0.0));
#18289=DIRECTION('',(-0.005763609,-0.0437573197,0.9990255641));
#18290=VECTOR('',#18289,1.0);
#18291=LINE('',#18288,#18290);
#18292=EDGE_CURVE('no 17642',#18103,#18281,#18291,.T.);
#18293=ORIENTED_EDGE('no 17643',*,*,#18292,.F.);
#18294=EDGE_LOOP('',(#18279,#18287,#18293));
#18295=FACE_OUTER_BOUND('',#18294,.T.);
#18296=CARTESIAN_POINT('',(0.151326,0.00679468,0.0));
#18297=DIRECTION('',(0.9914438363,-0.1305339783,-0.0000000037));
#18298=DIRECTION('',(-0.0057611275,-0.0437574812,0.9990255714));
#18299=AXIS2_PLACEMENT_3D('',#18296,#18297,#18298);
#18300=PLANE('',#18299);
#18301=ADVANCED_FACE('no 17653',(#18295),#18300,.F.);
#18302=ORIENTED_EDGE('no 17541',*,*,#18129,.T.);
#18303=ORIENTED_EDGE('no 17540',*,*,#18171,.F.);
#18304=CARTESIAN_POINT('',(0.151326,0.00565588,0.0));
#18305=DIRECTION('',(0.0169065817,-0.0407756012,0.9990252839));
#18306=VECTOR('',#18305,1.0);
#18307=LINE('',#18304,#18306);
#18308=EDGE_CURVE('no 17532',#17965,#18166,#18307,.T.);
#18309=ORIENTED_EDGE('no 17539',*,*,#18308,.F.);
#18310=EDGE_LOOP('',(#18302,#18303,#18309));
#18311=FACE_OUTER_BOUND('',#18310,.T.);
#18312=CARTESIAN_POINT('',(0.151326,0.00565588,0.0));
#18313=DIRECTION('',(0.9238818142,0.3826779239,-0.0000000182));
#18314=DIRECTION('',(0.0168894929,-0.0407754828,0.9990255778));
#18315=AXIS2_PLACEMENT_3D('',#18312,#18313,#18314);
#18316=PLANE('',#18315);
#18317=ADVANCED_FACE('no 17549',(#18311),#18316,.F.);
#18318=CARTESIAN_POINT('',(0.151251,0.00622528,0.013));
#18319=DIRECTION('',(0.1305896347,-0.9914365069,0.0));
#18320=VECTOR('',#18319,1.0);
#18321=LINE('',#18318,#18320);
#18322=EDGE_CURVE('no 17619',#18281,#18143,#18321,.T.);
#18323=ORIENTED_EDGE('no 17622',*,*,#18322,.F.);
#18324=ORIENTED_EDGE('no 17621',*,*,#18286,.F.);
#18325=ORIENTED_EDGE('no 17620',*,*,#18154,.T.);
#18326=EDGE_LOOP('',(#18323,#18324,#18325));
#18327=FACE_OUTER_BOUND('',#18326,.T.);
#18328=CARTESIAN_POINT('',(0.151326,0.00565588,0.013));
#18329=DIRECTION('',(0.9914438363,0.1305339783,0.0000000037));
#18330=DIRECTION('',(-0.0057611275,0.0437574812,-0.9990255714));
#18331=AXIS2_PLACEMENT_3D('',#18328,#18329,#18330);
#18332=PLANE('',#18331);
#18333=ADVANCED_FACE('no 17630',(#18327),#18332,.F.);
#18334=CARTESIAN_POINT('',(0.151326,0.00565588,0.013));
#18335=DIRECTION('',(0.3830077761,-0.9237451182,0.0));
#18336=VECTOR('',#18335,1.0);
#18337=LINE('',#18334,#18336);
#18338=EDGE_CURVE('no 17567',#18143,#18166,#18337,.T.);
#18339=ORIENTED_EDGE('no 17570',*,*,#18338,.F.);
#18340=ORIENTED_EDGE('no 17569',*,*,#18148,.F.);
#18341=ORIENTED_EDGE('no 17568',*,*,#18308,.T.);
#18342=EDGE_LOOP('',(#18339,#18340,#18341));
#18343=FACE_OUTER_BOUND('',#18342,.T.);
#18344=CARTESIAN_POINT('',(0.151546,0.00512528,0.013));
#18345=DIRECTION('',(0.9238818142,0.3826779239,-0.0000000182));
#18346=DIRECTION('',(-0.0168894929,0.0407754828,-0.9990255778));
#18347=AXIS2_PLACEMENT_3D('',#18344,#18345,#18346);
#18348=PLANE('',#18347);
#18349=ADVANCED_FACE('no 17578',(#18343),#18348,.F.);
#18350=ORIENTED_EDGE('no 18199',*,*,#18193,.T.);
#18351=CARTESIAN_POINT('',(0.151546,0.00732528,0.013));
#18352=VERTEX_POINT('',#18351);
#18353=CARTESIAN_POINT('',(0.151546,0.00732528,0.0));
#18354=DIRECTION('',(0.0,0.0,1.0));
#18355=VECTOR('',#18354,1.0);
#18356=LINE('',#18353,#18355);
#18357=EDGE_CURVE('no 18167',#18188,#18352,#18356,.T.);
#18358=ORIENTED_EDGE('no 18198',*,*,#18357,.T.);
#18359=CARTESIAN_POINT('',(0.151896,0.00778091,0.0));
#18360=DIRECTION('',(-0.0268968217,-0.0350142825,0.999024805));
#18361=VECTOR('',#18360,1.0);
#18362=LINE('',#18359,#18361);
#18363=EDGE_CURVE('no 18196',#17857,#18352,#18362,.T.);
#18364=ORIENTED_EDGE('no 18197',*,*,#18363,.F.);
#18365=EDGE_LOOP('',(#18350,#18358,#18364));
#18366=FACE_OUTER_BOUND('',#18365,.T.);
#18367=CARTESIAN_POINT('',(0.151896,0.00778091,0.0));
#18368=DIRECTION('',(0.7933490416,-0.6087670312,-0.0000000136));
#18369=DIRECTION('',(-0.0268680883,-0.0350146847,0.9990255641));
#18370=AXIS2_PLACEMENT_3D('',#18367,#18368,#18369);
#18371=PLANE('',#18370);
#18372=ADVANCED_FACE('no 18207',(#18366),#18371,.F.);
#18373=CARTESIAN_POINT('',(0.152152,0.00797764,0.013));
#18374=VERTEX_POINT('',#18373);
#18375=CARTESIAN_POINT('',(0.152152,0.00797764,0.013));
#18376=DIRECTION('',(-0.7929129061,-0.6093349845,0.0));
#18377=VECTOR('',#18376,1.0);
#18378=LINE('',#18375,#18377);
#18379=EDGE_CURVE('no 16955',#18374,#15451,#18378,.T.);
#18380=ORIENTED_EDGE('no 16958',*,*,#18379,.F.);
#18381=CARTESIAN_POINT('',(0.152152,0.00797764,0.013));
#18382=DIRECTION('',(0.7933681563,0.6087421199,0.0));
#18383=VECTOR('',#18382,1.0);
#18384=LINE('',#18381,#18383);
#18385=EDGE_CURVE('no 9816',#18374,#17880,#18384,.T.);
#18386=ORIENTED_EDGE('no 16957',*,*,#18385,.T.);
#18387=ORIENTED_EDGE('no 16956',*,*,#18220,.T.);
#18388=EDGE_LOOP('',(#18380,#18386,#18387));
#18389=FACE_OUTER_BOUND('',#18388,.T.);
#18390=CARTESIAN_POINT('',(0.151896,0.00778091,0.013));
#18391=DIRECTION('',(0.0,-0.0,1.0));
#18392=DIRECTION('',(0.7933520849,0.6087630651,0.0));
#18393=AXIS2_PLACEMENT_3D('',#18390,#18391,#18392);
#18394=PLANE('',#18393);
#18395=ADVANCED_FACE('no 16966',(#18389),#18394,.T.);
#18396=CARTESIAN_POINT('',(0.151896,0.00778091,0.013));
#18397=DIRECTION('',(-0.6091807053,-0.7930314422,0.0));
#18398=VECTOR('',#18397,1.0);
#18399=LINE('',#18396,#18398);
#18400=EDGE_CURVE('no 18219',#15451,#18352,#18399,.T.);
#18401=ORIENTED_EDGE('no 18222',*,*,#18400,.F.);
#18402=ORIENTED_EDGE('no 18221',*,*,#18214,.T.);
#18403=ORIENTED_EDGE('no 18220',*,*,#18363,.T.);
#18404=EDGE_LOOP('',(#18401,#18402,#18403));
#18405=FACE_OUTER_BOUND('',#18404,.T.);
#18406=CARTESIAN_POINT('',(0.151546,0.00732528,0.013));
#18407=DIRECTION('',(0.7933490416,-0.6087670312,-0.0000000136));
#18408=DIRECTION('',(0.0268680883,0.0350146847,-0.9990255641));
#18409=AXIS2_PLACEMENT_3D('',#18406,#18407,#18408);
#18410=PLANE('',#18409);
#18411=ADVANCED_FACE('no 18230',(#18405),#18410,.F.);
#18412=CARTESIAN_POINT('',(0.151546,0.00732528,0.0));
#18413=DIRECTION('',(-0.3830077761,-0.9237451182,0.0));
#18414=VECTOR('',#18413,1.0);
#18415=LINE('',#18412,#18414);
#18416=EDGE_CURVE('no 14538',#18188,#18103,#18415,.T.);
#18417=ORIENTED_EDGE('no 14541',*,*,#18416,.F.);
#18418=ORIENTED_EDGE('no 14540',*,*,#18253,.F.);
#18419=ORIENTED_EDGE('no 14539',*,*,#18267,.T.);
#18420=EDGE_LOOP('',(#18417,#18418,#18419));
#18421=FACE_OUTER_BOUND('',#18420,.T.);
#18422=CARTESIAN_POINT('',(0.151326,0.00679468,0.0));
#18423=DIRECTION('',(0.0,0.0,-1.0));
#18424=DIRECTION('',(0.0027773904,0.999996143,0.0));
#18425=AXIS2_PLACEMENT_3D('',#18422,#18423,#18424);
#18426=PLANE('',#18425);
#18427=ADVANCED_FACE('no 14549',(#18421),#18426,.F.);
#18428=CARTESIAN_POINT('',(0.151326,0.00679468,0.013));
#18429=VERTEX_POINT('',#18428);
#18430=CARTESIAN_POINT('',(0.151326,0.00679468,0.013));
#18431=DIRECTION('',(-0.1305896347,-0.9914365069,0.0));
#18432=VECTOR('',#18431,1.0);
#18433=LINE('',#18430,#18432);
#18434=EDGE_CURVE('no 17671',#18429,#18281,#18433,.T.);
#18435=ORIENTED_EDGE('no 17674',*,*,#18434,.F.);
#18436=CARTESIAN_POINT('',(0.151326,0.00679468,0.0));
#18437=DIRECTION('',(0.0,0.0,1.0));
#18438=VECTOR('',#18437,1.0);
#18439=LINE('',#18436,#18438);
#18440=EDGE_CURVE('no 17665',#18103,#18429,#18439,.T.);
#18441=ORIENTED_EDGE('no 17673',*,*,#18440,.F.);
#18442=ORIENTED_EDGE('no 17672',*,*,#18292,.T.);
#18443=EDGE_LOOP('',(#18435,#18441,#18442));
#18444=FACE_OUTER_BOUND('',#18443,.T.);
#18445=CARTESIAN_POINT('',(0.151251,0.00622528,0.013));
#18446=DIRECTION('',(0.9914438363,-0.1305339783,-0.0000000037));
#18447=DIRECTION('',(0.0057611275,0.0437574812,-0.9990255714));
#18448=AXIS2_PLACEMENT_3D('',#18445,#18446,#18447);
#18449=PLANE('',#18448);
#18450=ADVANCED_FACE('no 17682',(#18444),#18449,.F.);
#18451=CARTESIAN_POINT('',(0.151546,0.00732528,0.013));
#18452=DIRECTION('',(-0.3830077761,-0.9237451182,0.0));
#18453=VECTOR('',#18452,1.0);
#18454=LINE('',#18451,#18453);
#18455=EDGE_CURVE('no 18173',#18352,#18429,#18454,.T.);
#18456=ORIENTED_EDGE('no 18176',*,*,#18455,.F.);
#18457=ORIENTED_EDGE('no 18175',*,*,#18357,.F.);
#18458=CARTESIAN_POINT('',(0.151546,0.00732528,0.0));
#18459=DIRECTION('',(-0.0169065817,-0.0407756012,0.9990252839));
#18460=VECTOR('',#18459,1.0);
#18461=LINE('',#18458,#18460);
#18462=EDGE_CURVE('no 18144',#18188,#18429,#18461,.T.);
#18463=ORIENTED_EDGE('no 18174',*,*,#18462,.T.);
#18464=EDGE_LOOP('',(#18456,#18457,#18463));
#18465=FACE_OUTER_BOUND('',#18464,.T.);
#18466=CARTESIAN_POINT('',(0.151326,0.00679468,0.013));
#18467=DIRECTION('',(0.9238818142,-0.3826779239,0.0000000182));
#18468=DIRECTION('',(0.0168894929,0.0407754828,-0.9990255778));
#18469=AXIS2_PLACEMENT_3D('',#18466,#18467,#18468);
#18470=PLANE('',#18469);
#18471=ADVANCED_FACE('no 18184',(#18465),#18470,.F.);
#18472=ORIENTED_EDGE('no 18147',*,*,#18416,.T.);
#18473=ORIENTED_EDGE('no 18146',*,*,#18440,.T.);
#18474=ORIENTED_EDGE('no 18145',*,*,#18462,.F.);
#18475=EDGE_LOOP('',(#18472,#18473,#18474));
#18476=FACE_OUTER_BOUND('',#18475,.T.);
#18477=CARTESIAN_POINT('',(0.151546,0.00732528,0.0));
#18478=DIRECTION('',(0.9238818142,-0.3826779239,0.0000000182));
#18479=DIRECTION('',(-0.0168894929,-0.0407754828,0.9990255778));
#18480=AXIS2_PLACEMENT_3D('',#18477,#18478,#18479);
#18481=PLANE('',#18480);
#18482=ADVANCED_FACE('no 18155',(#18476),#18481,.F.);
#18483=OPEN_SHELL('Orphan_Brep_#25660',(
    #47,#70,#93,#116,#139,#162,#185,#208,#231,#254,
    #277,#300,#316,#339,#362,#385,#401,#416,#441,#464,
    #487,#510,#526,#549,#572,#595,#618,#641,#666,#689,
    #712,#735,#758,#774,#797,#820,#836,#859,#882,#898,
    #921,#937,#960,#976,#999,#1022,#1045,#1070,#1093,#1114,
    #1137,#1160,#1181,#1197,#1213,#1229,#1254,#1277,#1300,#1323,
    #1346,#1369,#1385,#1396,#1417,#1433,#1454,#1477,#1500,#1523,
    #1546,#1557,#1573,#1584,#1607,#1630,#1646,#1662,#1685,#1708,
    #1733,#1749,#1765,#1781,#1804,#1827,#1850,#1873,#1896,#1912,
    #1935,#1958,#1981,#1997,#2020,#2043,#2059,#2082,#2105,#2128,
    #2151,#2174,#2197,#2220,#2236,#2259,#2282,#2305,#2321,#2344,
    #2367,#2390,#2413,#2436,#2459,#2482,#2505,#2530,#2546,#2564,
    #2587,#2610,#2633,#2654,#2665,#2680,#2695,#2718,#2734,#2757,
    #2780,#2796,#2819,#2835,#2858,#2873,#2896,#2919,#2942,#2965,
    #2988,#3013,#3036,#3059,#3075,#3098,#3114,#3137,#3160,#3181,
    #3192,#3215,#3238,#3261,#3286,#3309,#3325,#3348,#3371,#3394,
    #3417,#3433,#3456,#3479,#3502,#3525,#3548,#3571,#3587,#3603,
    #3619,#3642,#3665,#3688,#3711,#3734,#3757,#3773,#3796,#3819,
    #3835,#3851,#3874,#3897,#3920,#3936,#3961,#3984,#4002,#4025,
    #4048,#4071,#4094,#4117,#4140,#4163,#4186,#4209,#4232,#4255,
    #4278,#4301,#4324,#4347,#4363,#4379,#4402,#4425,#4448,#4471,
    #4494,#4517,#4540,#4563,#4586,#4602,#4627,#4643,#4666,#4689,
    #4712,#4735,#4758,#4781,#4799,#4814,#4837,#4853,#4876,#4899,
    #4922,#4938,#4961,#4984,#5005,#5028,#5051,#5074,#5097,#5122,
    #5138,#5163,#5186,#5209,#5232,#5255,#5278,#5301,#5324,#5340,
    #5361,#5384,#5400,#5423,#5439,#5462,#5478,#5494,#5517,#5540,
    #5565,#5581,#5604,#5627,#5650,#5673,#5694,#5717,#5738,#5761,
    #5777,#5793,#5814,#5830,#5853,#5876,#5899,#5924,#5945,#5968,
    #5979,#6002,#6025,#6048,#6071,#6089,#6112,#6135,#6158,#6181,
    #6197,#6213,#6236,#6259,#6282,#6305,#6321,#6344,#6360,#6381,
    #6404,#6427,#6443,#6459,#6482,#6505,#6528,#6551,#6574,#6597,
    #6620,#6645,#6663,#6684,#6705,#6726,#6742,#6765,#6788,#6813,
    #6834,#6857,#6880,#6903,#6924,#6947,#6968,#6989,#7012,#7035,
    #7058,#7081,#7104,#7120,#7131,#7147,#7168,#7186,#7209,#7232,
    #7255,#7278,#7301,#7317,#7340,#7363,#7384,#7400,#7423,#7446,
    #7469,#7490,#7506,#7522,#7545,#7568,#7584,#7600,#7623,#7646,
    #7669,#7692,#7715,#7738,#7754,#7770,#7793,#7816,#7832,#7855,
    #7878,#7901,#7917,#7940,#7963,#7979,#7995,#8018,#8034,#8050,
    #8066,#8089,#8112,#8128,#8139,#8155,#8171,#8192,#8215,#8236,
    #8259,#8275,#8291,#8307,#8330,#8353,#8369,#8392,#8408,#8431,
    #8454,#8477,#8493,#8504,#8527,#8543,#8566,#8587,#8603,#8619,
    #8642,#8658,#8681,#8704,#8727,#8743,#8759,#8782,#8805,#8828,
    #8851,#8874,#8890,#8913,#8936,#8959,#8982,#9005,#9028,#9051,
    #9067,#9090,#9106,#9122,#9145,#9161,#9184,#9200,#9223,#9246,
    #9269,#9292,#9315,#9331,#9354,#9370,#9393,#9416,#9439,#9462,
    #9485,#9508,#9531,#9554,#9570,#9593,#9616,#9632,#9655,#9676,
    #9697,#9713,#9736,#9752,#9763,#9784,#9807,#9828,#9849,#9865,
    #9888,#9911,#9927,#9950,#9973,#9996,#10012,#10035,#10058,#10079,
    #10102,#10125,#10141,#10164,#10180,#10203,#10226,#10249,#10272,#10288,
    #10304,#10320,#10336,#10352,#10375,#10391,#10407,#10423,#10446,#10469,
    #10492,#10515,#10538,#10561,#10584,#10607,#10623,#10639,#10655,#10678,
    #10701,#10724,#10747,#10770,#10786,#10802,#10825,#10841,#10864,#10887,
    #10903,#10926,#10949,#10972,#10993,#11009,#11025,#11041,#11057,#11078,
    #11094,#11110,#11121,#11137,#11153,#11169,#11192,#11215,#11238,#11261,
    #11277,#11300,#11316,#11332,#11348,#11371,#11387,#11410,#11431,#11454,
    #11477,#11493,#11508,#11531,#11554,#11577,#11600,#11623,#11634,#11655,
    #11671,#11687,#11703,#11726,#11749,#11772,#11795,#11818,#11841,#11864,
    #11887,#11910,#11933,#11949,#11972,#11988,#12011,#12034,#12057,#12080,
    #12103,#12119,#12144,#12167,#12190,#12213,#12236,#12259,#12280,#12303,
    #12319,#12340,#12356,#12372,#12393,#12416,#12439,#12455,#12466,#12487,
    #12503,#12526,#12537,#12553,#12576,#12599,#12622,#12638,#12661,#12684,
    #12707,#12723,#12746,#12762,#12783,#12794,#12817,#12840,#12863,#12886,
    #12907,#12930,#12946,#12957,#12973,#12996,#13019,#13035,#13051,#13074,
    #13090,#13113,#13136,#13157,#13180,#13196,#13219,#13242,#13265,#13281,
    #13297,#13313,#13336,#13359,#13382,#13398,#13419,#13442,#13463,#13484,
    #13500,#13516,#13539,#13560,#13581,#13604,#13627,#13643,#13659,#13675,
    #13698,#13714,#13730,#13746,#13769,#13785,#13796,#13817,#13840,#13856,
    #13872,#13888,#13899,#13922,#13945,#13961,#13977,#14000,#14021,#14037,
    #14060,#14083,#14099,#14115,#14131,#14147,#14170,#14193,#14216,#14232,
    #14255,#14270,#14287,#14310,#14326,#14342,#14363,#14386,#14402,#14423,
    #14446,#14462,#14485,#14501,#14524,#14547,#14570,#14593,#14609,#14632,
    #14655,#14671,#14687,#14710,#14733,#14749,#14765,#14781,#14804,#14825,
    #14841,#14857,#14873,#14889,#14912,#14928,#14944,#14967,#14992,#15015,
    #15040,#15063,#15086,#15109,#15132,#15148,#15164,#15180,#15196,#15217,
    #15238,#15261,#15284,#15307,#15323,#15344,#15355,#15371,#15387,#15410,
    #15426,#15449,#15472,#15495,#15518,#15541,#15557,#15578,#15594,#15610,
    #15626,#15637,#15660,#15683,#15706,#15729,#15750,#15766,#15782,#15805,
    #15821,#15842,#15867,#15890,#15911,#15922,#15933,#15944,#15965,#15988,
    #16004,#16015,#16038,#16054,#16070,#16086,#16109,#16132,#16148,#16164,
    #16175,#16196,#16212,#16228,#16251,#16274,#16290,#16313,#16329,#16345,
    #16370,#16393,#16404,#16427,#16443,#16454,#16470,#16493,#16509,#16532,
    #16555,#16578,#16594,#16617,#16640,#16656,#16679,#16695,#16716,#16737,
    #16753,#16769,#16792,#16815,#16838,#16861,#16884,#16907,#16918,#16941,
    #16957,#16980,#17003,#17030,#17053,#17069,#17092,#17108,#17133,#17156,
    #17179,#17195,#17218,#17234,#17250,#17273,#17289,#17310,#17328,#17344,
    #17360,#17376,#17392,#17415,#17426,#17449,#17465,#17481,#17497,#17520,
    #17536,#17552,#17575,#17598,#17621,#17644,#17667,#17692,#17715,#17731,
    #17747,#17770,#17793,#17816,#17839,#17855,#17878,#17901,#17924,#17947,
    #17963,#17988,#18009,#18025,#18041,#18057,#18080,#18101,#18124,#18140,
    #18163,#18186,#18209,#18230,#18246,#18262,#18278,#18301,#18317,#18333,
    #18349,#18372,#18395,#18411,#18427,#18450,#18471,#18482));
#18484=SHELL_BASED_SURFACE_MODEL('Orphan_Brep_#25660',(#18483));
#18485=CARTESIAN_POINT('',(0.148451,0.0112253,0.0));
#18486=VERTEX_POINT('',#18485);
#18487=CARTESIAN_POINT('',(0.0506514,0.0819948,0.0));
#18488=VERTEX_POINT('',#18487);
#18489=CARTESIAN_POINT('',(0.148451,0.0112253,0.0));
#18490=DIRECTION('',(-0.8101423699,0.5862331793,0.0));
#18491=VECTOR('',#18490,1.0);
#18492=LINE('',#18489,#18491);
#18493=EDGE_CURVE('no 17740',#18486,#18488,#18492,.T.);
#18494=ORIENTED_EDGE('no 17741',*,*,#18493,.T.);
#18495=CARTESIAN_POINT('',(0.0506514,0.0112253,0.0));
#18496=VERTEX_POINT('',#18495);
#18497=CARTESIAN_POINT('',(0.0506514,0.0819948,0.0));
#18498=DIRECTION('',(0.0,-1.0,0.0));
#18499=VECTOR('',#18498,1.0);
#18500=LINE('',#18497,#18499);
#18501=EDGE_CURVE('no 14024',#18488,#18496,#18500,.T.);
#18502=ORIENTED_EDGE('no 17742',*,*,#18501,.T.);
#18503=CARTESIAN_POINT('',(0.0506514,0.0112253,0.0));
#18504=DIRECTION('',(1.0,0.0,0.0));
#18505=VECTOR('',#18504,1.0);
#18506=LINE('',#18503,#18505);
#18507=EDGE_CURVE('no 14134',#18496,#18486,#18506,.T.);
#18508=ORIENTED_EDGE('no 17743',*,*,#18507,.T.);
#18509=EDGE_LOOP('',(#18494,#18502,#18508));
#18510=FACE_OUTER_BOUND('',#18509,.T.);
#18511=CARTESIAN_POINT('',(0.148451,0.0112253,0.0));
#18512=DIRECTION('',(0.0,0.0,1.0));
#18513=DIRECTION('',(-0.8101431465,0.586232106,0.0));
#18514=AXIS2_PLACEMENT_3D('',#18511,#18512,#18513);
#18515=PLANE('',#18514);
#18516=ADVANCED_FACE('no 17751',(#18510),#18515,.T.);
#18517=ORIENTED_EDGE('no 17758',*,*,#18493,.F.);
#18518=CARTESIAN_POINT('',(0.148451,0.0819948,0.0));
#18519=VERTEX_POINT('',#18518);
#18520=CARTESIAN_POINT('',(0.148451,0.0112253,0.0));
#18521=DIRECTION('',(0.0,1.0,0.0));
#18522=VECTOR('',#18521,1.0);
#18523=LINE('',#18520,#18522);
#18524=EDGE_CURVE('no 13289',#18486,#18519,#18523,.T.);
#18525=ORIENTED_EDGE('no 17759',*,*,#18524,.T.);
#18526=CARTESIAN_POINT('',(0.148451,0.0819948,0.0));
#18527=DIRECTION('',(-1.0,0.0,0.0));
#18528=VECTOR('',#18527,1.0);
#18529=LINE('',#18526,#18528);
#18530=EDGE_CURVE('no 13208',#18519,#18488,#18529,.T.);
#18531=ORIENTED_EDGE('no 17760',*,*,#18530,.T.);
#18532=EDGE_LOOP('',(#18517,#18525,#18531));
#18533=FACE_OUTER_BOUND('',#18532,.T.);
#18534=CARTESIAN_POINT('',(0.0506514,0.0819948,0.0));
#18535=DIRECTION('',(-0.0,0.0,1.0));
#18536=DIRECTION('',(0.8101431465,-0.586232106,0.0));
#18537=AXIS2_PLACEMENT_3D('',#18534,#18535,#18536);
#18538=PLANE('',#18537);
#18539=ADVANCED_FACE('no 17768',(#18533),#18538,.T.);
#18540=OPEN_SHELL('Orphan_Brep_#25660',(#18516,#18539));
#18541=SHELL_BASED_SURFACE_MODEL('Orphan_Brep_#25660',(#18540));
#18542=CARTESIAN_POINT('',(0.,0.,0.));
#18543=DIRECTION('',(0.,0.,1.));
#18544=DIRECTION('',(1.,0.,0.));
#18545=AXIS2_PLACEMENT_3D('Reference Axes',#18542,#18543,#18544);
#18546=SHAPE_REPRESENTATION('',(#18545,#18484,#18541),#5);
#18547=SHAPE_DEFINITION_REPRESENTATION(#12,#18546);
#18548=CARTESIAN_POINT('',(0.,0.,0.));
#18549=DIRECTION('',(0.,0.,1.));
#18550=DIRECTION('',(1.,0.,0.));
#18551=AXIS2_PLACEMENT_3D('',#18548,#18549,#18550);
#18552=REPRESENTATION_MAP(#18551,#18546);
#18553=MAPPED_ITEM('',#18552,#18551);
#18554=PRESENTATION_STYLE_ASSIGNMENT((NULL_STYLE(.NULL.)));
#18555=STYLED_ITEM('',(#18554),#18546);
#18556=MECHANICAL_DESIGN_GEOMETRIC_PRESENTATION_REPRESENTATION('',(#18553,#18555),#5);
ENDSEC;
END-ISO-10303-21;
