ISO-10303-21;

HEADER;
FILE_DESCRIPTION((' '),'2;1');
FILE_NAME( 'hackpad 2 (1).stp_ap203.stp',
           '2026-09-14T07:29:57',
           (' '),
           ('---                        ---'),
           '                      V2026.1  Dec 31 2025',
           '        2026 (c)',
           ' ');
FILE_SCHEMA(('AP242_MANAGED_MODEL_BASED_3D_ENGINEERING_MIM_LF { 1 0 10303 442 1 1 4 }'));
ENDSEC;

DATA;
#1=APPLICATION_CONTEXT('Managed model based 3d engineering');
#2=APPLICATION_PROTOCOL_DEFINITION('international standard','ap242_managed_model_based_3d_engineering',2013,#1);
#3=(LENGTH_UNIT()NAMED_UNIT(*)SI_UNIT(.MILLI.,.METRE.));
#4=(NAMED_UNIT(*)PLANE_ANGLE_UNIT()SI_UNIT($,.RADIAN.));
#5=( GEOMETRIC_REPRESENTATION_CONTEXT(3)
       GLOBAL_UNCERTAINTY_ASSIGNED_CONTEXT((#6)) GLOBAL_UNIT_ASSIGNED_CONTEXT
  ((#3,#4)) REPRESENTATION_CONTEXT('Context #1',
  '3D Context with UNIT and UNCERTAINTY') );
#6=UNCERTAINTY_MEASURE_WITH_UNIT(LENGTH_MEASURE(0.005),#3,'distance_accuracy_value','Confusion accuracy');
#7=PRODUCT_CONTEXT('',#1,'mechanical');
#8=PRODUCT('Orphan_Brep_#11551','','',(#7));
#9=PRODUCT_DEFINITION_FORMATION('','',#8);
#10=PRODUCT_DEFINITION_CONTEXT('part definition',#1,'design');
#11=PRODUCT_DEFINITION('design','',#9,#10);
#12=PRODUCT_DEFINITION_SHAPE('','',#11);
#13=PRODUCT_CATEGORY('part',$);
#14=PRODUCT_RELATED_PRODUCT_CATEGORY('part',$,(#8));
#15=PRODUCT_CATEGORY_RELATIONSHIP('','',#13,#14);
#16=CARTESIAN_POINT('',(-0.01,0.0808,0.013));
#17=VERTEX_POINT('',#16);
#18=CARTESIAN_POINT('',(-0.01,-0.01,-0.001));
#19=VERTEX_POINT('',#18);
#20=CARTESIAN_POINT('',(-0.01,0.0808,0.013));
#21=DIRECTION('',(0.0,-0.9883213546,-0.1523840547));
#22=VECTOR('',#21,1.0);
#23=LINE('',#20,#22);
#24=EDGE_CURVE('no 16',#17,#19,#23,.T.);
#25=ORIENTED_EDGE('no 29',*,*,#24,.T.);
#26=CARTESIAN_POINT('',(-0.01,-0.01,0.013));
#27=VERTEX_POINT('',#26);
#28=CARTESIAN_POINT('',(-0.01,-0.01,-0.001));
#29=DIRECTION('',(0.0,0.0,1.0));
#30=VECTOR('',#29,1.0);
#31=LINE('',#28,#30);
#32=EDGE_CURVE('no 22',#19,#27,#31,.T.);
#33=ORIENTED_EDGE('no 30',*,*,#32,.T.);
#34=CARTESIAN_POINT('',(-0.01,-0.01,0.013));
#35=DIRECTION('',(0.0,1.0,0.0));
#36=VECTOR('',#35,1.0);
#37=LINE('',#34,#36);
#38=EDGE_CURVE('no 28',#27,#17,#37,.T.);
#39=ORIENTED_EDGE('no 31',*,*,#38,.T.);
#40=EDGE_LOOP('',(#25,#33,#39));
#41=FACE_OUTER_BOUND('',#40,.T.);
#42=CARTESIAN_POINT('',(-0.01,0.0808,0.013));
#43=DIRECTION('',(-1.0,-0.0,0.0));
#44=DIRECTION('',(0.0,-0.9883213546,-0.1523840547));
#45=AXIS2_PLACEMENT_3D('',#42,#43,#44);
#46=PLANE('',#45);
#47=ADVANCED_FACE('no 39',(#41),#46,.T.);
#48=ORIENTED_EDGE('no 58',*,*,#24,.F.);
#49=CARTESIAN_POINT('',(-0.01,0.0808,-0.001));
#50=VERTEX_POINT('',#49);
#51=CARTESIAN_POINT('',(-0.01,0.0808,0.013));
#52=DIRECTION('',(0.0,0.0,-1.0));
#53=VECTOR('',#52,1.0);
#54=LINE('',#51,#53);
#55=EDGE_CURVE('no 51',#17,#50,#54,.T.);
#56=ORIENTED_EDGE('no 59',*,*,#55,.T.);
#57=CARTESIAN_POINT('',(-0.01,0.0808,-0.001));
#58=DIRECTION('',(0.0,-1.0,0.0));
#59=VECTOR('',#58,1.0);
#60=LINE('',#57,#59);
#61=EDGE_CURVE('no 57',#50,#19,#60,.T.);
#62=ORIENTED_EDGE('no 60',*,*,#61,.T.);
#63=EDGE_LOOP('',(#48,#56,#62));
#64=FACE_OUTER_BOUND('',#63,.T.);
#65=CARTESIAN_POINT('',(-0.01,-0.01,-0.001));
#66=DIRECTION('',(-1.0,0.0,0.0));
#67=DIRECTION('',(0.0,0.9883213546,0.1523840547));
#68=AXIS2_PLACEMENT_3D('',#65,#66,#67);
#69=PLANE('',#68);
#70=ADVANCED_FACE('no 68',(#64),#69,.T.);
#71=CARTESIAN_POINT('',(0.1078,-0.01,0.013));
#72=VERTEX_POINT('',#71);
#73=CARTESIAN_POINT('',(0.1078,-0.01,0.013));
#74=DIRECTION('',(-0.9930118141,0.0,-0.1180149864));
#75=VECTOR('',#74,1.0);
#76=LINE('',#73,#75);
#77=EDGE_CURVE('no 5822',#72,#19,#76,.T.);
#78=ORIENTED_EDGE('no 5858',*,*,#77,.F.);
#79=CARTESIAN_POINT('',(0.1078,-0.01,0.013));
#80=DIRECTION('',(-1.0,0.0,0.0));
#81=VECTOR('',#80,1.0);
#82=LINE('',#79,#81);
#83=EDGE_CURVE('no 5857',#72,#27,#82,.T.);
#84=ORIENTED_EDGE('no 5859',*,*,#83,.T.);
#85=ORIENTED_EDGE('no 5860',*,*,#32,.F.);
#86=EDGE_LOOP('',(#78,#84,#85));
#87=FACE_OUTER_BOUND('',#86,.T.);
#88=CARTESIAN_POINT('',(-0.01,-0.01,-0.001));
#89=DIRECTION('',(0.0,-1.0,0.0));
#90=DIRECTION('',(0.9930118151,0.0,0.118014978));
#91=AXIS2_PLACEMENT_3D('',#88,#89,#90);
#92=PLANE('',#91);
#93=ADVANCED_FACE('no 5868',(#87),#92,.T.);
#94=ORIENTED_EDGE('no 6428',*,*,#38,.F.);
#95=CARTESIAN_POINT('',(-0.00688515,-0.00514467,0.013));
#96=VERTEX_POINT('',#95);
#97=CARTESIAN_POINT('',(-0.01,-0.01,0.013));
#98=DIRECTION('',(0.5399682035,0.8416854158,0.0));
#99=VECTOR('',#98,1.0);
#100=LINE('',#97,#99);
#101=EDGE_CURVE('no 6421',#27,#96,#100,.T.);
#102=ORIENTED_EDGE('no 6429',*,*,#101,.T.);
#103=CARTESIAN_POINT('',(-0.00688515,-0.00514467,0.013));
#104=DIRECTION('',(-0.0362187243,0.9993438868,0.0));
#105=VECTOR('',#104,1.0);
#106=LINE('',#103,#105);
#107=EDGE_CURVE('no 6427',#96,#17,#106,.T.);
#108=ORIENTED_EDGE('no 6430',*,*,#107,.T.);
#109=EDGE_LOOP('',(#94,#102,#108));
#110=FACE_OUTER_BOUND('',#109,.T.);
#111=CARTESIAN_POINT('',(-0.01,0.0808,0.013));
#112=DIRECTION('',(0.0,0.0,1.0));
#113=DIRECTION('',(0.0,-1.0,0.0));
#114=AXIS2_PLACEMENT_3D('',#111,#112,#113);
#115=PLANE('',#114);
#116=ADVANCED_FACE('no 6438',(#110),#115,.T.);
#117=CARTESIAN_POINT('',(0.008,0.0808,0.006));
#118=VERTEX_POINT('',#117);
#119=CARTESIAN_POINT('',(-0.01,0.0808,0.013));
#120=DIRECTION('',(0.9320046715,0.0,-0.3624462612));
#121=VECTOR('',#120,1.0);
#122=LINE('',#119,#121);
#123=EDGE_CURVE('no 115',#17,#118,#122,.T.);
#124=ORIENTED_EDGE('no 116',*,*,#123,.T.);
#125=CARTESIAN_POINT('',(-0.01,0.0808,-0.001));
#126=DIRECTION('',(0.9320048029,0.0,0.3624459234));
#127=VECTOR('',#126,1.0);
#128=LINE('',#125,#127);
#129=EDGE_CURVE('no 80',#50,#118,#128,.T.);
#130=ORIENTED_EDGE('no 117',*,*,#129,.F.);
#131=ORIENTED_EDGE('no 118',*,*,#55,.F.);
#132=EDGE_LOOP('',(#124,#130,#131));
#133=FACE_OUTER_BOUND('',#132,.T.);
#134=CARTESIAN_POINT('',(-0.01,0.0808,0.013));
#135=DIRECTION('',(0.0,1.0,0.0));
#136=DIRECTION('',(0.9320048029,0.0,-0.3624459234));
#137=AXIS2_PLACEMENT_3D('',#134,#135,#136);
#138=PLANE('',#137);
#139=ADVANCED_FACE('no 126',(#133),#138,.T.);
#140=CARTESIAN_POINT('',(-0.0072,0.0758,-0.001));
#141=VERTEX_POINT('',#140);
#142=CARTESIAN_POINT('',(-0.01,0.0808,-0.001));
#143=DIRECTION('',(0.4886033689,-0.8725060159,0.0));
#144=VECTOR('',#143,1.0);
#145=LINE('',#142,#144);
#146=EDGE_CURVE('no 8874',#50,#141,#145,.T.);
#147=ORIENTED_EDGE('no 8881',*,*,#146,.T.);
#148=CARTESIAN_POINT('',(-0.0072,0.0758,-0.001));
#149=DIRECTION('',(-0.0326166692,-0.9994679349,0.0));
#150=VECTOR('',#149,1.0);
#151=LINE('',#148,#150);
#152=EDGE_CURVE('no 8880',#141,#19,#151,.T.);
#153=ORIENTED_EDGE('no 8882',*,*,#152,.T.);
#154=ORIENTED_EDGE('no 8883',*,*,#61,.F.);
#155=EDGE_LOOP('',(#147,#153,#154));
#156=FACE_OUTER_BOUND('',#155,.T.);
#157=CARTESIAN_POINT('',(-0.01,0.0808,-0.001));
#158=DIRECTION('',(0.0,0.0,-1.0));
#159=DIRECTION('',(0.4886038561,-0.8725057431,0.0));
#160=AXIS2_PLACEMENT_3D('',#157,#158,#159);
#161=PLANE('',#160);
#162=ADVANCED_FACE('no 8891',(#156),#161,.T.);
#163=ORIENTED_EDGE('no 5835',*,*,#77,.T.);
#164=CARTESIAN_POINT('',(0.1078,-0.01,-0.001));
#165=VERTEX_POINT('',#164);
#166=CARTESIAN_POINT('',(-0.01,-0.01,-0.001));
#167=DIRECTION('',(1.0,0.0,0.0));
#168=VECTOR('',#167,1.0);
#169=LINE('',#166,#168);
#170=EDGE_CURVE('no 5828',#19,#165,#169,.T.);
#171=ORIENTED_EDGE('no 5836',*,*,#170,.T.);
#172=CARTESIAN_POINT('',(0.1078,-0.01,-0.001));
#173=DIRECTION('',(0.0,0.0,1.0));
#174=VECTOR('',#173,1.0);
#175=LINE('',#172,#174);
#176=EDGE_CURVE('no 5834',#165,#72,#175,.T.);
#177=ORIENTED_EDGE('no 5837',*,*,#176,.T.);
#178=EDGE_LOOP('',(#163,#171,#177));
#179=FACE_OUTER_BOUND('',#178,.T.);
#180=CARTESIAN_POINT('',(0.1078,-0.01,0.013));
#181=DIRECTION('',(0.0,-1.0,-0.0));
#182=DIRECTION('',(-0.9930118151,0.0,-0.118014978));
#183=AXIS2_PLACEMENT_3D('',#180,#181,#182);
#184=PLANE('',#183);
#185=ADVANCED_FACE('no 5845',(#179),#184,.T.);
#186=CARTESIAN_POINT('',(-0.00454524,-0.00719524,0.013));
#187=VERTEX_POINT('',#186);
#188=CARTESIAN_POINT('',(-0.01,-0.01,0.013));
#189=DIRECTION('',(0.8893239475,0.4572777235,0.0));
#190=VECTOR('',#189,1.0);
#191=LINE('',#188,#190);
#192=EDGE_CURVE('no 6565',#27,#187,#191,.T.);
#193=ORIENTED_EDGE('no 6589',*,*,#192,.F.);
#194=ORIENTED_EDGE('no 6590',*,*,#83,.F.);
#195=CARTESIAN_POINT('',(0.1078,-0.01,0.013));
#196=DIRECTION('',(-0.9996885064,0.0249577671,0.0));
#197=VECTOR('',#196,1.0);
#198=LINE('',#195,#197);
#199=EDGE_CURVE('no 6588',#72,#187,#198,.T.);
#200=ORIENTED_EDGE('no 6591',*,*,#199,.T.);
#201=EDGE_LOOP('',(#193,#194,#200));
#202=FACE_OUTER_BOUND('',#201,.T.);
#203=CARTESIAN_POINT('',(-0.00454524,-0.00719524,0.013));
#204=DIRECTION('',(0.0,0.0,1.0));
#205=DIRECTION('',(-0.889323846,-0.4572779208,0.0));
#206=AXIS2_PLACEMENT_3D('',#203,#204,#205);
#207=PLANE('',#206);
#208=ADVANCED_FACE('no 6599',(#202),#207,.T.);
#209=ORIENTED_EDGE('no 6451',*,*,#101,.F.);
#210=CARTESIAN_POINT('',(-0.00677291,-0.00570791,0.013));
#211=VERTEX_POINT('',#210);
#212=CARTESIAN_POINT('',(-0.01,-0.01,0.013));
#213=DIRECTION('',(0.6009557106,0.7992823243,0.0));
#214=VECTOR('',#213,1.0);
#215=LINE('',#212,#214);
#216=EDGE_CURVE('no 6450',#27,#211,#215,.T.);
#217=ORIENTED_EDGE('no 6452',*,*,#216,.T.);
#218=CARTESIAN_POINT('',(-0.00688515,-0.00514467,0.013));
#219=DIRECTION('',(0.1954329989,-0.9807170555,0.0));
#220=VECTOR('',#219,1.0);
#221=LINE('',#218,#220);
#222=EDGE_CURVE('no 5747',#96,#211,#221,.T.);
#223=ORIENTED_EDGE('no 6453',*,*,#222,.F.);
#224=EDGE_LOOP('',(#209,#217,#223));
#225=FACE_OUTER_BOUND('',#224,.T.);
#226=CARTESIAN_POINT('',(-0.00688515,-0.00514467,0.013));
#227=DIRECTION('',(0.0,0.0,1.0));
#228=DIRECTION('',(-0.5399677938,-0.8416856786,0.0));
#229=AXIS2_PLACEMENT_3D('',#226,#227,#228);
#230=PLANE('',#229);
#231=ADVANCED_FACE('no 6461',(#225),#230,.T.);
#232=ORIENTED_EDGE('no 6618',*,*,#107,.F.);
#233=CARTESIAN_POINT('',(-0.0072,0.0758,0.013));
#234=VERTEX_POINT('',#233);
#235=CARTESIAN_POINT('',(-0.00688515,-0.00514467,0.013));
#236=DIRECTION('',(-0.0038896646,0.9999924352,0.0));
#237=VECTOR('',#236,1.0);
#238=LINE('',#235,#237);
#239=EDGE_CURVE('no 6611',#96,#234,#238,.T.);
#240=ORIENTED_EDGE('no 6619',*,*,#239,.T.);
#241=CARTESIAN_POINT('',(-0.0072,0.0758,0.013));
#242=DIRECTION('',(-0.4886033689,0.8725060159,0.0));
#243=VECTOR('',#242,1.0);
#244=LINE('',#241,#243);
#245=EDGE_CURVE('no 6617',#234,#17,#244,.T.);
#246=ORIENTED_EDGE('no 6620',*,*,#245,.T.);
#247=EDGE_LOOP('',(#232,#240,#246));
#248=FACE_OUTER_BOUND('',#247,.T.);
#249=CARTESIAN_POINT('',(-0.01,0.0808,0.013));
#250=DIRECTION('',(0.0,0.0,1.0));
#251=DIRECTION('',(0.0362186959,-0.9993438878,0.0));
#252=AXIS2_PLACEMENT_3D('',#249,#250,#251);
#253=PLANE('',#252);
#254=ADVANCED_FACE('no 6628',(#248),#253,.T.);
#255=ORIENTED_EDGE('no 145',*,*,#123,.F.);
#256=CARTESIAN_POINT('',(0.008,0.0808,0.013));
#257=VERTEX_POINT('',#256);
#258=CARTESIAN_POINT('',(-0.01,0.0808,0.013));
#259=DIRECTION('',(1.0,0.0,0.0));
#260=VECTOR('',#259,1.0);
#261=LINE('',#258,#260);
#262=EDGE_CURVE('no 138',#17,#257,#261,.T.);
#263=ORIENTED_EDGE('no 146',*,*,#262,.T.);
#264=CARTESIAN_POINT('',(0.008,0.0808,0.013));
#265=DIRECTION('',(0.0,0.0,-1.0));
#266=VECTOR('',#265,1.0);
#267=LINE('',#264,#266);
#268=EDGE_CURVE('no 144',#257,#118,#267,.T.);
#269=ORIENTED_EDGE('no 147',*,*,#268,.T.);
#270=EDGE_LOOP('',(#255,#263,#269));
#271=FACE_OUTER_BOUND('',#270,.T.);
#272=CARTESIAN_POINT('',(0.008,0.0808,0.006));
#273=DIRECTION('',(0.0,1.0,-0.0));
#274=DIRECTION('',(-0.9320048029,0.0,0.3624459234));
#275=AXIS2_PLACEMENT_3D('',#272,#273,#274);
#276=PLANE('',#275);
#277=ADVANCED_FACE('no 155',(#271),#276,.T.);
#278=ORIENTED_EDGE('no 93',*,*,#129,.T.);
#279=CARTESIAN_POINT('',(0.1078,0.0808,-0.001));
#280=VERTEX_POINT('',#279);
#281=CARTESIAN_POINT('',(0.008,0.0808,0.006));
#282=DIRECTION('',(0.9975492096,0.0,-0.0699683814));
#283=VECTOR('',#282,1.0);
#284=LINE('',#281,#283);
#285=EDGE_CURVE('no 86',#118,#280,#284,.T.);
#286=ORIENTED_EDGE('no 94',*,*,#285,.T.);
#287=CARTESIAN_POINT('',(0.1078,0.0808,-0.001));
#288=DIRECTION('',(-1.0,0.0,0.0));
#289=VECTOR('',#288,1.0);
#290=LINE('',#287,#289);
#291=EDGE_CURVE('no 92',#280,#50,#290,.T.);
#292=ORIENTED_EDGE('no 95',*,*,#291,.T.);
#293=EDGE_LOOP('',(#278,#286,#292));
#294=FACE_OUTER_BOUND('',#293,.T.);
#295=CARTESIAN_POINT('',(-0.01,0.0808,-0.001));
#296=DIRECTION('',(-0.0,1.0,0.0));
#297=DIRECTION('',(0.9320048029,0.0,0.3624459234));
#298=AXIS2_PLACEMENT_3D('',#295,#296,#297);
#299=PLANE('',#298);
#300=ADVANCED_FACE('no 103',(#294),#299,.T.);
#301=ORIENTED_EDGE('no 8904',*,*,#146,.F.);
#302=CARTESIAN_POINT('',(-0.00712504,0.0763694,-0.001));
#303=VERTEX_POINT('',#302);
#304=CARTESIAN_POINT('',(-0.01,0.0808,-0.001));
#305=DIRECTION('',(0.5443319981,-0.8388698802,0.0));
#306=VECTOR('',#305,1.0);
#307=LINE('',#304,#306);
#308=EDGE_CURVE('no 8903',#50,#303,#307,.T.);
#309=ORIENTED_EDGE('no 8905',*,*,#308,.T.);
#310=CARTESIAN_POINT('',(-0.0072,0.0758,-0.001));
#311=DIRECTION('',(0.1305211737,0.9914455221,0.0));
#312=VECTOR('',#311,1.0);
#313=LINE('',#310,#312);
#314=EDGE_CURVE('no 1484',#141,#303,#313,.T.);
#315=ORIENTED_EDGE('no 8906',*,*,#314,.F.);
#316=EDGE_LOOP('',(#301,#309,#315));
#317=FACE_OUTER_BOUND('',#316,.T.);
#318=CARTESIAN_POINT('',(-0.0072,0.0758,-0.001));
#319=DIRECTION('',(0.0,0.0,-1.0));
#320=DIRECTION('',(-0.4886038561,0.8725057431,0.0));
#321=AXIS2_PLACEMENT_3D('',#318,#319,#320);
#322=PLANE('',#321);
#323=ADVANCED_FACE('no 8914',(#317),#322,.T.);
#324=CARTESIAN_POINT('',(-0.00688515,-0.00514467,-0.001));
#325=VERTEX_POINT('',#324);
#326=CARTESIAN_POINT('',(-0.01,-0.01,-0.001));
#327=DIRECTION('',(0.5399682035,0.8416854158,0.0));
#328=VECTOR('',#327,1.0);
#329=LINE('',#326,#328);
#330=EDGE_CURVE('no 9732',#19,#325,#329,.T.);
#331=ORIENTED_EDGE('no 9756',*,*,#330,.F.);
#332=ORIENTED_EDGE('no 9757',*,*,#152,.F.);
#333=CARTESIAN_POINT('',(-0.0072,0.0758,-0.001));
#334=DIRECTION('',(0.0038896646,-0.9999924352,0.0));
#335=VECTOR('',#334,1.0);
#336=LINE('',#333,#335);
#337=EDGE_CURVE('no 9755',#141,#325,#336,.T.);
#338=ORIENTED_EDGE('no 9758',*,*,#337,.T.);
#339=EDGE_LOOP('',(#331,#332,#338));
#340=FACE_OUTER_BOUND('',#339,.T.);
#341=CARTESIAN_POINT('',(-0.00688515,-0.00514467,-0.001));
#342=DIRECTION('',(-0.0,0.0,-1.0));
#343=DIRECTION('',(-0.5399677938,-0.8416856786,0.0));
#344=AXIS2_PLACEMENT_3D('',#341,#342,#343);
#345=PLANE('',#344);
#346=ADVANCED_FACE('no 9766',(#340),#345,.T.);
#347=CARTESIAN_POINT('',(-0.00454524,-0.00719524,-0.001));
#348=VERTEX_POINT('',#347);
#349=CARTESIAN_POINT('',(-0.01,-0.01,-0.001));
#350=DIRECTION('',(0.8893239475,0.4572777235,0.0));
#351=VECTOR('',#350,1.0);
#352=LINE('',#349,#351);
#353=EDGE_CURVE('no 9588',#19,#348,#352,.T.);
#354=ORIENTED_EDGE('no 9595',*,*,#353,.T.);
#355=CARTESIAN_POINT('',(-0.00454524,-0.00719524,-0.001));
#356=DIRECTION('',(0.9996885059,-0.0249577877,0.0));
#357=VECTOR('',#356,1.0);
#358=LINE('',#355,#357);
#359=EDGE_CURVE('no 9594',#348,#165,#358,.T.);
#360=ORIENTED_EDGE('no 9596',*,*,#359,.T.);
#361=ORIENTED_EDGE('no 9597',*,*,#170,.F.);
#362=EDGE_LOOP('',(#354,#360,#361));
#363=FACE_OUTER_BOUND('',#362,.T.);
#364=CARTESIAN_POINT('',(-0.01,-0.01,-0.001));
#365=DIRECTION('',(0.0,0.0,-1.0));
#366=DIRECTION('',(0.889323846,0.4572779208,0.0));
#367=AXIS2_PLACEMENT_3D('',#364,#365,#366);
#368=PLANE('',#367);
#369=ADVANCED_FACE('no 9605',(#363),#368,.T.);
#370=CARTESIAN_POINT('',(0.1078,0.0808,-0.001));
#371=DIRECTION('',(0.0,-0.9883213101,0.152384343));
#372=VECTOR('',#371,1.0);
#373=LINE('',#370,#372);
#374=EDGE_CURVE('no 5880',#280,#72,#373,.T.);
#375=ORIENTED_EDGE('no 5887',*,*,#374,.T.);
#376=ORIENTED_EDGE('no 5888',*,*,#176,.F.);
#377=CARTESIAN_POINT('',(0.1078,-0.01,-0.001));
#378=DIRECTION('',(0.0,1.0,0.0));
#379=VECTOR('',#378,1.0);
#380=LINE('',#377,#379);
#381=EDGE_CURVE('no 5886',#165,#280,#380,.T.);
#382=ORIENTED_EDGE('no 5889',*,*,#381,.T.);
#383=EDGE_LOOP('',(#375,#376,#382));
#384=FACE_OUTER_BOUND('',#383,.T.);
#385=CARTESIAN_POINT('',(0.1078,0.0808,-0.001));
#386=DIRECTION('',(1.0,0.0,0.0));
#387=DIRECTION('',(0.0,-0.9883213546,0.1523840547));
#388=AXIS2_PLACEMENT_3D('',#385,#386,#387);
#389=PLANE('',#388);
#390=ADVANCED_FACE('no 5897',(#384),#389,.T.);
#391=CARTESIAN_POINT('',(-0.00511834,-0.00715788,0.013));
#392=VERTEX_POINT('',#391);
#393=CARTESIAN_POINT('',(-0.01,-0.01,0.013));
#394=DIRECTION('',(0.8642035224,0.5031423973,0.0));
#395=VECTOR('',#394,1.0);
#396=LINE('',#393,#395);
#397=EDGE_CURVE('no 6542',#27,#392,#396,.T.);
#398=ORIENTED_EDGE('no 6566',*,*,#397,.F.);
#399=ORIENTED_EDGE('no 6567',*,*,#192,.T.);
#400=CARTESIAN_POINT('',(-0.00511834,-0.00715788,0.013));
#401=DIRECTION('',(0.9978819246,-0.0650512453,0.0));
#402=VECTOR('',#401,1.0);
#403=LINE('',#400,#402);
#404=EDGE_CURVE('no 5457',#392,#187,#403,.T.);
#405=ORIENTED_EDGE('no 6568',*,*,#404,.F.);
#406=EDGE_LOOP('',(#398,#399,#405));
#407=FACE_OUTER_BOUND('',#406,.T.);
#408=CARTESIAN_POINT('',(-0.00511834,-0.00715788,0.013));
#409=DIRECTION('',(0.0,0.0,1.0));
#410=DIRECTION('',(-0.864203128,-0.5031430746,0.0));
#411=AXIS2_PLACEMENT_3D('',#408,#409,#410);
#412=PLANE('',#411);
#413=ADVANCED_FACE('no 6576',(#407),#412,.T.);
#414=ORIENTED_EDGE('no 6681',*,*,#199,.F.);
#415=CARTESIAN_POINT('',(-0.00398201,-0.00708299,0.013));
#416=VERTEX_POINT('',#415);
#417=CARTESIAN_POINT('',(0.1078,-0.01,0.013));
#418=DIRECTION('',(-0.9996596856,0.0260866422,0.0));
#419=VECTOR('',#418,1.0);
#420=LINE('',#417,#419);
#421=EDGE_CURVE('no 6680',#72,#416,#420,.T.);
#422=ORIENTED_EDGE('no 6682',*,*,#421,.T.);
#423=CARTESIAN_POINT('',(-0.00454524,-0.00719524,0.013));
#424=DIRECTION('',(0.9807130529,0.1954530834,0.0));
#425=VECTOR('',#424,1.0);
#426=LINE('',#423,#425);
#427=EDGE_CURVE('no 5399',#187,#416,#426,.T.);
#428=ORIENTED_EDGE('no 6683',*,*,#427,.F.);
#429=EDGE_LOOP('',(#414,#422,#428));
#430=FACE_OUTER_BOUND('',#429,.T.);
#431=CARTESIAN_POINT('',(-0.00454524,-0.00719524,0.013));
#432=DIRECTION('',(-0.0,0.0,1.0));
#433=DIRECTION('',(0.9996885059,-0.0249577877,0.0));
#434=AXIS2_PLACEMENT_3D('',#431,#432,#433);
#435=PLANE('',#434);
#436=ADVANCED_FACE('no 6691',(#430),#435,.T.);
#437=ORIENTED_EDGE('no 6474',*,*,#216,.F.);
#438=CARTESIAN_POINT('',(-0.00651871,-0.00622291,0.013));
#439=VERTEX_POINT('',#438);
#440=CARTESIAN_POINT('',(-0.01,-0.01,0.013));
#441=DIRECTION('',(0.6777275816,0.7353130797,0.0));
#442=VECTOR('',#441,1.0);
#443=LINE('',#440,#442);
#444=EDGE_CURVE('no 6473',#27,#439,#443,.T.);
#445=ORIENTED_EDGE('no 6475',*,*,#444,.T.);
#446=CARTESIAN_POINT('',(-0.00677291,-0.00570791,0.013));
#447=DIRECTION('',(0.4426109432,-0.896713752,0.0));
#448=VECTOR('',#447,1.0);
#449=LINE('',#446,#448);
#450=EDGE_CURVE('no 5689',#211,#439,#449,.T.);
#451=ORIENTED_EDGE('no 6476',*,*,#450,.F.);
#452=EDGE_LOOP('',(#437,#445,#451));
#453=FACE_OUTER_BOUND('',#452,.T.);
#454=CARTESIAN_POINT('',(-0.00677291,-0.00570791,0.013));
#455=DIRECTION('',(0.0,0.0,1.0));
#456=DIRECTION('',(-0.6009560512,-0.7992820682,0.0));
#457=AXIS2_PLACEMENT_3D('',#454,#455,#456);
#458=PLANE('',#457);
#459=ADVANCED_FACE('no 6484',(#453),#458,.T.);
#460=CARTESIAN_POINT('',(-0.00688515,-0.00514467,-0.001));
#461=DIRECTION('',(0.0080107171,-0.0401975854,0.9991596382));
#462=VECTOR('',#461,1.0);
#463=LINE('',#460,#462);
#464=EDGE_CURVE('no 5712',#325,#211,#463,.T.);
#465=ORIENTED_EDGE('no 5748',*,*,#464,.F.);
#466=CARTESIAN_POINT('',(-0.00688515,-0.00514467,-0.001));
#467=DIRECTION('',(0.0,0.0,1.0));
#468=VECTOR('',#467,1.0);
#469=LINE('',#466,#468);
#470=EDGE_CURVE('no 5741',#325,#96,#469,.T.);
#471=ORIENTED_EDGE('no 5749',*,*,#470,.T.);
#472=ORIENTED_EDGE('no 5750',*,*,#222,.T.);
#473=EDGE_LOOP('',(#465,#471,#472));
#474=FACE_OUTER_BOUND('',#473,.T.);
#475=CARTESIAN_POINT('',(-0.00677291,-0.00570791,0.013));
#476=DIRECTION('',(0.9807156731,0.1954399358,-0.0000000223));
#477=DIRECTION('',(-0.0080107171,0.0401975854,-0.9991596382));
#478=AXIS2_PLACEMENT_3D('',#475,#476,#477);
#479=PLANE('',#478);
#480=ADVANCED_FACE('no 5758',(#474),#479,.T.);
#481=ORIENTED_EDGE('no 6641',*,*,#239,.F.);
#482=CARTESIAN_POINT('',(-0.00712504,0.0752306,0.013));
#483=VERTEX_POINT('',#482);
#484=CARTESIAN_POINT('',(-0.00688515,-0.00514467,0.013));
#485=DIRECTION('',(-0.0029846112,0.999995546,0.0));
#486=VECTOR('',#485,1.0);
#487=LINE('',#484,#486);
#488=EDGE_CURVE('no 6640',#96,#483,#487,.T.);
#489=ORIENTED_EDGE('no 6642',*,*,#488,.T.);
#490=CARTESIAN_POINT('',(-0.0072,0.0758,0.013));
#491=DIRECTION('',(0.1305211737,-0.9914455221,0.0));
#492=VECTOR('',#491,1.0);
#493=LINE('',#490,#492);
#494=EDGE_CURVE('no 1455',#234,#483,#493,.T.);
#495=ORIENTED_EDGE('no 6643',*,*,#494,.F.);
#496=EDGE_LOOP('',(#481,#489,#495));
#497=FACE_OUTER_BOUND('',#496,.T.);
#498=CARTESIAN_POINT('',(-0.0072,0.0758,0.013));
#499=DIRECTION('',(0.0,0.0,1.0));
#500=DIRECTION('',(0.0038896117,-0.9999924354,0.0));
#501=AXIS2_PLACEMENT_3D('',#498,#499,#500);
#502=PLANE('',#501);
#503=ADVANCED_FACE('no 6651',(#497),#502,.T.);
#504=CARTESIAN_POINT('',(-0.00712504,0.0763694,0.013));
#505=VERTEX_POINT('',#504);
#506=CARTESIAN_POINT('',(-0.01,0.0808,0.013));
#507=DIRECTION('',(0.5443319981,-0.8388698802,0.0));
#508=VECTOR('',#507,1.0);
#509=LINE('',#506,#508);
#510=EDGE_CURVE('no 8286',#17,#505,#509,.T.);
#511=ORIENTED_EDGE('no 8304',*,*,#510,.F.);
#512=ORIENTED_EDGE('no 8305',*,*,#245,.F.);
#513=CARTESIAN_POINT('',(-0.00712504,0.0763694,0.013));
#514=DIRECTION('',(-0.1305211737,-0.9914455221,0.0));
#515=VECTOR('',#514,1.0);
#516=LINE('',#513,#515);
#517=EDGE_CURVE('no 1513',#505,#234,#516,.T.);
#518=ORIENTED_EDGE('no 8306',*,*,#517,.F.);
#519=EDGE_LOOP('',(#511,#512,#518));
#520=FACE_OUTER_BOUND('',#519,.T.);
#521=CARTESIAN_POINT('',(-0.00712504,0.0763694,0.013));
#522=DIRECTION('',(0.0,0.0,1.0));
#523=DIRECTION('',(-0.544333105,0.8388691619,0.0));
#524=AXIS2_PLACEMENT_3D('',#521,#522,#523);
#525=PLANE('',#524);
#526=ADVANCED_FACE('no 8314',(#520),#525,.T.);
#527=CARTESIAN_POINT('',(-0.0055694,0.077925,0.013));
#528=VERTEX_POINT('',#527);
#529=CARTESIAN_POINT('',(-0.01,0.0808,0.013));
#530=DIRECTION('',(0.838866422,-0.5443373275,0.0));
#531=VECTOR('',#530,1.0);
#532=LINE('',#529,#531);
#533=EDGE_CURVE('no 8188',#17,#528,#532,.T.);
#534=ORIENTED_EDGE('no 8195',*,*,#533,.T.);
#535=CARTESIAN_POINT('',(-0.0055694,0.077925,0.013));
#536=DIRECTION('',(0.9782832336,0.2072725616,0.0));
#537=VECTOR('',#536,1.0);
#538=LINE('',#535,#537);
#539=EDGE_CURVE('no 8194',#528,#257,#538,.T.);
#540=ORIENTED_EDGE('no 8196',*,*,#539,.T.);
#541=ORIENTED_EDGE('no 8197',*,*,#262,.F.);
#542=EDGE_LOOP('',(#534,#540,#541));
#543=FACE_OUTER_BOUND('',#542,.T.);
#544=CARTESIAN_POINT('',(-0.01,0.0808,0.013));
#545=DIRECTION('',(-0.0,0.0,1.0));
#546=DIRECTION('',(0.8388691619,-0.544333105,0.0));
#547=AXIS2_PLACEMENT_3D('',#544,#545,#546);
#548=PLANE('',#547);
#549=ADVANCED_FACE('no 8205',(#543),#548,.T.);
#550=CARTESIAN_POINT('',(0.008,0.0708,0.006));
#551=VERTEX_POINT('',#550);
#552=CARTESIAN_POINT('',(0.008,0.0708,0.006));
#553=DIRECTION('',(0.0,0.8192319205,0.5734623444));
#554=VECTOR('',#553,1.0);
#555=LINE('',#552,#554);
#556=EDGE_CURVE('no 8718',#551,#257,#555,.T.);
#557=ORIENTED_EDGE('no 8742',*,*,#556,.F.);
#558=CARTESIAN_POINT('',(0.008,0.0808,0.006));
#559=DIRECTION('',(0.0,-1.0,0.0));
#560=VECTOR('',#559,1.0);
#561=LINE('',#558,#560);
#562=EDGE_CURVE('no 8672',#118,#551,#561,.T.);
#563=ORIENTED_EDGE('no 8743',*,*,#562,.F.);
#564=ORIENTED_EDGE('no 8744',*,*,#268,.F.);
#565=EDGE_LOOP('',(#557,#563,#564));
#566=FACE_OUTER_BOUND('',#565,.T.);
#567=CARTESIAN_POINT('',(0.008,0.0808,0.013));
#568=DIRECTION('',(1.0,0.0,0.0));
#569=DIRECTION('',(0.0,-0.8192321084,-0.5734620759));
#570=AXIS2_PLACEMENT_3D('',#567,#568,#569);
#571=PLANE('',#570);
#572=ADVANCED_FACE('no 8752',(#566),#571,.T.);
#573=CARTESIAN_POINT('',(0.024,0.0808,0.006));
#574=VERTEX_POINT('',#573);
#575=CARTESIAN_POINT('',(0.1078,0.0808,-0.001));
#576=DIRECTION('',(-0.9965293347,0.0,0.083242328));
#577=VECTOR('',#576,1.0);
#578=LINE('',#575,#577);
#579=EDGE_CURVE('no 167',#280,#574,#578,.T.);
#580=ORIENTED_EDGE('no 203',*,*,#579,.F.);
#581=ORIENTED_EDGE('no 204',*,*,#285,.F.);
#582=CARTESIAN_POINT('',(0.008,0.0808,0.006));
#583=DIRECTION('',(1.0,0.0,0.0));
#584=VECTOR('',#583,1.0);
#585=LINE('',#582,#584);
#586=EDGE_CURVE('no 202',#118,#574,#585,.T.);
#587=ORIENTED_EDGE('no 205',*,*,#586,.T.);
#588=EDGE_LOOP('',(#580,#581,#587));
#589=FACE_OUTER_BOUND('',#588,.T.);
#590=CARTESIAN_POINT('',(0.024,0.0808,0.006));
#591=DIRECTION('',(0.0,1.0,0.0));
#592=DIRECTION('',(0.9965293347,0.0,-0.083242328));
#593=AXIS2_PLACEMENT_3D('',#590,#591,#592);
#594=PLANE('',#593);
#595=ADVANCED_FACE('no 213',(#589),#594,.T.);
#596=CARTESIAN_POINT('',(-0.005,0.078,-0.001));
#597=VERTEX_POINT('',#596);
#598=CARTESIAN_POINT('',(-0.01,0.0808,-0.001));
#599=DIRECTION('',(0.8725060159,-0.4886033689,0.0));
#600=VECTOR('',#599,1.0);
#601=LINE('',#598,#600);
#602=EDGE_CURVE('no 9018',#50,#597,#601,.T.);
#603=ORIENTED_EDGE('no 9042',*,*,#602,.F.);
#604=ORIENTED_EDGE('no 9043',*,*,#291,.F.);
#605=CARTESIAN_POINT('',(0.1078,0.0808,-0.001));
#606=DIRECTION('',(-0.9996920604,-0.0248150015,0.0));
#607=VECTOR('',#606,1.0);
#608=LINE('',#605,#607);
#609=EDGE_CURVE('no 9041',#280,#597,#608,.T.);
#610=ORIENTED_EDGE('no 9044',*,*,#609,.T.);
#611=EDGE_LOOP('',(#603,#604,#610));
#612=FACE_OUTER_BOUND('',#611,.T.);
#613=CARTESIAN_POINT('',(-0.005,0.078,-0.001));
#614=DIRECTION('',(0.0,0.0,-1.0));
#615=DIRECTION('',(-0.8725061694,0.4886030949,0.0));
#616=AXIS2_PLACEMENT_3D('',#613,#614,#615);
#617=PLANE('',#616);
#618=ADVANCED_FACE('no 9052',(#612),#617,.T.);
#619=ORIENTED_EDGE('no 8927',*,*,#308,.F.);
#620=CARTESIAN_POINT('',(-0.00690526,0.0769,-0.001));
#621=VERTEX_POINT('',#620);
#622=CARTESIAN_POINT('',(-0.01,0.0808,-0.001));
#623=DIRECTION('',(0.6215964757,-0.7833376165,0.0));
#624=VECTOR('',#623,1.0);
#625=LINE('',#622,#624);
#626=EDGE_CURVE('no 8926',#50,#621,#625,.T.);
#627=ORIENTED_EDGE('no 8928',*,*,#626,.T.);
#628=CARTESIAN_POINT('',(-0.00712504,0.0763694,-0.001));
#629=DIRECTION('',(0.3826808817,0.923880589,0.0));
#630=VECTOR('',#629,1.0);
#631=LINE('',#628,#630);
#632=EDGE_CURVE('no 1542',#303,#621,#631,.T.);
#633=ORIENTED_EDGE('no 8929',*,*,#632,.F.);
#634=EDGE_LOOP('',(#619,#627,#633));
#635=FACE_OUTER_BOUND('',#634,.T.);
#636=CARTESIAN_POINT('',(-0.00712504,0.0763694,-0.001));
#637=DIRECTION('',(0.0,0.0,-1.0));
#638=DIRECTION('',(-0.544333105,0.8388691619,0.0));
#639=AXIS2_PLACEMENT_3D('',#636,#637,#638);
#640=PLANE('',#639);
#641=ADVANCED_FACE('no 8937',(#635),#640,.T.);
#642=CARTESIAN_POINT('',(-0.00712504,0.0763694,-0.001));
#643=DIRECTION('',(-0.005350008,-0.0406374851,0.999159633));
#644=VECTOR('',#643,1.0);
#645=LINE('',#642,#644);
#646=EDGE_CURVE('no 1478',#303,#234,#645,.T.);
#647=ORIENTED_EDGE('no 1485',*,*,#646,.T.);
#648=CARTESIAN_POINT('',(-0.0072,0.0758,-0.001));
#649=DIRECTION('',(0.0,0.0,1.0));
#650=VECTOR('',#649,1.0);
#651=LINE('',#648,#650);
#652=EDGE_CURVE('no 1449',#141,#234,#651,.T.);
#653=ORIENTED_EDGE('no 1486',*,*,#652,.F.);
#654=ORIENTED_EDGE('no 1487',*,*,#314,.T.);
#655=EDGE_LOOP('',(#647,#653,#654));
#656=FACE_OUTER_BOUND('',#655,.T.);
#657=CARTESIAN_POINT('',(-0.00712504,0.0763694,-0.001));
#658=DIRECTION('',(0.9914448887,-0.1305259849,-0.0000000097));
#659=DIRECTION('',(-0.005350008,-0.0406374851,0.999159633));
#660=AXIS2_PLACEMENT_3D('',#657,#658,#659);
#661=PLANE('',#660);
#662=ADVANCED_FACE('no 1495',(#656),#661,.T.);
#663=CARTESIAN_POINT('',(-0.00677291,-0.00570791,-0.001));
#664=VERTEX_POINT('',#663);
#665=CARTESIAN_POINT('',(-0.01,-0.01,-0.001));
#666=DIRECTION('',(0.6009557106,0.7992823243,0.0));
#667=VECTOR('',#666,1.0);
#668=LINE('',#665,#667);
#669=EDGE_CURVE('no 9709',#19,#664,#668,.T.);
#670=ORIENTED_EDGE('no 9733',*,*,#669,.F.);
#671=ORIENTED_EDGE('no 9734',*,*,#330,.T.);
#672=CARTESIAN_POINT('',(-0.00677291,-0.00570791,-0.001));
#673=DIRECTION('',(-0.1954329989,0.9807170555,0.0));
#674=VECTOR('',#673,1.0);
#675=LINE('',#672,#674);
#676=EDGE_CURVE('no 5718',#664,#325,#675,.T.);
#677=ORIENTED_EDGE('no 9735',*,*,#676,.F.);
#678=EDGE_LOOP('',(#670,#671,#677));
#679=FACE_OUTER_BOUND('',#678,.T.);
#680=CARTESIAN_POINT('',(-0.00677291,-0.00570791,-0.001));
#681=DIRECTION('',(-0.0,0.0,-1.0));
#682=DIRECTION('',(-0.6009560512,-0.7992820682,0.0));
#683=AXIS2_PLACEMENT_3D('',#680,#681,#682);
#684=PLANE('',#683);
#685=ADVANCED_FACE('no 9743',(#679),#684,.T.);
#686=ORIENTED_EDGE('no 9779',*,*,#337,.F.);
#687=CARTESIAN_POINT('',(-0.00712504,0.0752306,-0.001));
#688=VERTEX_POINT('',#687);
#689=CARTESIAN_POINT('',(-0.00712504,0.0752306,-0.001));
#690=DIRECTION('',(-0.1305211737,0.9914455221,0.0));
#691=VECTOR('',#690,1.0);
#692=LINE('',#689,#691);
#693=EDGE_CURVE('no 1426',#688,#141,#692,.T.);
#694=ORIENTED_EDGE('no 9780',*,*,#693,.F.);
#695=CARTESIAN_POINT('',(-0.00712504,0.0752306,-0.001));
#696=DIRECTION('',(0.0029846112,-0.999995546,0.0));
#697=VECTOR('',#696,1.0);
#698=LINE('',#695,#697);
#699=EDGE_CURVE('no 9778',#688,#325,#698,.T.);
#700=ORIENTED_EDGE('no 9781',*,*,#699,.T.);
#701=EDGE_LOOP('',(#686,#694,#700));
#702=FACE_OUTER_BOUND('',#701,.T.);
#703=CARTESIAN_POINT('',(-0.00688515,-0.00514467,-0.001));
#704=DIRECTION('',(0.0,0.0,-1.0));
#705=DIRECTION('',(-0.0038896117,0.9999924354,0.0));
#706=AXIS2_PLACEMENT_3D('',#703,#704,#705);
#707=PLANE('',#706);
#708=ADVANCED_FACE('no 9789',(#702),#707,.T.);
#709=ORIENTED_EDGE('no 9618',*,*,#353,.F.);
#710=CARTESIAN_POINT('',(-0.00511834,-0.00715788,-0.001));
#711=VERTEX_POINT('',#710);
#712=CARTESIAN_POINT('',(-0.01,-0.01,-0.001));
#713=DIRECTION('',(0.8642035224,0.5031423973,0.0));
#714=VECTOR('',#713,1.0);
#715=LINE('',#712,#714);
#716=EDGE_CURVE('no 9617',#19,#711,#715,.T.);
#717=ORIENTED_EDGE('no 9619',*,*,#716,.T.);
#718=CARTESIAN_POINT('',(-0.00454524,-0.00719524,-0.001));
#719=DIRECTION('',(-0.997882233,0.0650465152,0.0));
#720=VECTOR('',#719,1.0);
#721=LINE('',#718,#720);
#722=EDGE_CURVE('no 5428',#348,#711,#721,.T.);
#723=ORIENTED_EDGE('no 9620',*,*,#722,.F.);
#724=EDGE_LOOP('',(#709,#717,#723));
#725=FACE_OUTER_BOUND('',#724,.T.);
#726=CARTESIAN_POINT('',(-0.00454524,-0.00719524,-0.001));
#727=DIRECTION('',(-0.0,0.0,-1.0));
#728=DIRECTION('',(-0.889323846,-0.4572779208,0.0));
#729=AXIS2_PLACEMENT_3D('',#726,#727,#728);
#730=PLANE('',#729);
#731=ADVANCED_FACE('no 9628',(#725),#730,.T.);
#732=ORIENTED_EDGE('no 9825',*,*,#359,.F.);
#733=CARTESIAN_POINT('',(-0.00398201,-0.00708299,-0.001));
#734=VERTEX_POINT('',#733);
#735=CARTESIAN_POINT('',(-0.00398201,-0.00708299,-0.001));
#736=DIRECTION('',(-0.9807154434,-0.1954410884,0.0));
#737=VECTOR('',#736,1.0);
#738=LINE('',#735,#737);
#739=EDGE_CURVE('no 5370',#734,#348,#738,.T.);
#740=ORIENTED_EDGE('no 9826',*,*,#739,.F.);
#741=CARTESIAN_POINT('',(-0.00398201,-0.00708299,-0.001));
#742=DIRECTION('',(0.999659687,-0.0260865918,0.0));
#743=VECTOR('',#742,1.0);
#744=LINE('',#741,#743);
#745=EDGE_CURVE('no 9824',#734,#165,#744,.T.);
#746=ORIENTED_EDGE('no 9827',*,*,#745,.T.);
#747=EDGE_LOOP('',(#732,#740,#746));
#748=FACE_OUTER_BOUND('',#747,.T.);
#749=CARTESIAN_POINT('',(0.1078,-0.01,-0.001));
#750=DIRECTION('',(0.0,0.0,-1.0));
#751=DIRECTION('',(-0.9996885059,0.0249577877,0.0));
#752=AXIS2_PLACEMENT_3D('',#749,#750,#751);
#753=PLANE('',#752);
#754=ADVANCED_FACE('no 9835',(#748),#753,.T.);
#755=ORIENTED_EDGE('no 5910',*,*,#374,.F.);
#756=CARTESIAN_POINT('',(0.1078,0.0808,0.013));
#757=VERTEX_POINT('',#756);
#758=CARTESIAN_POINT('',(0.1078,0.0808,0.013));
#759=DIRECTION('',(0.0,0.0,-1.0));
#760=VECTOR('',#759,1.0);
#761=LINE('',#758,#760);
#762=EDGE_CURVE('no 179',#757,#280,#761,.T.);
#763=ORIENTED_EDGE('no 5911',*,*,#762,.F.);
#764=CARTESIAN_POINT('',(0.1078,0.0808,0.013));
#765=DIRECTION('',(0.0,-1.0,0.0));
#766=VECTOR('',#765,1.0);
#767=LINE('',#764,#766);
#768=EDGE_CURVE('no 5909',#757,#72,#767,.T.);
#769=ORIENTED_EDGE('no 5912',*,*,#768,.T.);
#770=EDGE_LOOP('',(#755,#763,#769));
#771=FACE_OUTER_BOUND('',#770,.T.);
#772=CARTESIAN_POINT('',(0.1078,-0.01,0.013));
#773=DIRECTION('',(1.0,-0.0,0.0));
#774=DIRECTION('',(0.0,0.9883213546,-0.1523840547));
#775=AXIS2_PLACEMENT_3D('',#772,#773,#774);
#776=PLANE('',#775);
#777=ADVANCED_FACE('no 5920',(#771),#776,.T.);
#778=CARTESIAN_POINT('',(0.105,-0.005,-0.001));
#779=VERTEX_POINT('',#778);
#780=CARTESIAN_POINT('',(0.105,-0.005,-0.001));
#781=DIRECTION('',(0.4886038561,-0.8725057431,0.0));
#782=VECTOR('',#781,1.0);
#783=LINE('',#780,#782);
#784=EDGE_CURVE('no 10267',#779,#165,#783,.T.);
#785=ORIENTED_EDGE('no 10285',*,*,#784,.F.);
#786=CARTESIAN_POINT('',(0.1078,0.0808,-0.001));
#787=DIRECTION('',(-0.0326166978,-0.999467934,0.0));
#788=VECTOR('',#787,1.0);
#789=LINE('',#786,#788);
#790=EDGE_CURVE('no 9559',#280,#779,#789,.T.);
#791=ORIENTED_EDGE('no 10286',*,*,#790,.F.);
#792=ORIENTED_EDGE('no 10287',*,*,#381,.F.);
#793=EDGE_LOOP('',(#785,#791,#792));
#794=FACE_OUTER_BOUND('',#793,.T.);
#795=CARTESIAN_POINT('',(0.1078,-0.01,-0.001));
#796=DIRECTION('',(0.0,0.0,-1.0));
#797=DIRECTION('',(-0.4886038561,0.8725057431,0.0));
#798=AXIS2_PLACEMENT_3D('',#795,#796,#797);
#799=PLANE('',#798);
#800=ADVANCED_FACE('no 10295',(#794),#799,.T.);
#801=CARTESIAN_POINT('',(-0.00566225,-0.00697347,0.013));
#802=VERTEX_POINT('',#801);
#803=CARTESIAN_POINT('',(-0.01,-0.01,0.013));
#804=DIRECTION('',(0.8201098495,0.5722061121,0.0));
#805=VECTOR('',#804,1.0);
#806=LINE('',#803,#805);
#807=EDGE_CURVE('no 6519',#27,#802,#806,.T.);
#808=ORIENTED_EDGE('no 6543',*,*,#807,.F.);
#809=ORIENTED_EDGE('no 6544',*,*,#397,.T.);
#810=CARTESIAN_POINT('',(-0.00566225,-0.00697347,0.013));
#811=DIRECTION('',(0.9470480219,-0.3210919559,0.0));
#812=VECTOR('',#811,1.0);
#813=LINE('',#810,#812);
#814=EDGE_CURVE('no 5515',#802,#392,#813,.T.);
#815=ORIENTED_EDGE('no 6545',*,*,#814,.F.);
#816=EDGE_LOOP('',(#808,#809,#815));
#817=FACE_OUTER_BOUND('',#816,.T.);
#818=CARTESIAN_POINT('',(-0.00566225,-0.00697347,0.013));
#819=DIRECTION('',(0.0,0.0,1.0));
#820=DIRECTION('',(-0.8201099514,-0.5722059661,0.0));
#821=AXIS2_PLACEMENT_3D('',#818,#819,#820);
#822=PLANE('',#821);
#823=ADVANCED_FACE('no 6553',(#817),#822,.T.);
#824=CARTESIAN_POINT('',(-0.00511834,-0.00715788,0.013));
#825=DIRECTION('',(0.0409013133,-0.0026663289,-0.9991596335));
#826=VECTOR('',#825,1.0);
#827=LINE('',#824,#826);
#828=EDGE_CURVE('no 5422',#392,#348,#827,.T.);
#829=ORIENTED_EDGE('no 5458',*,*,#828,.F.);
#830=ORIENTED_EDGE('no 5459',*,*,#404,.T.);
#831=CARTESIAN_POINT('',(-0.00454524,-0.00719524,-0.001));
#832=DIRECTION('',(0.0,0.0,1.0));
#833=VECTOR('',#832,1.0);
#834=LINE('',#831,#833);
#835=EDGE_CURVE('no 5376',#348,#187,#834,.T.);
#836=ORIENTED_EDGE('no 5460',*,*,#835,.F.);
#837=EDGE_LOOP('',(#829,#830,#836));
#838=FACE_OUTER_BOUND('',#837,.T.);
#839=CARTESIAN_POINT('',(-0.00454524,-0.00719524,-0.001));
#840=DIRECTION('',(0.0650465151,0.997882233,0.0000000033));
#841=DIRECTION('',(-0.0409012851,0.002666129,0.9991596352));
#842=AXIS2_PLACEMENT_3D('',#839,#840,#841);
#843=PLANE('',#842);
#844=ADVANCED_FACE('no 5468',(#838),#843,.T.);
#845=ORIENTED_EDGE('no 6704',*,*,#421,.F.);
#846=CARTESIAN_POINT('',(-0.00346701,-0.0068288,0.013));
#847=VERTEX_POINT('',#846);
#848=CARTESIAN_POINT('',(0.1078,-0.01,0.013));
#849=DIRECTION('',(-0.9995940992,0.0284892423,0.0));
#850=VECTOR('',#849,1.0);
#851=LINE('',#848,#850);
#852=EDGE_CURVE('no 6703',#72,#847,#851,.T.);
#853=ORIENTED_EDGE('no 6705',*,*,#852,.T.);
#854=CARTESIAN_POINT('',(-0.00398201,-0.00708299,0.013));
#855=DIRECTION('',(0.8967206626,0.4425969422,0.0));
#856=VECTOR('',#855,1.0);
#857=LINE('',#854,#856);
#858=EDGE_CURVE('no 5341',#416,#847,#857,.T.);
#859=ORIENTED_EDGE('no 6706',*,*,#858,.F.);
#860=EDGE_LOOP('',(#845,#853,#859));
#861=FACE_OUTER_BOUND('',#860,.T.);
#862=CARTESIAN_POINT('',(-0.00398201,-0.00708299,0.013));
#863=DIRECTION('',(-0.0,0.0,1.0));
#864=DIRECTION('',(0.999659687,-0.0260865918,0.0));
#865=AXIS2_PLACEMENT_3D('',#862,#863,#864);
#866=PLANE('',#865);
#867=ADVANCED_FACE('no 6714',(#861),#866,.T.);
#868=CARTESIAN_POINT('',(-0.00454524,-0.00719524,0.013));
#869=DIRECTION('',(0.0401975854,0.0080107471,-0.9991596379));
#870=VECTOR('',#869,1.0);
#871=LINE('',#868,#870);
#872=EDGE_CURVE('no 5364',#187,#734,#871,.T.);
#873=ORIENTED_EDGE('no 5400',*,*,#872,.F.);
#874=ORIENTED_EDGE('no 5401',*,*,#427,.T.);
#875=CARTESIAN_POINT('',(-0.00398201,-0.00708299,-0.001));
#876=DIRECTION('',(0.0,0.0,1.0));
#877=VECTOR('',#876,1.0);
#878=LINE('',#875,#877);
#879=EDGE_CURVE('no 5318',#734,#416,#878,.T.);
#880=ORIENTED_EDGE('no 5402',*,*,#879,.F.);
#881=EDGE_LOOP('',(#873,#874,#880));
#882=FACE_OUTER_BOUND('',#881,.T.);
#883=CARTESIAN_POINT('',(-0.00398201,-0.00708299,-0.001));
#884=DIRECTION('',(-0.1954410885,0.9807154434,0.0000000035));
#885=DIRECTION('',(-0.0401975854,-0.0080107471,0.9991596379));
#886=AXIS2_PLACEMENT_3D('',#883,#884,#885);
#887=PLANE('',#886);
#888=ADVANCED_FACE('no 5410',(#882),#887,.T.);
#889=ORIENTED_EDGE('no 6497',*,*,#444,.F.);
#890=CARTESIAN_POINT('',(-0.00613989,-0.00665457,0.013));
#891=VERTEX_POINT('',#890);
#892=CARTESIAN_POINT('',(-0.01,-0.01,0.013));
#893=DIRECTION('',(0.7556889536,0.6549306875,0.0));
#894=VECTOR('',#893,1.0);
#895=LINE('',#892,#894);
#896=EDGE_CURVE('no 6496',#27,#891,#895,.T.);
#897=ORIENTED_EDGE('no 6498',*,*,#896,.T.);
#898=CARTESIAN_POINT('',(-0.00651871,-0.00622291,0.013));
#899=DIRECTION('',(0.6596059504,-0.7516115953,0.0));
#900=VECTOR('',#899,1.0);
#901=LINE('',#898,#900);
#902=EDGE_CURVE('no 5631',#439,#891,#901,.T.);
#903=ORIENTED_EDGE('no 6499',*,*,#902,.F.);
#904=EDGE_LOOP('',(#889,#897,#903));
#905=FACE_OUTER_BOUND('',#904,.T.);
#906=CARTESIAN_POINT('',(-0.00651871,-0.00622291,0.013));
#907=DIRECTION('',(0.0,0.0,1.0));
#908=DIRECTION('',(-0.6777273068,-0.7353133329,0.0));
#909=AXIS2_PLACEMENT_3D('',#906,#907,#908);
#910=PLANE('',#909);
#911=ADVANCED_FACE('no 6507',(#905),#910,.T.);
#912=CARTESIAN_POINT('',(-0.00677291,-0.00570791,-0.001));
#913=DIRECTION('',(0.0181416934,-0.0367545866,0.9991596366));
#914=VECTOR('',#913,1.0);
#915=LINE('',#912,#914);
#916=EDGE_CURVE('no 5654',#664,#439,#915,.T.);
#917=ORIENTED_EDGE('no 5690',*,*,#916,.F.);
#918=CARTESIAN_POINT('',(-0.00677291,-0.00570791,-0.001));
#919=DIRECTION('',(0.0,0.0,1.0));
#920=VECTOR('',#919,1.0);
#921=LINE('',#918,#920);
#922=EDGE_CURVE('no 5683',#664,#211,#921,.T.);
#923=ORIENTED_EDGE('no 5691',*,*,#922,.T.);
#924=ORIENTED_EDGE('no 5692',*,*,#450,.T.);
#925=EDGE_LOOP('',(#917,#923,#924));
#926=FACE_OUTER_BOUND('',#925,.T.);
#927=CARTESIAN_POINT('',(-0.00651871,-0.00622291,0.013));
#928=DIRECTION('',(0.8967141756,0.442610085,0.0000000371));
#929=DIRECTION('',(-0.0181416934,0.0367545866,-0.9991596366));
#930=AXIS2_PLACEMENT_3D('',#927,#928,#929);
#931=PLANE('',#930);
#932=ADVANCED_FACE('no 5700',(#926),#931,.T.);
#933=ORIENTED_EDGE('no 5719',*,*,#464,.T.);
#934=ORIENTED_EDGE('no 5720',*,*,#922,.F.);
#935=ORIENTED_EDGE('no 5721',*,*,#676,.T.);
#936=EDGE_LOOP('',(#933,#934,#935));
#937=FACE_OUTER_BOUND('',#936,.T.);
#938=CARTESIAN_POINT('',(-0.00688515,-0.00514467,-0.001));
#939=DIRECTION('',(0.9807156731,0.1954399358,-0.0000000223));
#940=DIRECTION('',(0.0080107171,-0.0401975854,0.9991596382));
#941=AXIS2_PLACEMENT_3D('',#938,#939,#940);
#942=PLANE('',#941);
#943=ADVANCED_FACE('no 5729',(#937),#942,.T.);
#944=CARTESIAN_POINT('',(-0.0068478,-0.00457157,-0.001));
#945=VERTEX_POINT('',#944);
#946=CARTESIAN_POINT('',(-0.0068478,-0.00457157,-0.001));
#947=DIRECTION('',(-0.002666099,-0.0409012851,0.9991596353));
#948=VECTOR('',#947,1.0);
#949=LINE('',#946,#948);
#950=EDGE_CURVE('no 5770',#945,#96,#949,.T.);
#951=ORIENTED_EDGE('no 5777',*,*,#950,.T.);
#952=ORIENTED_EDGE('no 5778',*,*,#470,.F.);
#953=CARTESIAN_POINT('',(-0.00688515,-0.00514467,-0.001));
#954=DIRECTION('',(0.065033907,0.9978830547,0.0));
#955=VECTOR('',#954,1.0);
#956=LINE('',#953,#955);
#957=EDGE_CURVE('no 5776',#325,#945,#956,.T.);
#958=ORIENTED_EDGE('no 5779',*,*,#957,.T.);
#959=EDGE_LOOP('',(#951,#952,#958));
#960=FACE_OUTER_BOUND('',#959,.T.);
#961=CARTESIAN_POINT('',(-0.0068478,-0.00457157,-0.001));
#962=DIRECTION('',(0.9978822849,-0.0650457186,-0.0000000005));
#963=DIRECTION('',(-0.002666099,-0.0409012851,0.9991596353));
#964=AXIS2_PLACEMENT_3D('',#961,#962,#963);
#965=PLANE('',#964);
#966=ADVANCED_FACE('no 5787',(#960),#965,.T.);
#967=ORIENTED_EDGE('no 6658',*,*,#488,.F.);
#968=CARTESIAN_POINT('',(-0.00690526,0.0747,0.013));
#969=VERTEX_POINT('',#968);
#970=CARTESIAN_POINT('',(-0.00690526,0.0747,0.013));
#971=DIRECTION('',(0.000251864,-0.9999999683,0.0));
#972=VECTOR('',#971,1.0);
#973=LINE('',#970,#972);
#974=EDGE_CURVE('no 5938',#969,#96,#973,.T.);
#975=ORIENTED_EDGE('no 6659',*,*,#974,.F.);
#976=CARTESIAN_POINT('',(-0.00712504,0.0752306,0.013));
#977=DIRECTION('',(0.3826808817,-0.923880589,0.0));
#978=VECTOR('',#977,1.0);
#979=LINE('',#976,#978);
#980=EDGE_CURVE('no 1397',#483,#969,#979,.T.);
#981=ORIENTED_EDGE('no 6660',*,*,#980,.F.);
#982=EDGE_LOOP('',(#967,#975,#981));
#983=FACE_OUTER_BOUND('',#982,.T.);
#984=CARTESIAN_POINT('',(-0.00712504,0.0752306,0.013));
#985=DIRECTION('',(0.0,0.0,1.0));
#986=DIRECTION('',(0.0029845086,-0.9999955463,0.0));
#987=AXIS2_PLACEMENT_3D('',#984,#985,#986);
#988=PLANE('',#987);
#989=ADVANCED_FACE('no 6668',(#983),#988,.T.);
#990=CARTESIAN_POINT('',(-0.0072,0.0758,-0.001));
#991=DIRECTION('',(0.005350008,-0.0406374851,0.999159633));
#992=VECTOR('',#991,1.0);
#993=LINE('',#990,#992);
#994=EDGE_CURVE('no 1420',#141,#483,#993,.T.);
#995=ORIENTED_EDGE('no 1456',*,*,#994,.F.);
#996=ORIENTED_EDGE('no 1457',*,*,#652,.T.);
#997=ORIENTED_EDGE('no 1458',*,*,#494,.T.);
#998=EDGE_LOOP('',(#995,#996,#997));
#999=FACE_OUTER_BOUND('',#998,.T.);
#1000=CARTESIAN_POINT('',(-0.00712504,0.0752306,0.013));
#1001=DIRECTION('',(0.9914448887,0.1305259849,0.0000000097));
#1002=DIRECTION('',(-0.005350008,0.0406374851,-0.999159633));
#1003=AXIS2_PLACEMENT_3D('',#1000,#1001,#1002);
#1004=PLANE('',#1003);
#1005=ADVANCED_FACE('no 1466',(#999),#1004,.T.);
#1006=CARTESIAN_POINT('',(-0.00690526,0.0769,0.013));
#1007=VERTEX_POINT('',#1006);
#1008=CARTESIAN_POINT('',(-0.01,0.0808,0.013));
#1009=DIRECTION('',(0.6215964757,-0.7833376165,0.0));
#1010=VECTOR('',#1009,1.0);
#1011=LINE('',#1008,#1010);
#1012=EDGE_CURVE('no 8263',#17,#1007,#1011,.T.);
#1013=ORIENTED_EDGE('no 8287',*,*,#1012,.F.);
#1014=ORIENTED_EDGE('no 8288',*,*,#510,.T.);
#1015=CARTESIAN_POINT('',(-0.00690526,0.0769,0.013));
#1016=DIRECTION('',(-0.3826808817,-0.923880589,0.0));
#1017=VECTOR('',#1016,1.0);
#1018=LINE('',#1015,#1017);
#1019=EDGE_CURVE('no 1571',#1007,#505,#1018,.T.);
#1020=ORIENTED_EDGE('no 8289',*,*,#1019,.F.);
#1021=EDGE_LOOP('',(#1013,#1014,#1020));
#1022=FACE_OUTER_BOUND('',#1021,.T.);
#1023=CARTESIAN_POINT('',(-0.00690526,0.0769,0.013));
#1024=DIRECTION('',(0.0,0.0,1.0));
#1025=DIRECTION('',(-0.6215970976,0.783337123,0.0));
#1026=AXIS2_PLACEMENT_3D('',#1023,#1024,#1025);
#1027=PLANE('',#1026);
#1028=ADVANCED_FACE('no 8297',(#1022),#1027,.T.);
#1029=ORIENTED_EDGE('no 1514',*,*,#646,.F.);
#1030=CARTESIAN_POINT('',(-0.00712504,0.0763694,-0.001));
#1031=DIRECTION('',(0.0,0.0,1.0));
#1032=VECTOR('',#1031,1.0);
#1033=LINE('',#1030,#1032);
#1034=EDGE_CURVE('no 1507',#303,#505,#1033,.T.);
#1035=ORIENTED_EDGE('no 1515',*,*,#1034,.T.);
#1036=ORIENTED_EDGE('no 1516',*,*,#517,.T.);
#1037=EDGE_LOOP('',(#1029,#1035,#1036));
#1038=FACE_OUTER_BOUND('',#1037,.T.);
#1039=CARTESIAN_POINT('',(-0.0072,0.0758,0.013));
#1040=DIRECTION('',(0.9914448887,-0.1305259849,-0.0000000097));
#1041=DIRECTION('',(0.005350008,0.0406374851,-0.999159633));
#1042=AXIS2_PLACEMENT_3D('',#1039,#1040,#1041);
#1043=PLANE('',#1042);
#1044=ADVANCED_FACE('no 1524',(#1038),#1043,.T.);
#1045=ORIENTED_EDGE('no 8218',*,*,#533,.F.);
#1046=CARTESIAN_POINT('',(-0.0061,0.0777053,0.013));
#1047=VERTEX_POINT('',#1046);
#1048=CARTESIAN_POINT('',(-0.01,0.0808,0.013));
#1049=DIRECTION('',(0.7833415285,-0.6215915457,0.0));
#1050=VECTOR('',#1049,1.0);
#1051=LINE('',#1048,#1050);
#1052=EDGE_CURVE('no 8217',#17,#1047,#1051,.T.);
#1053=ORIENTED_EDGE('no 8219',*,*,#1052,.T.);
#1054=CARTESIAN_POINT('',(-0.0055694,0.077925,0.013));
#1055=DIRECTION('',(-0.9239298323,-0.3825619754,0.0));
#1056=VECTOR('',#1055,1.0);
#1057=LINE('',#1054,#1056);
#1058=EDGE_CURVE('no 353',#528,#1047,#1057,.T.);
#1059=ORIENTED_EDGE('no 8220',*,*,#1058,.F.);
#1060=EDGE_LOOP('',(#1045,#1053,#1059));
#1061=FACE_OUTER_BOUND('',#1060,.T.);
#1062=CARTESIAN_POINT('',(-0.0055694,0.077925,0.013));
#1063=DIRECTION('',(0.0,0.0,1.0));
#1064=DIRECTION('',(-0.8388691619,0.544333105,0.0));
#1065=AXIS2_PLACEMENT_3D('',#1062,#1063,#1064);
#1066=PLANE('',#1065);
#1067=ADVANCED_FACE('no 8228',(#1061),#1066,.T.);
#1068=ORIENTED_EDGE('no 8327',*,*,#539,.F.);
#1069=CARTESIAN_POINT('',(-0.005,0.078,0.013));
#1070=VERTEX_POINT('',#1069);
#1071=CARTESIAN_POINT('',(-0.005,0.078,0.013));
#1072=DIRECTION('',(-0.9914365069,-0.1305896347,0.0));
#1073=VECTOR('',#1072,1.0);
#1074=LINE('',#1071,#1073);
#1075=EDGE_CURVE('no 411',#1070,#528,#1074,.T.);
#1076=ORIENTED_EDGE('no 8328',*,*,#1075,.F.);
#1077=CARTESIAN_POINT('',(-0.005,0.078,0.013));
#1078=DIRECTION('',(0.9775818065,0.2105559583,0.0));
#1079=VECTOR('',#1078,1.0);
#1080=LINE('',#1077,#1079);
#1081=EDGE_CURVE('no 8326',#1070,#257,#1080,.T.);
#1082=ORIENTED_EDGE('no 8329',*,*,#1081,.T.);
#1083=EDGE_LOOP('',(#1068,#1076,#1082));
#1084=FACE_OUTER_BOUND('',#1083,.T.);
#1085=CARTESIAN_POINT('',(0.008,0.0808,0.013));
#1086=DIRECTION('',(0.0,0.0,1.0));
#1087=DIRECTION('',(-0.978283786,-0.2072699547,0.0));
#1088=AXIS2_PLACEMENT_3D('',#1085,#1086,#1087);
#1089=PLANE('',#1088);
#1090=ADVANCED_FACE('no 8337',(#1084),#1089,.T.);
#1091=ORIENTED_EDGE('no 8725',*,*,#556,.T.);
#1092=CARTESIAN_POINT('',(0.008,0.0708,0.013));
#1093=VERTEX_POINT('',#1092);
#1094=CARTESIAN_POINT('',(0.008,0.0708,0.013));
#1095=DIRECTION('',(0.0,1.0,0.0));
#1096=VECTOR('',#1095,1.0);
#1097=LINE('',#1094,#1096);
#1098=EDGE_CURVE('no 8591',#1093,#257,#1097,.T.);
#1099=ORIENTED_EDGE('no 8726',*,*,#1098,.F.);
#1100=CARTESIAN_POINT('',(0.008,0.0708,0.013));
#1101=DIRECTION('',(0.0,0.0,-1.0));
#1102=VECTOR('',#1101,1.0);
#1103=LINE('',#1100,#1102);
#1104=EDGE_CURVE('no 8724',#1093,#551,#1103,.T.);
#1105=ORIENTED_EDGE('no 8727',*,*,#1104,.T.);
#1106=EDGE_LOOP('',(#1091,#1099,#1105));
#1107=FACE_OUTER_BOUND('',#1106,.T.);
#1108=CARTESIAN_POINT('',(0.008,0.0708,0.006));
#1109=DIRECTION('',(1.0,0.0,-0.0));
#1110=DIRECTION('',(0.0,0.8192321084,0.5734620759));
#1111=AXIS2_PLACEMENT_3D('',#1108,#1109,#1110);
#1112=PLANE('',#1111);
#1113=ADVANCED_FACE('no 8735',(#1107),#1112,.T.);
#1114=CARTESIAN_POINT('',(0.024,0.0708,0.006));
#1115=VERTEX_POINT('',#1114);
#1116=CARTESIAN_POINT('',(0.024,0.0708,0.006));
#1117=DIRECTION('',(-0.847998304,0.52999894,0.0));
#1118=VECTOR('',#1117,1.0);
#1119=LINE('',#1116,#1118);
#1120=EDGE_CURVE('no 8666',#1115,#118,#1119,.T.);
#1121=ORIENTED_EDGE('no 8679',*,*,#1120,.T.);
#1122=ORIENTED_EDGE('no 8680',*,*,#562,.T.);
#1123=CARTESIAN_POINT('',(0.008,0.0708,0.006));
#1124=DIRECTION('',(1.0,0.0,0.0));
#1125=VECTOR('',#1124,1.0);
#1126=LINE('',#1123,#1125);
#1127=EDGE_CURVE('no 8678',#551,#1115,#1126,.T.);
#1128=ORIENTED_EDGE('no 8681',*,*,#1127,.T.);
#1129=EDGE_LOOP('',(#1121,#1122,#1128));
#1130=FACE_OUTER_BOUND('',#1129,.T.);
#1131=CARTESIAN_POINT('',(0.024,0.0708,0.006));
#1132=DIRECTION('',(0.0,0.0,1.0));
#1133=DIRECTION('',(-0.8479981916,0.5299991198,0.0));
#1134=AXIS2_PLACEMENT_3D('',#1131,#1132,#1133);
#1135=PLANE('',#1134);
#1136=ADVANCED_FACE('no 8689',(#1130),#1135,.T.);
#1137=ORIENTED_EDGE('no 180',*,*,#579,.T.);
#1138=CARTESIAN_POINT('',(0.024,0.0808,0.006));
#1139=DIRECTION('',(0.9965293347,0.0,0.083242328));
#1140=VECTOR('',#1139,1.0);
#1141=LINE('',#1138,#1140);
#1142=EDGE_CURVE('no 173',#574,#757,#1141,.T.);
#1143=ORIENTED_EDGE('no 181',*,*,#1142,.T.);
#1144=ORIENTED_EDGE('no 182',*,*,#762,.T.);
#1145=EDGE_LOOP('',(#1137,#1143,#1144));
#1146=FACE_OUTER_BOUND('',#1145,.T.);
#1147=CARTESIAN_POINT('',(0.1078,0.0808,-0.001));
#1148=DIRECTION('',(0.0,1.0,-0.0));
#1149=DIRECTION('',(-0.9965293347,0.0,0.083242328));
#1150=AXIS2_PLACEMENT_3D('',#1147,#1148,#1149);
#1151=PLANE('',#1150);
#1152=ADVANCED_FACE('no 190',(#1146),#1151,.T.);
#1153=ORIENTED_EDGE('no 8696',*,*,#1120,.F.);
#1154=CARTESIAN_POINT('',(0.024,0.0808,0.006));
#1155=DIRECTION('',(0.0,-1.0,0.0));
#1156=VECTOR('',#1155,1.0);
#1157=LINE('',#1154,#1156);
#1158=EDGE_CURVE('no 8643',#574,#1115,#1157,.T.);
#1159=ORIENTED_EDGE('no 8697',*,*,#1158,.F.);
#1160=ORIENTED_EDGE('no 8698',*,*,#586,.F.);
#1161=EDGE_LOOP('',(#1153,#1159,#1160));
#1162=FACE_OUTER_BOUND('',#1161,.T.);
#1163=CARTESIAN_POINT('',(0.008,0.0808,0.006));
#1164=DIRECTION('',(-0.0,0.0,1.0));
#1165=DIRECTION('',(0.8479981916,-0.5299991198,0.0));
#1166=AXIS2_PLACEMENT_3D('',#1163,#1164,#1165);
#1167=PLANE('',#1166);
#1168=ADVANCED_FACE('no 8706',(#1162),#1167,.T.);
#1169=CARTESIAN_POINT('',(-0.0055694,0.077925,-0.001));
#1170=VERTEX_POINT('',#1169);
#1171=CARTESIAN_POINT('',(-0.01,0.0808,-0.001));
#1172=DIRECTION('',(0.838866422,-0.5443373275,0.0));
#1173=VECTOR('',#1172,1.0);
#1174=LINE('',#1171,#1173);
#1175=EDGE_CURVE('no 8995',#50,#1170,#1174,.T.);
#1176=ORIENTED_EDGE('no 9019',*,*,#1175,.F.);
#1177=ORIENTED_EDGE('no 9020',*,*,#602,.T.);
#1178=CARTESIAN_POINT('',(-0.0055694,0.077925,-0.001));
#1179=DIRECTION('',(0.9914438363,0.1305339784,0.0));
#1180=VECTOR('',#1179,1.0);
#1181=LINE('',#1178,#1180);
#1182=EDGE_CURVE('no 382',#1170,#597,#1181,.T.);
#1183=ORIENTED_EDGE('no 9021',*,*,#1182,.F.);
#1184=EDGE_LOOP('',(#1176,#1177,#1183));
#1185=FACE_OUTER_BOUND('',#1184,.T.);
#1186=CARTESIAN_POINT('',(-0.0055694,0.077925,-0.001));
#1187=DIRECTION('',(0.0,0.0,-1.0));
#1188=DIRECTION('',(-0.8388691619,0.544333105,0.0));
#1189=AXIS2_PLACEMENT_3D('',#1186,#1187,#1188);
#1190=PLANE('',#1189);
#1191=ADVANCED_FACE('no 9029',(#1185),#1190,.T.);
#1192=ORIENTED_EDGE('no 9065',*,*,#609,.F.);
#1193=CARTESIAN_POINT('',(-0.0044306,0.077925,-0.001));
#1194=VERTEX_POINT('',#1193);
#1195=CARTESIAN_POINT('',(0.1078,0.0808,-0.001));
#1196=DIRECTION('',(-0.9996720562,-0.0256082014,0.0));
#1197=VECTOR('',#1196,1.0);
#1198=LINE('',#1195,#1197);
#1199=EDGE_CURVE('no 9064',#280,#1194,#1198,.T.);
#1200=ORIENTED_EDGE('no 9066',*,*,#1199,.T.);
#1201=CARTESIAN_POINT('',(-0.005,0.078,-0.001));
#1202=DIRECTION('',(0.9914438363,-0.1305339784,0.0));
#1203=VECTOR('',#1202,1.0);
#1204=LINE('',#1201,#1203);
#1205=EDGE_CURVE('no 440',#597,#1194,#1204,.T.);
#1206=ORIENTED_EDGE('no 9067',*,*,#1205,.F.);
#1207=EDGE_LOOP('',(#1192,#1200,#1206));
#1208=FACE_OUTER_BOUND('',#1207,.T.);
#1209=CARTESIAN_POINT('',(-0.005,0.078,-0.001));
#1210=DIRECTION('',(0.0,0.0,-1.0));
#1211=DIRECTION('',(0.9996920604,0.0248150015,0.0));
#1212=AXIS2_PLACEMENT_3D('',#1209,#1210,#1211);
#1213=PLANE('',#1212);
#1214=ADVANCED_FACE('no 9075',(#1208),#1213,.T.);
#1215=ORIENTED_EDGE('no 8950',*,*,#626,.F.);
#1216=CARTESIAN_POINT('',(-0.00655564,0.0773556,-0.001));
#1217=VERTEX_POINT('',#1216);
#1218=CARTESIAN_POINT('',(-0.01,0.0808,-0.001));
#1219=DIRECTION('',(0.7071026753,-0.707110887,0.0));
#1220=VECTOR('',#1219,1.0);
#1221=LINE('',#1218,#1220);
#1222=EDGE_CURVE('no 8949',#50,#1217,#1221,.T.);
#1223=ORIENTED_EDGE('no 8951',*,*,#1222,.T.);
#1224=CARTESIAN_POINT('',(-0.00690526,0.0769,-0.001));
#1225=DIRECTION('',(0.6087897316,0.7933316221,0.0));
#1226=VECTOR('',#1225,1.0);
#1227=LINE('',#1224,#1226);
#1228=EDGE_CURVE('no 1600',#621,#1217,#1227,.T.);
#1229=ORIENTED_EDGE('no 8952',*,*,#1228,.F.);
#1230=EDGE_LOOP('',(#1215,#1223,#1229));
#1231=FACE_OUTER_BOUND('',#1230,.T.);
#1232=CARTESIAN_POINT('',(-0.00690526,0.0769,-0.001));
#1233=DIRECTION('',(0.0,0.0,-1.0));
#1234=DIRECTION('',(-0.6215970976,0.783337123,0.0));
#1235=AXIS2_PLACEMENT_3D('',#1232,#1233,#1234);
#1236=PLANE('',#1235);
#1237=ADVANCED_FACE('no 8960',(#1231),#1236,.T.);
#1238=CARTESIAN_POINT('',(-0.00690526,0.0769,-0.001));
#1239=DIRECTION('',(-0.0156853945,-0.0378676867,0.9991596503));
#1240=VECTOR('',#1239,1.0);
#1241=LINE('',#1238,#1240);
#1242=EDGE_CURVE('no 1536',#621,#505,#1241,.T.);
#1243=ORIENTED_EDGE('no 1543',*,*,#1242,.T.);
#1244=ORIENTED_EDGE('no 1544',*,*,#1034,.F.);
#1245=ORIENTED_EDGE('no 1545',*,*,#632,.T.);
#1246=EDGE_LOOP('',(#1243,#1244,#1245));
#1247=FACE_OUTER_BOUND('',#1246,.T.);
#1248=CARTESIAN_POINT('',(-0.00690526,0.0769,-0.001));
#1249=DIRECTION('',(0.923878048,-0.3826870163,-0.0000000805));
#1250=DIRECTION('',(-0.0156853945,-0.0378676867,0.9991596503));
#1251=AXIS2_PLACEMENT_3D('',#1248,#1249,#1250);
#1252=PLANE('',#1251);
#1253=ADVANCED_FACE('no 1553',(#1247),#1252,.T.);
#1254=CARTESIAN_POINT('',(-0.00651871,-0.00622291,-0.001));
#1255=VERTEX_POINT('',#1254);
#1256=CARTESIAN_POINT('',(-0.01,-0.01,-0.001));
#1257=DIRECTION('',(0.6777275816,0.7353130797,0.0));
#1258=VECTOR('',#1257,1.0);
#1259=LINE('',#1256,#1258);
#1260=EDGE_CURVE('no 9686',#19,#1255,#1259,.T.);
#1261=ORIENTED_EDGE('no 9710',*,*,#1260,.F.);
#1262=ORIENTED_EDGE('no 9711',*,*,#669,.T.);
#1263=CARTESIAN_POINT('',(-0.00651871,-0.00622291,-0.001));
#1264=DIRECTION('',(-0.4426109432,0.896713752,0.0));
#1265=VECTOR('',#1264,1.0);
#1266=LINE('',#1263,#1265);
#1267=EDGE_CURVE('no 5660',#1255,#664,#1266,.T.);
#1268=ORIENTED_EDGE('no 9712',*,*,#1267,.F.);
#1269=EDGE_LOOP('',(#1261,#1262,#1268));
#1270=FACE_OUTER_BOUND('',#1269,.T.);
#1271=CARTESIAN_POINT('',(-0.00651871,-0.00622291,-0.001));
#1272=DIRECTION('',(-0.0,0.0,-1.0));
#1273=DIRECTION('',(-0.6777273068,-0.7353133329,0.0));
#1274=AXIS2_PLACEMENT_3D('',#1271,#1272,#1273);
#1275=PLANE('',#1274);
#1276=ADVANCED_FACE('no 9720',(#1270),#1275,.T.);
#1277=ORIENTED_EDGE('no 1427',*,*,#994,.T.);
#1278=CARTESIAN_POINT('',(-0.00712504,0.0752306,-0.001));
#1279=DIRECTION('',(0.0,0.0,1.0));
#1280=VECTOR('',#1279,1.0);
#1281=LINE('',#1278,#1280);
#1282=EDGE_CURVE('no 1391',#688,#483,#1281,.T.);
#1283=ORIENTED_EDGE('no 1428',*,*,#1282,.F.);
#1284=ORIENTED_EDGE('no 1429',*,*,#693,.T.);
#1285=EDGE_LOOP('',(#1277,#1283,#1284));
#1286=FACE_OUTER_BOUND('',#1285,.T.);
#1287=CARTESIAN_POINT('',(-0.0072,0.0758,-0.001));
#1288=DIRECTION('',(0.9914448887,0.1305259849,0.0000000097));
#1289=DIRECTION('',(0.005350008,-0.0406374851,0.999159633));
#1290=AXIS2_PLACEMENT_3D('',#1287,#1288,#1289);
#1291=PLANE('',#1290);
#1292=ADVANCED_FACE('no 1437',(#1286),#1291,.T.);
#1293=ORIENTED_EDGE('no 9802',*,*,#699,.F.);
#1294=CARTESIAN_POINT('',(-0.00690526,0.0747,-0.001));
#1295=VERTEX_POINT('',#1294);
#1296=CARTESIAN_POINT('',(-0.00690526,0.0747,-0.001));
#1297=DIRECTION('',(-0.3826820445,0.9238801074,0.0));
#1298=VECTOR('',#1297,1.0);
#1299=LINE('',#1296,#1298);
#1300=EDGE_CURVE('no 1368',#1295,#688,#1299,.T.);
#1301=ORIENTED_EDGE('no 9803',*,*,#1300,.F.);
#1302=CARTESIAN_POINT('',(-0.00690526,0.0747,-0.001));
#1303=DIRECTION('',(0.000251864,-0.9999999683,0.0));
#1304=VECTOR('',#1303,1.0);
#1305=LINE('',#1302,#1304);
#1306=EDGE_CURVE('no 9801',#1295,#325,#1305,.T.);
#1307=ORIENTED_EDGE('no 9804',*,*,#1306,.T.);
#1308=EDGE_LOOP('',(#1293,#1301,#1307));
#1309=FACE_OUTER_BOUND('',#1308,.T.);
#1310=CARTESIAN_POINT('',(-0.00688515,-0.00514467,-0.001));
#1311=DIRECTION('',(0.0,0.0,-1.0));
#1312=DIRECTION('',(-0.0029845086,0.9999955463,0.0));
#1313=AXIS2_PLACEMENT_3D('',#1310,#1311,#1312);
#1314=PLANE('',#1313);
#1315=ADVANCED_FACE('no 9812',(#1309),#1314,.T.);
#1316=ORIENTED_EDGE('no 9641',*,*,#716,.F.);
#1317=CARTESIAN_POINT('',(-0.00566225,-0.00697347,-0.001));
#1318=VERTEX_POINT('',#1317);
#1319=CARTESIAN_POINT('',(-0.01,-0.01,-0.001));
#1320=DIRECTION('',(0.8201098495,0.5722061121,0.0));
#1321=VECTOR('',#1320,1.0);
#1322=LINE('',#1319,#1321);
#1323=EDGE_CURVE('no 9640',#19,#1318,#1322,.T.);
#1324=ORIENTED_EDGE('no 9642',*,*,#1323,.T.);
#1325=CARTESIAN_POINT('',(-0.00511834,-0.00715788,-0.001));
#1326=DIRECTION('',(-0.9470449601,0.3211009865,0.0));
#1327=VECTOR('',#1326,1.0);
#1328=LINE('',#1325,#1327);
#1329=EDGE_CURVE('no 5486',#711,#1318,#1328,.T.);
#1330=ORIENTED_EDGE('no 9643',*,*,#1329,.F.);
#1331=EDGE_LOOP('',(#1316,#1324,#1330));
#1332=FACE_OUTER_BOUND('',#1331,.T.);
#1333=CARTESIAN_POINT('',(-0.00511834,-0.00715788,-0.001));
#1334=DIRECTION('',(-0.0,0.0,-1.0));
#1335=DIRECTION('',(-0.864203128,-0.5031430746,0.0));
#1336=AXIS2_PLACEMENT_3D('',#1333,#1334,#1335);
#1337=PLANE('',#1336);
#1338=ADVANCED_FACE('no 9651',(#1332),#1337,.T.);
#1339=ORIENTED_EDGE('no 5435',*,*,#828,.T.);
#1340=ORIENTED_EDGE('no 5436',*,*,#722,.T.);
#1341=CARTESIAN_POINT('',(-0.00511834,-0.00715788,-0.001));
#1342=DIRECTION('',(0.0,0.0,1.0));
#1343=VECTOR('',#1342,1.0);
#1344=LINE('',#1341,#1343);
#1345=EDGE_CURVE('no 5434',#711,#392,#1344,.T.);
#1346=ORIENTED_EDGE('no 5437',*,*,#1345,.T.);
#1347=EDGE_LOOP('',(#1339,#1340,#1346));
#1348=FACE_OUTER_BOUND('',#1347,.T.);
#1349=CARTESIAN_POINT('',(-0.00511834,-0.00715788,0.013));
#1350=DIRECTION('',(0.0650465151,0.997882233,0.0000000033));
#1351=DIRECTION('',(0.0409012851,-0.002666129,-0.9991596352));
#1352=AXIS2_PLACEMENT_3D('',#1349,#1350,#1351);
#1353=PLANE('',#1352);
#1354=ADVANCED_FACE('no 5445',(#1348),#1353,.T.);
#1355=ORIENTED_EDGE('no 5377',*,*,#872,.T.);
#1356=ORIENTED_EDGE('no 5378',*,*,#739,.T.);
#1357=ORIENTED_EDGE('no 5379',*,*,#835,.T.);
#1358=EDGE_LOOP('',(#1355,#1356,#1357));
#1359=FACE_OUTER_BOUND('',#1358,.T.);
#1360=CARTESIAN_POINT('',(-0.00454524,-0.00719524,0.013));
#1361=DIRECTION('',(-0.1954410885,0.9807154434,0.0000000035));
#1362=DIRECTION('',(0.0401975854,0.0080107471,-0.9991596379));
#1363=AXIS2_PLACEMENT_3D('',#1360,#1361,#1362);
#1364=PLANE('',#1363);
#1365=ADVANCED_FACE('no 5387',(#1359),#1364,.T.);
#1366=ORIENTED_EDGE('no 9848',*,*,#745,.F.);
#1367=CARTESIAN_POINT('',(-0.00346701,-0.0068288,-0.001));
#1368=VERTEX_POINT('',#1367);
#1369=CARTESIAN_POINT('',(-0.00346701,-0.0068288,-0.001));
#1370=DIRECTION('',(-0.8967147677,-0.4426088853,0.0));
#1371=VECTOR('',#1370,1.0);
#1372=LINE('',#1369,#1371);
#1373=EDGE_CURVE('no 5312',#1368,#734,#1372,.T.);
#1374=ORIENTED_EDGE('no 9849',*,*,#1373,.F.);
#1375=CARTESIAN_POINT('',(-0.00346701,-0.0068288,-0.001));
#1376=DIRECTION('',(0.9995940974,-0.0284893028,0.0));
#1377=VECTOR('',#1376,1.0);
#1378=LINE('',#1375,#1377);
#1379=EDGE_CURVE('no 9847',#1368,#165,#1378,.T.);
#1380=ORIENTED_EDGE('no 9850',*,*,#1379,.T.);
#1381=EDGE_LOOP('',(#1366,#1374,#1380));
#1382=FACE_OUTER_BOUND('',#1381,.T.);
#1383=CARTESIAN_POINT('',(0.1078,-0.01,-0.001));
#1384=DIRECTION('',(0.0,0.0,-1.0));
#1385=DIRECTION('',(-0.999659687,0.0260865918,0.0));
#1386=AXIS2_PLACEMENT_3D('',#1383,#1384,#1385);
#1387=PLANE('',#1386);
#1388=ADVANCED_FACE('no 9858',(#1382),#1387,.T.);
#1389=CARTESIAN_POINT('',(0.105,0.0758,0.013));
#1390=VERTEX_POINT('',#1389);
#1391=CARTESIAN_POINT('',(0.105,0.0758,0.013));
#1392=DIRECTION('',(0.4886033689,0.8725060159,0.0));
#1393=VECTOR('',#1392,1.0);
#1394=LINE('',#1391,#1393);
#1395=EDGE_CURVE('no 7602',#1390,#757,#1394,.T.);
#1396=ORIENTED_EDGE('no 7620',*,*,#1395,.F.);
#1397=CARTESIAN_POINT('',(0.1078,-0.01,0.013));
#1398=DIRECTION('',(-0.0326166978,0.999467934,0.0));
#1399=VECTOR('',#1398,1.0);
#1400=LINE('',#1397,#1399);
#1401=EDGE_CURVE('no 7210',#72,#1390,#1400,.T.);
#1402=ORIENTED_EDGE('no 7621',*,*,#1401,.F.);
#1403=ORIENTED_EDGE('no 7622',*,*,#768,.F.);
#1404=EDGE_LOOP('',(#1396,#1402,#1403));
#1405=FACE_OUTER_BOUND('',#1404,.T.);
#1406=CARTESIAN_POINT('',(0.1078,0.0808,0.013));
#1407=DIRECTION('',(0.0,0.0,1.0));
#1408=DIRECTION('',(-0.4886038561,-0.8725057431,0.0));
#1409=AXIS2_PLACEMENT_3D('',#1406,#1407,#1408);
#1410=PLANE('',#1409);
#1411=ADVANCED_FACE('no 7630',(#1405),#1410,.T.);
#1412=CARTESIAN_POINT('',(0.104925,-0.0055694,-0.001));
#1413=VERTEX_POINT('',#1412);
#1414=CARTESIAN_POINT('',(0.104925,-0.0055694,-0.001));
#1415=DIRECTION('',(0.544333105,-0.8388691619,0.0));
#1416=VECTOR('',#1415,1.0);
#1417=LINE('',#1414,#1416);
#1418=EDGE_CURVE('no 10244',#1413,#165,#1417,.T.);
#1419=ORIENTED_EDGE('no 10268',*,*,#1418,.F.);
#1420=CARTESIAN_POINT('',(0.105,-0.005,-0.001));
#1421=DIRECTION('',(-0.1305209411,-0.9914455527,0.0));
#1422=VECTOR('',#1421,1.0);
#1423=LINE('',#1420,#1422);
#1424=EDGE_CURVE('no 2209',#779,#1413,#1423,.T.);
#1425=ORIENTED_EDGE('no 10269',*,*,#1424,.F.);
#1426=ORIENTED_EDGE('no 10270',*,*,#784,.T.);
#1427=EDGE_LOOP('',(#1419,#1425,#1426));
#1428=FACE_OUTER_BOUND('',#1427,.T.);
#1429=CARTESIAN_POINT('',(0.1078,-0.01,-0.001));
#1430=DIRECTION('',(0.0,0.0,-1.0));
#1431=DIRECTION('',(-0.544333105,0.8388691619,0.0));
#1432=AXIS2_PLACEMENT_3D('',#1429,#1430,#1431);
#1433=PLANE('',#1432);
#1434=ADVANCED_FACE('no 10278',(#1428),#1433,.T.);
#1435=CARTESIAN_POINT('',(0.105,0.0758,-0.001));
#1436=VERTEX_POINT('',#1435);
#1437=CARTESIAN_POINT('',(0.1078,0.0808,-0.001));
#1438=DIRECTION('',(-0.4886033689,-0.8725060159,0.0));
#1439=VECTOR('',#1438,1.0);
#1440=LINE('',#1437,#1439);
#1441=EDGE_CURVE('no 9536',#280,#1436,#1440,.T.);
#1442=ORIENTED_EDGE('no 9566',*,*,#1441,.F.);
#1443=ORIENTED_EDGE('no 9567',*,*,#790,.T.);
#1444=CARTESIAN_POINT('',(0.105,-0.005,-0.001));
#1445=DIRECTION('',(0.0,1.0,0.0));
#1446=VECTOR('',#1445,1.0);
#1447=LINE('',#1444,#1446);
#1448=EDGE_CURVE('no 9565',#779,#1436,#1447,.T.);
#1449=ORIENTED_EDGE('no 9568',*,*,#1448,.T.);
#1450=EDGE_LOOP('',(#1442,#1443,#1449));
#1451=FACE_OUTER_BOUND('',#1450,.T.);
#1452=CARTESIAN_POINT('',(0.105,0.0758,-0.001));
#1453=DIRECTION('',(0.0,0.0,-1.0));
#1454=DIRECTION('',(0.4886038561,0.8725057431,0.0));
#1455=AXIS2_PLACEMENT_3D('',#1452,#1453,#1454);
#1456=PLANE('',#1455);
#1457=ADVANCED_FACE('no 9576',(#1451),#1456,.T.);
#1458=ORIENTED_EDGE('no 6520',*,*,#896,.F.);
#1459=ORIENTED_EDGE('no 6521',*,*,#807,.T.);
#1460=CARTESIAN_POINT('',(-0.00613989,-0.00665457,0.013));
#1461=DIRECTION('',(0.8316697121,-0.5552706457,0.0));
#1462=VECTOR('',#1461,1.0);
#1463=LINE('',#1460,#1462);
#1464=EDGE_CURVE('no 5573',#891,#802,#1463,.T.);
#1465=ORIENTED_EDGE('no 6522',*,*,#1464,.F.);
#1466=EDGE_LOOP('',(#1458,#1459,#1465));
#1467=FACE_OUTER_BOUND('',#1466,.T.);
#1468=CARTESIAN_POINT('',(-0.00613989,-0.00665457,0.013));
#1469=DIRECTION('',(0.0,0.0,1.0));
#1470=DIRECTION('',(-0.7556888188,-0.654930843,0.0));
#1471=AXIS2_PLACEMENT_3D('',#1468,#1469,#1470);
#1472=PLANE('',#1471);
#1473=ADVANCED_FACE('no 6530',(#1467),#1472,.T.);
#1474=CARTESIAN_POINT('',(-0.00566225,-0.00697347,0.013));
#1475=DIRECTION('',(0.0388180649,-0.0131610732,-0.9991596189));
#1476=VECTOR('',#1475,1.0);
#1477=LINE('',#1474,#1476);
#1478=EDGE_CURVE('no 5480',#802,#711,#1477,.T.);
#1479=ORIENTED_EDGE('no 5516',*,*,#1478,.F.);
#1480=ORIENTED_EDGE('no 5517',*,*,#814,.T.);
#1481=ORIENTED_EDGE('no 5518',*,*,#1345,.F.);
#1482=EDGE_LOOP('',(#1479,#1480,#1481));
#1483=FACE_OUTER_BOUND('',#1482,.T.);
#1484=CARTESIAN_POINT('',(-0.00511834,-0.00715788,-0.001));
#1485=DIRECTION('',(0.3211009867,0.94704496,-0.0000000053));
#1486=DIRECTION('',(-0.038817486,0.0131612952,0.9991596384));
#1487=AXIS2_PLACEMENT_3D('',#1484,#1485,#1486);
#1488=PLANE('',#1487);
#1489=ADVANCED_FACE('no 5526',(#1483),#1488,.T.);
#1490=ORIENTED_EDGE('no 6727',*,*,#852,.F.);
#1491=CARTESIAN_POINT('',(-0.00303535,-0.00644997,0.013));
#1492=VERTEX_POINT('',#1491);
#1493=CARTESIAN_POINT('',(0.1078,-0.01,0.013));
#1494=DIRECTION('',(-0.9994874415,0.0320133459,0.0));
#1495=VECTOR('',#1494,1.0);
#1496=LINE('',#1493,#1495);
#1497=EDGE_CURVE('no 6726',#72,#1492,#1496,.T.);
#1498=ORIENTED_EDGE('no 6728',*,*,#1497,.T.);
#1499=CARTESIAN_POINT('',(-0.00346701,-0.0068288,0.013));
#1500=DIRECTION('',(0.751602963,0.6596157867,0.0));
#1501=VECTOR('',#1500,1.0);
#1502=LINE('',#1499,#1501);
#1503=EDGE_CURVE('no 5283',#847,#1492,#1502,.T.);
#1504=ORIENTED_EDGE('no 6729',*,*,#1503,.F.);
#1505=EDGE_LOOP('',(#1490,#1498,#1504));
#1506=FACE_OUTER_BOUND('',#1505,.T.);
#1507=CARTESIAN_POINT('',(-0.00346701,-0.0068288,0.013));
#1508=DIRECTION('',(-0.0,0.0,1.0));
#1509=DIRECTION('',(0.9995940974,-0.0284893028,0.0));
#1510=AXIS2_PLACEMENT_3D('',#1507,#1508,#1509);
#1511=PLANE('',#1510);
#1512=ADVANCED_FACE('no 6737',(#1506),#1511,.T.);
#1513=CARTESIAN_POINT('',(-0.00398201,-0.00708299,0.013));
#1514=DIRECTION('',(0.0367545866,0.0181416934,-0.9991596366));
#1515=VECTOR('',#1514,1.0);
#1516=LINE('',#1513,#1515);
#1517=EDGE_CURVE('no 5306',#416,#1368,#1516,.T.);
#1518=ORIENTED_EDGE('no 5342',*,*,#1517,.F.);
#1519=ORIENTED_EDGE('no 5343',*,*,#858,.T.);
#1520=CARTESIAN_POINT('',(-0.00346701,-0.0068288,-0.001));
#1521=DIRECTION('',(0.0,0.0,1.0));
#1522=VECTOR('',#1521,1.0);
#1523=LINE('',#1520,#1522);
#1524=EDGE_CURVE('no 5260',#1368,#847,#1523,.T.);
#1525=ORIENTED_EDGE('no 5344',*,*,#1524,.F.);
#1526=EDGE_LOOP('',(#1518,#1519,#1525));
#1527=FACE_OUTER_BOUND('',#1526,.T.);
#1528=CARTESIAN_POINT('',(-0.00346701,-0.0068288,-0.001));
#1529=DIRECTION('',(-0.442608886,0.8967147674,0.0000000177));
#1530=DIRECTION('',(-0.0367545866,-0.0181416934,0.9991596366));
#1531=AXIS2_PLACEMENT_3D('',#1528,#1529,#1530);
#1532=PLANE('',#1531);
#1533=ADVANCED_FACE('no 5352',(#1527),#1532,.T.);
#1534=ORIENTED_EDGE('no 5319',*,*,#1517,.T.);
#1535=ORIENTED_EDGE('no 5320',*,*,#1373,.T.);
#1536=ORIENTED_EDGE('no 5321',*,*,#879,.T.);
#1537=EDGE_LOOP('',(#1534,#1535,#1536));
#1538=FACE_OUTER_BOUND('',#1537,.T.);
#1539=CARTESIAN_POINT('',(-0.00398201,-0.00708299,0.013));
#1540=DIRECTION('',(-0.442608886,0.8967147674,0.0000000177));
#1541=DIRECTION('',(0.0367545866,0.0181416934,-0.9991596366));
#1542=AXIS2_PLACEMENT_3D('',#1539,#1540,#1541);
#1543=PLANE('',#1542);
#1544=ADVANCED_FACE('no 5329',(#1538),#1543,.T.);
#1545=CARTESIAN_POINT('',(-0.00651871,-0.00622291,-0.001));
#1546=DIRECTION('',(0.0270358326,-0.0308069466,0.9991596448));
#1547=VECTOR('',#1546,1.0);
#1548=LINE('',#1545,#1547);
#1549=EDGE_CURVE('no 5596',#1255,#891,#1548,.T.);
#1550=ORIENTED_EDGE('no 5632',*,*,#1549,.F.);
#1551=CARTESIAN_POINT('',(-0.00651871,-0.00622291,-0.001));
#1552=DIRECTION('',(0.0,0.0,1.0));
#1553=VECTOR('',#1552,1.0);
#1554=LINE('',#1551,#1553);
#1555=EDGE_CURVE('no 5625',#1255,#439,#1554,.T.);
#1556=ORIENTED_EDGE('no 5633',*,*,#1555,.T.);
#1557=ORIENTED_EDGE('no 5634',*,*,#902,.T.);
#1558=EDGE_LOOP('',(#1550,#1556,#1557));
#1559=FACE_OUTER_BOUND('',#1558,.T.);
#1560=CARTESIAN_POINT('',(-0.00613989,-0.00665457,0.013));
#1561=DIRECTION('',(0.7516043001,0.6596142631,0.0000000053));
#1562=DIRECTION('',(-0.0270362902,0.0308067888,-0.9991596373));
#1563=AXIS2_PLACEMENT_3D('',#1560,#1561,#1562);
#1564=PLANE('',#1563);
#1565=ADVANCED_FACE('no 5642',(#1559),#1564,.T.);
#1566=ORIENTED_EDGE('no 5661',*,*,#916,.T.);
#1567=ORIENTED_EDGE('no 5662',*,*,#1555,.F.);
#1568=ORIENTED_EDGE('no 5663',*,*,#1267,.T.);
#1569=EDGE_LOOP('',(#1566,#1567,#1568));
#1570=FACE_OUTER_BOUND('',#1569,.T.);
#1571=CARTESIAN_POINT('',(-0.00677291,-0.00570791,-0.001));
#1572=DIRECTION('',(0.8967141756,0.442610085,0.0000000371));
#1573=DIRECTION('',(0.0181416934,-0.0367545866,0.9991596366));
#1574=AXIS2_PLACEMENT_3D('',#1571,#1572,#1573);
#1575=PLANE('',#1574);
#1576=ADVANCED_FACE('no 5671',(#1570),#1575,.T.);
#1577=ORIENTED_EDGE('no 5800',*,*,#950,.F.);
#1578=CARTESIAN_POINT('',(-0.0068478,-0.00457157,0.013));
#1579=VERTEX_POINT('',#1578);
#1580=CARTESIAN_POINT('',(-0.0068478,-0.00457157,0.013));
#1581=DIRECTION('',(0.0,0.0,-1.0));
#1582=VECTOR('',#1581,1.0);
#1583=LINE('',#1580,#1582);
#1584=EDGE_CURVE('no 4436',#1579,#945,#1583,.T.);
#1585=ORIENTED_EDGE('no 5801',*,*,#1584,.F.);
#1586=CARTESIAN_POINT('',(-0.0068478,-0.00457157,0.013));
#1587=DIRECTION('',(-0.065033907,-0.9978830547,0.0));
#1588=VECTOR('',#1587,1.0);
#1589=LINE('',#1586,#1588);
#1590=EDGE_CURVE('no 5799',#1579,#96,#1589,.T.);
#1591=ORIENTED_EDGE('no 5802',*,*,#1590,.T.);
#1592=EDGE_LOOP('',(#1577,#1585,#1591));
#1593=FACE_OUTER_BOUND('',#1592,.T.);
#1594=CARTESIAN_POINT('',(-0.00688515,-0.00514467,0.013));
#1595=DIRECTION('',(0.9978822849,-0.0650457186,-0.0000000005));
#1596=DIRECTION('',(0.002666099,0.0409012851,-0.9991596353));
#1597=AXIS2_PLACEMENT_3D('',#1594,#1595,#1596);
#1598=PLANE('',#1597);
#1599=ADVANCED_FACE('no 5810',(#1593),#1598,.T.);
#1600=CARTESIAN_POINT('',(-0.00655564,0.0742444,-0.001));
#1601=VERTEX_POINT('',#1600);
#1602=CARTESIAN_POINT('',(-0.00655564,0.0742444,-0.001));
#1603=DIRECTION('',(-0.0041505356,-0.9999913865,0.0));
#1604=VECTOR('',#1603,1.0);
#1605=LINE('',#1602,#1604);
#1606=EDGE_CURVE('no 10853',#1601,#325,#1605,.T.);
#1607=ORIENTED_EDGE('no 10877',*,*,#1606,.F.);
#1608=CARTESIAN_POINT('',(-0.00655564,0.0742444,-0.001));
#1609=DIRECTION('',(-0.0037068375,-0.9999931297,0.0));
#1610=VECTOR('',#1609,1.0);
#1611=LINE('',#1608,#1610);
#1612=EDGE_CURVE('no 10876',#1601,#945,#1611,.T.);
#1613=ORIENTED_EDGE('no 10878',*,*,#1612,.T.);
#1614=ORIENTED_EDGE('no 10879',*,*,#957,.F.);
#1615=EDGE_LOOP('',(#1607,#1613,#1614));
#1616=FACE_OUTER_BOUND('',#1615,.T.);
#1617=CARTESIAN_POINT('',(-0.00688515,-0.00514467,-0.001));
#1618=DIRECTION('',(0.0,0.0,-1.0));
#1619=DIRECTION('',(0.0041506616,0.999991386,0.0));
#1620=AXIS2_PLACEMENT_3D('',#1617,#1618,#1619);
#1621=PLANE('',#1620);
#1622=ADVANCED_FACE('no 10887',(#1616),#1621,.T.);
#1623=CARTESIAN_POINT('',(-0.00655564,0.0742444,0.013));
#1624=VERTEX_POINT('',#1623);
#1625=CARTESIAN_POINT('',(-0.00688515,-0.00514467,0.013));
#1626=DIRECTION('',(0.0041505356,0.9999913865,0.0));
#1627=VECTOR('',#1626,1.0);
#1628=LINE('',#1625,#1627);
#1629=EDGE_CURVE('no 5932',#96,#1624,#1628,.T.);
#1630=ORIENTED_EDGE('no 5939',*,*,#1629,.T.);
#1631=CARTESIAN_POINT('',(-0.00690526,0.0747,0.013));
#1632=DIRECTION('',(0.6087897316,-0.7933316221,0.0));
#1633=VECTOR('',#1632,1.0);
#1634=LINE('',#1631,#1633);
#1635=EDGE_CURVE('no 1339',#969,#1624,#1634,.T.);
#1636=ORIENTED_EDGE('no 5940',*,*,#1635,.F.);
#1637=ORIENTED_EDGE('no 5941',*,*,#974,.T.);
#1638=EDGE_LOOP('',(#1630,#1636,#1637));
#1639=FACE_OUTER_BOUND('',#1638,.T.);
#1640=CARTESIAN_POINT('',(-0.00688515,-0.00514467,0.013));
#1641=DIRECTION('',(0.0,-0.0,1.0));
#1642=DIRECTION('',(0.0041506616,0.999991386,0.0));
#1643=AXIS2_PLACEMENT_3D('',#1640,#1641,#1642);
#1644=PLANE('',#1643);
#1645=ADVANCED_FACE('no 5949',(#1639),#1644,.T.);
#1646=CARTESIAN_POINT('',(-0.00712504,0.0752306,-0.001));
#1647=DIRECTION('',(0.0156853942,-0.037868186,0.9991596313));
#1648=VECTOR('',#1647,1.0);
#1649=LINE('',#1646,#1648);
#1650=EDGE_CURVE('no 1362',#688,#969,#1649,.T.);
#1651=ORIENTED_EDGE('no 1398',*,*,#1650,.F.);
#1652=ORIENTED_EDGE('no 1399',*,*,#1282,.T.);
#1653=ORIENTED_EDGE('no 1400',*,*,#980,.T.);
#1654=EDGE_LOOP('',(#1651,#1652,#1653));
#1655=FACE_OUTER_BOUND('',#1654,.T.);
#1656=CARTESIAN_POINT('',(-0.00690526,0.0747,0.013));
#1657=DIRECTION('',(0.9238801082,0.3826820425,0.0000000511));
#1658=DIRECTION('',(-0.0156853942,0.037868186,-0.9991596313));
#1659=AXIS2_PLACEMENT_3D('',#1656,#1657,#1658);
#1660=PLANE('',#1659);
#1661=ADVANCED_FACE('no 1408',(#1655),#1660,.T.);
#1662=CARTESIAN_POINT('',(-0.00655564,0.0773556,0.013));
#1663=VERTEX_POINT('',#1662);
#1664=CARTESIAN_POINT('',(-0.01,0.0808,0.013));
#1665=DIRECTION('',(0.7071026753,-0.707110887,0.0));
#1666=VECTOR('',#1665,1.0);
#1667=LINE('',#1664,#1666);
#1668=EDGE_CURVE('no 8240',#17,#1663,#1667,.T.);
#1669=ORIENTED_EDGE('no 8264',*,*,#1668,.F.);
#1670=ORIENTED_EDGE('no 8265',*,*,#1012,.T.);
#1671=CARTESIAN_POINT('',(-0.00655564,0.0773556,0.013));
#1672=DIRECTION('',(-0.6087897316,-0.7933316221,0.0));
#1673=VECTOR('',#1672,1.0);
#1674=LINE('',#1671,#1673);
#1675=EDGE_CURVE('no 1623',#1663,#1007,#1674,.T.);
#1676=ORIENTED_EDGE('no 8266',*,*,#1675,.F.);
#1677=EDGE_LOOP('',(#1669,#1670,#1676));
#1678=FACE_OUTER_BOUND('',#1677,.T.);
#1679=CARTESIAN_POINT('',(-0.00655564,0.0773556,0.013));
#1680=DIRECTION('',(0.0,0.0,1.0));
#1681=DIRECTION('',(-0.7071072812,0.7071062812,0.0));
#1682=AXIS2_PLACEMENT_3D('',#1679,#1680,#1681);
#1683=PLANE('',#1682);
#1684=ADVANCED_FACE('no 8274',(#1678),#1683,.T.);
#1685=ORIENTED_EDGE('no 1572',*,*,#1242,.F.);
#1686=CARTESIAN_POINT('',(-0.00690526,0.0769,-0.001));
#1687=DIRECTION('',(0.0,0.0,1.0));
#1688=VECTOR('',#1687,1.0);
#1689=LINE('',#1686,#1688);
#1690=EDGE_CURVE('no 1565',#621,#1007,#1689,.T.);
#1691=ORIENTED_EDGE('no 1573',*,*,#1690,.T.);
#1692=ORIENTED_EDGE('no 1574',*,*,#1019,.T.);
#1693=EDGE_LOOP('',(#1685,#1691,#1692));
#1694=FACE_OUTER_BOUND('',#1693,.T.);
#1695=CARTESIAN_POINT('',(-0.00712504,0.0763694,0.013));
#1696=DIRECTION('',(0.923878048,-0.3826870163,-0.0000000805));
#1697=DIRECTION('',(0.0156853945,0.0378676867,-0.9991596503));
#1698=AXIS2_PLACEMENT_3D('',#1695,#1696,#1697);
#1699=PLANE('',#1698);
#1700=ADVANCED_FACE('no 1582',(#1694),#1699,.T.);
#1701=ORIENTED_EDGE('no 8241',*,*,#1052,.F.);
#1702=ORIENTED_EDGE('no 8242',*,*,#1668,.T.);
#1703=CARTESIAN_POINT('',(-0.0061,0.0777053,0.013));
#1704=DIRECTION('',(-0.7932901612,-0.6088437568,0.0));
#1705=VECTOR('',#1704,1.0);
#1706=LINE('',#1703,#1705);
#1707=EDGE_CURVE('no 289',#1047,#1663,#1706,.T.);
#1708=ORIENTED_EDGE('no 8243',*,*,#1707,.F.);
#1709=EDGE_LOOP('',(#1701,#1702,#1708));
#1710=FACE_OUTER_BOUND('',#1709,.T.);
#1711=CARTESIAN_POINT('',(-0.0061,0.0777053,0.013));
#1712=DIRECTION('',(0.0,0.0,1.0));
#1713=DIRECTION('',(-0.7833375094,0.6215966107,0.0));
#1714=AXIS2_PLACEMENT_3D('',#1711,#1712,#1713);
#1715=PLANE('',#1714);
#1716=ADVANCED_FACE('no 8251',(#1710),#1715,.T.);
#1717=CARTESIAN_POINT('',(-0.0061,0.0777053,-0.001));
#1718=VERTEX_POINT('',#1717);
#1719=CARTESIAN_POINT('',(-0.0055694,0.077925,0.013));
#1720=DIRECTION('',(-0.0378681535,-0.0156796708,-0.9991597224));
#1721=VECTOR('',#1720,1.0);
#1722=LINE('',#1719,#1721);
#1723=EDGE_CURVE('no 318',#528,#1718,#1722,.T.);
#1724=ORIENTED_EDGE('no 354',*,*,#1723,.F.);
#1725=ORIENTED_EDGE('no 355',*,*,#1058,.T.);
#1726=CARTESIAN_POINT('',(-0.0061,0.0777053,-0.001));
#1727=DIRECTION('',(0.0,0.0,1.0));
#1728=VECTOR('',#1727,1.0);
#1729=LINE('',#1726,#1728);
#1730=EDGE_CURVE('no 266',#1718,#1047,#1729,.T.);
#1731=ORIENTED_EDGE('no 356',*,*,#1730,.F.);
#1732=EDGE_LOOP('',(#1724,#1725,#1731));
#1733=FACE_OUTER_BOUND('',#1732,.T.);
#1734=CARTESIAN_POINT('',(-0.0061,0.0777053,-0.001));
#1735=DIRECTION('',(0.382677924,-0.9238818141,0.0000000234));
#1736=DIRECTION('',(0.0378679864,0.0156851944,0.999159642));
#1737=AXIS2_PLACEMENT_3D('',#1734,#1735,#1736);
#1738=PLANE('',#1737);
#1739=ADVANCED_FACE('no 364',(#1733),#1738,.T.);
#1740=CARTESIAN_POINT('',(-0.005,0.078,0.013));
#1741=DIRECTION('',(-0.0406372495,-0.0053526409,-0.9991596285));
#1742=VECTOR('',#1741,1.0);
#1743=LINE('',#1740,#1742);
#1744=EDGE_CURVE('no 376',#1070,#1170,#1743,.T.);
#1745=ORIENTED_EDGE('no 412',*,*,#1744,.F.);
#1746=ORIENTED_EDGE('no 413',*,*,#1075,.T.);
#1747=CARTESIAN_POINT('',(-0.0055694,0.077925,-0.001));
#1748=DIRECTION('',(0.0,0.0,1.0));
#1749=VECTOR('',#1748,1.0);
#1750=LINE('',#1747,#1749);
#1751=EDGE_CURVE('no 330',#1170,#528,#1750,.T.);
#1752=ORIENTED_EDGE('no 414',*,*,#1751,.F.);
#1753=EDGE_LOOP('',(#1745,#1746,#1752));
#1754=FACE_OUTER_BOUND('',#1753,.T.);
#1755=CARTESIAN_POINT('',(-0.0055694,0.077925,-0.001));
#1756=DIRECTION('',(0.1305339784,-0.9914438363,0.0000000001));
#1757=DIRECTION('',(0.0406373852,0.005350338,0.9991596353));
#1758=AXIS2_PLACEMENT_3D('',#1755,#1756,#1757);
#1759=PLANE('',#1758);
#1760=ADVANCED_FACE('no 422',(#1754),#1759,.T.);
#1761=ORIENTED_EDGE('no 8350',*,*,#1081,.F.);
#1762=CARTESIAN_POINT('',(-0.0044306,0.077925,0.013));
#1763=VERTEX_POINT('',#1762);
#1764=CARTESIAN_POINT('',(-0.0044306,0.077925,0.013));
#1765=DIRECTION('',(-0.9914438363,0.1305339784,0.0));
#1766=VECTOR('',#1765,1.0);
#1767=LINE('',#1764,#1766);
#1768=EDGE_CURVE('no 469',#1763,#1070,#1767,.T.);
#1769=ORIENTED_EDGE('no 8351',*,*,#1768,.F.);
#1770=CARTESIAN_POINT('',(-0.0044306,0.077925,0.013));
#1771=DIRECTION('',(0.9742818166,0.2253329576,0.0));
#1772=VECTOR('',#1771,1.0);
#1773=LINE('',#1770,#1772);
#1774=EDGE_CURVE('no 8349',#1763,#257,#1773,.T.);
#1775=ORIENTED_EDGE('no 8352',*,*,#1774,.T.);
#1776=EDGE_LOOP('',(#1761,#1769,#1775));
#1777=FACE_OUTER_BOUND('',#1776,.T.);
#1778=CARTESIAN_POINT('',(0.008,0.0808,0.013));
#1779=DIRECTION('',(0.0,0.0,1.0));
#1780=DIRECTION('',(-0.9775818065,-0.2105559583,0.0));
#1781=AXIS2_PLACEMENT_3D('',#1778,#1779,#1780);
#1782=PLANE('',#1781);
#1783=ADVANCED_FACE('no 8360',(#1777),#1782,.T.);
#1784=CARTESIAN_POINT('',(0.0,0.0708,0.013));
#1785=VERTEX_POINT('',#1784);
#1786=CARTESIAN_POINT('',(0.0,0.0708,0.013));
#1787=DIRECTION('',(0.6246949256,0.780868907,0.0));
#1788=VECTOR('',#1787,1.0);
#1789=LINE('',#1786,#1788);
#1790=EDGE_CURVE('no 8493',#1785,#257,#1789,.T.);
#1791=ORIENTED_EDGE('no 8592',*,*,#1790,.F.);
#1792=CARTESIAN_POINT('',(0.0,0.0708,0.013));
#1793=DIRECTION('',(1.0,0.0,0.0));
#1794=VECTOR('',#1793,1.0);
#1795=LINE('',#1792,#1794);
#1796=EDGE_CURVE('no 8585',#1785,#1093,#1795,.T.);
#1797=ORIENTED_EDGE('no 8593',*,*,#1796,.T.);
#1798=ORIENTED_EDGE('no 8594',*,*,#1098,.T.);
#1799=EDGE_LOOP('',(#1791,#1797,#1798));
#1800=FACE_OUTER_BOUND('',#1799,.T.);
#1801=CARTESIAN_POINT('',(0.008,0.0808,0.013));
#1802=DIRECTION('',(0.0,0.0,1.0));
#1803=DIRECTION('',(-0.6246949256,-0.780868907,0.0));
#1804=AXIS2_PLACEMENT_3D('',#1801,#1802,#1803);
#1805=PLANE('',#1804);
#1806=ADVANCED_FACE('no 8602',(#1800),#1805,.T.);
#1807=CARTESIAN_POINT('',(0.008,0.0708,0.006));
#1808=DIRECTION('',(-0.7525766947,0.0,0.6585046079));
#1809=VECTOR('',#1808,1.0);
#1810=LINE('',#1807,#1809);
#1811=EDGE_CURVE('no 11417',#551,#1785,#1810,.T.);
#1812=ORIENTED_EDGE('no 11452',*,*,#1811,.F.);
#1813=ORIENTED_EDGE('no 11453',*,*,#1104,.F.);
#1814=ORIENTED_EDGE('no 11454',*,*,#1796,.F.);
#1815=EDGE_LOOP('',(#1812,#1813,#1814));
#1816=FACE_OUTER_BOUND('',#1815,.T.);
#1817=CARTESIAN_POINT('',(0.0,0.0708,0.013));
#1818=DIRECTION('',(0.0,-1.0,0.0));
#1819=DIRECTION('',(0.7525766328,0.0,-0.6585046787));
#1820=AXIS2_PLACEMENT_3D('',#1817,#1818,#1819);
#1821=PLANE('',#1820);
#1822=ADVANCED_FACE('no 11462',(#1816),#1821,.T.);
#1823=CARTESIAN_POINT('',(0.0,0.0708,0.0));
#1824=VERTEX_POINT('',#1823);
#1825=CARTESIAN_POINT('',(0.0,0.0708,0.0));
#1826=DIRECTION('',(0.8,0.0,0.6));
#1827=VECTOR('',#1826,1.0);
#1828=LINE('',#1825,#1827);
#1829=EDGE_CURVE('no 11411',#1824,#551,#1828,.T.);
#1830=ORIENTED_EDGE('no 11435',*,*,#1829,.F.);
#1831=CARTESIAN_POINT('',(0.024,0.0708,0.006));
#1832=DIRECTION('',(-0.9701425001,0.0,-0.242535625));
#1833=VECTOR('',#1832,1.0);
#1834=LINE('',#1831,#1833);
#1835=EDGE_CURVE('no 11371',#1115,#1824,#1834,.T.);
#1836=ORIENTED_EDGE('no 11436',*,*,#1835,.F.);
#1837=ORIENTED_EDGE('no 11437',*,*,#1127,.F.);
#1838=EDGE_LOOP('',(#1830,#1836,#1837));
#1839=FACE_OUTER_BOUND('',#1838,.T.);
#1840=CARTESIAN_POINT('',(0.008,0.0708,0.006));
#1841=DIRECTION('',(0.0,-1.0,-0.0));
#1842=DIRECTION('',(-0.8,0.0,-0.6));
#1843=AXIS2_PLACEMENT_3D('',#1840,#1841,#1842);
#1844=PLANE('',#1843);
#1845=ADVANCED_FACE('no 11445',(#1839),#1844,.T.);
#1846=ORIENTED_EDGE('no 232',*,*,#1142,.F.);
#1847=CARTESIAN_POINT('',(0.024,0.0808,0.013));
#1848=VERTEX_POINT('',#1847);
#1849=CARTESIAN_POINT('',(0.024,0.0808,0.006));
#1850=DIRECTION('',(0.0,0.0,1.0));
#1851=VECTOR('',#1850,1.0);
#1852=LINE('',#1849,#1851);
#1853=EDGE_CURVE('no 225',#574,#1848,#1852,.T.);
#1854=ORIENTED_EDGE('no 233',*,*,#1853,.T.);
#1855=CARTESIAN_POINT('',(0.024,0.0808,0.013));
#1856=DIRECTION('',(1.0,0.0,0.0));
#1857=VECTOR('',#1856,1.0);
#1858=LINE('',#1855,#1857);
#1859=EDGE_CURVE('no 231',#1848,#757,#1858,.T.);
#1860=ORIENTED_EDGE('no 234',*,*,#1859,.T.);
#1861=EDGE_LOOP('',(#1846,#1854,#1860));
#1862=FACE_OUTER_BOUND('',#1861,.T.);
#1863=CARTESIAN_POINT('',(0.1078,0.0808,0.013));
#1864=DIRECTION('',(0.0,1.0,0.0));
#1865=DIRECTION('',(-0.9965293347,0.0,-0.083242328));
#1866=AXIS2_PLACEMENT_3D('',#1863,#1864,#1865);
#1867=PLANE('',#1866);
#1868=ADVANCED_FACE('no 242',(#1862),#1867,.T.);
#1869=CARTESIAN_POINT('',(0.024,0.0808,0.013));
#1870=DIRECTION('',(0.0,-0.8192321084,-0.5734620759));
#1871=VECTOR('',#1870,1.0);
#1872=LINE('',#1869,#1871);
#1873=EDGE_CURVE('no 8614',#1848,#1115,#1872,.T.);
#1874=ORIENTED_EDGE('no 8644',*,*,#1873,.F.);
#1875=ORIENTED_EDGE('no 8645',*,*,#1853,.F.);
#1876=ORIENTED_EDGE('no 8646',*,*,#1158,.T.);
#1877=EDGE_LOOP('',(#1874,#1875,#1876));
#1878=FACE_OUTER_BOUND('',#1877,.T.);
#1879=CARTESIAN_POINT('',(0.024,0.0708,0.006));
#1880=DIRECTION('',(-1.0,0.0,0.0));
#1881=DIRECTION('',(0.0,0.8192321084,0.5734620759));
#1882=AXIS2_PLACEMENT_3D('',#1879,#1880,#1881);
#1883=PLANE('',#1882);
#1884=ADVANCED_FACE('no 8654',(#1878),#1883,.T.);
#1885=CARTESIAN_POINT('',(-0.01,0.0808,-0.001));
#1886=DIRECTION('',(0.7833415285,-0.6215915457,0.0));
#1887=VECTOR('',#1886,1.0);
#1888=LINE('',#1885,#1887);
#1889=EDGE_CURVE('no 8972',#50,#1718,#1888,.T.);
#1890=ORIENTED_EDGE('no 8996',*,*,#1889,.F.);
#1891=ORIENTED_EDGE('no 8997',*,*,#1175,.T.);
#1892=CARTESIAN_POINT('',(-0.0061,0.0777053,-0.001));
#1893=DIRECTION('',(0.9238818145,0.3826779232,0.0));
#1894=VECTOR('',#1893,1.0);
#1895=LINE('',#1892,#1894);
#1896=EDGE_CURVE('no 324',#1718,#1170,#1895,.T.);
#1897=ORIENTED_EDGE('no 8998',*,*,#1896,.F.);
#1898=EDGE_LOOP('',(#1890,#1891,#1897));
#1899=FACE_OUTER_BOUND('',#1898,.T.);
#1900=CARTESIAN_POINT('',(-0.0061,0.0777053,-0.001));
#1901=DIRECTION('',(0.0,0.0,-1.0));
#1902=DIRECTION('',(-0.7833375094,0.6215966107,0.0));
#1903=AXIS2_PLACEMENT_3D('',#1900,#1901,#1902);
#1904=PLANE('',#1903);
#1905=ADVANCED_FACE('no 9006',(#1899),#1904,.T.);
#1906=ORIENTED_EDGE('no 389',*,*,#1744,.T.);
#1907=ORIENTED_EDGE('no 390',*,*,#1182,.T.);
#1908=CARTESIAN_POINT('',(-0.005,0.078,-0.001));
#1909=DIRECTION('',(0.0,0.0,1.0));
#1910=VECTOR('',#1909,1.0);
#1911=LINE('',#1908,#1910);
#1912=EDGE_CURVE('no 388',#597,#1070,#1911,.T.);
#1913=ORIENTED_EDGE('no 391',*,*,#1912,.T.);
#1914=EDGE_LOOP('',(#1906,#1907,#1913));
#1915=FACE_OUTER_BOUND('',#1914,.T.);
#1916=CARTESIAN_POINT('',(-0.005,0.078,0.013));
#1917=DIRECTION('',(0.1305339784,-0.9914438363,0.0000000001));
#1918=DIRECTION('',(-0.0406373852,-0.005350338,-0.9991596353));
#1919=AXIS2_PLACEMENT_3D('',#1916,#1917,#1918);
#1920=PLANE('',#1919);
#1921=ADVANCED_FACE('no 399',(#1915),#1920,.T.);
#1922=ORIENTED_EDGE('no 9088',*,*,#1199,.F.);
#1923=CARTESIAN_POINT('',(-0.0039,0.0777053,-0.001));
#1924=VERTEX_POINT('',#1923);
#1925=CARTESIAN_POINT('',(0.1078,0.0808,-0.001));
#1926=DIRECTION('',(-0.9996164141,-0.0276952115,0.0));
#1927=VECTOR('',#1926,1.0);
#1928=LINE('',#1925,#1927);
#1929=EDGE_CURVE('no 9087',#280,#1924,#1928,.T.);
#1930=ORIENTED_EDGE('no 9089',*,*,#1929,.T.);
#1931=CARTESIAN_POINT('',(-0.0044306,0.077925,-0.001));
#1932=DIRECTION('',(0.9238818145,-0.3826779232,0.0));
#1933=VECTOR('',#1932,1.0);
#1934=LINE('',#1931,#1933);
#1935=EDGE_CURVE('no 498',#1194,#1924,#1934,.T.);
#1936=ORIENTED_EDGE('no 9090',*,*,#1935,.F.);
#1937=EDGE_LOOP('',(#1922,#1930,#1936));
#1938=FACE_OUTER_BOUND('',#1937,.T.);
#1939=CARTESIAN_POINT('',(-0.0044306,0.077925,-0.001));
#1940=DIRECTION('',(0.0,0.0,-1.0));
#1941=DIRECTION('',(0.9996720562,0.0256082014,0.0));
#1942=AXIS2_PLACEMENT_3D('',#1939,#1940,#1941);
#1943=PLANE('',#1942);
#1944=ADVANCED_FACE('no 9098',(#1938),#1943,.T.);
#1945=CARTESIAN_POINT('',(-0.0044306,0.077925,0.013));
#1946=DIRECTION('',(-0.0406372495,0.0053526409,-0.9991596285));
#1947=VECTOR('',#1946,1.0);
#1948=LINE('',#1945,#1947);
#1949=EDGE_CURVE('no 434',#1763,#597,#1948,.T.);
#1950=ORIENTED_EDGE('no 447',*,*,#1949,.T.);
#1951=ORIENTED_EDGE('no 448',*,*,#1205,.T.);
#1952=CARTESIAN_POINT('',(-0.0044306,0.077925,-0.001));
#1953=DIRECTION('',(0.0,0.0,1.0));
#1954=VECTOR('',#1953,1.0);
#1955=LINE('',#1952,#1954);
#1956=EDGE_CURVE('no 446',#1194,#1763,#1955,.T.);
#1957=ORIENTED_EDGE('no 449',*,*,#1956,.T.);
#1958=EDGE_LOOP('',(#1950,#1951,#1957));
#1959=FACE_OUTER_BOUND('',#1958,.T.);
#1960=CARTESIAN_POINT('',(-0.0044306,0.077925,0.013));
#1961=DIRECTION('',(-0.1305339784,-0.9914438363,-0.0000000001));
#1962=DIRECTION('',(-0.0406373852,0.005350338,-0.9991596353));
#1963=AXIS2_PLACEMENT_3D('',#1960,#1961,#1962);
#1964=PLANE('',#1963);
#1965=ADVANCED_FACE('no 457',(#1959),#1964,.T.);
#1966=ORIENTED_EDGE('no 8973',*,*,#1222,.F.);
#1967=ORIENTED_EDGE('no 8974',*,*,#1889,.T.);
#1968=CARTESIAN_POINT('',(-0.00655564,0.0773556,-0.001));
#1969=DIRECTION('',(0.7932901612,0.6088437568,0.0));
#1970=VECTOR('',#1969,1.0);
#1971=LINE('',#1968,#1970);
#1972=EDGE_CURVE('no 260',#1217,#1718,#1971,.T.);
#1973=ORIENTED_EDGE('no 8975',*,*,#1972,.F.);
#1974=EDGE_LOOP('',(#1966,#1967,#1973));
#1975=FACE_OUTER_BOUND('',#1974,.T.);
#1976=CARTESIAN_POINT('',(-0.00655564,0.0773556,-0.001));
#1977=DIRECTION('',(0.0,0.0,-1.0));
#1978=DIRECTION('',(-0.7071072812,0.7071062812,0.0));
#1979=AXIS2_PLACEMENT_3D('',#1976,#1977,#1978);
#1980=PLANE('',#1979);
#1981=ADVANCED_FACE('no 8983',(#1975),#1980,.T.);
#1982=CARTESIAN_POINT('',(-0.00655564,0.0773556,-0.001));
#1983=DIRECTION('',(-0.0249518729,-0.032515512,0.9991597197));
#1984=VECTOR('',#1983,1.0);
#1985=LINE('',#1982,#1984);
#1986=EDGE_CURVE('no 1594',#1217,#1007,#1985,.T.);
#1987=ORIENTED_EDGE('no 1601',*,*,#1986,.T.);
#1988=ORIENTED_EDGE('no 1602',*,*,#1690,.F.);
#1989=ORIENTED_EDGE('no 1603',*,*,#1228,.T.);
#1990=EDGE_LOOP('',(#1987,#1988,#1989));
#1991=FACE_OUTER_BOUND('',#1990,.T.);
#1992=CARTESIAN_POINT('',(-0.00655564,0.0773556,-0.001));
#1993=DIRECTION('',(0.7933568366,-0.6087568726,-0.0000000391));
#1994=DIRECTION('',(-0.0249518907,-0.0325183878,0.9991596257));
#1995=AXIS2_PLACEMENT_3D('',#1992,#1993,#1994);
#1996=PLANE('',#1995);
#1997=ADVANCED_FACE('no 1611',(#1991),#1996,.T.);
#1998=CARTESIAN_POINT('',(-0.00613989,-0.00665457,-0.001));
#1999=VERTEX_POINT('',#1998);
#2000=CARTESIAN_POINT('',(-0.01,-0.01,-0.001));
#2001=DIRECTION('',(0.7556889536,0.6549306875,0.0));
#2002=VECTOR('',#2001,1.0);
#2003=LINE('',#2000,#2002);
#2004=EDGE_CURVE('no 9663',#19,#1999,#2003,.T.);
#2005=ORIENTED_EDGE('no 9687',*,*,#2004,.F.);
#2006=ORIENTED_EDGE('no 9688',*,*,#1260,.T.);
#2007=CARTESIAN_POINT('',(-0.00613989,-0.00665457,-0.001));
#2008=DIRECTION('',(-0.6596059504,0.7516115953,0.0));
#2009=VECTOR('',#2008,1.0);
#2010=LINE('',#2007,#2009);
#2011=EDGE_CURVE('no 5602',#1999,#1255,#2010,.T.);
#2012=ORIENTED_EDGE('no 9689',*,*,#2011,.F.);
#2013=EDGE_LOOP('',(#2005,#2006,#2012));
#2014=FACE_OUTER_BOUND('',#2013,.T.);
#2015=CARTESIAN_POINT('',(-0.00613989,-0.00665457,-0.001));
#2016=DIRECTION('',(-0.0,0.0,-1.0));
#2017=DIRECTION('',(-0.7556888188,-0.654930843,0.0));
#2018=AXIS2_PLACEMENT_3D('',#2015,#2016,#2017);
#2019=PLANE('',#2018);
#2020=ADVANCED_FACE('no 9697',(#2014),#2019,.T.);
#2021=ORIENTED_EDGE('no 1369',*,*,#1650,.T.);
#2022=CARTESIAN_POINT('',(-0.00690526,0.0747,-0.001));
#2023=DIRECTION('',(0.0,0.0,1.0));
#2024=VECTOR('',#2023,1.0);
#2025=LINE('',#2022,#2024);
#2026=EDGE_CURVE('no 1333',#1295,#969,#2025,.T.);
#2027=ORIENTED_EDGE('no 1370',*,*,#2026,.F.);
#2028=ORIENTED_EDGE('no 1371',*,*,#1300,.T.);
#2029=EDGE_LOOP('',(#2021,#2027,#2028));
#2030=FACE_OUTER_BOUND('',#2029,.T.);
#2031=CARTESIAN_POINT('',(-0.00712504,0.0752306,-0.001));
#2032=DIRECTION('',(0.9238801082,0.3826820425,0.0000000511));
#2033=DIRECTION('',(0.0156853942,-0.037868186,0.9991596313));
#2034=AXIS2_PLACEMENT_3D('',#2031,#2032,#2033);
#2035=PLANE('',#2034);
#2036=ADVANCED_FACE('no 1379',(#2030),#2035,.T.);
#2037=ORIENTED_EDGE('no 10854',*,*,#1606,.T.);
#2038=ORIENTED_EDGE('no 10855',*,*,#1306,.F.);
#2039=CARTESIAN_POINT('',(-0.00655564,0.0742444,-0.001));
#2040=DIRECTION('',(-0.6087630651,0.7933520849,0.0));
#2041=VECTOR('',#2040,1.0);
#2042=LINE('',#2039,#2041);
#2043=EDGE_CURVE('no 1310',#1601,#1295,#2042,.T.);
#2044=ORIENTED_EDGE('no 10856',*,*,#2043,.F.);
#2045=EDGE_LOOP('',(#2037,#2038,#2044));
#2046=FACE_OUTER_BOUND('',#2045,.T.);
#2047=CARTESIAN_POINT('',(-0.00655564,0.0742444,-0.001));
#2048=DIRECTION('',(-0.0,0.0,-1.0));
#2049=DIRECTION('',(-0.0041506616,-0.999991386,0.0));
#2050=AXIS2_PLACEMENT_3D('',#2047,#2048,#2049);
#2051=PLANE('',#2050);
#2052=ADVANCED_FACE('no 10864',(#2046),#2051,.T.);
#2053=ORIENTED_EDGE('no 9664',*,*,#1323,.F.);
#2054=ORIENTED_EDGE('no 9665',*,*,#2004,.T.);
#2055=CARTESIAN_POINT('',(-0.00566225,-0.00697347,-0.001));
#2056=DIRECTION('',(-0.831668097,0.5552730648,0.0));
#2057=VECTOR('',#2056,1.0);
#2058=LINE('',#2055,#2057);
#2059=EDGE_CURVE('no 5544',#1318,#1999,#2058,.T.);
#2060=ORIENTED_EDGE('no 9666',*,*,#2059,.F.);
#2061=EDGE_LOOP('',(#2053,#2054,#2060));
#2062=FACE_OUTER_BOUND('',#2061,.T.);
#2063=CARTESIAN_POINT('',(-0.00566225,-0.00697347,-0.001));
#2064=DIRECTION('',(-0.0,0.0,-1.0));
#2065=DIRECTION('',(-0.8201099514,-0.5722059661,0.0));
#2066=AXIS2_PLACEMENT_3D('',#2063,#2064,#2065);
#2067=PLANE('',#2066);
#2068=ADVANCED_FACE('no 9674',(#2062),#2067,.T.);
#2069=ORIENTED_EDGE('no 5493',*,*,#1478,.T.);
#2070=ORIENTED_EDGE('no 5494',*,*,#1329,.T.);
#2071=CARTESIAN_POINT('',(-0.00566225,-0.00697347,-0.001));
#2072=DIRECTION('',(0.0,0.0,1.0));
#2073=VECTOR('',#2072,1.0);
#2074=LINE('',#2071,#2073);
#2075=EDGE_CURVE('no 5492',#1318,#802,#2074,.T.);
#2076=ORIENTED_EDGE('no 5495',*,*,#2075,.T.);
#2077=EDGE_LOOP('',(#2069,#2070,#2076));
#2078=FACE_OUTER_BOUND('',#2077,.T.);
#2079=CARTESIAN_POINT('',(-0.00566225,-0.00697347,0.013));
#2080=DIRECTION('',(0.3211009867,0.94704496,-0.0000000053));
#2081=DIRECTION('',(0.038817486,-0.0131612952,-0.9991596384));
#2082=AXIS2_PLACEMENT_3D('',#2079,#2080,#2081);
#2083=PLANE('',#2082);
#2084=ADVANCED_FACE('no 5503',(#2078),#2083,.T.);
#2085=ORIENTED_EDGE('no 9871',*,*,#1379,.F.);
#2086=CARTESIAN_POINT('',(-0.00303535,-0.00644997,-0.001));
#2087=VERTEX_POINT('',#2086);
#2088=CARTESIAN_POINT('',(-0.00303535,-0.00644997,-0.001));
#2089=DIRECTION('',(-0.751602963,-0.6596157867,0.0));
#2090=VECTOR('',#2089,1.0);
#2091=LINE('',#2088,#2090);
#2092=EDGE_CURVE('no 5254',#2087,#1368,#2091,.T.);
#2093=ORIENTED_EDGE('no 9872',*,*,#2092,.F.);
#2094=CARTESIAN_POINT('',(-0.00303535,-0.00644997,-0.001));
#2095=DIRECTION('',(0.9994874415,-0.0320133459,0.0));
#2096=VECTOR('',#2095,1.0);
#2097=LINE('',#2094,#2096);
#2098=EDGE_CURVE('no 9870',#2087,#165,#2097,.T.);
#2099=ORIENTED_EDGE('no 9873',*,*,#2098,.T.);
#2100=EDGE_LOOP('',(#2085,#2093,#2099));
#2101=FACE_OUTER_BOUND('',#2100,.T.);
#2102=CARTESIAN_POINT('',(0.1078,-0.01,-0.001));
#2103=DIRECTION('',(0.0,0.0,-1.0));
#2104=DIRECTION('',(-0.9995940974,0.0284893028,0.0));
#2105=AXIS2_PLACEMENT_3D('',#2102,#2103,#2104);
#2106=PLANE('',#2105);
#2107=ADVANCED_FACE('no 9881',(#2101),#2106,.T.);
#2108=CARTESIAN_POINT('',(0.104925,0.0763694,0.013));
#2109=VERTEX_POINT('',#2108);
#2110=CARTESIAN_POINT('',(0.104925,0.0763694,0.013));
#2111=DIRECTION('',(0.5443373275,0.838866422,0.0));
#2112=VECTOR('',#2111,1.0);
#2113=LINE('',#2110,#2112);
#2114=EDGE_CURVE('no 7579',#2109,#757,#2113,.T.);
#2115=ORIENTED_EDGE('no 7603',*,*,#2114,.F.);
#2116=CARTESIAN_POINT('',(0.105,0.0758,0.013));
#2117=DIRECTION('',(-0.1305209411,0.9914455527,0.0));
#2118=VECTOR('',#2117,1.0);
#2119=LINE('',#2116,#2118);
#2120=EDGE_CURVE('no 4384',#1390,#2109,#2119,.T.);
#2121=ORIENTED_EDGE('no 7604',*,*,#2120,.F.);
#2122=ORIENTED_EDGE('no 7605',*,*,#1395,.T.);
#2123=EDGE_LOOP('',(#2115,#2121,#2122));
#2124=FACE_OUTER_BOUND('',#2123,.T.);
#2125=CARTESIAN_POINT('',(0.1078,0.0808,0.013));
#2126=DIRECTION('',(0.0,0.0,1.0));
#2127=DIRECTION('',(-0.544333105,-0.8388691619,0.0));
#2128=AXIS2_PLACEMENT_3D('',#2125,#2126,#2127);
#2129=PLANE('',#2128);
#2130=ADVANCED_FACE('no 7613',(#2124),#2129,.T.);
#2131=CARTESIAN_POINT('',(0.105,-0.005,0.013));
#2132=VERTEX_POINT('',#2131);
#2133=CARTESIAN_POINT('',(0.1078,-0.01,0.013));
#2134=DIRECTION('',(-0.4886033689,0.8725060159,0.0));
#2135=VECTOR('',#2134,1.0);
#2136=LINE('',#2133,#2135);
#2137=EDGE_CURVE('no 7187',#72,#2132,#2136,.T.);
#2138=ORIENTED_EDGE('no 7217',*,*,#2137,.F.);
#2139=ORIENTED_EDGE('no 7218',*,*,#1401,.T.);
#2140=CARTESIAN_POINT('',(0.105,0.0758,0.013));
#2141=DIRECTION('',(0.0,-1.0,0.0));
#2142=VECTOR('',#2141,1.0);
#2143=LINE('',#2140,#2142);
#2144=EDGE_CURVE('no 7216',#1390,#2132,#2143,.T.);
#2145=ORIENTED_EDGE('no 7219',*,*,#2144,.T.);
#2146=EDGE_LOOP('',(#2138,#2139,#2145));
#2147=FACE_OUTER_BOUND('',#2146,.T.);
#2148=CARTESIAN_POINT('',(0.105,-0.005,0.013));
#2149=DIRECTION('',(-0.0,0.0,1.0));
#2150=DIRECTION('',(0.4886038561,-0.8725057431,0.0));
#2151=AXIS2_PLACEMENT_3D('',#2148,#2149,#2150);
#2152=PLANE('',#2151);
#2153=ADVANCED_FACE('no 7227',(#2147),#2152,.T.);
#2154=CARTESIAN_POINT('',(0.104705,-0.0061,-0.001));
#2155=VERTEX_POINT('',#2154);
#2156=CARTESIAN_POINT('',(0.104705,-0.0061,-0.001));
#2157=DIRECTION('',(0.6215966107,-0.7833375094,0.0));
#2158=VECTOR('',#2157,1.0);
#2159=LINE('',#2156,#2158);
#2160=EDGE_CURVE('no 10221',#2155,#165,#2159,.T.);
#2161=ORIENTED_EDGE('no 10245',*,*,#2160,.F.);
#2162=CARTESIAN_POINT('',(0.104925,-0.0055694,-0.001));
#2163=DIRECTION('',(-0.3826779232,-0.9238818145,0.0));
#2164=VECTOR('',#2163,1.0);
#2165=LINE('',#2162,#2164);
#2166=EDGE_CURVE('no 2267',#1413,#2155,#2165,.T.);
#2167=ORIENTED_EDGE('no 10246',*,*,#2166,.F.);
#2168=ORIENTED_EDGE('no 10247',*,*,#1418,.T.);
#2169=EDGE_LOOP('',(#2161,#2167,#2168));
#2170=FACE_OUTER_BOUND('',#2169,.T.);
#2171=CARTESIAN_POINT('',(0.1078,-0.01,-0.001));
#2172=DIRECTION('',(0.0,0.0,-1.0));
#2173=DIRECTION('',(-0.6215966107,0.7833375094,0.0));
#2174=AXIS2_PLACEMENT_3D('',#2171,#2172,#2173);
#2175=PLANE('',#2174);
#2176=ADVANCED_FACE('no 10255',(#2170),#2175,.T.);
#2177=CARTESIAN_POINT('',(0.105,-0.005,0.013));
#2178=DIRECTION('',(-0.0053498081,-0.0406373853,-0.9991596381));
#2179=VECTOR('',#2178,1.0);
#2180=LINE('',#2177,#2179);
#2181=EDGE_CURVE('no 2174',#2132,#1413,#2180,.T.);
#2182=ORIENTED_EDGE('no 2210',*,*,#2181,.F.);
#2183=CARTESIAN_POINT('',(0.105,-0.005,-0.001));
#2184=DIRECTION('',(0.0,0.0,1.0));
#2185=VECTOR('',#2184,1.0);
#2186=LINE('',#2183,#2185);
#2187=EDGE_CURVE('no 2122',#779,#2132,#2186,.T.);
#2188=ORIENTED_EDGE('no 2211',*,*,#2187,.F.);
#2189=ORIENTED_EDGE('no 2212',*,*,#1424,.T.);
#2190=EDGE_LOOP('',(#2182,#2188,#2189));
#2191=FACE_OUTER_BOUND('',#2190,.T.);
#2192=CARTESIAN_POINT('',(0.104925,-0.0055694,-0.001));
#2193=DIRECTION('',(-0.9914455526,0.1305209417,0.0000000136));
#2194=DIRECTION('',(0.0053498081,0.0406373853,0.9991596381));
#2195=AXIS2_PLACEMENT_3D('',#2192,#2193,#2194);
#2196=PLANE('',#2195);
#2197=ADVANCED_FACE('no 2220',(#2191),#2196,.T.);
#2198=CARTESIAN_POINT('',(0.104925,0.0763694,-0.001));
#2199=VERTEX_POINT('',#2198);
#2200=CARTESIAN_POINT('',(0.1078,0.0808,-0.001));
#2201=DIRECTION('',(-0.5443373275,-0.838866422,0.0));
#2202=VECTOR('',#2201,1.0);
#2203=LINE('',#2200,#2202);
#2204=EDGE_CURVE('no 9513',#280,#2199,#2203,.T.);
#2205=ORIENTED_EDGE('no 9537',*,*,#2204,.F.);
#2206=ORIENTED_EDGE('no 9538',*,*,#1441,.T.);
#2207=CARTESIAN_POINT('',(0.104925,0.0763694,-0.001));
#2208=DIRECTION('',(0.1305896347,-0.9914365069,0.0));
#2209=VECTOR('',#2208,1.0);
#2210=LINE('',#2207,#2209);
#2211=EDGE_CURVE('no 4407',#2199,#1436,#2210,.T.);
#2212=ORIENTED_EDGE('no 9539',*,*,#2211,.F.);
#2213=EDGE_LOOP('',(#2205,#2206,#2212));
#2214=FACE_OUTER_BOUND('',#2213,.T.);
#2215=CARTESIAN_POINT('',(0.104925,0.0763694,-0.001));
#2216=DIRECTION('',(0.0,0.0,-1.0));
#2217=DIRECTION('',(0.544333105,0.8388691619,0.0));
#2218=AXIS2_PLACEMENT_3D('',#2215,#2216,#2217);
#2219=PLANE('',#2218);
#2220=ADVANCED_FACE('no 9547',(#2214),#2219,.T.);
#2221=CARTESIAN_POINT('',(0.104925,-0.0044306,-0.001));
#2222=VERTEX_POINT('',#2221);
#2223=CARTESIAN_POINT('',(0.105,0.0758,-0.001));
#2224=DIRECTION('',(-0.000934805,-0.9999995631,0.0));
#2225=VECTOR('',#2224,1.0);
#2226=LINE('',#2223,#2225);
#2227=EDGE_CURVE('no 10813',#1436,#2222,#2226,.T.);
#2228=ORIENTED_EDGE('no 10831',*,*,#2227,.F.);
#2229=ORIENTED_EDGE('no 10832',*,*,#1448,.F.);
#2230=CARTESIAN_POINT('',(0.104925,-0.0044306,-0.001));
#2231=DIRECTION('',(0.1305896347,-0.9914365069,0.0));
#2232=VECTOR('',#2231,1.0);
#2233=LINE('',#2230,#2232);
#2234=EDGE_CURVE('no 2151',#2222,#779,#2233,.T.);
#2235=ORIENTED_EDGE('no 10833',*,*,#2234,.F.);
#2236=EDGE_LOOP('',(#2228,#2229,#2235));
#2237=FACE_OUTER_BOUND('',#2236,.T.);
#2238=CARTESIAN_POINT('',(0.104925,-0.0044306,-0.001));
#2239=DIRECTION('',(0.0,0.0,-1.0));
#2240=DIRECTION('',(0.0009343096,0.9999995635,0.0));
#2241=AXIS2_PLACEMENT_3D('',#2238,#2239,#2240);
#2242=PLANE('',#2241);
#2243=ADVANCED_FACE('no 10841',(#2237),#2242,.T.);
#2244=CARTESIAN_POINT('',(-0.00613989,-0.00665457,0.013));
#2245=DIRECTION('',(0.0340884721,-0.0227594292,-0.9991596391));
#2246=VECTOR('',#2245,1.0);
#2247=LINE('',#2244,#2246);
#2248=EDGE_CURVE('no 5538',#891,#1318,#2247,.T.);
#2249=ORIENTED_EDGE('no 5574',*,*,#2248,.F.);
#2250=ORIENTED_EDGE('no 5575',*,*,#1464,.T.);
#2251=ORIENTED_EDGE('no 5576',*,*,#2075,.F.);
#2252=EDGE_LOOP('',(#2249,#2250,#2251));
#2253=FACE_OUTER_BOUND('',#2252,.T.);
#2254=CARTESIAN_POINT('',(-0.00566225,-0.00697347,-0.001));
#2255=DIRECTION('',(0.5552730622,0.8316680987,0.0000000758));
#2256=DIRECTION('',(-0.0340884876,0.0227594917,0.9991596372));
#2257=AXIS2_PLACEMENT_3D('',#2254,#2255,#2256);
#2258=PLANE('',#2257);
#2259=ADVANCED_FACE('no 5584',(#2253),#2258,.T.);
#2260=ORIENTED_EDGE('no 6750',*,*,#1497,.F.);
#2261=CARTESIAN_POINT('',(-0.00271645,-0.00597233,0.013));
#2262=VERTEX_POINT('',#2261);
#2263=CARTESIAN_POINT('',(0.1078,-0.01,0.013));
#2264=DIRECTION('',(-0.9993365754,0.036419899,0.0));
#2265=VECTOR('',#2264,1.0);
#2266=LINE('',#2263,#2265);
#2267=EDGE_CURVE('no 6749',#72,#2262,#2266,.T.);
#2268=ORIENTED_EDGE('no 6751',*,*,#2267,.T.);
#2269=CARTESIAN_POINT('',(-0.00303535,-0.00644997,0.013));
#2270=DIRECTION('',(0.5552706457,0.8316697121,0.0));
#2271=VECTOR('',#2270,1.0);
#2272=LINE('',#2269,#2271);
#2273=EDGE_CURVE('no 5202',#1492,#2262,#2272,.T.);
#2274=ORIENTED_EDGE('no 6752',*,*,#2273,.F.);
#2275=EDGE_LOOP('',(#2260,#2268,#2274));
#2276=FACE_OUTER_BOUND('',#2275,.T.);
#2277=CARTESIAN_POINT('',(-0.00303535,-0.00644997,0.013));
#2278=DIRECTION('',(-0.0,0.0,1.0));
#2279=DIRECTION('',(0.9994874393,-0.0320134141,0.0));
#2280=AXIS2_PLACEMENT_3D('',#2277,#2278,#2279);
#2281=PLANE('',#2280);
#2282=ADVANCED_FACE('no 6760',(#2276),#2281,.T.);
#2283=CARTESIAN_POINT('',(-0.00346701,-0.0068288,0.013));
#2284=DIRECTION('',(0.030806946,0.0270365458,-0.9991596255));
#2285=VECTOR('',#2284,1.0);
#2286=LINE('',#2283,#2285);
#2287=EDGE_CURVE('no 5248',#847,#2087,#2286,.T.);
#2288=ORIENTED_EDGE('no 5284',*,*,#2287,.F.);
#2289=ORIENTED_EDGE('no 5285',*,*,#1503,.T.);
#2290=CARTESIAN_POINT('',(-0.00303535,-0.00644997,-0.001));
#2291=DIRECTION('',(0.0,0.0,1.0));
#2292=VECTOR('',#2291,1.0);
#2293=LINE('',#2290,#2292);
#2294=EDGE_CURVE('no 5196',#2087,#1492,#2293,.T.);
#2295=ORIENTED_EDGE('no 5286',*,*,#2294,.F.);
#2296=EDGE_LOOP('',(#2288,#2289,#2295));
#2297=FACE_OUTER_BOUND('',#2296,.T.);
#2298=CARTESIAN_POINT('',(-0.00303535,-0.00644997,-0.001));
#2299=DIRECTION('',(-0.659614827,0.7516038052,-0.0000000361));
#2300=DIRECTION('',(-0.0308067888,-0.0270362902,0.9991596373));
#2301=AXIS2_PLACEMENT_3D('',#2298,#2299,#2300);
#2302=PLANE('',#2301);
#2303=ADVANCED_FACE('no 5294',(#2297),#2302,.T.);
#2304=ORIENTED_EDGE('no 5261',*,*,#2287,.T.);
#2305=ORIENTED_EDGE('no 5262',*,*,#2092,.T.);
#2306=ORIENTED_EDGE('no 5263',*,*,#1524,.T.);
#2307=EDGE_LOOP('',(#2304,#2305,#2306));
#2308=FACE_OUTER_BOUND('',#2307,.T.);
#2309=CARTESIAN_POINT('',(-0.00346701,-0.0068288,0.013));
#2310=DIRECTION('',(-0.659614827,0.7516038052,-0.0000000361));
#2311=DIRECTION('',(0.0308067888,0.0270362902,-0.9991596373));
#2312=AXIS2_PLACEMENT_3D('',#2309,#2310,#2311);
#2313=PLANE('',#2312);
#2314=ADVANCED_FACE('no 5271',(#2308),#2313,.T.);
#2315=ORIENTED_EDGE('no 5603',*,*,#1549,.T.);
#2316=CARTESIAN_POINT('',(-0.00613989,-0.00665457,-0.001));
#2317=DIRECTION('',(0.0,0.0,1.0));
#2318=VECTOR('',#2317,1.0);
#2319=LINE('',#2316,#2318);
#2320=EDGE_CURVE('no 5550',#1999,#891,#2319,.T.);
#2321=ORIENTED_EDGE('no 5604',*,*,#2320,.F.);
#2322=ORIENTED_EDGE('no 5605',*,*,#2011,.T.);
#2323=EDGE_LOOP('',(#2315,#2321,#2322));
#2324=FACE_OUTER_BOUND('',#2323,.T.);
#2325=CARTESIAN_POINT('',(-0.00651871,-0.00622291,-0.001));
#2326=DIRECTION('',(0.7516043001,0.6596142631,0.0000000053));
#2327=DIRECTION('',(0.0270362902,-0.0308067888,0.9991596373));
#2328=AXIS2_PLACEMENT_3D('',#2325,#2326,#2327);
#2329=PLANE('',#2328);
#2330=ADVANCED_FACE('no 5613',(#2324),#2329,.T.);
#2331=CARTESIAN_POINT('',(-0.00666338,-0.00402767,-0.001));
#2332=VERTEX_POINT('',#2331);
#2333=CARTESIAN_POINT('',(-0.00666338,-0.00402767,-0.001));
#2334=DIRECTION('',(-0.0131612952,-0.038817486,0.9991596384));
#2335=VECTOR('',#2334,1.0);
#2336=LINE('',#2333,#2335);
#2337=EDGE_CURVE('no 4430',#2332,#1579,#2336,.T.);
#2338=ORIENTED_EDGE('no 4443',*,*,#2337,.T.);
#2339=ORIENTED_EDGE('no 4444',*,*,#1584,.T.);
#2340=CARTESIAN_POINT('',(-0.0068478,-0.00457157,-0.001));
#2341=DIRECTION('',(0.3211128675,0.9470409317,0.0));
#2342=VECTOR('',#2341,1.0);
#2343=LINE('',#2340,#2342);
#2344=EDGE_CURVE('no 4442',#945,#2332,#2343,.T.);
#2345=ORIENTED_EDGE('no 4445',*,*,#2344,.T.);
#2346=EDGE_LOOP('',(#2338,#2339,#2345));
#2347=FACE_OUTER_BOUND('',#2346,.T.);
#2348=CARTESIAN_POINT('',(-0.00666338,-0.00402767,-0.001));
#2349=DIRECTION('',(0.94704496,-0.3211009867,0.0000000053));
#2350=DIRECTION('',(-0.0131612952,-0.038817486,0.9991596384));
#2351=AXIS2_PLACEMENT_3D('',#2348,#2349,#2350);
#2352=PLANE('',#2351);
#2353=ADVANCED_FACE('no 4453',(#2347),#2352,.T.);
#2354=ORIENTED_EDGE('no 5962',*,*,#1629,.F.);
#2355=ORIENTED_EDGE('no 5963',*,*,#1590,.F.);
#2356=CARTESIAN_POINT('',(-0.0068478,-0.00457157,0.013));
#2357=DIRECTION('',(0.0037068375,0.9999931297,0.0));
#2358=VECTOR('',#2357,1.0);
#2359=LINE('',#2356,#2358);
#2360=EDGE_CURVE('no 5961',#1579,#1624,#2359,.T.);
#2361=ORIENTED_EDGE('no 5964',*,*,#2360,.T.);
#2362=EDGE_LOOP('',(#2354,#2355,#2361));
#2363=FACE_OUTER_BOUND('',#2362,.T.);
#2364=CARTESIAN_POINT('',(-0.00655564,0.0742444,0.013));
#2365=DIRECTION('',(0.0,0.0,1.0));
#2366=DIRECTION('',(-0.0041506616,-0.999991386,0.0));
#2367=AXIS2_PLACEMENT_3D('',#2364,#2365,#2366);
#2368=PLANE('',#2367);
#2369=ADVANCED_FACE('no 5972',(#2363),#2368,.T.);
#2370=ORIENTED_EDGE('no 10900',*,*,#1612,.F.);
#2371=CARTESIAN_POINT('',(-0.00655564,0.0742444,-0.001));
#2372=DIRECTION('',(-0.0013764795,-0.9999990527,0.0));
#2373=VECTOR('',#2372,1.0);
#2374=LINE('',#2371,#2373);
#2375=EDGE_CURVE('no 10899',#1601,#2332,#2374,.T.);
#2376=ORIENTED_EDGE('no 10901',*,*,#2375,.T.);
#2377=ORIENTED_EDGE('no 10902',*,*,#2344,.F.);
#2378=EDGE_LOOP('',(#2370,#2376,#2377));
#2379=FACE_OUTER_BOUND('',#2378,.T.);
#2380=CARTESIAN_POINT('',(-0.0068478,-0.00457157,-0.001));
#2381=DIRECTION('',(0.0,0.0,-1.0));
#2382=DIRECTION('',(0.0037068805,0.9999931295,0.0));
#2383=AXIS2_PLACEMENT_3D('',#2380,#2381,#2382);
#2384=PLANE('',#2383);
#2385=ADVANCED_FACE('no 10910',(#2379),#2384,.T.);
#2386=CARTESIAN_POINT('',(-0.00690526,0.0747,-0.001));
#2387=DIRECTION('',(0.0249518729,-0.032515512,0.9991597197));
#2388=VECTOR('',#2387,1.0);
#2389=LINE('',#2386,#2388);
#2390=EDGE_CURVE('no 1304',#1295,#1624,#2389,.T.);
#2391=ORIENTED_EDGE('no 1340',*,*,#2390,.F.);
#2392=ORIENTED_EDGE('no 1341',*,*,#2026,.T.);
#2393=ORIENTED_EDGE('no 1342',*,*,#1635,.T.);
#2394=EDGE_LOOP('',(#2391,#2392,#2393));
#2395=FACE_OUTER_BOUND('',#2394,.T.);
#2396=CARTESIAN_POINT('',(-0.00655564,0.0742444,0.013));
#2397=DIRECTION('',(0.7933520862,0.6087630633,0.0000000545));
#2398=DIRECTION('',(-0.0249518911,0.0325178883,-0.9991596419));
#2399=AXIS2_PLACEMENT_3D('',#2396,#2397,#2398);
#2400=PLANE('',#2399);
#2401=ADVANCED_FACE('no 1350',(#2395),#2400,.T.);
#2402=ORIENTED_EDGE('no 1624',*,*,#1986,.F.);
#2403=CARTESIAN_POINT('',(-0.00655564,0.0773556,0.013));
#2404=DIRECTION('',(0.0,0.0,-1.0));
#2405=VECTOR('',#2404,1.0);
#2406=LINE('',#2403,#2405);
#2407=EDGE_CURVE('no 295',#1663,#1217,#2406,.T.);
#2408=ORIENTED_EDGE('no 1625',*,*,#2407,.F.);
#2409=ORIENTED_EDGE('no 1626',*,*,#1675,.T.);
#2410=EDGE_LOOP('',(#2402,#2408,#2409));
#2411=FACE_OUTER_BOUND('',#2410,.T.);
#2412=CARTESIAN_POINT('',(-0.00690526,0.0769,0.013));
#2413=DIRECTION('',(0.7933568366,-0.6087568726,-0.0000000391));
#2414=DIRECTION('',(0.0249518907,0.0325183878,-0.9991596257));
#2415=AXIS2_PLACEMENT_3D('',#2412,#2413,#2414);
#2416=PLANE('',#2415);
#2417=ADVANCED_FACE('no 1634',(#2411),#2416,.T.);
#2418=CARTESIAN_POINT('',(-0.0061,0.0777053,0.013));
#2419=DIRECTION('',(-0.0325179883,-0.024951791,-0.9991596412));
#2420=VECTOR('',#2419,1.0);
#2421=LINE('',#2418,#2420);
#2422=EDGE_CURVE('no 254',#1047,#1217,#2421,.T.);
#2423=ORIENTED_EDGE('no 296',*,*,#2422,.F.);
#2424=ORIENTED_EDGE('no 297',*,*,#1707,.T.);
#2425=ORIENTED_EDGE('no 298',*,*,#2407,.T.);
#2426=EDGE_LOOP('',(#2423,#2424,#2425));
#2427=FACE_OUTER_BOUND('',#2426,.T.);
#2428=CARTESIAN_POINT('',(-0.00655564,0.0773556,-0.001));
#2429=DIRECTION('',(0.6087586168,-0.7933554982,0.000000035));
#2430=DIRECTION('',(0.0325179883,0.024951791,0.9991596412));
#2431=AXIS2_PLACEMENT_3D('',#2428,#2429,#2430);
#2432=PLANE('',#2431);
#2433=ADVANCED_FACE('no 306',(#2427),#2432,.T.);
#2434=ORIENTED_EDGE('no 331',*,*,#1723,.T.);
#2435=ORIENTED_EDGE('no 332',*,*,#1896,.T.);
#2436=ORIENTED_EDGE('no 333',*,*,#1751,.T.);
#2437=EDGE_LOOP('',(#2434,#2435,#2436));
#2438=FACE_OUTER_BOUND('',#2437,.T.);
#2439=CARTESIAN_POINT('',(-0.0055694,0.077925,0.013));
#2440=DIRECTION('',(0.382677924,-0.9238818141,0.0000000234));
#2441=DIRECTION('',(-0.0378679864,-0.0156851944,-0.999159642));
#2442=AXIS2_PLACEMENT_3D('',#2439,#2440,#2441);
#2443=PLANE('',#2442);
#2444=ADVANCED_FACE('no 341',(#2438),#2443,.T.);
#2445=ORIENTED_EDGE('no 267',*,*,#2422,.T.);
#2446=ORIENTED_EDGE('no 268',*,*,#1972,.T.);
#2447=ORIENTED_EDGE('no 269',*,*,#1730,.T.);
#2448=EDGE_LOOP('',(#2445,#2446,#2447));
#2449=FACE_OUTER_BOUND('',#2448,.T.);
#2450=CARTESIAN_POINT('',(-0.0061,0.0777053,0.013));
#2451=DIRECTION('',(0.6087586168,-0.7933554982,0.000000035));
#2452=DIRECTION('',(-0.0325179883,-0.024951791,-0.9991596412));
#2453=AXIS2_PLACEMENT_3D('',#2450,#2451,#2452);
#2454=PLANE('',#2453);
#2455=ADVANCED_FACE('no 277',(#2449),#2454,.T.);
#2456=ORIENTED_EDGE('no 470',*,*,#1949,.F.);
#2457=ORIENTED_EDGE('no 471',*,*,#1768,.T.);
#2458=ORIENTED_EDGE('no 472',*,*,#1912,.F.);
#2459=EDGE_LOOP('',(#2456,#2457,#2458));
#2460=FACE_OUTER_BOUND('',#2459,.T.);
#2461=CARTESIAN_POINT('',(-0.005,0.078,-0.001));
#2462=DIRECTION('',(-0.1305339784,-0.9914438363,-0.0000000001));
#2463=DIRECTION('',(0.0406373852,-0.005350338,0.9991596353));
#2464=AXIS2_PLACEMENT_3D('',#2461,#2462,#2463);
#2465=PLANE('',#2464);
#2466=ADVANCED_FACE('no 480',(#2460),#2465,.T.);
#2467=ORIENTED_EDGE('no 8373',*,*,#1774,.F.);
#2468=CARTESIAN_POINT('',(-0.0039,0.0777053,0.013));
#2469=VERTEX_POINT('',#2468);
#2470=CARTESIAN_POINT('',(-0.0039,0.0777053,0.013));
#2471=DIRECTION('',(-0.9238818145,0.3826779232,0.0));
#2472=VECTOR('',#2471,1.0);
#2473=LINE('',#2470,#2472);
#2474=EDGE_CURVE('no 527',#2469,#1763,#2473,.T.);
#2475=ORIENTED_EDGE('no 8374',*,*,#2474,.F.);
#2476=CARTESIAN_POINT('',(-0.0039,0.0777053,0.013));
#2477=DIRECTION('',(0.9678079124,0.2516899772,0.0));
#2478=VECTOR('',#2477,1.0);
#2479=LINE('',#2476,#2478);
#2480=EDGE_CURVE('no 8372',#2469,#257,#2479,.T.);
#2481=ORIENTED_EDGE('no 8375',*,*,#2480,.T.);
#2482=EDGE_LOOP('',(#2467,#2475,#2481));
#2483=FACE_OUTER_BOUND('',#2482,.T.);
#2484=CARTESIAN_POINT('',(0.008,0.0808,0.013));
#2485=DIRECTION('',(0.0,0.0,1.0));
#2486=DIRECTION('',(-0.9742818166,-0.2253329576,0.0));
#2487=AXIS2_PLACEMENT_3D('',#2484,#2485,#2486);
#2488=PLANE('',#2487);
#2489=ADVANCED_FACE('no 8383',(#2483),#2488,.T.);
#2490=CARTESIAN_POINT('',(-0.0028,0.0758,0.013));
#2491=VERTEX_POINT('',#2490);
#2492=CARTESIAN_POINT('',(-0.0028,0.0758,0.013));
#2493=DIRECTION('',(0.9074671401,0.4201230649,0.0));
#2494=VECTOR('',#2493,1.0);
#2495=LINE('',#2492,#2494);
#2496=EDGE_CURVE('no 8464',#2491,#257,#2495,.T.);
#2497=ORIENTED_EDGE('no 8494',*,*,#2496,.F.);
#2498=CARTESIAN_POINT('',(-0.0028,0.0758,0.013));
#2499=DIRECTION('',(0.4886030949,-0.8725061694,0.0));
#2500=VECTOR('',#2499,1.0);
#2501=LINE('',#2498,#2500);
#2502=EDGE_CURVE('no 8487',#2491,#1785,#2501,.T.);
#2503=ORIENTED_EDGE('no 8495',*,*,#2502,.T.);
#2504=ORIENTED_EDGE('no 8496',*,*,#1790,.T.);
#2505=EDGE_LOOP('',(#2497,#2503,#2504));
#2506=FACE_OUTER_BOUND('',#2505,.T.);
#2507=CARTESIAN_POINT('',(0.008,0.0808,0.013));
#2508=DIRECTION('',(0.0,0.0,1.0));
#2509=DIRECTION('',(-0.9074671401,-0.4201230649,0.0));
#2510=AXIS2_PLACEMENT_3D('',#2507,#2508,#2509);
#2511=PLANE('',#2510);
#2512=ADVANCED_FACE('no 8504',(#2506),#2511,.T.);
#2513=ORIENTED_EDGE('no 11418',*,*,#1829,.T.);
#2514=ORIENTED_EDGE('no 11419',*,*,#1811,.T.);
#2515=CARTESIAN_POINT('',(0.0,0.0708,0.0));
#2516=DIRECTION('',(0.0,0.0,1.0));
#2517=VECTOR('',#2516,1.0);
#2518=LINE('',#2515,#2517);
#2519=EDGE_CURVE('no 8851',#1824,#1785,#2518,.T.);
#2520=ORIENTED_EDGE('no 11420',*,*,#2519,.F.);
#2521=EDGE_LOOP('',(#2513,#2514,#2520));
#2522=FACE_OUTER_BOUND('',#2521,.T.);
#2523=CARTESIAN_POINT('',(0.0,0.0708,0.0));
#2524=DIRECTION('',(0.0,-1.0,0.0));
#2525=DIRECTION('',(0.8,0.0,0.6));
#2526=AXIS2_PLACEMENT_3D('',#2523,#2524,#2525);
#2527=PLANE('',#2526);
#2528=ADVANCED_FACE('no 11428',(#2522),#2527,.T.);
#2529=CARTESIAN_POINT('',(0.0978,0.0708,0.013));
#2530=VERTEX_POINT('',#2529);
#2531=CARTESIAN_POINT('',(0.0978,0.0708,0.013));
#2532=DIRECTION('',(-0.991280934,0.0,-0.1317653593));
#2533=VECTOR('',#2532,1.0);
#2534=LINE('',#2531,#2533);
#2535=EDGE_CURVE('no 11330',#2530,#1824,#2534,.T.);
#2536=ORIENTED_EDGE('no 11372',*,*,#2535,.F.);
#2537=CARTESIAN_POINT('',(0.0978,0.0708,0.013));
#2538=DIRECTION('',(-0.9955317757,0.0,-0.0944271332));
#2539=VECTOR('',#2538,1.0);
#2540=LINE('',#2537,#2539);
#2541=EDGE_CURVE('no 11365',#2530,#1115,#2540,.T.);
#2542=ORIENTED_EDGE('no 11373',*,*,#2541,.T.);
#2543=ORIENTED_EDGE('no 11374',*,*,#1835,.T.);
#2544=EDGE_LOOP('',(#2536,#2542,#2543));
#2545=FACE_OUTER_BOUND('',#2544,.T.);
#2546=CARTESIAN_POINT('',(0.0,0.0708,0.0));
#2547=DIRECTION('',(0.0,-1.0,0.0));
#2548=DIRECTION('',(0.9912809821,0.0,0.1317649976));
#2549=AXIS2_PLACEMENT_3D('',#2546,#2547,#2548);
#2550=PLANE('',#2549);
#2551=ADVANCED_FACE('no 11382',(#2545),#2550,.T.);
#2552=CARTESIAN_POINT('',(0.1017,0.0777053,0.013));
#2553=VERTEX_POINT('',#2552);
#2554=CARTESIAN_POINT('',(0.1017,0.0777053,0.013));
#2555=DIRECTION('',(-0.9992077746,0.0397972754,0.0));
#2556=VECTOR('',#2555,1.0);
#2557=LINE('',#2554,#2556);
#2558=EDGE_CURVE('no 7326',#2553,#1848,#2557,.T.);
#2559=ORIENTED_EDGE('no 7350',*,*,#2558,.F.);
#2560=CARTESIAN_POINT('',(0.1017,0.0777053,0.013));
#2561=DIRECTION('',(0.8917979206,0.4524339385,0.0));
#2562=VECTOR('',#2561,1.0);
#2563=LINE('',#2560,#2562);
#2564=EDGE_CURVE('no 7349',#2553,#757,#2563,.T.);
#2565=ORIENTED_EDGE('no 7351',*,*,#2564,.T.);
#2566=ORIENTED_EDGE('no 7352',*,*,#1859,.F.);
#2567=EDGE_LOOP('',(#2559,#2565,#2566));
#2568=FACE_OUTER_BOUND('',#2567,.T.);
#2569=CARTESIAN_POINT('',(0.024,0.0808,0.013));
#2570=DIRECTION('',(-0.0,0.0,1.0));
#2571=DIRECTION('',(0.9992077541,-0.0397977902,0.0));
#2572=AXIS2_PLACEMENT_3D('',#2569,#2570,#2571);
#2573=PLANE('',#2572);
#2574=ADVANCED_FACE('no 7360',(#2568),#2573,.T.);
#2575=ORIENTED_EDGE('no 8621',*,*,#1873,.T.);
#2576=CARTESIAN_POINT('',(0.024,0.0708,0.013));
#2577=VERTEX_POINT('',#2576);
#2578=CARTESIAN_POINT('',(0.024,0.0708,0.006));
#2579=DIRECTION('',(0.0,0.0,1.0));
#2580=VECTOR('',#2579,1.0);
#2581=LINE('',#2578,#2580);
#2582=EDGE_CURVE('no 8620',#1115,#2577,#2581,.T.);
#2583=ORIENTED_EDGE('no 8622',*,*,#2582,.T.);
#2584=CARTESIAN_POINT('',(0.024,0.0808,0.013));
#2585=DIRECTION('',(0.0,-1.0,0.0));
#2586=VECTOR('',#2585,1.0);
#2587=LINE('',#2584,#2586);
#2588=EDGE_CURVE('no 7245',#1848,#2577,#2587,.T.);
#2589=ORIENTED_EDGE('no 8623',*,*,#2588,.F.);
#2590=EDGE_LOOP('',(#2575,#2583,#2589));
#2591=FACE_OUTER_BOUND('',#2590,.T.);
#2592=CARTESIAN_POINT('',(0.024,0.0808,0.013));
#2593=DIRECTION('',(-1.0,-0.0,0.0));
#2594=DIRECTION('',(0.0,-0.8192321084,-0.5734620759));
#2595=AXIS2_PLACEMENT_3D('',#2592,#2593,#2594);
#2596=PLANE('',#2595);
#2597=ADVANCED_FACE('no 8631',(#2591),#2596,.T.);
#2598=ORIENTED_EDGE('no 9111',*,*,#1929,.F.);
#2599=CARTESIAN_POINT('',(-0.00344436,0.0773556,-0.001));
#2600=VERTEX_POINT('',#2599);
#2601=CARTESIAN_POINT('',(0.1078,0.0808,-0.001));
#2602=DIRECTION('',(-0.9995210176,-0.0309473005,0.0));
#2603=VECTOR('',#2602,1.0);
#2604=LINE('',#2601,#2603);
#2605=EDGE_CURVE('no 9110',#280,#2600,#2604,.T.);
#2606=ORIENTED_EDGE('no 9112',*,*,#2605,.T.);
#2607=CARTESIAN_POINT('',(-0.0039,0.0777053,-0.001));
#2608=DIRECTION('',(0.7933551285,-0.6087590986,0.0));
#2609=VECTOR('',#2608,1.0);
#2610=LINE('',#2607,#2609);
#2611=EDGE_CURVE('no 556',#1924,#2600,#2610,.T.);
#2612=ORIENTED_EDGE('no 9113',*,*,#2611,.F.);
#2613=EDGE_LOOP('',(#2598,#2606,#2612));
#2614=FACE_OUTER_BOUND('',#2613,.T.);
#2615=CARTESIAN_POINT('',(-0.0039,0.0777053,-0.001));
#2616=DIRECTION('',(0.0,0.0,-1.0));
#2617=DIRECTION('',(0.9996164141,0.0276952115,0.0));
#2618=AXIS2_PLACEMENT_3D('',#2615,#2616,#2617);
#2619=PLANE('',#2618);
#2620=ADVANCED_FACE('no 9121',(#2614),#2619,.T.);
#2621=CARTESIAN_POINT('',(-0.0039,0.0777053,0.013));
#2622=DIRECTION('',(-0.0378681535,0.0156796708,-0.9991597224));
#2623=VECTOR('',#2622,1.0);
#2624=LINE('',#2621,#2623);
#2625=EDGE_CURVE('no 492',#2469,#1194,#2624,.T.);
#2626=ORIENTED_EDGE('no 505',*,*,#2625,.T.);
#2627=ORIENTED_EDGE('no 506',*,*,#1935,.T.);
#2628=CARTESIAN_POINT('',(-0.0039,0.0777053,-0.001));
#2629=DIRECTION('',(0.0,0.0,1.0));
#2630=VECTOR('',#2629,1.0);
#2631=LINE('',#2628,#2630);
#2632=EDGE_CURVE('no 504',#1924,#2469,#2631,.T.);
#2633=ORIENTED_EDGE('no 507',*,*,#2632,.T.);
#2634=EDGE_LOOP('',(#2626,#2627,#2633));
#2635=FACE_OUTER_BOUND('',#2634,.T.);
#2636=CARTESIAN_POINT('',(-0.0039,0.0777053,0.013));
#2637=DIRECTION('',(-0.382677924,-0.9238818141,-0.0000000234));
#2638=DIRECTION('',(-0.0378679864,0.0156851944,-0.999159642));
#2639=AXIS2_PLACEMENT_3D('',#2636,#2637,#2638);
#2640=PLANE('',#2639);
#2641=ADVANCED_FACE('no 515',(#2635),#2640,.T.);
#2642=ORIENTED_EDGE('no 528',*,*,#2625,.F.);
#2643=ORIENTED_EDGE('no 529',*,*,#2474,.T.);
#2644=ORIENTED_EDGE('no 530',*,*,#1956,.F.);
#2645=EDGE_LOOP('',(#2642,#2643,#2644));
#2646=FACE_OUTER_BOUND('',#2645,.T.);
#2647=CARTESIAN_POINT('',(-0.0044306,0.077925,-0.001));
#2648=DIRECTION('',(-0.382677924,-0.9238818141,-0.0000000234));
#2649=DIRECTION('',(0.0378679864,-0.0156851944,0.999159642));
#2650=AXIS2_PLACEMENT_3D('',#2647,#2648,#2649);
#2651=PLANE('',#2650);
#2652=ADVANCED_FACE('no 538',(#2646),#2651,.T.);
#2653=ORIENTED_EDGE('no 1311',*,*,#2390,.T.);
#2654=CARTESIAN_POINT('',(-0.00655564,0.0742444,-0.001));
#2655=DIRECTION('',(0.0,0.0,1.0));
#2656=VECTOR('',#2655,1.0);
#2657=LINE('',#2654,#2656);
#2658=EDGE_CURVE('no 1258',#1601,#1624,#2657,.T.);
#2659=ORIENTED_EDGE('no 1312',*,*,#2658,.F.);
#2660=ORIENTED_EDGE('no 1313',*,*,#2043,.T.);
#2661=EDGE_LOOP('',(#2653,#2659,#2660));
#2662=FACE_OUTER_BOUND('',#2661,.T.);
#2663=CARTESIAN_POINT('',(-0.00690526,0.0747,-0.001));
#2664=DIRECTION('',(0.7933520862,0.6087630633,0.0000000545));
#2665=DIRECTION('',(0.0249518911,-0.0325178883,0.9991596419));
#2666=AXIS2_PLACEMENT_3D('',#2663,#2664,#2665);
#2667=PLANE('',#2666);
#2668=ADVANCED_FACE('no 1321',(#2662),#2667,.T.);
#2669=ORIENTED_EDGE('no 5551',*,*,#2248,.T.);
#2670=ORIENTED_EDGE('no 5552',*,*,#2059,.T.);
#2671=ORIENTED_EDGE('no 5553',*,*,#2320,.T.);
#2672=EDGE_LOOP('',(#2669,#2670,#2671));
#2673=FACE_OUTER_BOUND('',#2672,.T.);
#2674=CARTESIAN_POINT('',(-0.00613989,-0.00665457,0.013));
#2675=DIRECTION('',(0.5552730622,0.8316680987,0.0000000758));
#2676=DIRECTION('',(0.0340884876,-0.0227594917,-0.9991596372));
#2677=AXIS2_PLACEMENT_3D('',#2674,#2675,#2676);
#2678=PLANE('',#2677);
#2679=ADVANCED_FACE('no 5561',(#2673),#2678,.T.);
#2680=ORIENTED_EDGE('no 9894',*,*,#2098,.F.);
#2681=CARTESIAN_POINT('',(-0.00271645,-0.00597233,-0.001));
#2682=VERTEX_POINT('',#2681);
#2683=CARTESIAN_POINT('',(-0.00271645,-0.00597233,-0.001));
#2684=DIRECTION('',(-0.5552706457,-0.8316697121,0.0));
#2685=VECTOR('',#2684,1.0);
#2686=LINE('',#2683,#2685);
#2687=EDGE_CURVE('no 5225',#2682,#2087,#2686,.T.);
#2688=ORIENTED_EDGE('no 9895',*,*,#2687,.F.);
#2689=CARTESIAN_POINT('',(-0.00271645,-0.00597233,-0.001));
#2690=DIRECTION('',(0.9993365759,-0.0364198845,0.0));
#2691=VECTOR('',#2690,1.0);
#2692=LINE('',#2689,#2691);
#2693=EDGE_CURVE('no 9893',#2682,#165,#2692,.T.);
#2694=ORIENTED_EDGE('no 9896',*,*,#2693,.T.);
#2695=EDGE_LOOP('',(#2680,#2688,#2694));
#2696=FACE_OUTER_BOUND('',#2695,.T.);
#2697=CARTESIAN_POINT('',(0.1078,-0.01,-0.001));
#2698=DIRECTION('',(0.0,0.0,-1.0));
#2699=DIRECTION('',(-0.9994874393,0.0320134141,0.0));
#2700=AXIS2_PLACEMENT_3D('',#2697,#2698,#2699);
#2701=PLANE('',#2700);
#2702=ADVANCED_FACE('no 9904',(#2696),#2701,.T.);
#2703=CARTESIAN_POINT('',(0.104705,0.0769,0.013));
#2704=VERTEX_POINT('',#2703);
#2705=CARTESIAN_POINT('',(0.104705,0.0769,0.013));
#2706=DIRECTION('',(0.6216285188,0.7833121885,0.0));
#2707=VECTOR('',#2706,1.0);
#2708=LINE('',#2705,#2707);
#2709=EDGE_CURVE('no 7556',#2704,#757,#2708,.T.);
#2710=ORIENTED_EDGE('no 7580',*,*,#2709,.F.);
#2711=CARTESIAN_POINT('',(0.104925,0.0763694,0.013));
#2712=DIRECTION('',(-0.3830077761,0.9237451182,0.0));
#2713=VECTOR('',#2712,1.0);
#2714=LINE('',#2711,#2713);
#2715=EDGE_CURVE('no 4332',#2109,#2704,#2714,.T.);
#2716=ORIENTED_EDGE('no 7581',*,*,#2715,.F.);
#2717=ORIENTED_EDGE('no 7582',*,*,#2114,.T.);
#2718=EDGE_LOOP('',(#2710,#2716,#2717));
#2719=FACE_OUTER_BOUND('',#2718,.T.);
#2720=CARTESIAN_POINT('',(0.1078,0.0808,0.013));
#2721=DIRECTION('',(0.0,0.0,1.0));
#2722=DIRECTION('',(-0.6215966107,-0.7833375094,0.0));
#2723=AXIS2_PLACEMENT_3D('',#2720,#2721,#2722);
#2724=PLANE('',#2723);
#2725=ADVANCED_FACE('no 7590',(#2719),#2724,.T.);
#2726=CARTESIAN_POINT('',(0.104925,0.0763694,0.013));
#2727=DIRECTION('',(0.005349808,-0.0406374851,-0.9991596341));
#2728=VECTOR('',#2727,1.0);
#2729=LINE('',#2726,#2728);
#2730=EDGE_CURVE('no 4378',#2109,#1436,#2729,.T.);
#2731=ORIENTED_EDGE('no 4385',*,*,#2730,.T.);
#2732=CARTESIAN_POINT('',(0.105,0.0758,0.013));
#2733=DIRECTION('',(0.0,0.0,-1.0));
#2734=VECTOR('',#2733,1.0);
#2735=LINE('',#2732,#2734);
#2736=EDGE_CURVE('no 3073',#1390,#1436,#2735,.T.);
#2737=ORIENTED_EDGE('no 4386',*,*,#2736,.F.);
#2738=ORIENTED_EDGE('no 4387',*,*,#2120,.T.);
#2739=EDGE_LOOP('',(#2731,#2737,#2738));
#2740=FACE_OUTER_BOUND('',#2739,.T.);
#2741=CARTESIAN_POINT('',(0.104925,0.0763694,0.013));
#2742=DIRECTION('',(-0.9914455527,-0.1305209411,-0.0000000006));
#2743=DIRECTION('',(0.005349808,-0.0406374851,-0.9991596341));
#2744=AXIS2_PLACEMENT_3D('',#2741,#2742,#2743);
#2745=PLANE('',#2744);
#2746=ADVANCED_FACE('no 4395',(#2740),#2745,.T.);
#2747=CARTESIAN_POINT('',(0.104925,-0.0055694,0.013));
#2748=VERTEX_POINT('',#2747);
#2749=CARTESIAN_POINT('',(0.1078,-0.01,0.013));
#2750=DIRECTION('',(-0.5443373275,0.838866422,0.0));
#2751=VECTOR('',#2750,1.0);
#2752=LINE('',#2749,#2751);
#2753=EDGE_CURVE('no 7164',#72,#2748,#2752,.T.);
#2754=ORIENTED_EDGE('no 7188',*,*,#2753,.F.);
#2755=ORIENTED_EDGE('no 7189',*,*,#2137,.T.);
#2756=CARTESIAN_POINT('',(0.104925,-0.0055694,0.013));
#2757=DIRECTION('',(0.1305896347,0.9914365069,0.0));
#2758=VECTOR('',#2757,1.0);
#2759=LINE('',#2756,#2758);
#2760=EDGE_CURVE('no 2186',#2748,#2132,#2759,.T.);
#2761=ORIENTED_EDGE('no 7190',*,*,#2760,.F.);
#2762=EDGE_LOOP('',(#2754,#2755,#2761));
#2763=FACE_OUTER_BOUND('',#2762,.T.);
#2764=CARTESIAN_POINT('',(0.104925,-0.0055694,0.013));
#2765=DIRECTION('',(-0.0,0.0,1.0));
#2766=DIRECTION('',(0.544333105,-0.8388691619,0.0));
#2767=AXIS2_PLACEMENT_3D('',#2764,#2765,#2766);
#2768=PLANE('',#2767);
#2769=ADVANCED_FACE('no 7198',(#2763),#2768,.T.);
#2770=CARTESIAN_POINT('',(0.104925,0.0752306,0.013));
#2771=VERTEX_POINT('',#2770);
#2772=CARTESIAN_POINT('',(0.105,-0.005,0.013));
#2773=DIRECTION('',(-0.000934805,0.9999995631,0.0));
#2774=VECTOR('',#2773,1.0);
#2775=LINE('',#2772,#2774);
#2776=EDGE_CURVE('no 8148',#2132,#2771,#2775,.T.);
#2777=ORIENTED_EDGE('no 8166',*,*,#2776,.F.);
#2778=ORIENTED_EDGE('no 8167',*,*,#2144,.F.);
#2779=CARTESIAN_POINT('',(0.104925,0.0752306,0.013));
#2780=DIRECTION('',(0.1305896347,0.9914365069,0.0));
#2781=VECTOR('',#2780,1.0);
#2782=LINE('',#2779,#2781);
#2783=EDGE_CURVE('no 3050',#2771,#1390,#2782,.T.);
#2784=ORIENTED_EDGE('no 8168',*,*,#2783,.F.);
#2785=EDGE_LOOP('',(#2777,#2778,#2784));
#2786=FACE_OUTER_BOUND('',#2785,.T.);
#2787=CARTESIAN_POINT('',(0.104925,0.0752306,0.013));
#2788=DIRECTION('',(-0.0,0.0,1.0));
#2789=DIRECTION('',(0.0009343096,-0.9999995635,0.0));
#2790=AXIS2_PLACEMENT_3D('',#2787,#2788,#2789);
#2791=PLANE('',#2790);
#2792=ADVANCED_FACE('no 8176',(#2786),#2791,.T.);
#2793=CARTESIAN_POINT('',(0.104356,-0.00655564,-0.001));
#2794=VERTEX_POINT('',#2793);
#2795=CARTESIAN_POINT('',(0.104356,-0.00655564,-0.001));
#2796=DIRECTION('',(0.7070698254,-0.7071437351,0.0));
#2797=VECTOR('',#2796,1.0);
#2798=LINE('',#2795,#2797);
#2799=EDGE_CURVE('no 10198',#2794,#165,#2798,.T.);
#2800=ORIENTED_EDGE('no 10222',*,*,#2799,.F.);
#2801=CARTESIAN_POINT('',(0.104705,-0.0061,-0.001));
#2802=DIRECTION('',(-0.6080759432,-0.7938788618,0.0));
#2803=VECTOR('',#2802,1.0);
#2804=LINE('',#2801,#2803);
#2805=EDGE_CURVE('no 2325',#2155,#2794,#2804,.T.);
#2806=ORIENTED_EDGE('no 10223',*,*,#2805,.F.);
#2807=ORIENTED_EDGE('no 10224',*,*,#2160,.T.);
#2808=EDGE_LOOP('',(#2800,#2806,#2807));
#2809=FACE_OUTER_BOUND('',#2808,.T.);
#2810=CARTESIAN_POINT('',(0.1078,-0.01,-0.001));
#2811=DIRECTION('',(0.0,0.0,-1.0));
#2812=DIRECTION('',(-0.7071067812,0.7071067812,0.0));
#2813=AXIS2_PLACEMENT_3D('',#2810,#2811,#2812);
#2814=PLANE('',#2813);
#2815=ADVANCED_FACE('no 10232',(#2809),#2814,.T.);
#2816=CARTESIAN_POINT('',(0.104925,-0.0055694,0.013));
#2817=DIRECTION('',(-0.0156851944,-0.0378679864,-0.999159642));
#2818=VECTOR('',#2817,1.0);
#2819=LINE('',#2816,#2818);
#2820=EDGE_CURVE('no 2232',#2748,#2155,#2819,.T.);
#2821=ORIENTED_EDGE('no 2268',*,*,#2820,.F.);
#2822=CARTESIAN_POINT('',(0.104925,-0.0055694,-0.001));
#2823=DIRECTION('',(0.0,0.0,1.0));
#2824=VECTOR('',#2823,1.0);
#2825=LINE('',#2822,#2824);
#2826=EDGE_CURVE('no 2180',#1413,#2748,#2825,.T.);
#2827=ORIENTED_EDGE('no 2269',*,*,#2826,.F.);
#2828=ORIENTED_EDGE('no 2270',*,*,#2166,.T.);
#2829=EDGE_LOOP('',(#2821,#2827,#2828));
#2830=FACE_OUTER_BOUND('',#2829,.T.);
#2831=CARTESIAN_POINT('',(0.104705,-0.0061,-0.001));
#2832=DIRECTION('',(-0.9238818141,0.382677924,0.0000000234));
#2833=DIRECTION('',(0.0156851944,0.0378679864,0.999159642));
#2834=AXIS2_PLACEMENT_3D('',#2831,#2832,#2833);
#2835=PLANE('',#2834);
#2836=ADVANCED_FACE('no 2278',(#2830),#2835,.T.);
#2837=ORIENTED_EDGE('no 2187',*,*,#2181,.T.);
#2838=ORIENTED_EDGE('no 2188',*,*,#2826,.T.);
#2839=ORIENTED_EDGE('no 2189',*,*,#2760,.T.);
#2840=EDGE_LOOP('',(#2837,#2838,#2839));
#2841=FACE_OUTER_BOUND('',#2840,.T.);
#2842=CARTESIAN_POINT('',(0.105,-0.005,0.013));
#2843=DIRECTION('',(-0.9914455526,0.1305209417,0.0000000136));
#2844=DIRECTION('',(-0.0053498081,-0.0406373853,-0.9991596381));
#2845=AXIS2_PLACEMENT_3D('',#2842,#2843,#2844);
#2846=PLANE('',#2845);
#2847=ADVANCED_FACE('no 2197',(#2841),#2846,.T.);
#2848=CARTESIAN_POINT('',(0.104925,-0.0044306,0.013));
#2849=VERTEX_POINT('',#2848);
#2850=CARTESIAN_POINT('',(0.104925,-0.0044306,0.013));
#2851=DIRECTION('',(0.0053498081,-0.0406373853,-0.9991596381));
#2852=VECTOR('',#2851,1.0);
#2853=LINE('',#2850,#2852);
#2854=EDGE_CURVE('no 2116',#2849,#779,#2853,.T.);
#2855=ORIENTED_EDGE('no 2129',*,*,#2854,.T.);
#2856=ORIENTED_EDGE('no 2130',*,*,#2187,.T.);
#2857=CARTESIAN_POINT('',(0.105,-0.005,0.013));
#2858=DIRECTION('',(-0.1305896347,0.9914365069,0.0));
#2859=VECTOR('',#2858,1.0);
#2860=LINE('',#2857,#2859);
#2861=EDGE_CURVE('no 2128',#2132,#2849,#2860,.T.);
#2862=ORIENTED_EDGE('no 2131',*,*,#2861,.T.);
#2863=EDGE_LOOP('',(#2855,#2856,#2862));
#2864=FACE_OUTER_BOUND('',#2863,.T.);
#2865=CARTESIAN_POINT('',(0.104925,-0.0044306,0.013));
#2866=DIRECTION('',(-0.9914455526,-0.1305209417,-0.0000000136));
#2867=DIRECTION('',(0.0053498081,-0.0406373853,-0.9991596381));
#2868=AXIS2_PLACEMENT_3D('',#2865,#2866,#2867);
#2869=PLANE('',#2868);
#2870=ADVANCED_FACE('no 2139',(#2864),#2869,.T.);
#2871=CARTESIAN_POINT('',(0.104705,0.0769,-0.001));
#2872=VERTEX_POINT('',#2871);
#2873=CARTESIAN_POINT('',(0.1078,0.0808,-0.001));
#2874=DIRECTION('',(-0.6216285188,-0.7833121885,0.0));
#2875=VECTOR('',#2874,1.0);
#2876=LINE('',#2873,#2875);
#2877=EDGE_CURVE('no 9490',#280,#2872,#2876,.T.);
#2878=ORIENTED_EDGE('no 9514',*,*,#2877,.F.);
#2879=ORIENTED_EDGE('no 9515',*,*,#2204,.T.);
#2880=CARTESIAN_POINT('',(0.104705,0.0769,-0.001));
#2881=DIRECTION('',(0.3830077761,-0.9237451182,0.0));
#2882=VECTOR('',#2881,1.0);
#2883=LINE('',#2880,#2882);
#2884=EDGE_CURVE('no 4355',#2872,#2199,#2883,.T.);
#2885=ORIENTED_EDGE('no 9516',*,*,#2884,.F.);
#2886=EDGE_LOOP('',(#2878,#2879,#2885));
#2887=FACE_OUTER_BOUND('',#2886,.T.);
#2888=CARTESIAN_POINT('',(0.104705,0.0769,-0.001));
#2889=DIRECTION('',(0.0,0.0,-1.0));
#2890=DIRECTION('',(0.6215966107,0.7833375094,0.0));
#2891=AXIS2_PLACEMENT_3D('',#2888,#2889,#2890);
#2892=PLANE('',#2891);
#2893=ADVANCED_FACE('no 9524',(#2887),#2892,.T.);
#2894=ORIENTED_EDGE('no 4408',*,*,#2730,.F.);
#2895=CARTESIAN_POINT('',(0.104925,0.0763694,-0.001));
#2896=DIRECTION('',(0.0,0.0,1.0));
#2897=VECTOR('',#2896,1.0);
#2898=LINE('',#2895,#2897);
#2899=EDGE_CURVE('no 4326',#2199,#2109,#2898,.T.);
#2900=ORIENTED_EDGE('no 4409',*,*,#2899,.F.);
#2901=ORIENTED_EDGE('no 4410',*,*,#2211,.T.);
#2902=EDGE_LOOP('',(#2894,#2900,#2901));
#2903=FACE_OUTER_BOUND('',#2902,.T.);
#2904=CARTESIAN_POINT('',(0.105,0.0758,-0.001));
#2905=DIRECTION('',(-0.9914455527,-0.1305209411,-0.0000000006));
#2906=DIRECTION('',(-0.005349808,0.0406374851,0.9991596341));
#2907=AXIS2_PLACEMENT_3D('',#2904,#2905,#2906);
#2908=PLANE('',#2907);
#2909=ADVANCED_FACE('no 4418',(#2903),#2908,.T.);
#2910=CARTESIAN_POINT('',(0.104925,0.0752306,-0.001));
#2911=VERTEX_POINT('',#2910);
#2912=CARTESIAN_POINT('',(0.104925,0.0752306,-0.001));
#2913=DIRECTION('',(0.0,-1.0,0.0));
#2914=VECTOR('',#2913,1.0);
#2915=LINE('',#2912,#2914);
#2916=EDGE_CURVE('no 10790',#2911,#2222,#2915,.T.);
#2917=ORIENTED_EDGE('no 10814',*,*,#2916,.F.);
#2918=CARTESIAN_POINT('',(0.105,0.0758,-0.001));
#2919=DIRECTION('',(-0.1305896347,-0.9914365069,0.0));
#2920=VECTOR('',#2919,1.0);
#2921=LINE('',#2918,#2920);
#2922=EDGE_CURVE('no 3079',#1436,#2911,#2921,.T.);
#2923=ORIENTED_EDGE('no 10815',*,*,#2922,.F.);
#2924=ORIENTED_EDGE('no 10816',*,*,#2227,.T.);
#2925=EDGE_LOOP('',(#2917,#2923,#2924));
#2926=FACE_OUTER_BOUND('',#2925,.T.);
#2927=CARTESIAN_POINT('',(0.104925,-0.0044306,-0.001));
#2928=DIRECTION('',(0.0,0.0,-1.0));
#2929=DIRECTION('',(0.0,1.0,0.0));
#2930=AXIS2_PLACEMENT_3D('',#2927,#2928,#2929);
#2931=PLANE('',#2930);
#2932=ADVANCED_FACE('no 10824',(#2926),#2931,.T.);
#2933=ORIENTED_EDGE('no 2152',*,*,#2854,.F.);
#2934=CARTESIAN_POINT('',(0.104925,-0.0044306,-0.001));
#2935=DIRECTION('',(0.0,0.0,1.0));
#2936=VECTOR('',#2935,1.0);
#2937=LINE('',#2934,#2936);
#2938=EDGE_CURVE('no 2064',#2222,#2849,#2937,.T.);
#2939=ORIENTED_EDGE('no 2153',*,*,#2938,.F.);
#2940=ORIENTED_EDGE('no 2154',*,*,#2234,.T.);
#2941=EDGE_LOOP('',(#2933,#2939,#2940));
#2942=FACE_OUTER_BOUND('',#2941,.T.);
#2943=CARTESIAN_POINT('',(0.105,-0.005,-0.001));
#2944=DIRECTION('',(-0.9914455526,-0.1305209417,-0.0000000136));
#2945=DIRECTION('',(-0.0053498081,0.0406373853,0.9991596381));
#2946=AXIS2_PLACEMENT_3D('',#2943,#2944,#2945);
#2947=PLANE('',#2946);
#2948=ADVANCED_FACE('no 2162',(#2942),#2947,.T.);
#2949=ORIENTED_EDGE('no 6773',*,*,#2267,.F.);
#2950=CARTESIAN_POINT('',(-0.00253204,-0.00542843,0.013));
#2951=VERTEX_POINT('',#2950);
#2952=CARTESIAN_POINT('',(0.1078,-0.01,0.013));
#2953=DIRECTION('',(-0.9991426884,0.0413991325,0.0));
#2954=VECTOR('',#2953,1.0);
#2955=LINE('',#2952,#2954);
#2956=EDGE_CURVE('no 6772',#72,#2951,#2955,.T.);
#2957=ORIENTED_EDGE('no 6774',*,*,#2956,.T.);
#2958=CARTESIAN_POINT('',(-0.00271645,-0.00597233,0.013));
#2959=DIRECTION('',(0.3210972507,0.9470462267,0.0));
#2960=VECTOR('',#2959,1.0);
#2961=LINE('',#2958,#2960);
#2962=EDGE_CURVE('no 5144',#2262,#2951,#2961,.T.);
#2963=ORIENTED_EDGE('no 6775',*,*,#2962,.F.);
#2964=EDGE_LOOP('',(#2949,#2957,#2963));
#2965=FACE_OUTER_BOUND('',#2964,.T.);
#2966=CARTESIAN_POINT('',(-0.00271645,-0.00597233,0.013));
#2967=DIRECTION('',(-0.0,0.0,1.0));
#2968=DIRECTION('',(0.9993365759,-0.0364198845,0.0));
#2969=AXIS2_PLACEMENT_3D('',#2966,#2967,#2968);
#2970=PLANE('',#2969);
#2971=ADVANCED_FACE('no 6783',(#2965),#2970,.T.);
#2972=CARTESIAN_POINT('',(-0.00271645,-0.00597233,0.013));
#2973=DIRECTION('',(-0.0227595918,-0.0340883877,-0.9991596383));
#2974=VECTOR('',#2973,1.0);
#2975=LINE('',#2972,#2974);
#2976=EDGE_CURVE('no 5190',#2262,#2087,#2975,.T.);
#2977=ORIENTED_EDGE('no 5203',*,*,#2976,.T.);
#2978=ORIENTED_EDGE('no 5204',*,*,#2294,.T.);
#2979=ORIENTED_EDGE('no 5205',*,*,#2273,.T.);
#2980=EDGE_LOOP('',(#2977,#2978,#2979));
#2981=FACE_OUTER_BOUND('',#2980,.T.);
#2982=CARTESIAN_POINT('',(-0.00271645,-0.00597233,0.013));
#2983=DIRECTION('',(-0.8316680956,0.5552730669,0.0000000628));
#2984=DIRECTION('',(-0.0227595918,-0.0340883877,-0.9991596383));
#2985=AXIS2_PLACEMENT_3D('',#2982,#2983,#2984);
#2986=PLANE('',#2985);
#2987=ADVANCED_FACE('no 5213',(#2981),#2986,.T.);
#2988=ORIENTED_EDGE('no 4472',*,*,#2337,.F.);
#2989=CARTESIAN_POINT('',(-0.00666338,-0.00402767,0.013));
#2990=VERTEX_POINT('',#2989);
#2991=CARTESIAN_POINT('',(-0.00666338,-0.00402767,-0.001));
#2992=DIRECTION('',(0.0,0.0,1.0));
#2993=VECTOR('',#2992,1.0);
#2994=LINE('',#2991,#2993);
#2995=EDGE_CURVE('no 4465',#2332,#2990,#2994,.T.);
#2996=ORIENTED_EDGE('no 4473',*,*,#2995,.T.);
#2997=CARTESIAN_POINT('',(-0.00666338,-0.00402767,0.013));
#2998=DIRECTION('',(-0.3211128675,-0.9470409317,0.0));
#2999=VECTOR('',#2998,1.0);
#3000=LINE('',#2997,#2999);
#3001=EDGE_CURVE('no 4471',#2990,#1579,#3000,.T.);
#3002=ORIENTED_EDGE('no 4474',*,*,#3001,.T.);
#3003=EDGE_LOOP('',(#2988,#2996,#3002));
#3004=FACE_OUTER_BOUND('',#3003,.T.);
#3005=CARTESIAN_POINT('',(-0.0068478,-0.00457157,0.013));
#3006=DIRECTION('',(0.94704496,-0.3211009867,0.0000000053));
#3007=DIRECTION('',(0.0131612952,0.038817486,-0.9991596384));
#3008=AXIS2_PLACEMENT_3D('',#3005,#3006,#3007);
#3009=PLANE('',#3008);
#3010=ADVANCED_FACE('no 4482',(#3004),#3009,.T.);
#3011=ORIENTED_EDGE('no 5985',*,*,#2360,.F.);
#3012=ORIENTED_EDGE('no 5986',*,*,#3001,.F.);
#3013=CARTESIAN_POINT('',(-0.00666338,-0.00402767,0.013));
#3014=DIRECTION('',(0.0013764795,0.9999990527,0.0));
#3015=VECTOR('',#3014,1.0);
#3016=LINE('',#3013,#3015);
#3017=EDGE_CURVE('no 5984',#2990,#1624,#3016,.T.);
#3018=ORIENTED_EDGE('no 5987',*,*,#3017,.T.);
#3019=EDGE_LOOP('',(#3011,#3012,#3018));
#3020=FACE_OUTER_BOUND('',#3019,.T.);
#3021=CARTESIAN_POINT('',(-0.00655564,0.0742444,0.013));
#3022=DIRECTION('',(0.0,0.0,1.0));
#3023=DIRECTION('',(-0.0037068805,-0.9999931295,0.0));
#3024=AXIS2_PLACEMENT_3D('',#3021,#3022,#3023);
#3025=PLANE('',#3024);
#3026=ADVANCED_FACE('no 5995',(#3020),#3025,.T.);
#3027=ORIENTED_EDGE('no 10923',*,*,#2375,.F.);
#3028=CARTESIAN_POINT('',(-0.00634448,-0.00355003,-0.001));
#3029=VERTEX_POINT('',#3028);
#3030=CARTESIAN_POINT('',(-0.00655564,0.0742444,-0.001));
#3031=DIRECTION('',(0.0027143231,-0.9999963162,0.0));
#3032=VECTOR('',#3031,1.0);
#3033=LINE('',#3030,#3032);
#3034=EDGE_CURVE('no 10922',#1601,#3029,#3033,.T.);
#3035=ORIENTED_EDGE('no 10924',*,*,#3034,.T.);
#3036=CARTESIAN_POINT('',(-0.00666338,-0.00402767,-0.001));
#3037=DIRECTION('',(0.5552706457,0.8316697121,0.0));
#3038=VECTOR('',#3037,1.0);
#3039=LINE('',#3036,#3038);
#3040=EDGE_CURVE('no 4500',#2332,#3029,#3039,.T.);
#3041=ORIENTED_EDGE('no 10925',*,*,#3040,.F.);
#3042=EDGE_LOOP('',(#3027,#3035,#3041));
#3043=FACE_OUTER_BOUND('',#3042,.T.);
#3044=CARTESIAN_POINT('',(-0.00666338,-0.00402767,-0.001));
#3045=DIRECTION('',(0.0,0.0,-1.0));
#3046=DIRECTION('',(0.0013766101,0.9999990525,0.0));
#3047=AXIS2_PLACEMENT_3D('',#3044,#3045,#3046);
#3048=PLANE('',#3047);
#3049=ADVANCED_FACE('no 10933',(#3043),#3048,.T.);
#3050=ORIENTED_EDGE('no 8396',*,*,#2480,.F.);
#3051=CARTESIAN_POINT('',(-0.00344436,0.0773556,0.013));
#3052=VERTEX_POINT('',#3051);
#3053=CARTESIAN_POINT('',(-0.00344436,0.0773556,0.013));
#3054=DIRECTION('',(-0.7933551285,0.6087590986,0.0));
#3055=VECTOR('',#3054,1.0);
#3056=LINE('',#3053,#3055);
#3057=EDGE_CURVE('no 585',#3052,#2469,#3056,.T.);
#3058=ORIENTED_EDGE('no 8397',*,*,#3057,.F.);
#3059=CARTESIAN_POINT('',(-0.00344436,0.0773556,0.013));
#3060=DIRECTION('',(0.9575714048,0.2881961218,0.0));
#3061=VECTOR('',#3060,1.0);
#3062=LINE('',#3059,#3061);
#3063=EDGE_CURVE('no 8395',#3052,#257,#3062,.T.);
#3064=ORIENTED_EDGE('no 8398',*,*,#3063,.T.);
#3065=EDGE_LOOP('',(#3050,#3058,#3064));
#3066=FACE_OUTER_BOUND('',#3065,.T.);
#3067=CARTESIAN_POINT('',(0.008,0.0808,0.013));
#3068=DIRECTION('',(0.0,0.0,1.0));
#3069=DIRECTION('',(-0.9678079124,-0.2516899772,0.0));
#3070=AXIS2_PLACEMENT_3D('',#3067,#3068,#3069);
#3071=PLANE('',#3070);
#3072=ADVANCED_FACE('no 8406',(#3066),#3071,.T.);
#3073=CARTESIAN_POINT('',(-0.00287496,0.0763694,0.013));
#3074=VERTEX_POINT('',#3073);
#3075=CARTESIAN_POINT('',(-0.00287496,0.0763694,0.013));
#3076=DIRECTION('',(0.9260907292,0.3773008897,0.0));
#3077=VECTOR('',#3076,1.0);
#3078=LINE('',#3075,#3077);
#3079=EDGE_CURVE('no 8441',#3074,#257,#3078,.T.);
#3080=ORIENTED_EDGE('no 8465',*,*,#3079,.F.);
#3081=CARTESIAN_POINT('',(-0.0028,0.0758,0.013));
#3082=DIRECTION('',(-0.1305211737,0.9914455221,0.0));
#3083=VECTOR('',#3082,1.0);
#3084=LINE('',#3081,#3083);
#3085=EDGE_CURVE('no 736',#2491,#3074,#3084,.T.);
#3086=ORIENTED_EDGE('no 8466',*,*,#3085,.F.);
#3087=ORIENTED_EDGE('no 8467',*,*,#2496,.T.);
#3088=EDGE_LOOP('',(#3080,#3086,#3087));
#3089=FACE_OUTER_BOUND('',#3088,.T.);
#3090=CARTESIAN_POINT('',(0.008,0.0808,0.013));
#3091=DIRECTION('',(0.0,0.0,1.0));
#3092=DIRECTION('',(-0.9260907292,-0.3773008897,0.0));
#3093=AXIS2_PLACEMENT_3D('',#3090,#3091,#3092);
#3094=PLANE('',#3093);
#3095=ADVANCED_FACE('no 8475',(#3089),#3094,.T.);
#3096=ORIENTED_EDGE('no 8517',*,*,#2502,.F.);
#3097=CARTESIAN_POINT('',(-0.00260692,-0.00429209,0.013));
#3098=VERTEX_POINT('',#3097);
#3099=CARTESIAN_POINT('',(-0.00260692,-0.00429209,0.013));
#3100=DIRECTION('',(-0.0024106702,0.9999970943,0.0));
#3101=VECTOR('',#3100,1.0);
#3102=LINE('',#3099,#3101);
#3103=EDGE_CURVE('no 6398',#3098,#2491,#3102,.T.);
#3104=ORIENTED_EDGE('no 8518',*,*,#3103,.F.);
#3105=CARTESIAN_POINT('',(-0.00260692,-0.00429209,0.013));
#3106=DIRECTION('',(0.0346954976,0.99939793,0.0));
#3107=VECTOR('',#3106,1.0);
#3108=LINE('',#3105,#3107);
#3109=EDGE_CURVE('no 8516',#3098,#1785,#3108,.T.);
#3110=ORIENTED_EDGE('no 8519',*,*,#3109,.T.);
#3111=EDGE_LOOP('',(#3096,#3104,#3110));
#3112=FACE_OUTER_BOUND('',#3111,.T.);
#3113=CARTESIAN_POINT('',(0.0,0.0708,0.013));
#3114=DIRECTION('',(0.0,0.0,1.0));
#3115=DIRECTION('',(-0.4886030949,0.8725061694,0.0));
#3116=AXIS2_PLACEMENT_3D('',#3113,#3114,#3115);
#3117=PLANE('',#3116);
#3118=ADVANCED_FACE('no 8527',(#3112),#3117,.T.);
#3119=CARTESIAN_POINT('',(0.0,0.0,0.013));
#3120=VERTEX_POINT('',#3119);
#3121=CARTESIAN_POINT('',(0.0,0.0708,0.0));
#3122=DIRECTION('',(0.0,-0.9835572395,0.1805966683));
#3123=VECTOR('',#3122,1.0);
#3124=LINE('',#3121,#3123);
#3125=EDGE_CURVE('no 8822',#1824,#3120,#3124,.T.);
#3126=ORIENTED_EDGE('no 8852',*,*,#3125,.F.);
#3127=ORIENTED_EDGE('no 8853',*,*,#2519,.T.);
#3128=CARTESIAN_POINT('',(0.0,0.0,0.013));
#3129=DIRECTION('',(0.0,1.0,0.0));
#3130=VECTOR('',#3129,1.0);
#3131=LINE('',#3128,#3130);
#3132=EDGE_CURVE('no 8562',#3120,#1785,#3131,.T.);
#3133=ORIENTED_EDGE('no 8854',*,*,#3132,.F.);
#3134=EDGE_LOOP('',(#3126,#3127,#3133));
#3135=FACE_OUTER_BOUND('',#3134,.T.);
#3136=CARTESIAN_POINT('',(0.0,0.0,0.013));
#3137=DIRECTION('',(1.0,-0.0,0.0));
#3138=DIRECTION('',(0.0,0.9835571728,-0.1805970317));
#3139=AXIS2_PLACEMENT_3D('',#3136,#3137,#3138);
#3140=PLANE('',#3139);
#3141=ADVANCED_FACE('no 8862',(#3135),#3140,.T.);
#3142=ORIENTED_EDGE('no 11343',*,*,#2535,.T.);
#3143=CARTESIAN_POINT('',(0.0978,0.0708,0.0));
#3144=VERTEX_POINT('',#3143);
#3145=CARTESIAN_POINT('',(0.0,0.0708,0.0));
#3146=DIRECTION('',(1.0,0.0,0.0));
#3147=VECTOR('',#3146,1.0);
#3148=LINE('',#3145,#3147);
#3149=EDGE_CURVE('no 11336',#1824,#3144,#3148,.T.);
#3150=ORIENTED_EDGE('no 11344',*,*,#3149,.T.);
#3151=CARTESIAN_POINT('',(0.0978,0.0708,0.0));
#3152=DIRECTION('',(0.0,0.0,1.0));
#3153=VECTOR('',#3152,1.0);
#3154=LINE('',#3151,#3153);
#3155=EDGE_CURVE('no 11342',#3144,#2530,#3154,.T.);
#3156=ORIENTED_EDGE('no 11345',*,*,#3155,.T.);
#3157=EDGE_LOOP('',(#3142,#3150,#3156));
#3158=FACE_OUTER_BOUND('',#3157,.T.);
#3159=CARTESIAN_POINT('',(0.0978,0.0708,0.013));
#3160=DIRECTION('',(0.0,-1.0,-0.0));
#3161=DIRECTION('',(-0.9912809821,0.0,-0.1317649976));
#3162=AXIS2_PLACEMENT_3D('',#3159,#3160,#3161);
#3163=PLANE('',#3162);
#3164=ADVANCED_FACE('no 11353',(#3158),#3163,.T.);
#3165=ORIENTED_EDGE('no 11389',*,*,#2541,.F.);
#3166=CARTESIAN_POINT('',(0.024,0.0708,0.013));
#3167=DIRECTION('',(1.0,0.0,0.0));
#3168=VECTOR('',#3167,1.0);
#3169=LINE('',#3166,#3168);
#3170=EDGE_CURVE('no 7251',#2577,#2530,#3169,.T.);
#3171=ORIENTED_EDGE('no 11390',*,*,#3170,.F.);
#3172=ORIENTED_EDGE('no 11391',*,*,#2582,.F.);
#3173=EDGE_LOOP('',(#3165,#3171,#3172));
#3174=FACE_OUTER_BOUND('',#3173,.T.);
#3175=CARTESIAN_POINT('',(0.024,0.0708,0.006));
#3176=DIRECTION('',(0.0,-1.0,0.0));
#3177=DIRECTION('',(0.9955317809,0.0,0.0944270792));
#3178=AXIS2_PLACEMENT_3D('',#3175,#3176,#3177);
#3179=PLANE('',#3178);
#3180=ADVANCED_FACE('no 11399',(#3174),#3179,.T.);
#3181=CARTESIAN_POINT('',(0.101244,0.0773556,0.013));
#3182=VERTEX_POINT('',#3181);
#3183=CARTESIAN_POINT('',(0.101244,0.0773556,0.013));
#3184=DIRECTION('',(-0.9990072941,0.0445468997,0.0));
#3185=VECTOR('',#3184,1.0);
#3186=LINE('',#3183,#3185);
#3187=EDGE_CURVE('no 7303',#3182,#1848,#3186,.T.);
#3188=ORIENTED_EDGE('no 7327',*,*,#3187,.F.);
#3189=CARTESIAN_POINT('',(0.1017,0.0777053,0.013));
#3190=DIRECTION('',(-0.7933542749,-0.608760211,0.0));
#3191=VECTOR('',#3190,1.0);
#3192=LINE('',#3189,#3191);
#3193=EDGE_CURVE('no 3949',#2553,#3182,#3192,.T.);
#3194=ORIENTED_EDGE('no 7328',*,*,#3193,.F.);
#3195=ORIENTED_EDGE('no 7329',*,*,#2558,.T.);
#3196=EDGE_LOOP('',(#3188,#3194,#3195));
#3197=FACE_OUTER_BOUND('',#3196,.T.);
#3198=CARTESIAN_POINT('',(0.024,0.0808,0.013));
#3199=DIRECTION('',(0.0,0.0,1.0));
#3200=DIRECTION('',(0.9990073247,-0.0445462145,0.0));
#3201=AXIS2_PLACEMENT_3D('',#3198,#3199,#3200);
#3202=PLANE('',#3201);
#3203=ADVANCED_FACE('no 7337',(#3197),#3202,.T.);
#3204=ORIENTED_EDGE('no 7442',*,*,#2564,.F.);
#3205=CARTESIAN_POINT('',(0.102231,0.077925,0.013));
#3206=VERTEX_POINT('',#3205);
#3207=CARTESIAN_POINT('',(0.102231,0.077925,0.013));
#3208=DIRECTION('',(-0.9238825216,-0.382676216,0.0));
#3209=VECTOR('',#3208,1.0);
#3210=LINE('',#3207,#3209);
#3211=EDGE_CURVE('no 4007',#3206,#2553,#3210,.T.);
#3212=ORIENTED_EDGE('no 7443',*,*,#3211,.F.);
#3213=CARTESIAN_POINT('',(0.102231,0.077925,0.013));
#3214=DIRECTION('',(0.8885766009,0.4587282685,0.0));
#3215=VECTOR('',#3214,1.0);
#3216=LINE('',#3213,#3215);
#3217=EDGE_CURVE('no 7441',#3206,#757,#3216,.T.);
#3218=ORIENTED_EDGE('no 7444',*,*,#3217,.T.);
#3219=EDGE_LOOP('',(#3204,#3212,#3218));
#3220=FACE_OUTER_BOUND('',#3219,.T.);
#3221=CARTESIAN_POINT('',(0.1078,0.0808,0.013));
#3222=DIRECTION('',(0.0,0.0,1.0));
#3223=DIRECTION('',(-0.8917954853,-0.4524387389,0.0));
#3224=AXIS2_PLACEMENT_3D('',#3221,#3222,#3223);
#3225=PLANE('',#3224);
#3226=ADVANCED_FACE('no 7452',(#3220),#3225,.T.);
#3227=CARTESIAN_POINT('',(0.0978,0.0708,0.013));
#3228=DIRECTION('',(-0.9909442048,0.1342742825,0.0));
#3229=VECTOR('',#3228,1.0);
#3230=LINE('',#3227,#3229);
#3231=EDGE_CURVE('no 7239',#2530,#1848,#3230,.T.);
#3232=ORIENTED_EDGE('no 7252',*,*,#3231,.T.);
#3233=ORIENTED_EDGE('no 7253',*,*,#2588,.T.);
#3234=ORIENTED_EDGE('no 7254',*,*,#3170,.T.);
#3235=EDGE_LOOP('',(#3232,#3233,#3234));
#3236=FACE_OUTER_BOUND('',#3235,.T.);
#3237=CARTESIAN_POINT('',(0.0978,0.0708,0.013));
#3238=DIRECTION('',(0.0,0.0,1.0));
#3239=DIRECTION('',(-0.9909442387,0.1342740323,0.0));
#3240=AXIS2_PLACEMENT_3D('',#3237,#3238,#3239);
#3241=PLANE('',#3240);
#3242=ADVANCED_FACE('no 7262',(#3236),#3241,.T.);
#3243=ORIENTED_EDGE('no 9134',*,*,#2605,.F.);
#3244=CARTESIAN_POINT('',(-0.00309474,0.0769,-0.001));
#3245=VERTEX_POINT('',#3244);
#3246=CARTESIAN_POINT('',(0.1078,0.0808,-0.001));
#3247=DIRECTION('',(-0.9993821619,-0.0351467566,0.0));
#3248=VECTOR('',#3247,1.0);
#3249=LINE('',#3246,#3248);
#3250=EDGE_CURVE('no 9133',#280,#3245,#3249,.T.);
#3251=ORIENTED_EDGE('no 9135',*,*,#3250,.T.);
#3252=CARTESIAN_POINT('',(-0.00344436,0.0773556,-0.001));
#3253=DIRECTION('',(0.6087897316,-0.7933316221,0.0));
#3254=VECTOR('',#3253,1.0);
#3255=LINE('',#3252,#3254);
#3256=EDGE_CURVE('no 643',#2600,#3245,#3255,.T.);
#3257=ORIENTED_EDGE('no 9136',*,*,#3256,.F.);
#3258=EDGE_LOOP('',(#3243,#3251,#3257));
#3259=FACE_OUTER_BOUND('',#3258,.T.);
#3260=CARTESIAN_POINT('',(-0.00344436,0.0773556,-0.001));
#3261=DIRECTION('',(0.0,0.0,-1.0));
#3262=DIRECTION('',(0.9995210176,0.0309473005,0.0));
#3263=AXIS2_PLACEMENT_3D('',#3260,#3261,#3262);
#3264=PLANE('',#3263);
#3265=ADVANCED_FACE('no 9144',(#3259),#3264,.T.);
#3266=CARTESIAN_POINT('',(-0.00344436,0.0773556,0.013));
#3267=DIRECTION('',(-0.0325183591,0.0249575766,-0.9991594846));
#3268=VECTOR('',#3267,1.0);
#3269=LINE('',#3266,#3268);
#3270=EDGE_CURVE('no 550',#3052,#1924,#3269,.T.);
#3271=ORIENTED_EDGE('no 563',*,*,#3270,.T.);
#3272=ORIENTED_EDGE('no 564',*,*,#2611,.T.);
#3273=CARTESIAN_POINT('',(-0.00344436,0.0773556,-0.001));
#3274=DIRECTION('',(0.0,0.0,1.0));
#3275=VECTOR('',#3274,1.0);
#3276=LINE('',#3273,#3275);
#3277=EDGE_CURVE('no 562',#2600,#3052,#3276,.T.);
#3278=ORIENTED_EDGE('no 565',*,*,#3277,.T.);
#3279=EDGE_LOOP('',(#3271,#3272,#3278));
#3280=FACE_OUTER_BOUND('',#3279,.T.);
#3281=CARTESIAN_POINT('',(-0.00344436,0.0773556,0.013));
#3282=DIRECTION('',(-0.6087590989,-0.7933551282,-0.0000000101));
#3283=DIRECTION('',(-0.0325179883,0.024951791,-0.9991596412));
#3284=AXIS2_PLACEMENT_3D('',#3281,#3282,#3283);
#3285=PLANE('',#3284);
#3286=ADVANCED_FACE('no 573',(#3280),#3285,.T.);
#3287=ORIENTED_EDGE('no 586',*,*,#3270,.F.);
#3288=ORIENTED_EDGE('no 587',*,*,#3057,.T.);
#3289=ORIENTED_EDGE('no 588',*,*,#2632,.F.);
#3290=EDGE_LOOP('',(#3287,#3288,#3289));
#3291=FACE_OUTER_BOUND('',#3290,.T.);
#3292=CARTESIAN_POINT('',(-0.0039,0.0777053,-0.001));
#3293=DIRECTION('',(-0.6087590989,-0.7933551282,-0.0000000101));
#3294=DIRECTION('',(0.0325179883,-0.024951791,0.9991596412));
#3295=AXIS2_PLACEMENT_3D('',#3292,#3293,#3294);
#3296=PLANE('',#3295);
#3297=ADVANCED_FACE('no 596',(#3291),#3296,.T.);
#3298=CARTESIAN_POINT('',(-0.0061,0.0738947,-0.001));
#3299=VERTEX_POINT('',#3298);
#3300=CARTESIAN_POINT('',(-0.00655564,0.0742444,0.013));
#3301=DIRECTION('',(0.0325179883,-0.024951791,-0.9991596412));
#3302=VECTOR('',#3301,1.0);
#3303=LINE('',#3300,#3302);
#3304=EDGE_CURVE('no 1246',#1624,#3299,#3303,.T.);
#3305=ORIENTED_EDGE('no 1259',*,*,#3304,.T.);
#3306=CARTESIAN_POINT('',(-0.0061,0.0738947,-0.001));
#3307=DIRECTION('',(-0.7933554991,0.6087586156,0.0));
#3308=VECTOR('',#3307,1.0);
#3309=LINE('',#3306,#3308);
#3310=EDGE_CURVE('no 1252',#3299,#1601,#3309,.T.);
#3311=ORIENTED_EDGE('no 1260',*,*,#3310,.T.);
#3312=ORIENTED_EDGE('no 1261',*,*,#2658,.T.);
#3313=EDGE_LOOP('',(#3305,#3311,#3312));
#3314=FACE_OUTER_BOUND('',#3313,.T.);
#3315=CARTESIAN_POINT('',(-0.00655564,0.0742444,0.013));
#3316=DIRECTION('',(0.6087586168,0.7933554982,-0.000000035));
#3317=DIRECTION('',(0.0325179883,-0.024951791,-0.9991596412));
#3318=AXIS2_PLACEMENT_3D('',#3315,#3316,#3317);
#3319=PLANE('',#3318);
#3320=ADVANCED_FACE('no 1269',(#3314),#3319,.T.);
#3321=ORIENTED_EDGE('no 5226',*,*,#2976,.F.);
#3322=CARTESIAN_POINT('',(-0.00271645,-0.00597233,-0.001));
#3323=DIRECTION('',(0.0,0.0,1.0));
#3324=VECTOR('',#3323,1.0);
#3325=LINE('',#3322,#3324);
#3326=EDGE_CURVE('no 5138',#2682,#2262,#3325,.T.);
#3327=ORIENTED_EDGE('no 5227',*,*,#3326,.F.);
#3328=ORIENTED_EDGE('no 5228',*,*,#2687,.T.);
#3329=EDGE_LOOP('',(#3321,#3327,#3328));
#3330=FACE_OUTER_BOUND('',#3329,.T.);
#3331=CARTESIAN_POINT('',(-0.00303535,-0.00644997,-0.001));
#3332=DIRECTION('',(-0.8316680956,0.5552730669,0.0000000628));
#3333=DIRECTION('',(0.0227595918,0.0340883877,0.9991596383));
#3334=AXIS2_PLACEMENT_3D('',#3331,#3332,#3333);
#3335=PLANE('',#3334);
#3336=ADVANCED_FACE('no 5236',(#3330),#3335,.T.);
#3337=ORIENTED_EDGE('no 9917',*,*,#2693,.F.);
#3338=CARTESIAN_POINT('',(-0.00253204,-0.00542843,-0.001));
#3339=VERTEX_POINT('',#3338);
#3340=CARTESIAN_POINT('',(-0.00253204,-0.00542843,-0.001));
#3341=DIRECTION('',(-0.3211009865,-0.9470449601,0.0));
#3342=VECTOR('',#3341,1.0);
#3343=LINE('',#3340,#3342);
#3344=EDGE_CURVE('no 5167',#3339,#2682,#3343,.T.);
#3345=ORIENTED_EDGE('no 9918',*,*,#3344,.F.);
#3346=CARTESIAN_POINT('',(-0.00253204,-0.00542843,-0.001));
#3347=DIRECTION('',(0.9991426862,-0.041399187,0.0));
#3348=VECTOR('',#3347,1.0);
#3349=LINE('',#3346,#3348);
#3350=EDGE_CURVE('no 9916',#3339,#165,#3349,.T.);
#3351=ORIENTED_EDGE('no 9919',*,*,#3350,.T.);
#3352=EDGE_LOOP('',(#3337,#3345,#3351));
#3353=FACE_OUTER_BOUND('',#3352,.T.);
#3354=CARTESIAN_POINT('',(0.1078,-0.01,-0.001));
#3355=DIRECTION('',(0.0,0.0,-1.0));
#3356=DIRECTION('',(-0.9993365759,0.0364198845,0.0));
#3357=AXIS2_PLACEMENT_3D('',#3354,#3355,#3356);
#3358=PLANE('',#3357);
#3359=ADVANCED_FACE('no 9927',(#3353),#3358,.T.);
#3360=CARTESIAN_POINT('',(0.104356,0.0773556,0.013));
#3361=VERTEX_POINT('',#3360);
#3362=CARTESIAN_POINT('',(0.104356,0.0773556,0.013));
#3363=DIRECTION('',(0.7070657193,0.7071478407,0.0));
#3364=VECTOR('',#3363,1.0);
#3365=LINE('',#3362,#3364);
#3366=EDGE_CURVE('no 7533',#3361,#757,#3365,.T.);
#3367=ORIENTED_EDGE('no 7557',*,*,#3366,.F.);
#3368=CARTESIAN_POINT('',(0.104705,0.0769,0.013));
#3369=DIRECTION('',(-0.6081095883,0.7938530901,0.0));
#3370=VECTOR('',#3369,1.0);
#3371=LINE('',#3368,#3370);
#3372=EDGE_CURVE('no 4274',#2704,#3361,#3371,.T.);
#3373=ORIENTED_EDGE('no 7558',*,*,#3372,.F.);
#3374=ORIENTED_EDGE('no 7559',*,*,#2709,.T.);
#3375=EDGE_LOOP('',(#3367,#3373,#3374));
#3376=FACE_OUTER_BOUND('',#3375,.T.);
#3377=CARTESIAN_POINT('',(0.1078,0.0808,0.013));
#3378=DIRECTION('',(0.0,0.0,1.0));
#3379=DIRECTION('',(-0.7071077812,-0.7071057812,0.0));
#3380=AXIS2_PLACEMENT_3D('',#3377,#3378,#3379);
#3381=PLANE('',#3380);
#3382=ADVANCED_FACE('no 7567',(#3376),#3381,.T.);
#3383=CARTESIAN_POINT('',(0.104705,0.0769,0.013));
#3384=DIRECTION('',(0.0156851946,-0.0378676869,-0.9991596534));
#3385=VECTOR('',#3384,1.0);
#3386=LINE('',#3383,#3385);
#3387=EDGE_CURVE('no 4320',#2704,#2199,#3386,.T.);
#3388=ORIENTED_EDGE('no 4333',*,*,#3387,.T.);
#3389=ORIENTED_EDGE('no 4334',*,*,#2899,.T.);
#3390=ORIENTED_EDGE('no 4335',*,*,#2715,.T.);
#3391=EDGE_LOOP('',(#3388,#3389,#3390));
#3392=FACE_OUTER_BOUND('',#3391,.T.);
#3393=CARTESIAN_POINT('',(0.104705,0.0769,0.013));
#3394=DIRECTION('',(-0.9238806072,-0.3826808377,-0.0000000089));
#3395=DIRECTION('',(0.0156851946,-0.0378676869,-0.9991596534));
#3396=AXIS2_PLACEMENT_3D('',#3393,#3394,#3395);
#3397=PLANE('',#3396);
#3398=ADVANCED_FACE('no 4343',(#3392),#3397,.T.);
#3399=CARTESIAN_POINT('',(0.105,0.0758,0.013));
#3400=DIRECTION('',(-0.005349808,-0.0406374851,-0.9991596341));
#3401=VECTOR('',#3400,1.0);
#3402=LINE('',#3399,#3401);
#3403=EDGE_CURVE('no 3038',#1390,#2911,#3402,.T.);
#3404=ORIENTED_EDGE('no 3080',*,*,#3403,.F.);
#3405=ORIENTED_EDGE('no 3081',*,*,#2736,.T.);
#3406=ORIENTED_EDGE('no 3082',*,*,#2922,.T.);
#3407=EDGE_LOOP('',(#3404,#3405,#3406));
#3408=FACE_OUTER_BOUND('',#3407,.T.);
#3409=CARTESIAN_POINT('',(0.104925,0.0752306,-0.001));
#3410=DIRECTION('',(-0.9914455527,0.1305209411,0.0000000006));
#3411=DIRECTION('',(0.005349808,0.0406374851,0.9991596341));
#3412=AXIS2_PLACEMENT_3D('',#3409,#3410,#3411);
#3413=PLANE('',#3412);
#3414=ADVANCED_FACE('no 3090',(#3408),#3413,.T.);
#3415=CARTESIAN_POINT('',(0.104705,-0.0061,0.013));
#3416=VERTEX_POINT('',#3415);
#3417=CARTESIAN_POINT('',(0.1078,-0.01,0.013));
#3418=DIRECTION('',(-0.6216285188,0.7833121885,0.0));
#3419=VECTOR('',#3418,1.0);
#3420=LINE('',#3417,#3419);
#3421=EDGE_CURVE('no 7141',#72,#3416,#3420,.T.);
#3422=ORIENTED_EDGE('no 7165',*,*,#3421,.F.);
#3423=ORIENTED_EDGE('no 7166',*,*,#2753,.T.);
#3424=CARTESIAN_POINT('',(0.104705,-0.0061,0.013));
#3425=DIRECTION('',(0.3830077761,0.9237451182,0.0));
#3426=VECTOR('',#3425,1.0);
#3427=LINE('',#3424,#3426);
#3428=EDGE_CURVE('no 2244',#3416,#2748,#3427,.T.);
#3429=ORIENTED_EDGE('no 7167',*,*,#3428,.F.);
#3430=EDGE_LOOP('',(#3422,#3423,#3429));
#3431=FACE_OUTER_BOUND('',#3430,.T.);
#3432=CARTESIAN_POINT('',(0.104705,-0.0061,0.013));
#3433=DIRECTION('',(-0.0,0.0,1.0));
#3434=DIRECTION('',(0.6215966107,-0.7833375094,0.0));
#3435=AXIS2_PLACEMENT_3D('',#3432,#3433,#3434);
#3436=PLANE('',#3435);
#3437=ADVANCED_FACE('no 7175',(#3431),#3436,.T.);
#3438=CARTESIAN_POINT('',(0.104925,-0.0044306,0.013));
#3439=DIRECTION('',(0.0,1.0,0.0));
#3440=VECTOR('',#3439,1.0);
#3441=LINE('',#3438,#3440);
#3442=EDGE_CURVE('no 8125',#2849,#2771,#3441,.T.);
#3443=ORIENTED_EDGE('no 8149',*,*,#3442,.F.);
#3444=ORIENTED_EDGE('no 8150',*,*,#2861,.F.);
#3445=ORIENTED_EDGE('no 8151',*,*,#2776,.T.);
#3446=EDGE_LOOP('',(#3443,#3444,#3445));
#3447=FACE_OUTER_BOUND('',#3446,.T.);
#3448=CARTESIAN_POINT('',(0.104925,0.0752306,0.013));
#3449=DIRECTION('',(0.0,0.0,1.0));
#3450=DIRECTION('',(0.0,-1.0,0.0));
#3451=AXIS2_PLACEMENT_3D('',#3448,#3449,#3450);
#3452=PLANE('',#3451);
#3453=ADVANCED_FACE('no 8159',(#3447),#3452,.T.);
#3454=ORIENTED_EDGE('no 3051',*,*,#3403,.T.);
#3455=CARTESIAN_POINT('',(0.104925,0.0752306,-0.001));
#3456=DIRECTION('',(0.0,0.0,1.0));
#3457=VECTOR('',#3456,1.0);
#3458=LINE('',#3455,#3457);
#3459=EDGE_CURVE('no 3044',#2911,#2771,#3458,.T.);
#3460=ORIENTED_EDGE('no 3052',*,*,#3459,.T.);
#3461=ORIENTED_EDGE('no 3053',*,*,#2783,.T.);
#3462=EDGE_LOOP('',(#3454,#3460,#3461));
#3463=FACE_OUTER_BOUND('',#3462,.T.);
#3464=CARTESIAN_POINT('',(0.105,0.0758,0.013));
#3465=DIRECTION('',(-0.9914455527,0.1305209411,0.0000000006));
#3466=DIRECTION('',(-0.005349808,-0.0406374851,-0.9991596341));
#3467=AXIS2_PLACEMENT_3D('',#3464,#3465,#3466);
#3468=PLANE('',#3467);
#3469=ADVANCED_FACE('no 3061',(#3463),#3468,.T.);
#3470=CARTESIAN_POINT('',(0.1039,-0.00690526,-0.001));
#3471=VERTEX_POINT('',#3470);
#3472=CARTESIAN_POINT('',(0.1039,-0.00690526,-0.001));
#3473=DIRECTION('',(0.783337123,-0.6215970976,0.0));
#3474=VECTOR('',#3473,1.0);
#3475=LINE('',#3472,#3474);
#3476=EDGE_CURVE('no 10175',#3471,#165,#3475,.T.);
#3477=ORIENTED_EDGE('no 10199',*,*,#3476,.F.);
#3478=CARTESIAN_POINT('',(0.104356,-0.00655564,-0.001));
#3479=DIRECTION('',(-0.7935895545,-0.608453465,0.0));
#3480=VECTOR('',#3479,1.0);
#3481=LINE('',#3478,#3480);
#3482=EDGE_CURVE('no 2354',#2794,#3471,#3481,.T.);
#3483=ORIENTED_EDGE('no 10200',*,*,#3482,.F.);
#3484=ORIENTED_EDGE('no 10201',*,*,#2799,.T.);
#3485=EDGE_LOOP('',(#3477,#3483,#3484));
#3486=FACE_OUTER_BOUND('',#3485,.T.);
#3487=CARTESIAN_POINT('',(0.1078,-0.01,-0.001));
#3488=DIRECTION('',(0.0,0.0,-1.0));
#3489=DIRECTION('',(-0.783337123,0.6215970976,0.0));
#3490=AXIS2_PLACEMENT_3D('',#3487,#3488,#3489);
#3491=PLANE('',#3490);
#3492=ADVANCED_FACE('no 10209',(#3486),#3491,.T.);
#3493=CARTESIAN_POINT('',(0.104705,-0.0061,0.013));
#3494=DIRECTION('',(-0.0249522907,-0.0325179879,-0.9991596287));
#3495=VECTOR('',#3494,1.0);
#3496=LINE('',#3493,#3495);
#3497=EDGE_CURVE('no 2290',#3416,#2794,#3496,.T.);
#3498=ORIENTED_EDGE('no 2326',*,*,#3497,.F.);
#3499=CARTESIAN_POINT('',(0.104705,-0.0061,-0.001));
#3500=DIRECTION('',(0.0,0.0,1.0));
#3501=VECTOR('',#3500,1.0);
#3502=LINE('',#3499,#3501);
#3503=EDGE_CURVE('no 2238',#2155,#3416,#3502,.T.);
#3504=ORIENTED_EDGE('no 2327',*,*,#3503,.F.);
#3505=ORIENTED_EDGE('no 2328',*,*,#2805,.T.);
#3506=EDGE_LOOP('',(#3498,#3504,#3505));
#3507=FACE_OUTER_BOUND('',#3506,.T.);
#3508=CARTESIAN_POINT('',(0.104356,-0.00655564,-0.001));
#3509=DIRECTION('',(-0.7933490413,0.6087670315,-0.0000000031));
#3510=DIRECTION('',(0.0249522907,0.0325179879,0.9991596287));
#3511=AXIS2_PLACEMENT_3D('',#3508,#3509,#3510);
#3512=PLANE('',#3511);
#3513=ADVANCED_FACE('no 2336',(#3507),#3512,.T.);
#3514=ORIENTED_EDGE('no 2245',*,*,#2820,.T.);
#3515=ORIENTED_EDGE('no 2246',*,*,#3503,.T.);
#3516=ORIENTED_EDGE('no 2247',*,*,#3428,.T.);
#3517=EDGE_LOOP('',(#3514,#3515,#3516));
#3518=FACE_OUTER_BOUND('',#3517,.T.);
#3519=CARTESIAN_POINT('',(0.104925,-0.0055694,0.013));
#3520=DIRECTION('',(-0.9238818141,0.382677924,0.0000000234));
#3521=DIRECTION('',(-0.0156851944,-0.0378679864,-0.999159642));
#3522=AXIS2_PLACEMENT_3D('',#3519,#3520,#3521);
#3523=PLANE('',#3522);
#3524=ADVANCED_FACE('no 2255',(#3518),#3523,.T.);
#3525=CARTESIAN_POINT('',(0.104356,0.0773556,-0.001));
#3526=VERTEX_POINT('',#3525);
#3527=CARTESIAN_POINT('',(0.1078,0.0808,-0.001));
#3528=DIRECTION('',(-0.7071077812,-0.7071057812,0.0));
#3529=VECTOR('',#3528,1.0);
#3530=LINE('',#3527,#3529);
#3531=EDGE_CURVE('no 9467',#280,#3526,#3530,.T.);
#3532=ORIENTED_EDGE('no 9491',*,*,#3531,.F.);
#3533=ORIENTED_EDGE('no 9492',*,*,#2877,.T.);
#3534=CARTESIAN_POINT('',(0.104356,0.0773556,-0.001));
#3535=DIRECTION('',(0.6081095883,-0.7938530901,0.0));
#3536=VECTOR('',#3535,1.0);
#3537=LINE('',#3534,#3536);
#3538=EDGE_CURVE('no 4297',#3526,#2872,#3537,.T.);
#3539=ORIENTED_EDGE('no 9493',*,*,#3538,.F.);
#3540=EDGE_LOOP('',(#3532,#3533,#3539));
#3541=FACE_OUTER_BOUND('',#3540,.T.);
#3542=CARTESIAN_POINT('',(0.104356,0.0773556,-0.001));
#3543=DIRECTION('',(0.0,0.0,-1.0));
#3544=DIRECTION('',(0.7071077812,0.7071057812,0.0));
#3545=AXIS2_PLACEMENT_3D('',#3542,#3543,#3544);
#3546=PLANE('',#3545);
#3547=ADVANCED_FACE('no 9501',(#3541),#3546,.T.);
#3548=ORIENTED_EDGE('no 4356',*,*,#3387,.F.);
#3549=CARTESIAN_POINT('',(0.104705,0.0769,-0.001));
#3550=DIRECTION('',(0.0,0.0,1.0));
#3551=VECTOR('',#3550,1.0);
#3552=LINE('',#3549,#3551);
#3553=EDGE_CURVE('no 4268',#2872,#2704,#3552,.T.);
#3554=ORIENTED_EDGE('no 4357',*,*,#3553,.F.);
#3555=ORIENTED_EDGE('no 4358',*,*,#2884,.T.);
#3556=EDGE_LOOP('',(#3548,#3554,#3555));
#3557=FACE_OUTER_BOUND('',#3556,.T.);
#3558=CARTESIAN_POINT('',(0.104925,0.0763694,-0.001));
#3559=DIRECTION('',(-0.9238806072,-0.3826808377,-0.0000000089));
#3560=DIRECTION('',(-0.0156851946,0.0378676869,0.9991596534));
#3561=AXIS2_PLACEMENT_3D('',#3558,#3559,#3560);
#3562=PLANE('',#3561);
#3563=ADVANCED_FACE('no 4366',(#3557),#3562,.T.);
#3564=CARTESIAN_POINT('',(0.104705,-0.0039,-0.001));
#3565=VERTEX_POINT('',#3564);
#3566=CARTESIAN_POINT('',(0.104925,0.0752306,-0.001));
#3567=DIRECTION('',(-0.0027802032,-0.9999961352,0.0));
#3568=VECTOR('',#3567,1.0);
#3569=LINE('',#3566,#3568);
#3570=EDGE_CURVE('no 10767',#2911,#3565,#3569,.T.);
#3571=ORIENTED_EDGE('no 10791',*,*,#3570,.F.);
#3572=ORIENTED_EDGE('no 10792',*,*,#2916,.T.);
#3573=CARTESIAN_POINT('',(0.104705,-0.0039,-0.001));
#3574=DIRECTION('',(0.3830077761,-0.9237451182,0.0));
#3575=VECTOR('',#3574,1.0);
#3576=LINE('',#3573,#3575);
#3577=EDGE_CURVE('no 2093',#3565,#2222,#3576,.T.);
#3578=ORIENTED_EDGE('no 10793',*,*,#3577,.F.);
#3579=EDGE_LOOP('',(#3571,#3572,#3578));
#3580=FACE_OUTER_BOUND('',#3579,.T.);
#3581=CARTESIAN_POINT('',(0.104705,-0.0039,-0.001));
#3582=DIRECTION('',(0.0,0.0,-1.0));
#3583=DIRECTION('',(0.0027773904,0.999996143,0.0));
#3584=AXIS2_PLACEMENT_3D('',#3581,#3582,#3583);
#3585=PLANE('',#3584);
#3586=ADVANCED_FACE('no 10801',(#3580),#3585,.T.);
#3587=CARTESIAN_POINT('',(0.104705,-0.0039,0.013));
#3588=VERTEX_POINT('',#3587);
#3589=CARTESIAN_POINT('',(0.104705,-0.0039,0.013));
#3590=DIRECTION('',(0.0156851944,-0.0378679864,-0.999159642));
#3591=VECTOR('',#3590,1.0);
#3592=LINE('',#3589,#3591);
#3593=EDGE_CURVE('no 2058',#3588,#2222,#3592,.T.);
#3594=ORIENTED_EDGE('no 2071',*,*,#3593,.T.);
#3595=ORIENTED_EDGE('no 2072',*,*,#2938,.T.);
#3596=CARTESIAN_POINT('',(0.104925,-0.0044306,0.013));
#3597=DIRECTION('',(-0.3830077761,0.9237451182,0.0));
#3598=VECTOR('',#3597,1.0);
#3599=LINE('',#3596,#3598);
#3600=EDGE_CURVE('no 2070',#2849,#3588,#3599,.T.);
#3601=ORIENTED_EDGE('no 2073',*,*,#3600,.T.);
#3602=EDGE_LOOP('',(#3594,#3595,#3601));
#3603=FACE_OUTER_BOUND('',#3602,.T.);
#3604=CARTESIAN_POINT('',(0.104705,-0.0039,0.013));
#3605=DIRECTION('',(-0.9238818141,-0.382677924,-0.0000000234));
#3606=DIRECTION('',(0.0156851944,-0.0378679864,-0.999159642));
#3607=AXIS2_PLACEMENT_3D('',#3604,#3605,#3606);
#3608=PLANE('',#3607);
#3609=ADVANCED_FACE('no 2081',(#3603),#3608,.T.);
#3610=ORIENTED_EDGE('no 6796',*,*,#2956,.F.);
#3611=CARTESIAN_POINT('',(-0.00249468,-0.00485533,0.013));
#3612=VERTEX_POINT('',#3611);
#3613=CARTESIAN_POINT('',(0.1078,-0.01,0.013));
#3614=DIRECTION('',(-0.9989139047,0.0465941095,0.0));
#3615=VECTOR('',#3614,1.0);
#3616=LINE('',#3613,#3615);
#3617=EDGE_CURVE('no 6795',#72,#3612,#3616,.T.);
#3618=ORIENTED_EDGE('no 6797',*,*,#3617,.T.);
#3619=CARTESIAN_POINT('',(-0.00253204,-0.00542843,0.013));
#3620=DIRECTION('',(0.0650512453,0.9978819246,0.0));
#3621=VECTOR('',#3620,1.0);
#3622=LINE('',#3619,#3621);
#3623=EDGE_CURVE('no 5086',#2951,#3612,#3622,.T.);
#3624=ORIENTED_EDGE('no 6798',*,*,#3623,.F.);
#3625=EDGE_LOOP('',(#3610,#3618,#3624));
#3626=FACE_OUTER_BOUND('',#3625,.T.);
#3627=CARTESIAN_POINT('',(-0.00253204,-0.00542843,0.013));
#3628=DIRECTION('',(-0.0,0.0,1.0));
#3629=DIRECTION('',(0.9991426862,-0.041399187,0.0));
#3630=AXIS2_PLACEMENT_3D('',#3627,#3628,#3629);
#3631=PLANE('',#3630);
#3632=ADVANCED_FACE('no 6806',(#3626),#3631,.T.);
#3633=CARTESIAN_POINT('',(-0.00253204,-0.00542843,0.013));
#3634=DIRECTION('',(-0.0131612952,-0.038817486,-0.9991596384));
#3635=VECTOR('',#3634,1.0);
#3636=LINE('',#3633,#3635);
#3637=EDGE_CURVE('no 5132',#2951,#2682,#3636,.T.);
#3638=ORIENTED_EDGE('no 5145',*,*,#3637,.T.);
#3639=ORIENTED_EDGE('no 5146',*,*,#3326,.T.);
#3640=ORIENTED_EDGE('no 5147',*,*,#2962,.T.);
#3641=EDGE_LOOP('',(#3638,#3639,#3640));
#3642=FACE_OUTER_BOUND('',#3641,.T.);
#3643=CARTESIAN_POINT('',(-0.00253204,-0.00542843,0.013));
#3644=DIRECTION('',(-0.94704496,0.3211009867,0.0000000053));
#3645=DIRECTION('',(-0.0131612952,-0.038817486,-0.9991596384));
#3646=AXIS2_PLACEMENT_3D('',#3643,#3644,#3645);
#3647=PLANE('',#3646);
#3648=ADVANCED_FACE('no 5155',(#3642),#3647,.T.);
#3649=CARTESIAN_POINT('',(-0.00634448,-0.00355003,-0.001));
#3650=DIRECTION('',(-0.0227595917,-0.0340884875,0.9991596349));
#3651=VECTOR('',#3650,1.0);
#3652=LINE('',#3649,#3651);
#3653=EDGE_CURVE('no 4494',#3029,#2990,#3652,.T.);
#3654=ORIENTED_EDGE('no 4501',*,*,#3653,.T.);
#3655=ORIENTED_EDGE('no 4502',*,*,#2995,.F.);
#3656=ORIENTED_EDGE('no 4503',*,*,#3040,.T.);
#3657=EDGE_LOOP('',(#3654,#3655,#3656));
#3658=FACE_OUTER_BOUND('',#3657,.T.);
#3659=CARTESIAN_POINT('',(-0.00634448,-0.00355003,-0.001));
#3660=DIRECTION('',(0.8316680968,-0.555273065,0.0000000073));
#3661=DIRECTION('',(-0.0227595917,-0.0340884875,0.9991596349));
#3662=AXIS2_PLACEMENT_3D('',#3659,#3660,#3661);
#3663=PLANE('',#3662);
#3664=ADVANCED_FACE('no 4511',(#3658),#3663,.T.);
#3665=ORIENTED_EDGE('no 6008',*,*,#3017,.F.);
#3666=CARTESIAN_POINT('',(-0.00634448,-0.00355003,0.013));
#3667=VERTEX_POINT('',#3666);
#3668=CARTESIAN_POINT('',(-0.00634448,-0.00355003,0.013));
#3669=DIRECTION('',(-0.5552706457,-0.8316697121,0.0));
#3670=VECTOR('',#3669,1.0);
#3671=LINE('',#3668,#3670);
#3672=EDGE_CURVE('no 4529',#3667,#2990,#3671,.T.);
#3673=ORIENTED_EDGE('no 6009',*,*,#3672,.F.);
#3674=CARTESIAN_POINT('',(-0.00634448,-0.00355003,0.013));
#3675=DIRECTION('',(-0.0027143231,0.9999963162,0.0));
#3676=VECTOR('',#3675,1.0);
#3677=LINE('',#3674,#3676);
#3678=EDGE_CURVE('no 6007',#3667,#1624,#3677,.T.);
#3679=ORIENTED_EDGE('no 6010',*,*,#3678,.T.);
#3680=EDGE_LOOP('',(#3665,#3673,#3679));
#3681=FACE_OUTER_BOUND('',#3680,.T.);
#3682=CARTESIAN_POINT('',(-0.00655564,0.0742444,0.013));
#3683=DIRECTION('',(0.0,0.0,1.0));
#3684=DIRECTION('',(-0.0013766101,-0.9999990525,0.0));
#3685=AXIS2_PLACEMENT_3D('',#3682,#3683,#3684);
#3686=PLANE('',#3685);
#3687=ADVANCED_FACE('no 6018',(#3681),#3686,.T.);
#3688=ORIENTED_EDGE('no 10946',*,*,#3034,.F.);
#3689=ORIENTED_EDGE('no 10947',*,*,#3310,.F.);
#3690=CARTESIAN_POINT('',(-0.0061,0.0738947,-0.001));
#3691=DIRECTION('',(-0.0031568162,-0.9999950172,0.0));
#3692=VECTOR('',#3691,1.0);
#3693=LINE('',#3690,#3692);
#3694=EDGE_CURVE('no 10945',#3299,#3029,#3693,.T.);
#3695=ORIENTED_EDGE('no 10948',*,*,#3694,.T.);
#3696=EDGE_LOOP('',(#3688,#3689,#3695));
#3697=FACE_OUTER_BOUND('',#3696,.T.);
#3698=CARTESIAN_POINT('',(-0.00634448,-0.00355003,-0.001));
#3699=DIRECTION('',(0.0,0.0,-1.0));
#3700=DIRECTION('',(-0.0027142209,0.9999963165,0.0));
#3701=AXIS2_PLACEMENT_3D('',#3698,#3699,#3700);
#3702=PLANE('',#3701);
#3703=ADVANCED_FACE('no 10956',(#3697),#3702,.T.);
#3704=ORIENTED_EDGE('no 8419',*,*,#3063,.F.);
#3705=CARTESIAN_POINT('',(-0.00309474,0.0769,0.013));
#3706=VERTEX_POINT('',#3705);
#3707=CARTESIAN_POINT('',(-0.00309474,0.0769,0.013));
#3708=DIRECTION('',(-0.6087897316,0.7933316221,0.0));
#3709=VECTOR('',#3708,1.0);
#3710=LINE('',#3707,#3709);
#3711=EDGE_CURVE('no 620',#3706,#3052,#3710,.T.);
#3712=ORIENTED_EDGE('no 8420',*,*,#3711,.F.);
#3713=CARTESIAN_POINT('',(-0.00309474,0.0769,0.013));
#3714=DIRECTION('',(0.943410944,0.3316259803,0.0));
#3715=VECTOR('',#3714,1.0);
#3716=LINE('',#3713,#3715);
#3717=EDGE_CURVE('no 8418',#3706,#257,#3716,.T.);
#3718=ORIENTED_EDGE('no 8421',*,*,#3717,.T.);
#3719=EDGE_LOOP('',(#3704,#3712,#3718));
#3720=FACE_OUTER_BOUND('',#3719,.T.);
#3721=CARTESIAN_POINT('',(0.008,0.0808,0.013));
#3722=DIRECTION('',(0.0,0.0,1.0));
#3723=DIRECTION('',(-0.9575714048,-0.2881961218,0.0));
#3724=AXIS2_PLACEMENT_3D('',#3721,#3722,#3723);
#3725=PLANE('',#3724);
#3726=ADVANCED_FACE('no 8429',(#3720),#3725,.T.);
#3727=ORIENTED_EDGE('no 8442',*,*,#3717,.F.);
#3728=CARTESIAN_POINT('',(-0.00287496,0.0763694,0.013));
#3729=DIRECTION('',(-0.3826808817,0.923880589,0.0));
#3730=VECTOR('',#3729,1.0);
#3731=LINE('',#3728,#3730);
#3732=EDGE_CURVE('no 678',#3074,#3706,#3731,.T.);
#3733=ORIENTED_EDGE('no 8443',*,*,#3732,.F.);
#3734=ORIENTED_EDGE('no 8444',*,*,#3079,.T.);
#3735=EDGE_LOOP('',(#3727,#3733,#3734));
#3736=FACE_OUTER_BOUND('',#3735,.T.);
#3737=CARTESIAN_POINT('',(0.008,0.0808,0.013));
#3738=DIRECTION('',(0.0,0.0,1.0));
#3739=DIRECTION('',(-0.943410944,-0.3316259803,0.0));
#3740=AXIS2_PLACEMENT_3D('',#3737,#3738,#3739);
#3741=PLANE('',#3740);
#3742=ADVANCED_FACE('no 8452',(#3736),#3741,.T.);
#3743=CARTESIAN_POINT('',(-0.0028,0.0758,-0.001));
#3744=VERTEX_POINT('',#3743);
#3745=CARTESIAN_POINT('',(-0.00287496,0.0763694,0.013));
#3746=DIRECTION('',(0.005350018,-0.0406374851,-0.9991596329));
#3747=VECTOR('',#3746,1.0);
#3748=LINE('',#3745,#3747);
#3749=EDGE_CURVE('no 724',#3074,#3744,#3748,.T.);
#3750=ORIENTED_EDGE('no 737',*,*,#3749,.T.);
#3751=CARTESIAN_POINT('',(-0.0028,0.0758,-0.001));
#3752=DIRECTION('',(0.0,0.0,1.0));
#3753=VECTOR('',#3752,1.0);
#3754=LINE('',#3751,#3753);
#3755=EDGE_CURVE('no 730',#3744,#2491,#3754,.T.);
#3756=ORIENTED_EDGE('no 738',*,*,#3755,.T.);
#3757=ORIENTED_EDGE('no 739',*,*,#3085,.T.);
#3758=EDGE_LOOP('',(#3750,#3756,#3757));
#3759=FACE_OUTER_BOUND('',#3758,.T.);
#3760=CARTESIAN_POINT('',(-0.00287496,0.0763694,0.013));
#3761=DIRECTION('',(-0.9914448886,-0.1305259853,-0.0000000003));
#3762=DIRECTION('',(0.005350018,-0.0406374851,-0.9991596329));
#3763=AXIS2_PLACEMENT_3D('',#3760,#3761,#3762);
#3764=PLANE('',#3763);
#3765=ADVANCED_FACE('no 747',(#3759),#3764,.T.);
#3766=CARTESIAN_POINT('',(-0.00286112,-0.00377709,0.013));
#3767=VERTEX_POINT('',#3766);
#3768=CARTESIAN_POINT('',(-0.00286112,-0.00377709,0.013));
#3769=DIRECTION('',(0.00076806,0.999999705,0.0));
#3770=VECTOR('',#3769,1.0);
#3771=LINE('',#3768,#3770);
#3772=EDGE_CURVE('no 6375',#3767,#2491,#3771,.T.);
#3773=ORIENTED_EDGE('no 6399',*,*,#3772,.F.);
#3774=CARTESIAN_POINT('',(-0.00260692,-0.00429209,0.013));
#3775=DIRECTION('',(-0.4426109432,0.896713752,0.0));
#3776=VECTOR('',#3775,1.0);
#3777=LINE('',#3774,#3776);
#3778=EDGE_CURVE('no 4970',#3098,#3767,#3777,.T.);
#3779=ORIENTED_EDGE('no 6400',*,*,#3778,.F.);
#3780=ORIENTED_EDGE('no 6401',*,*,#3103,.T.);
#3781=EDGE_LOOP('',(#3773,#3779,#3780));
#3782=FACE_OUTER_BOUND('',#3781,.T.);
#3783=CARTESIAN_POINT('',(-0.0028,0.0758,0.013));
#3784=DIRECTION('',(0.0,0.0,1.0));
#3785=DIRECTION('',(-0.0007680708,-0.999999705,0.0));
#3786=AXIS2_PLACEMENT_3D('',#3783,#3784,#3785);
#3787=PLANE('',#3786);
#3788=ADVANCED_FACE('no 6409',(#3782),#3787,.T.);
#3789=ORIENTED_EDGE('no 8540',*,*,#3109,.F.);
#3790=CARTESIAN_POINT('',(-0.00249468,-0.00485533,0.013));
#3791=DIRECTION('',(-0.1954329989,0.9807170555,0.0));
#3792=VECTOR('',#3791,1.0);
#3793=LINE('',#3790,#3792);
#3794=EDGE_CURVE('no 5028',#3612,#3098,#3793,.T.);
#3795=ORIENTED_EDGE('no 8541',*,*,#3794,.F.);
#3796=CARTESIAN_POINT('',(-0.00249468,-0.00485533,0.013));
#3797=DIRECTION('',(0.0329563931,0.9994567905,0.0));
#3798=VECTOR('',#3797,1.0);
#3799=LINE('',#3796,#3798);
#3800=EDGE_CURVE('no 8539',#3612,#1785,#3799,.T.);
#3801=ORIENTED_EDGE('no 8542',*,*,#3800,.T.);
#3802=EDGE_LOOP('',(#3789,#3795,#3801));
#3803=FACE_OUTER_BOUND('',#3802,.T.);
#3804=CARTESIAN_POINT('',(0.0,0.0708,0.013));
#3805=DIRECTION('',(0.0,0.0,1.0));
#3806=DIRECTION('',(-0.0346954976,-0.99939793,0.0));
#3807=AXIS2_PLACEMENT_3D('',#3804,#3805,#3806);
#3808=PLANE('',#3807);
#3809=ADVANCED_FACE('no 8550',(#3803),#3808,.T.);
#3810=ORIENTED_EDGE('no 8829',*,*,#3125,.T.);
#3811=CARTESIAN_POINT('',(0.0,0.0,0.0));
#3812=VERTEX_POINT('',#3811);
#3813=CARTESIAN_POINT('',(0.0,0.0,0.0));
#3814=DIRECTION('',(0.0,0.0,1.0));
#3815=VECTOR('',#3814,1.0);
#3816=LINE('',#3813,#3815);
#3817=EDGE_CURVE('no 8776',#3812,#3120,#3816,.T.);
#3818=ORIENTED_EDGE('no 8830',*,*,#3817,.F.);
#3819=CARTESIAN_POINT('',(0.0,0.0,0.0));
#3820=DIRECTION('',(0.0,1.0,0.0));
#3821=VECTOR('',#3820,1.0);
#3822=LINE('',#3819,#3821);
#3823=EDGE_CURVE('no 8828',#3812,#1824,#3822,.T.);
#3824=ORIENTED_EDGE('no 8831',*,*,#3823,.T.);
#3825=EDGE_LOOP('',(#3810,#3818,#3824));
#3826=FACE_OUTER_BOUND('',#3825,.T.);
#3827=CARTESIAN_POINT('',(0.0,0.0708,0.0));
#3828=DIRECTION('',(1.0,0.0,0.0));
#3829=DIRECTION('',(0.0,-0.9835571728,0.1805970317));
#3830=AXIS2_PLACEMENT_3D('',#3827,#3828,#3829);
#3831=PLANE('',#3830);
#3832=ADVANCED_FACE('no 8839',(#3826),#3831,.T.);
#3833=ORIENTED_EDGE('no 8563',*,*,#3800,.F.);
#3834=CARTESIAN_POINT('',(0.0,0.0,0.013));
#3835=DIRECTION('',(-0.4570078308,-0.8894626707,0.0));
#3836=VECTOR('',#3835,1.0);
#3837=LINE('',#3834,#3836);
#3838=EDGE_CURVE('no 6824',#3120,#3612,#3837,.T.);
#3839=ORIENTED_EDGE('no 8564',*,*,#3838,.F.);
#3840=ORIENTED_EDGE('no 8565',*,*,#3132,.T.);
#3841=EDGE_LOOP('',(#3833,#3839,#3840));
#3842=FACE_OUTER_BOUND('',#3841,.T.);
#3843=CARTESIAN_POINT('',(0.0,0.0708,0.013));
#3844=DIRECTION('',(0.0,0.0,1.0));
#3845=DIRECTION('',(-0.0329563931,-0.9994567905,0.0));
#3846=AXIS2_PLACEMENT_3D('',#3843,#3844,#3845);
#3847=PLANE('',#3846);
#3848=ADVANCED_FACE('no 8573',(#3842),#3847,.T.);
#3849=CARTESIAN_POINT('',(0.0978,0.0,0.0));
#3850=VERTEX_POINT('',#3849);
#3851=CARTESIAN_POINT('',(0.0978,0.0,0.0));
#3852=DIRECTION('',(-0.8100235169,0.5863973926,0.0));
#3853=VECTOR('',#3852,1.0);
#3854=LINE('',#3851,#3853);
#3855=EDGE_CURVE('no 11520',#3850,#1824,#3854,.T.);
#3856=ORIENTED_EDGE('no 11538',*,*,#3855,.F.);
#3857=CARTESIAN_POINT('',(0.0978,0.0708,0.0));
#3858=DIRECTION('',(0.0,-1.0,0.0));
#3859=VECTOR('',#3858,1.0);
#3860=LINE('',#3857,#3859);
#3861=EDGE_CURVE('no 11497',#3144,#3850,#3860,.T.);
#3862=ORIENTED_EDGE('no 11539',*,*,#3861,.F.);
#3863=ORIENTED_EDGE('no 11540',*,*,#3149,.F.);
#3864=EDGE_LOOP('',(#3856,#3862,#3863));
#3865=FACE_OUTER_BOUND('',#3864,.T.);
#3866=CARTESIAN_POINT('',(0.0,0.0708,0.0));
#3867=DIRECTION('',(-0.0,0.0,1.0));
#3868=DIRECTION('',(0.8100238695,-0.5863969055,0.0));
#3869=AXIS2_PLACEMENT_3D('',#3866,#3867,#3868);
#3870=PLANE('',#3869);
#3871=ADVANCED_FACE('no 11548',(#3865),#3870,.T.);
#3872=CARTESIAN_POINT('',(0.0978,0.0708,0.013));
#3873=DIRECTION('',(0.0,-0.9835572395,-0.1805966683));
#3874=VECTOR('',#3873,1.0);
#3875=LINE('',#3872,#3874);
#3876=EDGE_CURVE('no 11474',#2530,#3850,#3875,.T.);
#3877=ORIENTED_EDGE('no 11498',*,*,#3876,.F.);
#3878=ORIENTED_EDGE('no 11499',*,*,#3155,.F.);
#3879=ORIENTED_EDGE('no 11500',*,*,#3861,.T.);
#3880=EDGE_LOOP('',(#3877,#3878,#3879));
#3881=FACE_OUTER_BOUND('',#3880,.T.);
#3882=CARTESIAN_POINT('',(0.0978,0.0,0.0));
#3883=DIRECTION('',(-1.0,0.0,0.0));
#3884=DIRECTION('',(0.0,0.9835571728,0.1805970317));
#3885=AXIS2_PLACEMENT_3D('',#3882,#3883,#3884);
#3886=PLANE('',#3885);
#3887=ADVANCED_FACE('no 11508',(#3881),#3886,.T.);
#3888=CARTESIAN_POINT('',(0.100895,0.0769,0.013));
#3889=VERTEX_POINT('',#3888);
#3890=CARTESIAN_POINT('',(0.100895,0.0769,0.013));
#3891=DIRECTION('',(-0.9987162924,0.0506534045,0.0));
#3892=VECTOR('',#3891,1.0);
#3893=LINE('',#3890,#3892);
#3894=EDGE_CURVE('no 7280',#3889,#1848,#3893,.T.);
#3895=ORIENTED_EDGE('no 7304',*,*,#3894,.F.);
#3896=CARTESIAN_POINT('',(0.101244,0.0773556,0.013));
#3897=DIRECTION('',(-0.6081095883,-0.7938530901,0.0));
#3898=VECTOR('',#3897,1.0);
#3899=LINE('',#3896,#3898);
#3900=EDGE_CURVE('no 3891',#3182,#3889,#3899,.T.);
#3901=ORIENTED_EDGE('no 7305',*,*,#3900,.F.);
#3902=ORIENTED_EDGE('no 7306',*,*,#3187,.T.);
#3903=EDGE_LOOP('',(#3895,#3901,#3902));
#3904=FACE_OUTER_BOUND('',#3903,.T.);
#3905=CARTESIAN_POINT('',(0.024,0.0808,0.013));
#3906=DIRECTION('',(0.0,0.0,1.0));
#3907=DIRECTION('',(0.9987162817,-0.0506536143,0.0));
#3908=AXIS2_PLACEMENT_3D('',#3905,#3906,#3907);
#3909=PLANE('',#3908);
#3910=ADVANCED_FACE('no 7314',(#3904),#3909,.T.);
#3911=CARTESIAN_POINT('',(0.101244,0.0773556,-0.001));
#3912=VERTEX_POINT('',#3911);
#3913=CARTESIAN_POINT('',(0.1017,0.0777053,0.013));
#3914=DIRECTION('',(-0.0325440246,-0.0249575557,-0.9991586495));
#3915=VECTOR('',#3914,1.0);
#3916=LINE('',#3913,#3915);
#3917=EDGE_CURVE('no 3914',#2553,#3912,#3916,.T.);
#3918=ORIENTED_EDGE('no 3950',*,*,#3917,.F.);
#3919=ORIENTED_EDGE('no 3951',*,*,#3193,.T.);
#3920=CARTESIAN_POINT('',(0.101244,0.0773556,-0.001));
#3921=DIRECTION('',(0.0,0.0,1.0));
#3922=VECTOR('',#3921,1.0);
#3923=LINE('',#3920,#3922);
#3924=EDGE_CURVE('no 3885',#3912,#3182,#3923,.T.);
#3925=ORIENTED_EDGE('no 3952',*,*,#3924,.F.);
#3926=EDGE_LOOP('',(#3918,#3919,#3925));
#3927=FACE_OUTER_BOUND('',#3926,.T.);
#3928=CARTESIAN_POINT('',(0.101244,0.0773556,-0.001));
#3929=DIRECTION('',(0.6087602114,-0.7933542746,0.0000000135));
#3930=DIRECTION('',(0.0325178884,0.0249517911,0.9991596444));
#3931=AXIS2_PLACEMENT_3D('',#3928,#3929,#3930);
#3932=PLANE('',#3931);
#3933=ADVANCED_FACE('no 3960',(#3927),#3932,.T.);
#3934=CARTESIAN_POINT('',(0.1017,0.0777053,-0.001));
#3935=VERTEX_POINT('',#3934);
#3936=CARTESIAN_POINT('',(0.102231,0.077925,0.013));
#3937=DIRECTION('',(-0.0378966599,-0.0156796538,-0.9991586419));
#3938=VECTOR('',#3937,1.0);
#3939=LINE('',#3936,#3938);
#3940=EDGE_CURVE('no 3972',#3206,#3935,#3939,.T.);
#3941=ORIENTED_EDGE('no 4008',*,*,#3940,.F.);
#3942=ORIENTED_EDGE('no 4009',*,*,#3211,.T.);
#3943=CARTESIAN_POINT('',(0.1017,0.0777053,-0.001));
#3944=DIRECTION('',(0.0,0.0,1.0));
#3945=VECTOR('',#3944,1.0);
#3946=LINE('',#3943,#3945);
#3947=EDGE_CURVE('no 3926',#3935,#2553,#3946,.T.);
#3948=ORIENTED_EDGE('no 4010',*,*,#3947,.F.);
#3949=EDGE_LOOP('',(#3941,#3942,#3948));
#3950=FACE_OUTER_BOUND('',#3949,.T.);
#3951=CARTESIAN_POINT('',(0.1017,0.0777053,-0.001));
#3952=DIRECTION('',(0.3826762169,-0.9238825212,0.0000000226));
#3953=DIRECTION('',(0.0378681861,0.0156851943,0.9991596345));
#3954=AXIS2_PLACEMENT_3D('',#3951,#3952,#3953);
#3955=PLANE('',#3954);
#3956=ADVANCED_FACE('no 4018',(#3950),#3955,.T.);
#3957=ORIENTED_EDGE('no 7465',*,*,#3217,.F.);
#3958=CARTESIAN_POINT('',(0.1028,0.078,0.013));
#3959=VERTEX_POINT('',#3958);
#3960=CARTESIAN_POINT('',(0.1028,0.078,0.013));
#3961=DIRECTION('',(-0.9914437068,-0.1305349614,0.0));
#3962=VECTOR('',#3961,1.0);
#3963=LINE('',#3960,#3962);
#3964=EDGE_CURVE('no 4065',#3959,#3206,#3963,.T.);
#3965=ORIENTED_EDGE('no 7466',*,*,#3964,.F.);
#3966=CARTESIAN_POINT('',(0.1028,0.078,0.013));
#3967=DIRECTION('',(0.8725060159,0.4886033689,0.0));
#3968=VECTOR('',#3967,1.0);
#3969=LINE('',#3966,#3968);
#3970=EDGE_CURVE('no 7464',#3959,#757,#3969,.T.);
#3971=ORIENTED_EDGE('no 7467',*,*,#3970,.T.);
#3972=EDGE_LOOP('',(#3957,#3965,#3971));
#3973=FACE_OUTER_BOUND('',#3972,.T.);
#3974=CARTESIAN_POINT('',(0.1078,0.0808,0.013));
#3975=DIRECTION('',(0.0,0.0,1.0));
#3976=DIRECTION('',(-0.8885921788,-0.4586980923,0.0));
#3977=AXIS2_PLACEMENT_3D('',#3974,#3975,#3976);
#3978=PLANE('',#3977);
#3979=ADVANCED_FACE('no 7475',(#3973),#3978,.T.);
#3980=ORIENTED_EDGE('no 7281',*,*,#3231,.F.);
#3981=CARTESIAN_POINT('',(0.0978,0.0708,0.013));
#3982=DIRECTION('',(0.4524688186,0.8917802241,0.0));
#3983=VECTOR('',#3982,1.0);
#3984=LINE('',#3981,#3983);
#3985=EDGE_CURVE('no 7274',#2530,#3889,#3984,.T.);
#3986=ORIENTED_EDGE('no 7282',*,*,#3985,.T.);
#3987=ORIENTED_EDGE('no 7283',*,*,#3894,.T.);
#3988=EDGE_LOOP('',(#3980,#3986,#3987));
#3989=FACE_OUTER_BOUND('',#3988,.T.);
#3990=CARTESIAN_POINT('',(0.024,0.0808,0.013));
#3991=DIRECTION('',(0.0,0.0,1.0));
#3992=DIRECTION('',(0.9909442387,-0.1342740323,0.0));
#3993=AXIS2_PLACEMENT_3D('',#3990,#3991,#3992);
#3994=PLANE('',#3993);
#3995=ADVANCED_FACE('no 7291',(#3989),#3994,.T.);
#3996=ORIENTED_EDGE('no 9157',*,*,#3250,.F.);
#3997=CARTESIAN_POINT('',(-0.00287496,0.0763694,-0.001));
#3998=VERTEX_POINT('',#3997);
#3999=CARTESIAN_POINT('',(0.1078,0.0808,-0.001));
#4000=DIRECTION('',(-0.9991996596,-0.0400005025,0.0));
#4001=VECTOR('',#4000,1.0);
#4002=LINE('',#3999,#4001);
#4003=EDGE_CURVE('no 9156',#280,#3998,#4002,.T.);
#4004=ORIENTED_EDGE('no 9158',*,*,#4003,.T.);
#4005=CARTESIAN_POINT('',(-0.00309474,0.0769,-0.001));
#4006=DIRECTION('',(0.3826808817,-0.923880589,0.0));
#4007=VECTOR('',#4006,1.0);
#4008=LINE('',#4005,#4007);
#4009=EDGE_CURVE('no 701',#3245,#3998,#4008,.T.);
#4010=ORIENTED_EDGE('no 9159',*,*,#4009,.F.);
#4011=EDGE_LOOP('',(#3996,#4004,#4010));
#4012=FACE_OUTER_BOUND('',#4011,.T.);
#4013=CARTESIAN_POINT('',(-0.00309474,0.0769,-0.001));
#4014=DIRECTION('',(0.0,0.0,-1.0));
#4015=DIRECTION('',(0.9993821637,0.0351467058,0.0));
#4016=AXIS2_PLACEMENT_3D('',#4013,#4014,#4015);
#4017=PLANE('',#4016);
#4018=ADVANCED_FACE('no 9167',(#4012),#4017,.T.);
#4019=CARTESIAN_POINT('',(-0.00344436,0.0773556,0.013));
#4020=DIRECTION('',(0.0249518729,-0.032515512,-0.9991597197));
#4021=VECTOR('',#4020,1.0);
#4022=LINE('',#4019,#4021);
#4023=EDGE_CURVE('no 608',#3052,#3245,#4022,.T.);
#4024=ORIENTED_EDGE('no 644',*,*,#4023,.F.);
#4025=ORIENTED_EDGE('no 645',*,*,#3277,.F.);
#4026=ORIENTED_EDGE('no 646',*,*,#3256,.T.);
#4027=EDGE_LOOP('',(#4024,#4025,#4026));
#4028=FACE_OUTER_BOUND('',#4027,.T.);
#4029=CARTESIAN_POINT('',(-0.00309474,0.0769,-0.001));
#4030=DIRECTION('',(-0.7933568366,-0.6087568726,0.0000000391));
#4031=DIRECTION('',(-0.0249518907,0.0325183878,0.9991596257));
#4032=AXIS2_PLACEMENT_3D('',#4029,#4030,#4031);
#4033=PLANE('',#4032);
#4034=ADVANCED_FACE('no 654',(#4028),#4033,.T.);
#4035=ORIENTED_EDGE('no 1282',*,*,#3304,.F.);
#4036=CARTESIAN_POINT('',(-0.0061,0.0738947,0.013));
#4037=VERTEX_POINT('',#4036);
#4038=CARTESIAN_POINT('',(-0.00655564,0.0742444,0.013));
#4039=DIRECTION('',(0.7932901612,-0.6088437568,0.0));
#4040=VECTOR('',#4039,1.0);
#4041=LINE('',#4038,#4040);
#4042=EDGE_CURVE('no 1281',#1624,#4037,#4041,.T.);
#4043=ORIENTED_EDGE('no 1283',*,*,#4042,.T.);
#4044=CARTESIAN_POINT('',(-0.0061,0.0738947,-0.001));
#4045=DIRECTION('',(0.0,0.0,1.0));
#4046=VECTOR('',#4045,1.0);
#4047=LINE('',#4044,#4046);
#4048=EDGE_CURVE('no 1200',#3299,#4037,#4047,.T.);
#4049=ORIENTED_EDGE('no 1284',*,*,#4048,.F.);
#4050=EDGE_LOOP('',(#4035,#4043,#4049));
#4051=FACE_OUTER_BOUND('',#4050,.T.);
#4052=CARTESIAN_POINT('',(-0.0061,0.0738947,-0.001));
#4053=DIRECTION('',(0.6087586168,0.7933554982,-0.000000035));
#4054=DIRECTION('',(-0.0325179883,0.024951791,0.9991596412));
#4055=AXIS2_PLACEMENT_3D('',#4052,#4053,#4054);
#4056=PLANE('',#4055);
#4057=ADVANCED_FACE('no 1292',(#4051),#4056,.T.);
#4058=ORIENTED_EDGE('no 5168',*,*,#3637,.F.);
#4059=CARTESIAN_POINT('',(-0.00253204,-0.00542843,-0.001));
#4060=DIRECTION('',(0.0,0.0,1.0));
#4061=VECTOR('',#4060,1.0);
#4062=LINE('',#4059,#4061);
#4063=EDGE_CURVE('no 5080',#3339,#2951,#4062,.T.);
#4064=ORIENTED_EDGE('no 5169',*,*,#4063,.F.);
#4065=ORIENTED_EDGE('no 5170',*,*,#3344,.T.);
#4066=EDGE_LOOP('',(#4058,#4064,#4065));
#4067=FACE_OUTER_BOUND('',#4066,.T.);
#4068=CARTESIAN_POINT('',(-0.00271645,-0.00597233,-0.001));
#4069=DIRECTION('',(-0.94704496,0.3211009867,0.0000000053));
#4070=DIRECTION('',(0.0131612952,0.038817486,0.9991596384));
#4071=AXIS2_PLACEMENT_3D('',#4068,#4069,#4070);
#4072=PLANE('',#4071);
#4073=ADVANCED_FACE('no 5178',(#4067),#4072,.T.);
#4074=ORIENTED_EDGE('no 9940',*,*,#3350,.F.);
#4075=CARTESIAN_POINT('',(-0.00249468,-0.00485533,-0.001));
#4076=VERTEX_POINT('',#4075);
#4077=CARTESIAN_POINT('',(-0.00249468,-0.00485533,-0.001));
#4078=DIRECTION('',(-0.0650462165,-0.9978822524,0.0));
#4079=VECTOR('',#4078,1.0);
#4080=LINE('',#4077,#4079);
#4081=EDGE_CURVE('no 5109',#4076,#3339,#4080,.T.);
#4082=ORIENTED_EDGE('no 9941',*,*,#4081,.F.);
#4083=CARTESIAN_POINT('',(-0.00249468,-0.00485533,-0.001));
#4084=DIRECTION('',(0.9989139053,-0.0465940956,0.0));
#4085=VECTOR('',#4084,1.0);
#4086=LINE('',#4083,#4085);
#4087=EDGE_CURVE('no 9939',#4076,#165,#4086,.T.);
#4088=ORIENTED_EDGE('no 9942',*,*,#4087,.T.);
#4089=EDGE_LOOP('',(#4074,#4082,#4088));
#4090=FACE_OUTER_BOUND('',#4089,.T.);
#4091=CARTESIAN_POINT('',(0.1078,-0.01,-0.001));
#4092=DIRECTION('',(0.0,0.0,-1.0));
#4093=DIRECTION('',(-0.9991426862,0.041399187,0.0));
#4094=AXIS2_PLACEMENT_3D('',#4091,#4092,#4093);
#4095=PLANE('',#4094);
#4096=ADVANCED_FACE('no 9950',(#4090),#4095,.T.);
#4097=CARTESIAN_POINT('',(0.1039,0.0777053,0.013));
#4098=VERTEX_POINT('',#4097);
#4099=CARTESIAN_POINT('',(0.1039,0.0777053,0.013));
#4100=DIRECTION('',(0.7833415285,0.6215915457,0.0));
#4101=VECTOR('',#4100,1.0);
#4102=LINE('',#4099,#4101);
#4103=EDGE_CURVE('no 7510',#4098,#757,#4102,.T.);
#4104=ORIENTED_EDGE('no 7534',*,*,#4103,.F.);
#4105=CARTESIAN_POINT('',(0.104356,0.0773556,0.013));
#4106=DIRECTION('',(-0.7933542749,0.608760211,0.0));
#4107=VECTOR('',#4106,1.0);
#4108=LINE('',#4105,#4107);
#4109=EDGE_CURVE('no 4239',#3361,#4098,#4108,.T.);
#4110=ORIENTED_EDGE('no 7535',*,*,#4109,.F.);
#4111=ORIENTED_EDGE('no 7536',*,*,#3366,.T.);
#4112=EDGE_LOOP('',(#4104,#4110,#4111));
#4113=FACE_OUTER_BOUND('',#4112,.T.);
#4114=CARTESIAN_POINT('',(0.1078,0.0808,0.013));
#4115=DIRECTION('',(0.0,0.0,1.0));
#4116=DIRECTION('',(-0.7833375094,-0.6215966107,0.0));
#4117=AXIS2_PLACEMENT_3D('',#4114,#4115,#4116);
#4118=PLANE('',#4117);
#4119=ADVANCED_FACE('no 7544',(#4113),#4118,.T.);
#4120=CARTESIAN_POINT('',(0.104356,0.0773556,0.013));
#4121=DIRECTION('',(0.0249076519,-0.0325155479,-0.9991608219));
#4122=VECTOR('',#4121,1.0);
#4123=LINE('',#4120,#4122);
#4124=EDGE_CURVE('no 4262',#3361,#2872,#4123,.T.);
#4125=ORIENTED_EDGE('no 4275',*,*,#4124,.T.);
#4126=ORIENTED_EDGE('no 4276',*,*,#3553,.T.);
#4127=ORIENTED_EDGE('no 4277',*,*,#3372,.T.);
#4128=EDGE_LOOP('',(#4125,#4126,#4127));
#4129=FACE_OUTER_BOUND('',#4128,.T.);
#4130=CARTESIAN_POINT('',(0.104356,0.0773556,0.013));
#4131=DIRECTION('',(-0.793352938,-0.6087619533,-0.0000000158));
#4132=DIRECTION('',(0.0249522904,-0.0325183875,-0.9991596157));
#4133=AXIS2_PLACEMENT_3D('',#4130,#4131,#4132);
#4134=PLANE('',#4133);
#4135=ADVANCED_FACE('no 4285',(#4129),#4134,.T.);
#4136=CARTESIAN_POINT('',(0.104356,-0.00655564,0.013));
#4137=VERTEX_POINT('',#4136);
#4138=CARTESIAN_POINT('',(0.1078,-0.01,0.013));
#4139=DIRECTION('',(-0.7070698254,0.7071437351,0.0));
#4140=VECTOR('',#4139,1.0);
#4141=LINE('',#4138,#4140);
#4142=EDGE_CURVE('no 7118',#72,#4137,#4141,.T.);
#4143=ORIENTED_EDGE('no 7142',*,*,#4142,.F.);
#4144=ORIENTED_EDGE('no 7143',*,*,#3421,.T.);
#4145=CARTESIAN_POINT('',(0.104356,-0.00655564,0.013));
#4146=DIRECTION('',(0.6080759432,0.7938788618,0.0));
#4147=VECTOR('',#4146,1.0);
#4148=LINE('',#4145,#4147);
#4149=EDGE_CURVE('no 2302',#4137,#3416,#4148,.T.);
#4150=ORIENTED_EDGE('no 7144',*,*,#4149,.F.);
#4151=EDGE_LOOP('',(#4143,#4144,#4150));
#4152=FACE_OUTER_BOUND('',#4151,.T.);
#4153=CARTESIAN_POINT('',(0.104356,-0.00655564,0.013));
#4154=DIRECTION('',(-0.0,0.0,1.0));
#4155=DIRECTION('',(0.7071067812,-0.7071067812,0.0));
#4156=AXIS2_PLACEMENT_3D('',#4153,#4154,#4155);
#4157=PLANE('',#4156);
#4158=ADVANCED_FACE('no 7152',(#4152),#4157,.T.);
#4159=CARTESIAN_POINT('',(0.104705,0.0747,0.013));
#4160=VERTEX_POINT('',#4159);
#4161=CARTESIAN_POINT('',(0.104925,-0.0044306,0.013));
#4162=DIRECTION('',(-0.0027802032,0.9999961352,0.0));
#4163=VECTOR('',#4162,1.0);
#4164=LINE('',#4161,#4163);
#4165=EDGE_CURVE('no 8102',#2849,#4160,#4164,.T.);
#4166=ORIENTED_EDGE('no 8126',*,*,#4165,.F.);
#4167=ORIENTED_EDGE('no 8127',*,*,#3442,.T.);
#4168=CARTESIAN_POINT('',(0.104705,0.0747,0.013));
#4169=DIRECTION('',(0.3830077761,0.9237451182,0.0));
#4170=VECTOR('',#4169,1.0);
#4171=LINE('',#4168,#4170);
#4172=EDGE_CURVE('no 3114',#4160,#2771,#4171,.T.);
#4173=ORIENTED_EDGE('no 8128',*,*,#4172,.F.);
#4174=EDGE_LOOP('',(#4166,#4167,#4173));
#4175=FACE_OUTER_BOUND('',#4174,.T.);
#4176=CARTESIAN_POINT('',(0.104705,0.0747,0.013));
#4177=DIRECTION('',(-0.0,0.0,1.0));
#4178=DIRECTION('',(0.0027773904,-0.999996143,0.0));
#4179=AXIS2_PLACEMENT_3D('',#4176,#4177,#4178);
#4180=PLANE('',#4179);
#4181=ADVANCED_FACE('no 8136',(#4175),#4180,.T.);
#4182=CARTESIAN_POINT('',(0.104705,0.0747,-0.001));
#4183=VERTEX_POINT('',#4182);
#4184=CARTESIAN_POINT('',(0.104925,0.0752306,0.013));
#4185=DIRECTION('',(-0.0156851943,-0.0378681861,-0.9991596345));
#4186=VECTOR('',#4185,1.0);
#4187=LINE('',#4184,#4186);
#4188=EDGE_CURVE('no 3102',#2771,#4183,#4187,.T.);
#4189=ORIENTED_EDGE('no 3138',*,*,#4188,.F.);
#4190=ORIENTED_EDGE('no 3139',*,*,#3459,.F.);
#4191=CARTESIAN_POINT('',(0.104925,0.0752306,-0.001));
#4192=DIRECTION('',(-0.382676216,-0.9238825216,0.0));
#4193=VECTOR('',#4192,1.0);
#4194=LINE('',#4191,#4193);
#4195=EDGE_CURVE('no 3137',#2911,#4183,#4194,.T.);
#4196=ORIENTED_EDGE('no 3140',*,*,#4195,.T.);
#4197=EDGE_LOOP('',(#4189,#4190,#4196));
#4198=FACE_OUTER_BOUND('',#4197,.T.);
#4199=CARTESIAN_POINT('',(0.104705,0.0747,-0.001));
#4200=DIRECTION('',(-0.9238825212,0.3826762169,0.0000000226));
#4201=DIRECTION('',(0.0156851943,0.0378681861,0.9991596345));
#4202=AXIS2_PLACEMENT_3D('',#4199,#4200,#4201);
#4203=PLANE('',#4202);
#4204=ADVANCED_FACE('no 3148',(#4198),#4203,.T.);
#4205=CARTESIAN_POINT('',(0.103369,-0.00712504,-0.001));
#4206=VERTEX_POINT('',#4205);
#4207=CARTESIAN_POINT('',(0.103369,-0.00712504,-0.001));
#4208=DIRECTION('',(0.8388699148,-0.5443319447,0.0));
#4209=VECTOR('',#4208,1.0);
#4210=LINE('',#4207,#4209);
#4211=EDGE_CURVE('no 10152',#4206,#165,#4210,.T.);
#4212=ORIENTED_EDGE('no 10176',*,*,#4211,.F.);
#4213=CARTESIAN_POINT('',(0.1039,-0.00690526,-0.001));
#4214=DIRECTION('',(-0.9238801074,-0.3826820445,0.0));
#4215=VECTOR('',#4214,1.0);
#4216=LINE('',#4213,#4215);
#4217=EDGE_CURVE('no 2412',#3471,#4206,#4216,.T.);
#4218=ORIENTED_EDGE('no 10177',*,*,#4217,.F.);
#4219=ORIENTED_EDGE('no 10178',*,*,#3476,.T.);
#4220=EDGE_LOOP('',(#4212,#4218,#4219));
#4221=FACE_OUTER_BOUND('',#4220,.T.);
#4222=CARTESIAN_POINT('',(0.1078,-0.01,-0.001));
#4223=DIRECTION('',(0.0,0.0,-1.0));
#4224=DIRECTION('',(-0.8388699148,0.5443319447,0.0));
#4225=AXIS2_PLACEMENT_3D('',#4222,#4223,#4224);
#4226=PLANE('',#4225);
#4227=ADVANCED_FACE('no 10186',(#4221),#4226,.T.);
#4228=CARTESIAN_POINT('',(0.1039,-0.00690526,0.013));
#4229=VERTEX_POINT('',#4228);
#4230=CARTESIAN_POINT('',(0.1039,-0.00690526,0.013));
#4231=DIRECTION('',(0.0325440292,0.0249518498,-0.9991587919));
#4232=VECTOR('',#4231,1.0);
#4233=LINE('',#4230,#4232);
#4234=EDGE_CURVE('no 2348',#4229,#2794,#4233,.T.);
#4235=ORIENTED_EDGE('no 2361',*,*,#4234,.T.);
#4236=ORIENTED_EDGE('no 2362',*,*,#3482,.T.);
#4237=CARTESIAN_POINT('',(0.1039,-0.00690526,-0.001));
#4238=DIRECTION('',(0.0,0.0,1.0));
#4239=VECTOR('',#4238,1.0);
#4240=LINE('',#4237,#4239);
#4241=EDGE_CURVE('no 2360',#3471,#4229,#4240,.T.);
#4242=ORIENTED_EDGE('no 2363',*,*,#4241,.T.);
#4243=EDGE_LOOP('',(#4235,#4236,#4242));
#4244=FACE_OUTER_BOUND('',#4243,.T.);
#4245=CARTESIAN_POINT('',(0.1039,-0.00690526,0.013));
#4246=DIRECTION('',(-0.6087630633,0.7933520862,-0.0000000545));
#4247=DIRECTION('',(0.0325178883,0.0249518911,-0.9991596419));
#4248=AXIS2_PLACEMENT_3D('',#4245,#4246,#4247);
#4249=PLANE('',#4248);
#4250=ADVANCED_FACE('no 2371',(#4244),#4249,.T.);
#4251=ORIENTED_EDGE('no 2303',*,*,#3497,.T.);
#4252=CARTESIAN_POINT('',(0.104356,-0.00655564,-0.001));
#4253=DIRECTION('',(0.0,0.0,1.0));
#4254=VECTOR('',#4253,1.0);
#4255=LINE('',#4252,#4254);
#4256=EDGE_CURVE('no 2296',#2794,#4137,#4255,.T.);
#4257=ORIENTED_EDGE('no 2304',*,*,#4256,.T.);
#4258=ORIENTED_EDGE('no 2305',*,*,#4149,.T.);
#4259=EDGE_LOOP('',(#4251,#4257,#4258));
#4260=FACE_OUTER_BOUND('',#4259,.T.);
#4261=CARTESIAN_POINT('',(0.104705,-0.0061,0.013));
#4262=DIRECTION('',(-0.7933490413,0.6087670315,-0.0000000031));
#4263=DIRECTION('',(-0.0249522907,-0.0325179879,-0.9991596287));
#4264=AXIS2_PLACEMENT_3D('',#4261,#4262,#4263);
#4265=PLANE('',#4264);
#4266=ADVANCED_FACE('no 2313',(#4260),#4265,.T.);
#4267=CARTESIAN_POINT('',(0.1039,0.0777053,-0.001));
#4268=VERTEX_POINT('',#4267);
#4269=CARTESIAN_POINT('',(0.1078,0.0808,-0.001));
#4270=DIRECTION('',(-0.7833375094,-0.6215966107,0.0));
#4271=VECTOR('',#4270,1.0);
#4272=LINE('',#4269,#4271);
#4273=EDGE_CURVE('no 9444',#280,#4268,#4272,.T.);
#4274=ORIENTED_EDGE('no 9468',*,*,#4273,.F.);
#4275=ORIENTED_EDGE('no 9469',*,*,#3531,.T.);
#4276=CARTESIAN_POINT('',(0.1039,0.0777053,-0.001));
#4277=DIRECTION('',(0.7933542749,-0.608760211,0.0));
#4278=VECTOR('',#4277,1.0);
#4279=LINE('',#4276,#4278);
#4280=EDGE_CURVE('no 4210',#4268,#3526,#4279,.T.);
#4281=ORIENTED_EDGE('no 9470',*,*,#4280,.F.);
#4282=EDGE_LOOP('',(#4274,#4275,#4281));
#4283=FACE_OUTER_BOUND('',#4282,.T.);
#4284=CARTESIAN_POINT('',(0.1039,0.0777053,-0.001));
#4285=DIRECTION('',(0.0,0.0,-1.0));
#4286=DIRECTION('',(0.7833375094,0.6215966107,0.0));
#4287=AXIS2_PLACEMENT_3D('',#4284,#4285,#4286);
#4288=PLANE('',#4287);
#4289=ADVANCED_FACE('no 9478',(#4283),#4288,.T.);
#4290=ORIENTED_EDGE('no 4298',*,*,#4124,.F.);
#4291=CARTESIAN_POINT('',(0.104356,0.0773556,-0.001));
#4292=DIRECTION('',(0.0,0.0,1.0));
#4293=VECTOR('',#4292,1.0);
#4294=LINE('',#4291,#4293);
#4295=EDGE_CURVE('no 4216',#3526,#3361,#4294,.T.);
#4296=ORIENTED_EDGE('no 4299',*,*,#4295,.F.);
#4297=ORIENTED_EDGE('no 4300',*,*,#3538,.T.);
#4298=EDGE_LOOP('',(#4290,#4296,#4297));
#4299=FACE_OUTER_BOUND('',#4298,.T.);
#4300=CARTESIAN_POINT('',(0.104705,0.0769,-0.001));
#4301=DIRECTION('',(-0.793352938,-0.6087619533,-0.0000000158));
#4302=DIRECTION('',(-0.0249522904,0.0325183875,0.9991596157));
#4303=AXIS2_PLACEMENT_3D('',#4300,#4301,#4302);
#4304=PLANE('',#4303);
#4305=ADVANCED_FACE('no 4308',(#4299),#4304,.T.);
#4306=CARTESIAN_POINT('',(0.104705,0.0747,-0.001));
#4307=DIRECTION('',(0.0,-1.0,0.0));
#4308=VECTOR('',#4307,1.0);
#4309=LINE('',#4306,#4308);
#4310=EDGE_CURVE('no 10744',#4183,#3565,#4309,.T.);
#4311=ORIENTED_EDGE('no 10768',*,*,#4310,.F.);
#4312=ORIENTED_EDGE('no 10769',*,*,#4195,.F.);
#4313=ORIENTED_EDGE('no 10770',*,*,#3570,.T.);
#4314=EDGE_LOOP('',(#4311,#4312,#4313));
#4315=FACE_OUTER_BOUND('',#4314,.T.);
#4316=CARTESIAN_POINT('',(0.104705,-0.0039,-0.001));
#4317=DIRECTION('',(0.0,0.0,-1.0));
#4318=DIRECTION('',(0.0,1.0,0.0));
#4319=AXIS2_PLACEMENT_3D('',#4316,#4317,#4318);
#4320=PLANE('',#4319);
#4321=ADVANCED_FACE('no 10778',(#4315),#4320,.T.);
#4322=ORIENTED_EDGE('no 2094',*,*,#3593,.F.);
#4323=CARTESIAN_POINT('',(0.104705,-0.0039,-0.001));
#4324=DIRECTION('',(0.0,0.0,1.0));
#4325=VECTOR('',#4324,1.0);
#4326=LINE('',#4323,#4325);
#4327=EDGE_CURVE('no 2006',#3565,#3588,#4326,.T.);
#4328=ORIENTED_EDGE('no 2095',*,*,#4327,.F.);
#4329=ORIENTED_EDGE('no 2096',*,*,#3577,.T.);
#4330=EDGE_LOOP('',(#4322,#4328,#4329));
#4331=FACE_OUTER_BOUND('',#4330,.T.);
#4332=CARTESIAN_POINT('',(0.104925,-0.0044306,-0.001));
#4333=DIRECTION('',(-0.9238818141,-0.382677924,-0.0000000234));
#4334=DIRECTION('',(-0.0156851944,0.0378679864,0.999159642));
#4335=AXIS2_PLACEMENT_3D('',#4332,#4333,#4334);
#4336=PLANE('',#4335);
#4337=ADVANCED_FACE('no 2104',(#4331),#4336,.T.);
#4338=CARTESIAN_POINT('',(0.104705,-0.0039,0.013));
#4339=DIRECTION('',(0.0,1.0,0.0));
#4340=VECTOR('',#4339,1.0);
#4341=LINE('',#4338,#4340);
#4342=EDGE_CURVE('no 8079',#3588,#4160,#4341,.T.);
#4343=ORIENTED_EDGE('no 8103',*,*,#4342,.F.);
#4344=ORIENTED_EDGE('no 8104',*,*,#3600,.F.);
#4345=ORIENTED_EDGE('no 8105',*,*,#4165,.T.);
#4346=EDGE_LOOP('',(#4343,#4344,#4345));
#4347=FACE_OUTER_BOUND('',#4346,.T.);
#4348=CARTESIAN_POINT('',(0.104705,0.0747,0.013));
#4349=DIRECTION('',(0.0,0.0,1.0));
#4350=DIRECTION('',(0.0,-1.0,0.0));
#4351=AXIS2_PLACEMENT_3D('',#4348,#4349,#4350);
#4352=PLANE('',#4351);
#4353=ADVANCED_FACE('no 8113',(#4347),#4352,.T.);
#4354=ORIENTED_EDGE('no 6825',*,*,#3617,.F.);
#4355=CARTESIAN_POINT('',(0.1078,-0.01,0.013));
#4356=DIRECTION('',(-0.9957249571,0.092367796,0.0));
#4357=VECTOR('',#4356,1.0);
#4358=LINE('',#4355,#4357);
#4359=EDGE_CURVE('no 6818',#72,#3120,#4358,.T.);
#4360=ORIENTED_EDGE('no 6826',*,*,#4359,.T.);
#4361=ORIENTED_EDGE('no 6827',*,*,#3838,.T.);
#4362=EDGE_LOOP('',(#4354,#4360,#4361));
#4363=FACE_OUTER_BOUND('',#4362,.T.);
#4364=CARTESIAN_POINT('',(-0.00249468,-0.00485533,0.013));
#4365=DIRECTION('',(-0.0,0.0,1.0));
#4366=DIRECTION('',(0.9989139053,-0.0465940956,0.0));
#4367=AXIS2_PLACEMENT_3D('',#4364,#4365,#4366);
#4368=PLANE('',#4367);
#4369=ADVANCED_FACE('no 6835',(#4363),#4368,.T.);
#4370=CARTESIAN_POINT('',(-0.00249468,-0.00485533,0.013));
#4371=DIRECTION('',(-0.002666109,-0.0409011852,-0.9991596394));
#4372=VECTOR('',#4371,1.0);
#4373=LINE('',#4370,#4372);
#4374=EDGE_CURVE('no 5074',#3612,#3339,#4373,.T.);
#4375=ORIENTED_EDGE('no 5087',*,*,#4374,.T.);
#4376=ORIENTED_EDGE('no 5088',*,*,#4063,.T.);
#4377=ORIENTED_EDGE('no 5089',*,*,#3623,.T.);
#4378=EDGE_LOOP('',(#4375,#4376,#4377));
#4379=FACE_OUTER_BOUND('',#4378,.T.);
#4380=CARTESIAN_POINT('',(-0.00249468,-0.00485533,0.013));
#4381=DIRECTION('',(-0.9978822524,0.0650462163,-0.0000000045));
#4382=DIRECTION('',(-0.002666109,-0.0409011852,-0.9991596394));
#4383=AXIS2_PLACEMENT_3D('',#4380,#4381,#4382);
#4384=PLANE('',#4383);
#4385=ADVANCED_FACE('no 5097',(#4379),#4384,.T.);
#4386=ORIENTED_EDGE('no 4530',*,*,#3653,.F.);
#4387=CARTESIAN_POINT('',(-0.00634448,-0.00355003,-0.001));
#4388=DIRECTION('',(0.0,0.0,1.0));
#4389=VECTOR('',#4388,1.0);
#4390=LINE('',#4387,#4389);
#4391=EDGE_CURVE('no 4523',#3029,#3667,#4390,.T.);
#4392=ORIENTED_EDGE('no 4531',*,*,#4391,.T.);
#4393=ORIENTED_EDGE('no 4532',*,*,#3672,.T.);
#4394=EDGE_LOOP('',(#4386,#4392,#4393));
#4395=FACE_OUTER_BOUND('',#4394,.T.);
#4396=CARTESIAN_POINT('',(-0.00666338,-0.00402767,0.013));
#4397=DIRECTION('',(0.8316680968,-0.555273065,0.0000000073));
#4398=DIRECTION('',(0.0227595917,0.0340884875,-0.9991596349));
#4399=AXIS2_PLACEMENT_3D('',#4396,#4397,#4398);
#4400=PLANE('',#4399);
#4401=ADVANCED_FACE('no 4540',(#4395),#4400,.T.);
#4402=ORIENTED_EDGE('no 6031',*,*,#3678,.F.);
#4403=CARTESIAN_POINT('',(-0.00634448,-0.00355003,0.013));
#4404=DIRECTION('',(0.0031568162,0.9999950172,0.0));
#4405=VECTOR('',#4404,1.0);
#4406=LINE('',#4403,#4405);
#4407=EDGE_CURVE('no 6030',#3667,#4037,#4406,.T.);
#4408=ORIENTED_EDGE('no 6032',*,*,#4407,.T.);
#4409=ORIENTED_EDGE('no 6033',*,*,#4042,.F.);
#4410=EDGE_LOOP('',(#4402,#4408,#4409));
#4411=FACE_OUTER_BOUND('',#4410,.T.);
#4412=CARTESIAN_POINT('',(-0.00655564,0.0742444,0.013));
#4413=DIRECTION('',(0.0,0.0,1.0));
#4414=DIRECTION('',(0.0027142209,-0.9999963165,0.0));
#4415=AXIS2_PLACEMENT_3D('',#4412,#4413,#4414);
#4416=PLANE('',#4415);
#4417=ADVANCED_FACE('no 6041',(#4411),#4416,.T.);
#4418=ORIENTED_EDGE('no 10969',*,*,#3694,.F.);
#4419=CARTESIAN_POINT('',(-0.00591283,-0.0031712,-0.001));
#4420=VERTEX_POINT('',#4419);
#4421=CARTESIAN_POINT('',(-0.0061,0.0738947,-0.001));
#4422=DIRECTION('',(0.0024287501,-0.9999970506,0.0));
#4423=VECTOR('',#4422,1.0);
#4424=LINE('',#4421,#4423);
#4425=EDGE_CURVE('no 10968',#3299,#4420,#4424,.T.);
#4426=ORIENTED_EDGE('no 10970',*,*,#4425,.T.);
#4427=CARTESIAN_POINT('',(-0.00634448,-0.00355003,-0.001));
#4428=DIRECTION('',(0.751595387,0.659624419,0.0));
#4429=VECTOR('',#4428,1.0);
#4430=LINE('',#4427,#4429);
#4431=EDGE_CURVE('no 4558',#3029,#4420,#4430,.T.);
#4432=ORIENTED_EDGE('no 10971',*,*,#4431,.F.);
#4433=EDGE_LOOP('',(#4418,#4426,#4432));
#4434=FACE_OUTER_BOUND('',#4433,.T.);
#4435=CARTESIAN_POINT('',(-0.00634448,-0.00355003,-0.001));
#4436=DIRECTION('',(0.0,0.0,-1.0));
#4437=DIRECTION('',(0.0031568501,0.9999950171,0.0));
#4438=AXIS2_PLACEMENT_3D('',#4435,#4436,#4437);
#4439=PLANE('',#4438);
#4440=ADVANCED_FACE('no 10979',(#4434),#4439,.T.);
#4441=ORIENTED_EDGE('no 621',*,*,#4023,.T.);
#4442=CARTESIAN_POINT('',(-0.00309474,0.0769,-0.001));
#4443=DIRECTION('',(0.0,0.0,1.0));
#4444=VECTOR('',#4443,1.0);
#4445=LINE('',#4442,#4444);
#4446=EDGE_CURVE('no 614',#3245,#3706,#4445,.T.);
#4447=ORIENTED_EDGE('no 622',*,*,#4446,.T.);
#4448=ORIENTED_EDGE('no 623',*,*,#3711,.T.);
#4449=EDGE_LOOP('',(#4441,#4447,#4448));
#4450=FACE_OUTER_BOUND('',#4449,.T.);
#4451=CARTESIAN_POINT('',(-0.00344436,0.0773556,0.013));
#4452=DIRECTION('',(-0.7933568366,-0.6087568726,0.0000000391));
#4453=DIRECTION('',(0.0249518907,-0.0325183878,-0.9991596257));
#4454=AXIS2_PLACEMENT_3D('',#4451,#4452,#4453);
#4455=PLANE('',#4454);
#4456=ADVANCED_FACE('no 631',(#4450),#4455,.T.);
#4457=CARTESIAN_POINT('',(-0.00309474,0.0769,0.013));
#4458=DIRECTION('',(0.0156853945,-0.0378676867,-0.9991596503));
#4459=VECTOR('',#4458,1.0);
#4460=LINE('',#4457,#4459);
#4461=EDGE_CURVE('no 666',#3706,#3998,#4460,.T.);
#4462=ORIENTED_EDGE('no 679',*,*,#4461,.T.);
#4463=CARTESIAN_POINT('',(-0.00287496,0.0763694,-0.001));
#4464=DIRECTION('',(0.0,0.0,1.0));
#4465=VECTOR('',#4464,1.0);
#4466=LINE('',#4463,#4465);
#4467=EDGE_CURVE('no 672',#3998,#3074,#4466,.T.);
#4468=ORIENTED_EDGE('no 680',*,*,#4467,.T.);
#4469=ORIENTED_EDGE('no 681',*,*,#3732,.T.);
#4470=EDGE_LOOP('',(#4462,#4468,#4469));
#4471=FACE_OUTER_BOUND('',#4470,.T.);
#4472=CARTESIAN_POINT('',(-0.00309474,0.0769,0.013));
#4473=DIRECTION('',(-0.923878048,-0.3826870163,0.0000000805));
#4474=DIRECTION('',(0.0156853945,-0.0378676867,-0.9991596503));
#4475=AXIS2_PLACEMENT_3D('',#4472,#4473,#4474);
#4476=PLANE('',#4475);
#4477=ADVANCED_FACE('no 689',(#4471),#4476,.T.);
#4478=ORIENTED_EDGE('no 760',*,*,#3749,.F.);
#4479=ORIENTED_EDGE('no 761',*,*,#4467,.F.);
#4480=CARTESIAN_POINT('',(-0.00287496,0.0763694,-0.001));
#4481=DIRECTION('',(0.1305211737,-0.9914455221,0.0));
#4482=VECTOR('',#4481,1.0);
#4483=LINE('',#4480,#4482);
#4484=EDGE_CURVE('no 759',#3998,#3744,#4483,.T.);
#4485=ORIENTED_EDGE('no 762',*,*,#4484,.T.);
#4486=EDGE_LOOP('',(#4478,#4479,#4485));
#4487=FACE_OUTER_BOUND('',#4486,.T.);
#4488=CARTESIAN_POINT('',(-0.0028,0.0758,-0.001));
#4489=DIRECTION('',(-0.9914448886,-0.1305259853,-0.0000000003));
#4490=DIRECTION('',(-0.005350018,0.0406374851,0.9991596329));
#4491=AXIS2_PLACEMENT_3D('',#4488,#4489,#4490);
#4492=PLANE('',#4491);
#4493=ADVANCED_FACE('no 770',(#4487),#4492,.T.);
#4494=CARTESIAN_POINT('',(-0.00287496,0.0752306,-0.001));
#4495=VERTEX_POINT('',#4494);
#4496=CARTESIAN_POINT('',(-0.0028,0.0758,0.013));
#4497=DIRECTION('',(-0.005350018,-0.0406374851,-0.9991596329));
#4498=VECTOR('',#4497,1.0);
#4499=LINE('',#4496,#4498);
#4500=EDGE_CURVE('no 782',#2491,#4495,#4499,.T.);
#4501=ORIENTED_EDGE('no 818',*,*,#4500,.F.);
#4502=ORIENTED_EDGE('no 819',*,*,#3755,.F.);
#4503=CARTESIAN_POINT('',(-0.0028,0.0758,-0.001));
#4504=DIRECTION('',(-0.1305259853,-0.9914448886,0.0));
#4505=VECTOR('',#4504,1.0);
#4506=LINE('',#4503,#4505);
#4507=EDGE_CURVE('no 817',#3744,#4495,#4506,.T.);
#4508=ORIENTED_EDGE('no 820',*,*,#4507,.T.);
#4509=EDGE_LOOP('',(#4501,#4502,#4508));
#4510=FACE_OUTER_BOUND('',#4509,.T.);
#4511=CARTESIAN_POINT('',(-0.00287496,0.0752306,-0.001));
#4512=DIRECTION('',(-0.9914448886,0.1305259853,0.0000000003));
#4513=DIRECTION('',(0.005350018,0.0406374851,0.9991596329));
#4514=AXIS2_PLACEMENT_3D('',#4511,#4512,#4513);
#4515=PLANE('',#4514);
#4516=ADVANCED_FACE('no 828',(#4510),#4515,.T.);
#4517=CARTESIAN_POINT('',(-0.00287496,0.0752306,0.013));
#4518=VERTEX_POINT('',#4517);
#4519=CARTESIAN_POINT('',(-0.00286112,-0.00377709,0.013));
#4520=DIRECTION('',(-0.0001751728,0.9999999847,0.0));
#4521=VECTOR('',#4520,1.0);
#4522=LINE('',#4519,#4521);
#4523=EDGE_CURVE('no 6352',#3767,#4518,#4522,.T.);
#4524=ORIENTED_EDGE('no 6376',*,*,#4523,.F.);
#4525=ORIENTED_EDGE('no 6377',*,*,#3772,.T.);
#4526=CARTESIAN_POINT('',(-0.00287496,0.0752306,0.013));
#4527=DIRECTION('',(0.1305211737,0.9914455221,0.0));
#4528=VECTOR('',#4527,1.0);
#4529=LINE('',#4526,#4528);
#4530=EDGE_CURVE('no 794',#4518,#2491,#4529,.T.);
#4531=ORIENTED_EDGE('no 6378',*,*,#4530,.F.);
#4532=EDGE_LOOP('',(#4524,#4525,#4531));
#4533=FACE_OUTER_BOUND('',#4532,.T.);
#4534=CARTESIAN_POINT('',(-0.00287496,0.0752306,0.013));
#4535=DIRECTION('',(-0.0,0.0,1.0));
#4536=DIRECTION('',(0.000175204,-0.9999999847,0.0));
#4537=AXIS2_PLACEMENT_3D('',#4534,#4535,#4536);
#4538=PLANE('',#4537);
#4539=ADVANCED_FACE('no 6386',(#4533),#4538,.T.);
#4540=CARTESIAN_POINT('',(-0.00260692,-0.00429209,-0.001));
#4541=VERTEX_POINT('',#4540);
#4542=CARTESIAN_POINT('',(-0.00286112,-0.00377709,0.013));
#4543=DIRECTION('',(0.0181416934,-0.0367545866,-0.9991596366));
#4544=VECTOR('',#4543,1.0);
#4545=LINE('',#4542,#4544);
#4546=EDGE_CURVE('no 4958',#3767,#4541,#4545,.T.);
#4547=ORIENTED_EDGE('no 4971',*,*,#4546,.T.);
#4548=CARTESIAN_POINT('',(-0.00260692,-0.00429209,-0.001));
#4549=DIRECTION('',(0.0,0.0,1.0));
#4550=VECTOR('',#4549,1.0);
#4551=LINE('',#4548,#4550);
#4552=EDGE_CURVE('no 4964',#4541,#3098,#4551,.T.);
#4553=ORIENTED_EDGE('no 4972',*,*,#4552,.T.);
#4554=ORIENTED_EDGE('no 4973',*,*,#3778,.T.);
#4555=EDGE_LOOP('',(#4547,#4553,#4554));
#4556=FACE_OUTER_BOUND('',#4555,.T.);
#4557=CARTESIAN_POINT('',(-0.00286112,-0.00377709,0.013));
#4558=DIRECTION('',(-0.8967147674,-0.442608886,-0.0000000177));
#4559=DIRECTION('',(0.0181416934,-0.0367545866,-0.9991596366));
#4560=AXIS2_PLACEMENT_3D('',#4557,#4558,#4559);
#4561=PLANE('',#4560);
#4562=ADVANCED_FACE('no 4981',(#4556),#4561,.T.);
#4563=CARTESIAN_POINT('',(-0.00260692,-0.00429209,0.013));
#4564=DIRECTION('',(0.0080107371,-0.0401975854,-0.999159638));
#4565=VECTOR('',#4564,1.0);
#4566=LINE('',#4563,#4565);
#4567=EDGE_CURVE('no 5016',#3098,#4076,#4566,.T.);
#4568=ORIENTED_EDGE('no 5029',*,*,#4567,.T.);
#4569=CARTESIAN_POINT('',(-0.00249468,-0.00485533,-0.001));
#4570=DIRECTION('',(0.0,0.0,1.0));
#4571=VECTOR('',#4570,1.0);
#4572=LINE('',#4569,#4571);
#4573=EDGE_CURVE('no 5022',#4076,#3612,#4572,.T.);
#4574=ORIENTED_EDGE('no 5030',*,*,#4573,.T.);
#4575=ORIENTED_EDGE('no 5031',*,*,#3794,.T.);
#4576=EDGE_LOOP('',(#4568,#4574,#4575));
#4577=FACE_OUTER_BOUND('',#4576,.T.);
#4578=CARTESIAN_POINT('',(-0.00260692,-0.00429209,0.013));
#4579=DIRECTION('',(-0.9807154816,-0.1954408968,-0.0000000017));
#4580=DIRECTION('',(0.0080107371,-0.0401975854,-0.999159638));
#4581=AXIS2_PLACEMENT_3D('',#4578,#4579,#4580);
#4582=PLANE('',#4581);
#4583=ADVANCED_FACE('no 5039',(#4577),#4582,.T.);
#4584=CARTESIAN_POINT('',(0.0,0.0,0.013));
#4585=DIRECTION('',(0.991280934,0.0,-0.1317653593));
#4586=VECTOR('',#4585,1.0);
#4587=LINE('',#4584,#4586);
#4588=EDGE_CURVE('no 8764',#3120,#3850,#4587,.T.);
#4589=ORIENTED_EDGE('no 8777',*,*,#4588,.T.);
#4590=CARTESIAN_POINT('',(0.0978,0.0,0.0));
#4591=DIRECTION('',(-1.0,0.0,0.0));
#4592=VECTOR('',#4591,1.0);
#4593=LINE('',#4590,#4592);
#4594=EDGE_CURVE('no 8770',#3850,#3812,#4593,.T.);
#4595=ORIENTED_EDGE('no 8778',*,*,#4594,.T.);
#4596=ORIENTED_EDGE('no 8779',*,*,#3817,.T.);
#4597=EDGE_LOOP('',(#4589,#4595,#4596));
#4598=FACE_OUTER_BOUND('',#4597,.T.);
#4599=CARTESIAN_POINT('',(0.0,0.0,0.013));
#4600=DIRECTION('',(0.0,1.0,0.0));
#4601=DIRECTION('',(0.9912809821,0.0,-0.1317649976));
#4602=AXIS2_PLACEMENT_3D('',#4599,#4600,#4601);
#4603=PLANE('',#4602);
#4604=ADVANCED_FACE('no 8787',(#4598),#4603,.T.);
#4605=ORIENTED_EDGE('no 11521',*,*,#3855,.T.);
#4606=ORIENTED_EDGE('no 11522',*,*,#3823,.F.);
#4607=ORIENTED_EDGE('no 11523',*,*,#4594,.F.);
#4608=EDGE_LOOP('',(#4605,#4606,#4607));
#4609=FACE_OUTER_BOUND('',#4608,.T.);
#4610=CARTESIAN_POINT('',(0.0978,0.0,0.0));
#4611=DIRECTION('',(0.0,0.0,1.0));
#4612=DIRECTION('',(-0.8100238695,0.5863969055,0.0));
#4613=AXIS2_PLACEMENT_3D('',#4610,#4611,#4612);
#4614=PLANE('',#4613);
#4615=ADVANCED_FACE('no 11531',(#4609),#4614,.T.);
#4616=ORIENTED_EDGE('no 11475',*,*,#3876,.T.);
#4617=CARTESIAN_POINT('',(0.0978,0.0,0.013));
#4618=VERTEX_POINT('',#4617);
#4619=CARTESIAN_POINT('',(0.0978,0.0,0.013));
#4620=DIRECTION('',(0.0,0.0,-1.0));
#4621=VECTOR('',#4620,1.0);
#4622=LINE('',#4619,#4621);
#4623=EDGE_CURVE('no 8799',#4618,#3850,#4622,.T.);
#4624=ORIENTED_EDGE('no 11476',*,*,#4623,.F.);
#4625=CARTESIAN_POINT('',(0.0978,0.0708,0.013));
#4626=DIRECTION('',(0.0,-1.0,0.0));
#4627=VECTOR('',#4626,1.0);
#4628=LINE('',#4625,#4627);
#4629=EDGE_CURVE('no 7003',#2530,#4618,#4628,.T.);
#4630=ORIENTED_EDGE('no 11477',*,*,#4629,.F.);
#4631=EDGE_LOOP('',(#4616,#4624,#4630));
#4632=FACE_OUTER_BOUND('',#4631,.T.);
#4633=CARTESIAN_POINT('',(0.0978,0.0708,0.013));
#4634=DIRECTION('',(-1.0,-0.0,0.0));
#4635=DIRECTION('',(0.0,-0.9835571728,-0.1805970317));
#4636=AXIS2_PLACEMENT_3D('',#4633,#4634,#4635);
#4637=PLANE('',#4636);
#4638=ADVANCED_FACE('no 11485',(#4632),#4637,.T.);
#4639=CARTESIAN_POINT('',(0.101244,0.0773556,-0.001));
#4640=DIRECTION('',(-0.0249522904,-0.0325183875,0.9991596157));
#4641=VECTOR('',#4640,1.0);
#4642=LINE('',#4639,#4641);
#4643=EDGE_CURVE('no 3856',#3912,#3889,#4642,.T.);
#4644=ORIENTED_EDGE('no 3892',*,*,#4643,.F.);
#4645=ORIENTED_EDGE('no 3893',*,*,#3924,.T.);
#4646=ORIENTED_EDGE('no 3894',*,*,#3900,.T.);
#4647=EDGE_LOOP('',(#4644,#4645,#4646));
#4648=FACE_OUTER_BOUND('',#4647,.T.);
#4649=CARTESIAN_POINT('',(0.100895,0.0769,0.013));
#4650=DIRECTION('',(0.793352938,-0.6087619533,0.0000000158));
#4651=DIRECTION('',(0.0249522904,0.0325183875,-0.9991596157));
#4652=AXIS2_PLACEMENT_3D('',#4649,#4650,#4651);
#4653=PLANE('',#4652);
#4654=ADVANCED_FACE('no 3902',(#4648),#4653,.T.);
#4655=ORIENTED_EDGE('no 3927',*,*,#3917,.T.);
#4656=CARTESIAN_POINT('',(0.101244,0.0773556,-0.001));
#4657=DIRECTION('',(0.7935223282,0.6085411363,0.0));
#4658=VECTOR('',#4657,1.0);
#4659=LINE('',#4656,#4658);
#4660=EDGE_CURVE('no 3920',#3912,#3935,#4659,.T.);
#4661=ORIENTED_EDGE('no 3928',*,*,#4660,.T.);
#4662=ORIENTED_EDGE('no 3929',*,*,#3947,.T.);
#4663=EDGE_LOOP('',(#4655,#4661,#4662));
#4664=FACE_OUTER_BOUND('',#4663,.T.);
#4665=CARTESIAN_POINT('',(0.1017,0.0777053,0.013));
#4666=DIRECTION('',(0.6087602114,-0.7933542746,0.0000000135));
#4667=DIRECTION('',(-0.0325178884,-0.0249517911,-0.9991596444));
#4668=AXIS2_PLACEMENT_3D('',#4665,#4666,#4667);
#4669=PLANE('',#4668);
#4670=ADVANCED_FACE('no 3937',(#4664),#4669,.T.);
#4671=ORIENTED_EDGE('no 3985',*,*,#3940,.T.);
#4672=CARTESIAN_POINT('',(0.102231,0.077925,-0.001));
#4673=VERTEX_POINT('',#4672);
#4674=CARTESIAN_POINT('',(0.1017,0.0777053,-0.001));
#4675=DIRECTION('',(0.9238825216,0.382676216,0.0));
#4676=VECTOR('',#4675,1.0);
#4677=LINE('',#4674,#4676);
#4678=EDGE_CURVE('no 3978',#3935,#4673,#4677,.T.);
#4679=ORIENTED_EDGE('no 3986',*,*,#4678,.T.);
#4680=CARTESIAN_POINT('',(0.102231,0.077925,-0.001));
#4681=DIRECTION('',(0.0,0.0,1.0));
#4682=VECTOR('',#4681,1.0);
#4683=LINE('',#4680,#4682);
#4684=EDGE_CURVE('no 3984',#4673,#3206,#4683,.T.);
#4685=ORIENTED_EDGE('no 3987',*,*,#4684,.T.);
#4686=EDGE_LOOP('',(#4671,#4679,#4685));
#4687=FACE_OUTER_BOUND('',#4686,.T.);
#4688=CARTESIAN_POINT('',(0.102231,0.077925,0.013));
#4689=DIRECTION('',(0.3826762169,-0.9238825212,0.0000000226));
#4690=DIRECTION('',(-0.0378681861,-0.0156851943,-0.9991596345));
#4691=AXIS2_PLACEMENT_3D('',#4688,#4689,#4690);
#4692=PLANE('',#4691);
#4693=ADVANCED_FACE('no 3995',(#4687),#4692,.T.);
#4694=CARTESIAN_POINT('',(0.1028,0.078,0.013));
#4695=DIRECTION('',(-0.0406087491,-0.0053526471,-0.9991607872));
#4696=VECTOR('',#4695,1.0);
#4697=LINE('',#4694,#4696);
#4698=EDGE_CURVE('no 4030',#3959,#4673,#4697,.T.);
#4699=ORIENTED_EDGE('no 4066',*,*,#4698,.F.);
#4700=ORIENTED_EDGE('no 4067',*,*,#3964,.T.);
#4701=ORIENTED_EDGE('no 4068',*,*,#4684,.F.);
#4702=EDGE_LOOP('',(#4699,#4700,#4701));
#4703=FACE_OUTER_BOUND('',#4702,.T.);
#4704=CARTESIAN_POINT('',(0.102231,0.077925,-0.001));
#4705=DIRECTION('',(0.1305349624,-0.9914437067,0.0000000247));
#4706=DIRECTION('',(0.040636886,0.0053503382,0.9991596556));
#4707=AXIS2_PLACEMENT_3D('',#4704,#4705,#4706);
#4708=PLANE('',#4707);
#4709=ADVANCED_FACE('no 4076',(#4703),#4708,.T.);
#4710=ORIENTED_EDGE('no 7488',*,*,#3970,.F.);
#4711=CARTESIAN_POINT('',(0.103369,0.077925,0.013));
#4712=VERTEX_POINT('',#4711);
#4713=CARTESIAN_POINT('',(0.103369,0.077925,0.013));
#4714=DIRECTION('',(-0.9914438363,0.1305339784,0.0));
#4715=VECTOR('',#4714,1.0);
#4716=LINE('',#4713,#4715);
#4717=EDGE_CURVE('no 4123',#4712,#3959,#4716,.T.);
#4718=ORIENTED_EDGE('no 7489',*,*,#4717,.F.);
#4719=CARTESIAN_POINT('',(0.103369,0.077925,0.013));
#4720=DIRECTION('',(0.83888886,0.5443027471,0.0));
#4721=VECTOR('',#4720,1.0);
#4722=LINE('',#4719,#4721);
#4723=EDGE_CURVE('no 7487',#4712,#757,#4722,.T.);
#4724=ORIENTED_EDGE('no 7490',*,*,#4723,.T.);
#4725=EDGE_LOOP('',(#4710,#4718,#4724));
#4726=FACE_OUTER_BOUND('',#4725,.T.);
#4727=CARTESIAN_POINT('',(0.1078,0.0808,0.013));
#4728=DIRECTION('',(0.0,0.0,1.0));
#4729=DIRECTION('',(-0.8725061694,-0.4886030949,0.0));
#4730=AXIS2_PLACEMENT_3D('',#4727,#4728,#4729);
#4731=PLANE('',#4730);
#4732=ADVANCED_FACE('no 7498',(#4726),#4731,.T.);
#4733=ORIENTED_EDGE('no 7373',*,*,#3985,.F.);
#4734=CARTESIAN_POINT('',(0.100675,0.0763694,0.013));
#4735=VERTEX_POINT('',#4734);
#4736=CARTESIAN_POINT('',(0.0978,0.0708,0.013));
#4737=DIRECTION('',(0.4587022546,0.8885900301,0.0));
#4738=VECTOR('',#4737,1.0);
#4739=LINE('',#4736,#4738);
#4740=EDGE_CURVE('no 7372',#2530,#4735,#4739,.T.);
#4741=ORIENTED_EDGE('no 7374',*,*,#4740,.T.);
#4742=CARTESIAN_POINT('',(0.100895,0.0769,0.013));
#4743=DIRECTION('',(-0.3830077761,-0.9237451182,0.0));
#4744=VECTOR('',#4743,1.0);
#4745=LINE('',#4742,#4744);
#4746=EDGE_CURVE('no 3833',#3889,#4735,#4745,.T.);
#4747=ORIENTED_EDGE('no 7375',*,*,#4746,.F.);
#4748=EDGE_LOOP('',(#4733,#4741,#4747));
#4749=FACE_OUTER_BOUND('',#4748,.T.);
#4750=CARTESIAN_POINT('',(0.100895,0.0769,0.013));
#4751=DIRECTION('',(0.0,0.0,1.0));
#4752=DIRECTION('',(-0.4524387389,-0.8917954853,0.0));
#4753=AXIS2_PLACEMENT_3D('',#4750,#4751,#4752);
#4754=PLANE('',#4753);
#4755=ADVANCED_FACE('no 7383',(#4749),#4754,.T.);
#4756=ORIENTED_EDGE('no 9180',*,*,#4003,.F.);
#4757=CARTESIAN_POINT('',(0.1078,0.0808,-0.001));
#4758=DIRECTION('',(-0.998979684,-0.0451618302,0.0));
#4759=VECTOR('',#4758,1.0);
#4760=LINE('',#4757,#4759);
#4761=EDGE_CURVE('no 9179',#280,#3744,#4760,.T.);
#4762=ORIENTED_EDGE('no 9181',*,*,#4761,.T.);
#4763=ORIENTED_EDGE('no 9182',*,*,#4484,.F.);
#4764=EDGE_LOOP('',(#4756,#4762,#4763));
#4765=FACE_OUTER_BOUND('',#4764,.T.);
#4766=CARTESIAN_POINT('',(-0.00287496,0.0763694,-0.001));
#4767=DIRECTION('',(0.0,0.0,-1.0));
#4768=DIRECTION('',(0.9991996643,0.0400003866,0.0));
#4769=AXIS2_PLACEMENT_3D('',#4766,#4767,#4768);
#4770=PLANE('',#4769);
#4771=ADVANCED_FACE('no 9190',(#4765),#4770,.T.);
#4772=ORIENTED_EDGE('no 702',*,*,#4461,.F.);
#4773=ORIENTED_EDGE('no 703',*,*,#4446,.F.);
#4774=ORIENTED_EDGE('no 704',*,*,#4009,.T.);
#4775=EDGE_LOOP('',(#4772,#4773,#4774));
#4776=FACE_OUTER_BOUND('',#4775,.T.);
#4777=CARTESIAN_POINT('',(-0.00287496,0.0763694,-0.001));
#4778=DIRECTION('',(-0.923878048,-0.3826870163,0.0000000805));
#4779=DIRECTION('',(-0.0156853945,0.0378676867,0.9991596503));
#4780=AXIS2_PLACEMENT_3D('',#4777,#4778,#4779);
#4781=PLANE('',#4780);
#4782=ADVANCED_FACE('no 712',(#4776),#4781,.T.);
#4783=CARTESIAN_POINT('',(-0.0055694,0.073675,-0.001));
#4784=VERTEX_POINT('',#4783);
#4785=CARTESIAN_POINT('',(-0.0061,0.0738947,0.013));
#4786=DIRECTION('',(0.0378679861,-0.0156856943,-0.9991596342));
#4787=VECTOR('',#4786,1.0);
#4788=LINE('',#4785,#4787);
#4789=EDGE_CURVE('no 1188',#4037,#4784,#4788,.T.);
#4790=ORIENTED_EDGE('no 1201',*,*,#4789,.T.);
#4791=CARTESIAN_POINT('',(-0.0055694,0.073675,-0.001));
#4792=DIRECTION('',(-0.9238771932,0.38268908,0.0));
#4793=VECTOR('',#4792,1.0);
#4794=LINE('',#4791,#4793);
#4795=EDGE_CURVE('no 1194',#4784,#3299,#4794,.T.);
#4796=ORIENTED_EDGE('no 1202',*,*,#4795,.T.);
#4797=ORIENTED_EDGE('no 1203',*,*,#4048,.T.);
#4798=EDGE_LOOP('',(#4790,#4796,#4797));
#4799=FACE_OUTER_BOUND('',#4798,.T.);
#4800=CARTESIAN_POINT('',(-0.0061,0.0738947,0.013));
#4801=DIRECTION('',(0.3826890796,0.9238771933,0.0000000096));
#4802=DIRECTION('',(0.0378679861,-0.0156856943,-0.9991596342));
#4803=AXIS2_PLACEMENT_3D('',#4800,#4801,#4802);
#4804=PLANE('',#4803);
#4805=ADVANCED_FACE('no 1211',(#4799),#4804,.T.);
#4806=ORIENTED_EDGE('no 5110',*,*,#4374,.F.);
#4807=ORIENTED_EDGE('no 5111',*,*,#4573,.F.);
#4808=ORIENTED_EDGE('no 5112',*,*,#4081,.T.);
#4809=EDGE_LOOP('',(#4806,#4807,#4808));
#4810=FACE_OUTER_BOUND('',#4809,.T.);
#4811=CARTESIAN_POINT('',(-0.00253204,-0.00542843,-0.001));
#4812=DIRECTION('',(-0.9978822524,0.0650462163,-0.0000000045));
#4813=DIRECTION('',(0.002666109,0.0409011852,0.9991596394));
#4814=AXIS2_PLACEMENT_3D('',#4811,#4812,#4813);
#4815=PLANE('',#4814);
#4816=ADVANCED_FACE('no 5120',(#4810),#4815,.T.);
#4817=ORIENTED_EDGE('no 9969',*,*,#4087,.F.);
#4818=CARTESIAN_POINT('',(0.1017,-0.00690526,-0.001));
#4819=VERTEX_POINT('',#4818);
#4820=CARTESIAN_POINT('',(-0.00249468,-0.00485533,-0.001));
#4821=DIRECTION('',(0.9998065231,-0.0196701906,0.0));
#4822=VECTOR('',#4821,1.0);
#4823=LINE('',#4820,#4822);
#4824=EDGE_CURVE('no 9962',#4076,#4819,#4823,.T.);
#4825=ORIENTED_EDGE('no 9970',*,*,#4824,.T.);
#4826=CARTESIAN_POINT('',(0.1017,-0.00690526,-0.001));
#4827=DIRECTION('',(0.8917952806,-0.4524391423,0.0));
#4828=VECTOR('',#4827,1.0);
#4829=LINE('',#4826,#4828);
#4830=EDGE_CURVE('no 9968',#4819,#165,#4829,.T.);
#4831=ORIENTED_EDGE('no 9971',*,*,#4830,.T.);
#4832=EDGE_LOOP('',(#4817,#4825,#4831));
#4833=FACE_OUTER_BOUND('',#4832,.T.);
#4834=CARTESIAN_POINT('',(0.1078,-0.01,-0.001));
#4835=DIRECTION('',(0.0,0.0,-1.0));
#4836=DIRECTION('',(-0.9989139053,0.0465940956,0.0));
#4837=AXIS2_PLACEMENT_3D('',#4834,#4835,#4836);
#4838=PLANE('',#4837);
#4839=ADVANCED_FACE('no 9979',(#4833),#4838,.T.);
#4840=ORIENTED_EDGE('no 7511',*,*,#4723,.F.);
#4841=CARTESIAN_POINT('',(0.1039,0.0777053,0.013));
#4842=DIRECTION('',(-0.9238825216,0.382676216,0.0));
#4843=VECTOR('',#4842,1.0);
#4844=LINE('',#4841,#4843);
#4845=EDGE_CURVE('no 4181',#4098,#4712,#4844,.T.);
#4846=ORIENTED_EDGE('no 7512',*,*,#4845,.F.);
#4847=ORIENTED_EDGE('no 7513',*,*,#4103,.T.);
#4848=EDGE_LOOP('',(#4840,#4846,#4847));
#4849=FACE_OUTER_BOUND('',#4848,.T.);
#4850=CARTESIAN_POINT('',(0.1078,0.0808,0.013));
#4851=DIRECTION('',(0.0,0.0,1.0));
#4852=DIRECTION('',(-0.8388699148,-0.5443319447,0.0));
#4853=AXIS2_PLACEMENT_3D('',#4850,#4851,#4852);
#4854=PLANE('',#4853);
#4855=ADVANCED_FACE('no 7521',(#4849),#4854,.T.);
#4856=CARTESIAN_POINT('',(0.104356,0.0773556,0.013));
#4857=DIRECTION('',(-0.0325440246,0.0249575557,-0.9991586495));
#4858=VECTOR('',#4857,1.0);
#4859=LINE('',#4856,#4858);
#4860=EDGE_CURVE('no 4204',#3361,#4268,#4859,.T.);
#4861=ORIENTED_EDGE('no 4240',*,*,#4860,.F.);
#4862=ORIENTED_EDGE('no 4241',*,*,#4109,.T.);
#4863=CARTESIAN_POINT('',(0.1039,0.0777053,-0.001));
#4864=DIRECTION('',(0.0,0.0,1.0));
#4865=VECTOR('',#4864,1.0);
#4866=LINE('',#4863,#4865);
#4867=EDGE_CURVE('no 4158',#4268,#4098,#4866,.T.);
#4868=ORIENTED_EDGE('no 4242',*,*,#4867,.F.);
#4869=EDGE_LOOP('',(#4861,#4862,#4868));
#4870=FACE_OUTER_BOUND('',#4869,.T.);
#4871=CARTESIAN_POINT('',(0.1039,0.0777053,-0.001));
#4872=DIRECTION('',(-0.6087602114,-0.7933542746,-0.0000000135));
#4873=DIRECTION('',(0.0325178884,-0.0249517911,0.9991596444));
#4874=AXIS2_PLACEMENT_3D('',#4871,#4872,#4873);
#4875=PLANE('',#4874);
#4876=ADVANCED_FACE('no 4250',(#4870),#4875,.T.);
#4877=CARTESIAN_POINT('',(0.1078,-0.01,0.013));
#4878=DIRECTION('',(-0.7833376165,0.6215964757,0.0));
#4879=VECTOR('',#4878,1.0);
#4880=LINE('',#4877,#4879);
#4881=EDGE_CURVE('no 7095',#72,#4229,#4880,.T.);
#4882=ORIENTED_EDGE('no 7119',*,*,#4881,.F.);
#4883=ORIENTED_EDGE('no 7120',*,*,#4142,.T.);
#4884=CARTESIAN_POINT('',(0.1039,-0.00690526,0.013));
#4885=DIRECTION('',(0.7935895545,0.608453465,0.0));
#4886=VECTOR('',#4885,1.0);
#4887=LINE('',#4884,#4886);
#4888=EDGE_CURVE('no 2383',#4229,#4137,#4887,.T.);
#4889=ORIENTED_EDGE('no 7121',*,*,#4888,.F.);
#4890=EDGE_LOOP('',(#4882,#4883,#4889));
#4891=FACE_OUTER_BOUND('',#4890,.T.);
#4892=CARTESIAN_POINT('',(0.1039,-0.00690526,0.013));
#4893=DIRECTION('',(-0.0,0.0,1.0));
#4894=DIRECTION('',(0.783337123,-0.6215970976,0.0));
#4895=AXIS2_PLACEMENT_3D('',#4892,#4893,#4894);
#4896=PLANE('',#4895);
#4897=ADVANCED_FACE('no 7129',(#4891),#4896,.T.);
#4898=ORIENTED_EDGE('no 3115',*,*,#4188,.T.);
#4899=CARTESIAN_POINT('',(0.104705,0.0747,-0.001));
#4900=DIRECTION('',(0.0,0.0,1.0));
#4901=VECTOR('',#4900,1.0);
#4902=LINE('',#4899,#4901);
#4903=EDGE_CURVE('no 3108',#4183,#4160,#4902,.T.);
#4904=ORIENTED_EDGE('no 3116',*,*,#4903,.T.);
#4905=ORIENTED_EDGE('no 3117',*,*,#4172,.T.);
#4906=EDGE_LOOP('',(#4898,#4904,#4905));
#4907=FACE_OUTER_BOUND('',#4906,.T.);
#4908=CARTESIAN_POINT('',(0.104925,0.0752306,0.013));
#4909=DIRECTION('',(-0.9238825212,0.3826762169,0.0000000226));
#4910=DIRECTION('',(-0.0156851943,-0.0378681861,-0.9991596345));
#4911=AXIS2_PLACEMENT_3D('',#4908,#4909,#4910);
#4912=PLANE('',#4911);
#4913=ADVANCED_FACE('no 3125',(#4907),#4912,.T.);
#4914=CARTESIAN_POINT('',(0.1028,-0.0072,-0.001));
#4915=VERTEX_POINT('',#4914);
#4916=CARTESIAN_POINT('',(0.1028,-0.0072,-0.001));
#4917=DIRECTION('',(0.8725061694,-0.4886030949,0.0));
#4918=VECTOR('',#4917,1.0);
#4919=LINE('',#4916,#4918);
#4920=EDGE_CURVE('no 10129',#4915,#165,#4919,.T.);
#4921=ORIENTED_EDGE('no 10153',*,*,#4920,.F.);
#4922=CARTESIAN_POINT('',(0.103369,-0.00712504,-0.001));
#4923=DIRECTION('',(-0.9914448886,-0.1305259853,0.0));
#4924=VECTOR('',#4923,1.0);
#4925=LINE('',#4922,#4924);
#4926=EDGE_CURVE('no 2470',#4206,#4915,#4925,.T.);
#4927=ORIENTED_EDGE('no 10154',*,*,#4926,.F.);
#4928=ORIENTED_EDGE('no 10155',*,*,#4211,.T.);
#4929=EDGE_LOOP('',(#4921,#4927,#4928));
#4930=FACE_OUTER_BOUND('',#4929,.T.);
#4931=CARTESIAN_POINT('',(0.1078,-0.01,-0.001));
#4932=DIRECTION('',(0.0,0.0,-1.0));
#4933=DIRECTION('',(-0.8725061694,0.4886030949,0.0));
#4934=AXIS2_PLACEMENT_3D('',#4931,#4932,#4933);
#4935=PLANE('',#4934);
#4936=ADVANCED_FACE('no 10163',(#4930),#4935,.T.);
#4937=CARTESIAN_POINT('',(0.103369,-0.00712504,0.013));
#4938=VERTEX_POINT('',#4937);
#4939=CARTESIAN_POINT('',(0.103369,-0.00712504,0.013));
#4940=DIRECTION('',(0.037868186,0.0156853942,-0.9991596313));
#4941=VECTOR('',#4940,1.0);
#4942=LINE('',#4939,#4941);
#4943=EDGE_CURVE('no 2406',#4938,#3471,#4942,.T.);
#4944=ORIENTED_EDGE('no 2419',*,*,#4943,.T.);
#4945=ORIENTED_EDGE('no 2420',*,*,#4217,.T.);
#4946=CARTESIAN_POINT('',(0.103369,-0.00712504,-0.001));
#4947=DIRECTION('',(0.0,0.0,1.0));
#4948=VECTOR('',#4947,1.0);
#4949=LINE('',#4946,#4948);
#4950=EDGE_CURVE('no 2418',#4206,#4938,#4949,.T.);
#4951=ORIENTED_EDGE('no 2421',*,*,#4950,.T.);
#4952=EDGE_LOOP('',(#4944,#4945,#4951));
#4953=FACE_OUTER_BOUND('',#4952,.T.);
#4954=CARTESIAN_POINT('',(0.103369,-0.00712504,0.013));
#4955=DIRECTION('',(-0.3826820425,0.9238801082,-0.0000000511));
#4956=DIRECTION('',(0.037868186,0.0156853942,-0.9991596313));
#4957=AXIS2_PLACEMENT_3D('',#4954,#4955,#4956);
#4958=PLANE('',#4957);
#4959=ADVANCED_FACE('no 2429',(#4953),#4958,.T.);
#4960=ORIENTED_EDGE('no 2384',*,*,#4234,.F.);
#4961=ORIENTED_EDGE('no 2385',*,*,#4888,.T.);
#4962=ORIENTED_EDGE('no 2386',*,*,#4256,.F.);
#4963=EDGE_LOOP('',(#4960,#4961,#4962));
#4964=FACE_OUTER_BOUND('',#4963,.T.);
#4965=CARTESIAN_POINT('',(0.104356,-0.00655564,-0.001));
#4966=DIRECTION('',(-0.6087630633,0.7933520862,-0.0000000545));
#4967=DIRECTION('',(-0.0325178883,-0.0249518911,0.9991596419));
#4968=AXIS2_PLACEMENT_3D('',#4965,#4966,#4967);
#4969=PLANE('',#4968);
#4970=ADVANCED_FACE('no 2394',(#4964),#4969,.T.);
#4971=ORIENTED_EDGE('no 2442',*,*,#4943,.F.);
#4972=CARTESIAN_POINT('',(0.103369,-0.00712504,0.013));
#4973=DIRECTION('',(0.9239824864,0.3824347851,0.0));
#4974=VECTOR('',#4973,1.0);
#4975=LINE('',#4972,#4974);
#4976=EDGE_CURVE('no 2441',#4938,#4229,#4975,.T.);
#4977=ORIENTED_EDGE('no 2443',*,*,#4976,.T.);
#4978=ORIENTED_EDGE('no 2444',*,*,#4241,.F.);
#4979=EDGE_LOOP('',(#4971,#4977,#4978));
#4980=FACE_OUTER_BOUND('',#4979,.T.);
#4981=CARTESIAN_POINT('',(0.1039,-0.00690526,-0.001));
#4982=DIRECTION('',(-0.3826820425,0.9238801082,-0.0000000511));
#4983=DIRECTION('',(-0.037868186,-0.0156853942,0.9991596313));
#4984=AXIS2_PLACEMENT_3D('',#4981,#4982,#4983);
#4985=PLANE('',#4984);
#4986=ADVANCED_FACE('no 2452',(#4980),#4985,.T.);
#4987=CARTESIAN_POINT('',(0.103369,0.077925,-0.001));
#4988=VERTEX_POINT('',#4987);
#4989=CARTESIAN_POINT('',(0.1078,0.0808,-0.001));
#4990=DIRECTION('',(-0.8388699148,-0.5443319447,0.0));
#4991=VECTOR('',#4990,1.0);
#4992=LINE('',#4989,#4991);
#4993=EDGE_CURVE('no 9421',#280,#4988,#4992,.T.);
#4994=ORIENTED_EDGE('no 9445',*,*,#4993,.F.);
#4995=ORIENTED_EDGE('no 9446',*,*,#4273,.T.);
#4996=CARTESIAN_POINT('',(0.103369,0.077925,-0.001));
#4997=DIRECTION('',(0.9238825216,-0.382676216,0.0));
#4998=VECTOR('',#4997,1.0);
#4999=LINE('',#4996,#4998);
#5000=EDGE_CURVE('no 4152',#4988,#4268,#4999,.T.);
#5001=ORIENTED_EDGE('no 9447',*,*,#5000,.F.);
#5002=EDGE_LOOP('',(#4994,#4995,#5001));
#5003=FACE_OUTER_BOUND('',#5002,.T.);
#5004=CARTESIAN_POINT('',(0.103369,0.077925,-0.001));
#5005=DIRECTION('',(0.0,0.0,-1.0));
#5006=DIRECTION('',(0.8388699148,0.5443319447,0.0));
#5007=AXIS2_PLACEMENT_3D('',#5004,#5005,#5006);
#5008=PLANE('',#5007);
#5009=ADVANCED_FACE('no 9455',(#5003),#5008,.T.);
#5010=ORIENTED_EDGE('no 4217',*,*,#4860,.T.);
#5011=ORIENTED_EDGE('no 4218',*,*,#4280,.T.);
#5012=ORIENTED_EDGE('no 4219',*,*,#4295,.T.);
#5013=EDGE_LOOP('',(#5010,#5011,#5012));
#5014=FACE_OUTER_BOUND('',#5013,.T.);
#5015=CARTESIAN_POINT('',(0.104356,0.0773556,0.013));
#5016=DIRECTION('',(-0.6087602114,-0.7933542746,-0.0000000135));
#5017=DIRECTION('',(-0.0325178884,0.0249517911,-0.9991596444));
#5018=AXIS2_PLACEMENT_3D('',#5015,#5016,#5017);
#5019=PLANE('',#5018);
#5020=ADVANCED_FACE('no 4227',(#5014),#5019,.T.);
#5021=CARTESIAN_POINT('',(0.104356,0.0742444,-0.001));
#5022=VERTEX_POINT('',#5021);
#5023=CARTESIAN_POINT('',(0.104356,0.0742444,-0.001));
#5024=DIRECTION('',(0.0044660464,-0.9999900272,0.0));
#5025=VECTOR('',#5024,1.0);
#5026=LINE('',#5023,#5025);
#5027=EDGE_CURVE('no 10721',#5022,#3565,#5026,.T.);
#5028=ORIENTED_EDGE('no 10745',*,*,#5027,.F.);
#5029=CARTESIAN_POINT('',(0.104705,0.0747,-0.001));
#5030=DIRECTION('',(-0.6081095883,-0.7938530901,0.0));
#5031=VECTOR('',#5030,1.0);
#5032=LINE('',#5029,#5031);
#5033=EDGE_CURVE('no 3195',#4183,#5022,#5032,.T.);
#5034=ORIENTED_EDGE('no 10746',*,*,#5033,.F.);
#5035=ORIENTED_EDGE('no 10747',*,*,#4310,.T.);
#5036=EDGE_LOOP('',(#5028,#5034,#5035));
#5037=FACE_OUTER_BOUND('',#5036,.T.);
#5038=CARTESIAN_POINT('',(0.104705,-0.0039,-0.001));
#5039=DIRECTION('',(0.0,0.0,-1.0));
#5040=DIRECTION('',(-0.00447406,0.9999899913,0.0));
#5041=AXIS2_PLACEMENT_3D('',#5038,#5039,#5040);
#5042=PLANE('',#5041);
#5043=ADVANCED_FACE('no 10755',(#5037),#5042,.T.);
#5044=CARTESIAN_POINT('',(0.104356,-0.00344436,0.013));
#5045=VERTEX_POINT('',#5044);
#5046=CARTESIAN_POINT('',(0.104356,-0.00344436,0.013));
#5047=DIRECTION('',(0.0249076496,-0.0325183996,-0.9991607292));
#5048=VECTOR('',#5047,1.0);
#5049=LINE('',#5046,#5048);
#5050=EDGE_CURVE('no 2000',#5045,#3565,#5049,.T.);
#5051=ORIENTED_EDGE('no 2013',*,*,#5050,.T.);
#5052=ORIENTED_EDGE('no 2014',*,*,#4327,.T.);
#5053=CARTESIAN_POINT('',(0.104705,-0.0039,0.013));
#5054=DIRECTION('',(-0.6080759432,0.7938788618,0.0));
#5055=VECTOR('',#5054,1.0);
#5056=LINE('',#5053,#5055);
#5057=EDGE_CURVE('no 2012',#3588,#5045,#5056,.T.);
#5058=ORIENTED_EDGE('no 2015',*,*,#5057,.T.);
#5059=EDGE_LOOP('',(#5051,#5052,#5058));
#5060=FACE_OUTER_BOUND('',#5059,.T.);
#5061=CARTESIAN_POINT('',(0.104356,-0.00344436,0.013));
#5062=DIRECTION('',(-0.7933490413,-0.6087670315,0.0000000031));
#5063=DIRECTION('',(0.0249522907,-0.0325179879,-0.9991596287));
#5064=AXIS2_PLACEMENT_3D('',#5061,#5062,#5063);
#5065=PLANE('',#5064);
#5066=ADVANCED_FACE('no 2023',(#5060),#5065,.T.);
#5067=CARTESIAN_POINT('',(0.104356,0.0742444,0.013));
#5068=VERTEX_POINT('',#5067);
#5069=CARTESIAN_POINT('',(0.104705,-0.0039,0.013));
#5070=DIRECTION('',(-0.0044660464,0.9999900272,0.0));
#5071=VECTOR('',#5070,1.0);
#5072=LINE('',#5069,#5071);
#5073=EDGE_CURVE('no 8056',#3588,#5068,#5072,.T.);
#5074=ORIENTED_EDGE('no 8080',*,*,#5073,.F.);
#5075=ORIENTED_EDGE('no 8081',*,*,#4342,.T.);
#5076=CARTESIAN_POINT('',(0.104356,0.0742444,0.013));
#5077=DIRECTION('',(0.6081095883,0.7938530901,0.0));
#5078=VECTOR('',#5077,1.0);
#5079=LINE('',#5076,#5078);
#5080=EDGE_CURVE('no 3172',#5068,#4160,#5079,.T.);
#5081=ORIENTED_EDGE('no 8082',*,*,#5080,.F.);
#5082=EDGE_LOOP('',(#5074,#5075,#5081));
#5083=FACE_OUTER_BOUND('',#5082,.T.);
#5084=CARTESIAN_POINT('',(0.104356,0.0742444,0.013));
#5085=DIRECTION('',(-0.0,0.0,1.0));
#5086=DIRECTION('',(0.00447406,-0.9999899913,0.0));
#5087=AXIS2_PLACEMENT_3D('',#5084,#5085,#5086);
#5088=PLANE('',#5087);
#5089=ADVANCED_FACE('no 8090',(#5083),#5088,.T.);
#5090=ORIENTED_EDGE('no 6854',*,*,#4359,.F.);
#5091=CARTESIAN_POINT('',(0.1017,-0.00690526,0.013));
#5092=VERTEX_POINT('',#5091);
#5093=CARTESIAN_POINT('',(0.1078,-0.01,0.013));
#5094=DIRECTION('',(-0.8917955611,0.4524385893,0.0));
#5095=VECTOR('',#5094,1.0);
#5096=LINE('',#5093,#5095);
#5097=EDGE_CURVE('no 6847',#72,#5092,#5096,.T.);
#5098=ORIENTED_EDGE('no 6855',*,*,#5097,.T.);
#5099=CARTESIAN_POINT('',(0.1017,-0.00690526,0.013));
#5100=DIRECTION('',(-0.9977028482,0.0677423556,0.0));
#5101=VECTOR('',#5100,1.0);
#5102=LINE('',#5099,#5101);
#5103=EDGE_CURVE('no 6853',#5092,#3120,#5102,.T.);
#5104=ORIENTED_EDGE('no 6856',*,*,#5103,.T.);
#5105=EDGE_LOOP('',(#5090,#5098,#5104));
#5106=FACE_OUTER_BOUND('',#5105,.T.);
#5107=CARTESIAN_POINT('',(0.0,0.0,0.013));
#5108=DIRECTION('',(0.0,0.0,1.0));
#5109=DIRECTION('',(0.9957249571,-0.092367796,0.0));
#5110=AXIS2_PLACEMENT_3D('',#5107,#5108,#5109);
#5111=PLANE('',#5110);
#5112=ADVANCED_FACE('no 6864',(#5106),#5111,.T.);
#5113=CARTESIAN_POINT('',(-0.00591283,-0.0031712,0.013));
#5114=VERTEX_POINT('',#5113);
#5115=CARTESIAN_POINT('',(-0.00591283,-0.0031712,0.013));
#5116=DIRECTION('',(-0.030806233,-0.0270365464,-0.9991596475));
#5117=VECTOR('',#5116,1.0);
#5118=LINE('',#5115,#5117);
#5119=EDGE_CURVE('no 4552',#5114,#3029,#5118,.T.);
#5120=ORIENTED_EDGE('no 4588',*,*,#5119,.F.);
#5121=CARTESIAN_POINT('',(-0.00591283,-0.0031712,0.013));
#5122=DIRECTION('',(-0.7516038042,-0.6596148282,0.0));
#5123=VECTOR('',#5122,1.0);
#5124=LINE('',#5121,#5123);
#5125=EDGE_CURVE('no 4587',#5114,#3667,#5124,.T.);
#5126=ORIENTED_EDGE('no 4589',*,*,#5125,.T.);
#5127=ORIENTED_EDGE('no 4590',*,*,#4391,.F.);
#5128=EDGE_LOOP('',(#5120,#5126,#5127));
#5129=FACE_OUTER_BOUND('',#5128,.T.);
#5130=CARTESIAN_POINT('',(-0.00634448,-0.00355003,-0.001));
#5131=DIRECTION('',(0.659614827,-0.7516038052,-0.0000000361));
#5132=DIRECTION('',(0.0308067888,0.0270362902,0.9991596373));
#5133=AXIS2_PLACEMENT_3D('',#5130,#5131,#5132);
#5134=PLANE('',#5133);
#5135=ADVANCED_FACE('no 4598',(#5129),#5134,.T.);
#5136=ORIENTED_EDGE('no 6054',*,*,#4407,.F.);
#5137=ORIENTED_EDGE('no 6055',*,*,#5125,.F.);
#5138=CARTESIAN_POINT('',(-0.00591283,-0.0031712,0.013));
#5139=DIRECTION('',(-0.0024286935,0.9999970507,0.0));
#5140=VECTOR('',#5139,1.0);
#5141=LINE('',#5138,#5140);
#5142=EDGE_CURVE('no 6053',#5114,#4037,#5141,.T.);
#5143=ORIENTED_EDGE('no 6056',*,*,#5142,.T.);
#5144=EDGE_LOOP('',(#5136,#5137,#5143));
#5145=FACE_OUTER_BOUND('',#5144,.T.);
#5146=CARTESIAN_POINT('',(-0.0061,0.0738947,0.013));
#5147=DIRECTION('',(0.0,0.0,1.0));
#5148=DIRECTION('',(-0.0031568501,-0.9999950171,0.0));
#5149=AXIS2_PLACEMENT_3D('',#5146,#5147,#5148);
#5150=PLANE('',#5149);
#5151=ADVANCED_FACE('no 6064',(#5145),#5150,.T.);
#5152=ORIENTED_EDGE('no 10992',*,*,#4425,.F.);
#5153=ORIENTED_EDGE('no 10993',*,*,#4795,.F.);
#5154=CARTESIAN_POINT('',(-0.0055694,0.073675,-0.001));
#5155=DIRECTION('',(-0.0044689301,-0.9999900143,0.0));
#5156=VECTOR('',#5155,1.0);
#5157=LINE('',#5154,#5156);
#5158=EDGE_CURVE('no 10991',#4784,#4420,#5157,.T.);
#5159=ORIENTED_EDGE('no 10994',*,*,#5158,.T.);
#5160=EDGE_LOOP('',(#5152,#5153,#5159));
#5161=FACE_OUTER_BOUND('',#5160,.T.);
#5162=CARTESIAN_POINT('',(-0.00591283,-0.0031712,-0.001));
#5163=DIRECTION('',(0.0,0.0,-1.0));
#5164=DIRECTION('',(-0.0024287501,0.9999970506,0.0));
#5165=AXIS2_PLACEMENT_3D('',#5162,#5163,#5164);
#5166=PLANE('',#5165);
#5167=ADVANCED_FACE('no 11002',(#5161),#5166,.T.);
#5168=ORIENTED_EDGE('no 4565',*,*,#5119,.T.);
#5169=ORIENTED_EDGE('no 4566',*,*,#4431,.T.);
#5170=CARTESIAN_POINT('',(-0.00591283,-0.0031712,-0.001));
#5171=DIRECTION('',(0.0,0.0,1.0));
#5172=VECTOR('',#5171,1.0);
#5173=LINE('',#5170,#5172);
#5174=EDGE_CURVE('no 4564',#4420,#5114,#5173,.T.);
#5175=ORIENTED_EDGE('no 4567',*,*,#5174,.T.);
#5176=EDGE_LOOP('',(#5168,#5169,#5175));
#5177=FACE_OUTER_BOUND('',#5176,.T.);
#5178=CARTESIAN_POINT('',(-0.00591283,-0.0031712,0.013));
#5179=DIRECTION('',(0.659614827,-0.7516038052,-0.0000000361));
#5180=DIRECTION('',(-0.0308067888,-0.0270362902,-0.9991596373));
#5181=AXIS2_PLACEMENT_3D('',#5178,#5179,#5180);
#5182=PLANE('',#5181);
#5183=ADVANCED_FACE('no 4575',(#5177),#5182,.T.);
#5184=ORIENTED_EDGE('no 795',*,*,#4500,.T.);
#5185=CARTESIAN_POINT('',(-0.00287496,0.0752306,-0.001));
#5186=DIRECTION('',(0.0,0.0,1.0));
#5187=VECTOR('',#5186,1.0);
#5188=LINE('',#5185,#5187);
#5189=EDGE_CURVE('no 788',#4495,#4518,#5188,.T.);
#5190=ORIENTED_EDGE('no 796',*,*,#5189,.T.);
#5191=ORIENTED_EDGE('no 797',*,*,#4530,.T.);
#5192=EDGE_LOOP('',(#5184,#5190,#5191));
#5193=FACE_OUTER_BOUND('',#5192,.T.);
#5194=CARTESIAN_POINT('',(-0.0028,0.0758,0.013));
#5195=DIRECTION('',(-0.9914448886,0.1305259853,0.0000000003));
#5196=DIRECTION('',(-0.005350018,-0.0406374851,-0.9991596329));
#5197=AXIS2_PLACEMENT_3D('',#5194,#5195,#5196);
#5198=PLANE('',#5197);
#5199=ADVANCED_FACE('no 805',(#5193),#5198,.T.);
#5200=CARTESIAN_POINT('',(-0.00286112,-0.00377709,-0.001));
#5201=VERTEX_POINT('',#5200);
#5202=CARTESIAN_POINT('',(-0.00287496,0.0752306,-0.001));
#5203=DIRECTION('',(0.0001751728,-0.9999999847,0.0));
#5204=VECTOR('',#5203,1.0);
#5205=LINE('',#5202,#5204);
#5206=EDGE_CURVE('no 11267',#4495,#5201,#5205,.T.);
#5207=ORIENTED_EDGE('no 11291',*,*,#5206,.F.);
#5208=ORIENTED_EDGE('no 11292',*,*,#4507,.F.);
#5209=CARTESIAN_POINT('',(-0.0028,0.0758,-0.001));
#5210=DIRECTION('',(-0.00076806,-0.999999705,0.0));
#5211=VECTOR('',#5210,1.0);
#5212=LINE('',#5209,#5211);
#5213=EDGE_CURVE('no 11290',#3744,#5201,#5212,.T.);
#5214=ORIENTED_EDGE('no 11293',*,*,#5213,.T.);
#5215=EDGE_LOOP('',(#5207,#5208,#5214));
#5216=FACE_OUTER_BOUND('',#5215,.T.);
#5217=CARTESIAN_POINT('',(-0.00286112,-0.00377709,-0.001));
#5218=DIRECTION('',(0.0,0.0,-1.0));
#5219=DIRECTION('',(-0.000175204,0.9999999847,0.0));
#5220=AXIS2_PLACEMENT_3D('',#5217,#5218,#5219);
#5221=PLANE('',#5220);
#5222=ADVANCED_FACE('no 11301',(#5216),#5221,.T.);
#5223=CARTESIAN_POINT('',(-0.00309474,0.0747,0.013));
#5224=VERTEX_POINT('',#5223);
#5225=CARTESIAN_POINT('',(-0.00286112,-0.00377709,0.013));
#5226=DIRECTION('',(-0.0029769066,0.999995569,0.0));
#5227=VECTOR('',#5226,1.0);
#5228=LINE('',#5225,#5227);
#5229=EDGE_CURVE('no 6329',#3767,#5224,#5228,.T.);
#5230=ORIENTED_EDGE('no 6353',*,*,#5229,.F.);
#5231=ORIENTED_EDGE('no 6354',*,*,#4523,.T.);
#5232=CARTESIAN_POINT('',(-0.00309474,0.0747,0.013));
#5233=DIRECTION('',(0.3826808817,0.923880589,0.0));
#5234=VECTOR('',#5233,1.0);
#5235=LINE('',#5232,#5234);
#5236=EDGE_CURVE('no 852',#5224,#4518,#5235,.T.);
#5237=ORIENTED_EDGE('no 6355',*,*,#5236,.F.);
#5238=EDGE_LOOP('',(#5230,#5231,#5237));
#5239=FACE_OUTER_BOUND('',#5238,.T.);
#5240=CARTESIAN_POINT('',(-0.00309474,0.0747,0.013));
#5241=DIRECTION('',(-0.0,0.0,1.0));
#5242=DIRECTION('',(0.0029769487,-0.9999955689,0.0));
#5243=AXIS2_PLACEMENT_3D('',#5240,#5241,#5242);
#5244=PLANE('',#5243);
#5245=ADVANCED_FACE('no 6363',(#5239),#5244,.T.);
#5246=ORIENTED_EDGE('no 4994',*,*,#4546,.F.);
#5247=CARTESIAN_POINT('',(-0.00286112,-0.00377709,-0.001));
#5248=DIRECTION('',(0.0,0.0,1.0));
#5249=VECTOR('',#5248,1.0);
#5250=LINE('',#5247,#5249);
#5251=EDGE_CURVE('no 4906',#5201,#3767,#5250,.T.);
#5252=ORIENTED_EDGE('no 4995',*,*,#5251,.F.);
#5253=CARTESIAN_POINT('',(-0.00286112,-0.00377709,-0.001));
#5254=DIRECTION('',(0.4426109432,-0.896713752,0.0));
#5255=VECTOR('',#5254,1.0);
#5256=LINE('',#5253,#5255);
#5257=EDGE_CURVE('no 4993',#5201,#4541,#5256,.T.);
#5258=ORIENTED_EDGE('no 4996',*,*,#5257,.T.);
#5259=EDGE_LOOP('',(#5246,#5252,#5258));
#5260=FACE_OUTER_BOUND('',#5259,.T.);
#5261=CARTESIAN_POINT('',(-0.00260692,-0.00429209,-0.001));
#5262=DIRECTION('',(-0.8967147674,-0.442608886,-0.0000000177));
#5263=DIRECTION('',(-0.0181416934,0.0367545866,0.9991596366));
#5264=AXIS2_PLACEMENT_3D('',#5261,#5262,#5263);
#5265=PLANE('',#5264);
#5266=ADVANCED_FACE('no 5004',(#5260),#5265,.T.);
#5267=ORIENTED_EDGE('no 5052',*,*,#4567,.F.);
#5268=ORIENTED_EDGE('no 5053',*,*,#4552,.F.);
#5269=CARTESIAN_POINT('',(-0.00260692,-0.00429209,-0.001));
#5270=DIRECTION('',(0.1954329989,-0.9807170555,0.0));
#5271=VECTOR('',#5270,1.0);
#5272=LINE('',#5269,#5271);
#5273=EDGE_CURVE('no 5051',#4541,#4076,#5272,.T.);
#5274=ORIENTED_EDGE('no 5054',*,*,#5273,.T.);
#5275=EDGE_LOOP('',(#5267,#5268,#5274));
#5276=FACE_OUTER_BOUND('',#5275,.T.);
#5277=CARTESIAN_POINT('',(-0.00249468,-0.00485533,-0.001));
#5278=DIRECTION('',(-0.9807154816,-0.1954408968,-0.0000000017));
#5279=DIRECTION('',(-0.0080107371,0.0401975854,0.999159638));
#5280=AXIS2_PLACEMENT_3D('',#5277,#5278,#5279);
#5281=PLANE('',#5280);
#5282=ADVANCED_FACE('no 5062',(#5276),#5281,.T.);
#5283=ORIENTED_EDGE('no 8800',*,*,#4588,.F.);
#5284=CARTESIAN_POINT('',(0.0978,0.0,0.013));
#5285=DIRECTION('',(-1.0,0.0,0.0));
#5286=VECTOR('',#5285,1.0);
#5287=LINE('',#5284,#5286);
#5288=EDGE_CURVE('no 6928',#4618,#3120,#5287,.T.);
#5289=ORIENTED_EDGE('no 8801',*,*,#5288,.F.);
#5290=ORIENTED_EDGE('no 8802',*,*,#4623,.T.);
#5291=EDGE_LOOP('',(#5283,#5289,#5290));
#5292=FACE_OUTER_BOUND('',#5291,.T.);
#5293=CARTESIAN_POINT('',(0.0978,0.0,0.0));
#5294=DIRECTION('',(0.0,1.0,-0.0));
#5295=DIRECTION('',(-0.9912809821,0.0,0.1317649976));
#5296=AXIS2_PLACEMENT_3D('',#5293,#5294,#5295);
#5297=PLANE('',#5296);
#5298=ADVANCED_FACE('no 8810',(#5292),#5297,.T.);
#5299=CARTESIAN_POINT('',(0.1006,-0.005,0.013));
#5300=VERTEX_POINT('',#5299);
#5301=CARTESIAN_POINT('',(0.1006,-0.005,0.013));
#5302=DIRECTION('',(-0.4886030949,0.8725061694,0.0));
#5303=VECTOR('',#5302,1.0);
#5304=LINE('',#5301,#5303);
#5305=EDGE_CURVE('no 6974',#5300,#4618,#5304,.T.);
#5306=ORIENTED_EDGE('no 7004',*,*,#5305,.F.);
#5307=CARTESIAN_POINT('',(0.1006,-0.005,0.013));
#5308=DIRECTION('',(-0.0369141163,0.9993184417,0.0));
#5309=VECTOR('',#5308,1.0);
#5310=LINE('',#5307,#5309);
#5311=EDGE_CURVE('no 6997',#5300,#2530,#5310,.T.);
#5312=ORIENTED_EDGE('no 7005',*,*,#5311,.T.);
#5313=ORIENTED_EDGE('no 7006',*,*,#4629,.T.);
#5314=EDGE_LOOP('',(#5306,#5312,#5313));
#5315=FACE_OUTER_BOUND('',#5314,.T.);
#5316=CARTESIAN_POINT('',(0.0978,0.0,0.013));
#5317=DIRECTION('',(-0.0,0.0,1.0));
#5318=DIRECTION('',(0.4886030949,-0.8725061694,0.0));
#5319=AXIS2_PLACEMENT_3D('',#5316,#5317,#5318);
#5320=PLANE('',#5319);
#5321=ADVANCED_FACE('no 7014',(#5315),#5320,.T.);
#5322=ORIENTED_EDGE('no 3863',*,*,#4643,.T.);
#5323=CARTESIAN_POINT('',(0.100895,0.0769,-0.001));
#5324=VERTEX_POINT('',#5323);
#5325=CARTESIAN_POINT('',(0.100895,0.0769,-0.001));
#5326=DIRECTION('',(0.0,0.0,1.0));
#5327=VECTOR('',#5326,1.0);
#5328=LINE('',#5325,#5327);
#5329=EDGE_CURVE('no 3827',#5324,#3889,#5328,.T.);
#5330=ORIENTED_EDGE('no 3864',*,*,#5329,.F.);
#5331=CARTESIAN_POINT('',(0.100895,0.0769,-0.001));
#5332=DIRECTION('',(0.6081095883,0.7938530901,0.0));
#5333=VECTOR('',#5332,1.0);
#5334=LINE('',#5331,#5333);
#5335=EDGE_CURVE('no 3862',#5324,#3912,#5334,.T.);
#5336=ORIENTED_EDGE('no 3865',*,*,#5335,.T.);
#5337=EDGE_LOOP('',(#5322,#5330,#5336));
#5338=FACE_OUTER_BOUND('',#5337,.T.);
#5339=CARTESIAN_POINT('',(0.101244,0.0773556,-0.001));
#5340=DIRECTION('',(0.793352938,-0.6087619533,0.0000000158));
#5341=DIRECTION('',(-0.0249522904,-0.0325183875,0.9991596157));
#5342=AXIS2_PLACEMENT_3D('',#5339,#5340,#5341);
#5343=PLANE('',#5342);
#5344=ADVANCED_FACE('no 3873',(#5338),#5343,.T.);
#5345=CARTESIAN_POINT('',(0.1017,0.0777053,-0.001));
#5346=DIRECTION('',(-0.9998338287,-0.0182295062,0.0));
#5347=VECTOR('',#5346,1.0);
#5348=LINE('',#5345,#5347);
#5349=EDGE_CURVE('no 9208',#3935,#3744,#5348,.T.);
#5350=ORIENTED_EDGE('no 9232',*,*,#5349,.F.);
#5351=ORIENTED_EDGE('no 9233',*,*,#4660,.F.);
#5352=CARTESIAN_POINT('',(0.101244,0.0773556,-0.001));
#5353=DIRECTION('',(-0.9998882471,-0.0149496959,0.0));
#5354=VECTOR('',#5353,1.0);
#5355=LINE('',#5352,#5354);
#5356=EDGE_CURVE('no 9231',#3912,#3744,#5355,.T.);
#5357=ORIENTED_EDGE('no 9234',*,*,#5356,.T.);
#5358=EDGE_LOOP('',(#5350,#5351,#5357));
#5359=FACE_OUTER_BOUND('',#5358,.T.);
#5360=CARTESIAN_POINT('',(-0.0028,0.0758,-0.001));
#5361=DIRECTION('',(0.0,0.0,-1.0));
#5362=DIRECTION('',(0.9998338362,0.018229097,0.0));
#5363=AXIS2_PLACEMENT_3D('',#5360,#5361,#5362);
#5364=PLANE('',#5363);
#5365=ADVANCED_FACE('no 9242',(#5359),#5364,.T.);
#5366=CARTESIAN_POINT('',(0.1078,0.0808,-0.001));
#5367=DIRECTION('',(-0.8917954853,-0.4524387389,0.0));
#5368=VECTOR('',#5367,1.0);
#5369=LINE('',#5366,#5368);
#5370=EDGE_CURVE('no 9202',#280,#3935,#5369,.T.);
#5371=ORIENTED_EDGE('no 9376',*,*,#5370,.F.);
#5372=CARTESIAN_POINT('',(0.1078,0.0808,-0.001));
#5373=DIRECTION('',(-0.8885921788,-0.4586980923,0.0));
#5374=VECTOR('',#5373,1.0);
#5375=LINE('',#5372,#5374);
#5376=EDGE_CURVE('no 9375',#280,#4673,#5375,.T.);
#5377=ORIENTED_EDGE('no 9377',*,*,#5376,.T.);
#5378=ORIENTED_EDGE('no 9378',*,*,#4678,.F.);
#5379=EDGE_LOOP('',(#5371,#5377,#5378));
#5380=FACE_OUTER_BOUND('',#5379,.T.);
#5381=CARTESIAN_POINT('',(0.1017,0.0777053,-0.001));
#5382=DIRECTION('',(0.0,0.0,-1.0));
#5383=DIRECTION('',(0.8917954853,0.4524387389,0.0));
#5384=AXIS2_PLACEMENT_3D('',#5381,#5382,#5383);
#5385=PLANE('',#5384);
#5386=ADVANCED_FACE('no 9386',(#5380),#5385,.T.);
#5387=ORIENTED_EDGE('no 4043',*,*,#4698,.T.);
#5388=CARTESIAN_POINT('',(0.1028,0.078,-0.001));
#5389=VERTEX_POINT('',#5388);
#5390=CARTESIAN_POINT('',(0.102231,0.077925,-0.001));
#5391=DIRECTION('',(0.9914437068,0.1305349614,0.0));
#5392=VECTOR('',#5391,1.0);
#5393=LINE('',#5390,#5392);
#5394=EDGE_CURVE('no 4036',#4673,#5389,#5393,.T.);
#5395=ORIENTED_EDGE('no 4044',*,*,#5394,.T.);
#5396=CARTESIAN_POINT('',(0.1028,0.078,-0.001));
#5397=DIRECTION('',(0.0,0.0,1.0));
#5398=VECTOR('',#5397,1.0);
#5399=LINE('',#5396,#5398);
#5400=EDGE_CURVE('no 4042',#5389,#3959,#5399,.T.);
#5401=ORIENTED_EDGE('no 4045',*,*,#5400,.T.);
#5402=EDGE_LOOP('',(#5387,#5395,#5401));
#5403=FACE_OUTER_BOUND('',#5402,.T.);
#5404=CARTESIAN_POINT('',(0.1028,0.078,0.013));
#5405=DIRECTION('',(0.1305349624,-0.9914437067,0.0000000247));
#5406=DIRECTION('',(-0.040636886,-0.0053503382,-0.9991596556));
#5407=AXIS2_PLACEMENT_3D('',#5404,#5405,#5406);
#5408=PLANE('',#5407);
#5409=ADVANCED_FACE('no 4053',(#5403),#5408,.T.);
#5410=CARTESIAN_POINT('',(0.103369,0.077925,0.013));
#5411=DIRECTION('',(-0.0406087491,0.0053526471,-0.9991607872));
#5412=VECTOR('',#5411,1.0);
#5413=LINE('',#5410,#5412);
#5414=EDGE_CURVE('no 4088',#4712,#5389,#5413,.T.);
#5415=ORIENTED_EDGE('no 4124',*,*,#5414,.F.);
#5416=ORIENTED_EDGE('no 4125',*,*,#4717,.T.);
#5417=ORIENTED_EDGE('no 4126',*,*,#5400,.F.);
#5418=EDGE_LOOP('',(#5415,#5416,#5417));
#5419=FACE_OUTER_BOUND('',#5418,.T.);
#5420=CARTESIAN_POINT('',(0.1028,0.078,-0.001));
#5421=DIRECTION('',(-0.1305339779,-0.9914438363,0.0000000129));
#5422=DIRECTION('',(0.040637485,-0.005350338,0.9991596312));
#5423=AXIS2_PLACEMENT_3D('',#5420,#5421,#5422);
#5424=PLANE('',#5423);
#5425=ADVANCED_FACE('no 4134',(#5419),#5424,.T.);
#5426=ORIENTED_EDGE('no 7396',*,*,#4740,.F.);
#5427=CARTESIAN_POINT('',(0.1006,0.0758,0.013));
#5428=VERTEX_POINT('',#5427);
#5429=CARTESIAN_POINT('',(0.0978,0.0708,0.013));
#5430=DIRECTION('',(0.4886033689,0.8725060159,0.0));
#5431=VECTOR('',#5430,1.0);
#5432=LINE('',#5429,#5431);
#5433=EDGE_CURVE('no 7395',#2530,#5428,#5432,.T.);
#5434=ORIENTED_EDGE('no 7397',*,*,#5433,.T.);
#5435=CARTESIAN_POINT('',(0.100675,0.0763694,0.013));
#5436=DIRECTION('',(-0.1305896347,-0.9914365069,0.0));
#5437=VECTOR('',#5436,1.0);
#5438=LINE('',#5435,#5437);
#5439=EDGE_CURVE('no 3775',#4735,#5428,#5438,.T.);
#5440=ORIENTED_EDGE('no 7398',*,*,#5439,.F.);
#5441=EDGE_LOOP('',(#5426,#5434,#5440));
#5442=FACE_OUTER_BOUND('',#5441,.T.);
#5443=CARTESIAN_POINT('',(0.100675,0.0763694,0.013));
#5444=DIRECTION('',(0.0,0.0,1.0));
#5445=DIRECTION('',(-0.4586968951,-0.8885927968,0.0));
#5446=AXIS2_PLACEMENT_3D('',#5443,#5444,#5445);
#5447=PLANE('',#5446);
#5448=ADVANCED_FACE('no 7406',(#5442),#5447,.T.);
#5449=CARTESIAN_POINT('',(0.100895,0.0769,-0.001));
#5450=DIRECTION('',(-0.0156851946,-0.0378676869,0.9991596534));
#5451=VECTOR('',#5450,1.0);
#5452=LINE('',#5449,#5451);
#5453=EDGE_CURVE('no 3798',#5324,#4735,#5452,.T.);
#5454=ORIENTED_EDGE('no 3834',*,*,#5453,.F.);
#5455=ORIENTED_EDGE('no 3835',*,*,#5329,.T.);
#5456=ORIENTED_EDGE('no 3836',*,*,#4746,.T.);
#5457=EDGE_LOOP('',(#5454,#5455,#5456));
#5458=FACE_OUTER_BOUND('',#5457,.T.);
#5459=CARTESIAN_POINT('',(0.100675,0.0763694,0.013));
#5460=DIRECTION('',(0.9238806072,-0.3826808377,0.0000000089));
#5461=DIRECTION('',(0.0156851946,0.0378676869,-0.9991596534));
#5462=AXIS2_PLACEMENT_3D('',#5459,#5460,#5461);
#5463=PLANE('',#5462);
#5464=ADVANCED_FACE('no 3844',(#5458),#5463,.T.);
#5465=ORIENTED_EDGE('no 9209',*,*,#4761,.F.);
#5466=ORIENTED_EDGE('no 9210',*,*,#5370,.T.);
#5467=ORIENTED_EDGE('no 9211',*,*,#5349,.T.);
#5468=EDGE_LOOP('',(#5465,#5466,#5467));
#5469=FACE_OUTER_BOUND('',#5468,.T.);
#5470=CARTESIAN_POINT('',(-0.0028,0.0758,-0.001));
#5471=DIRECTION('',(0.0,0.0,-1.0));
#5472=DIRECTION('',(0.998979686,0.0451617858,0.0));
#5473=AXIS2_PLACEMENT_3D('',#5470,#5471,#5472);
#5474=PLANE('',#5473);
#5475=ADVANCED_FACE('no 9219',(#5469),#5474,.T.);
#5476=ORIENTED_EDGE('no 1224',*,*,#4789,.F.);
#5477=CARTESIAN_POINT('',(-0.0055694,0.073675,0.013));
#5478=VERTEX_POINT('',#5477);
#5479=CARTESIAN_POINT('',(-0.0061,0.0738947,0.013));
#5480=DIRECTION('',(0.9239298323,-0.3825619754,0.0));
#5481=VECTOR('',#5480,1.0);
#5482=LINE('',#5479,#5481);
#5483=EDGE_CURVE('no 1223',#4037,#5478,#5482,.T.);
#5484=ORIENTED_EDGE('no 1225',*,*,#5483,.T.);
#5485=CARTESIAN_POINT('',(-0.0055694,0.073675,-0.001));
#5486=DIRECTION('',(0.0,0.0,1.0));
#5487=VECTOR('',#5486,1.0);
#5488=LINE('',#5485,#5487);
#5489=EDGE_CURVE('no 1142',#4784,#5478,#5488,.T.);
#5490=ORIENTED_EDGE('no 1226',*,*,#5489,.F.);
#5491=EDGE_LOOP('',(#5476,#5484,#5490));
#5492=FACE_OUTER_BOUND('',#5491,.T.);
#5493=CARTESIAN_POINT('',(-0.0055694,0.073675,-0.001));
#5494=DIRECTION('',(0.3826890796,0.9238771933,0.0000000096));
#5495=DIRECTION('',(-0.0378679861,0.0156856943,0.9991596342));
#5496=AXIS2_PLACEMENT_3D('',#5493,#5494,#5495);
#5497=PLANE('',#5496);
#5498=ADVANCED_FACE('no 1234',(#5492),#5497,.T.);
#5499=ORIENTED_EDGE('no 9992',*,*,#4824,.F.);
#5500=CARTESIAN_POINT('',(0.101244,-0.00655564,-0.001));
#5501=VERTEX_POINT('',#5500);
#5502=CARTESIAN_POINT('',(-0.00249468,-0.00485533,-0.001));
#5503=DIRECTION('',(0.9998657078,-0.0163879952,0.0));
#5504=VECTOR('',#5503,1.0);
#5505=LINE('',#5502,#5504);
#5506=EDGE_CURVE('no 9991',#4076,#5501,#5505,.T.);
#5507=ORIENTED_EDGE('no 9993',*,*,#5506,.T.);
#5508=CARTESIAN_POINT('',(0.1017,-0.00690526,-0.001));
#5509=DIRECTION('',(-0.7933520849,0.6087630651,0.0));
#5510=VECTOR('',#5509,1.0);
#5511=LINE('',#5508,#5510);
#5512=EDGE_CURVE('no 2644',#4819,#5501,#5511,.T.);
#5513=ORIENTED_EDGE('no 9994',*,*,#5512,.F.);
#5514=EDGE_LOOP('',(#5499,#5507,#5513));
#5515=FACE_OUTER_BOUND('',#5514,.T.);
#5516=CARTESIAN_POINT('',(0.1017,-0.00690526,-0.001));
#5517=DIRECTION('',(0.0,0.0,-1.0));
#5518=DIRECTION('',(-0.9998065231,0.0196701906,0.0));
#5519=AXIS2_PLACEMENT_3D('',#5516,#5517,#5518);
#5520=PLANE('',#5519);
#5521=ADVANCED_FACE('no 10002',(#5515),#5520,.T.);
#5522=ORIENTED_EDGE('no 10107',*,*,#4830,.F.);
#5523=CARTESIAN_POINT('',(0.102231,-0.00712504,-0.001));
#5524=VERTEX_POINT('',#5523);
#5525=CARTESIAN_POINT('',(0.102231,-0.00712504,-0.001));
#5526=DIRECTION('',(-0.9238801074,0.3826820445,0.0));
#5527=VECTOR('',#5526,1.0);
#5528=LINE('',#5525,#5527);
#5529=EDGE_CURVE('no 2586',#5524,#4819,#5528,.T.);
#5530=ORIENTED_EDGE('no 10108',*,*,#5529,.F.);
#5531=CARTESIAN_POINT('',(0.102231,-0.00712504,-0.001));
#5532=DIRECTION('',(0.8885921788,-0.4586980923,0.0));
#5533=VECTOR('',#5532,1.0);
#5534=LINE('',#5531,#5533);
#5535=EDGE_CURVE('no 10106',#5524,#165,#5534,.T.);
#5536=ORIENTED_EDGE('no 10109',*,*,#5535,.T.);
#5537=EDGE_LOOP('',(#5522,#5530,#5536));
#5538=FACE_OUTER_BOUND('',#5537,.T.);
#5539=CARTESIAN_POINT('',(0.1078,-0.01,-0.001));
#5540=DIRECTION('',(0.0,0.0,-1.0));
#5541=DIRECTION('',(-0.8917952806,0.4524391423,0.0));
#5542=AXIS2_PLACEMENT_3D('',#5539,#5540,#5541);
#5543=PLANE('',#5542);
#5544=ADVANCED_FACE('no 10117',(#5538),#5543,.T.);
#5545=CARTESIAN_POINT('',(0.1039,0.0777053,0.013));
#5546=DIRECTION('',(-0.0378966599,0.0156796538,-0.9991586419));
#5547=VECTOR('',#5546,1.0);
#5548=LINE('',#5545,#5547);
#5549=EDGE_CURVE('no 4146',#4098,#4988,#5548,.T.);
#5550=ORIENTED_EDGE('no 4182',*,*,#5549,.F.);
#5551=ORIENTED_EDGE('no 4183',*,*,#4845,.T.);
#5552=CARTESIAN_POINT('',(0.103369,0.077925,-0.001));
#5553=DIRECTION('',(0.0,0.0,1.0));
#5554=VECTOR('',#5553,1.0);
#5555=LINE('',#5552,#5554);
#5556=EDGE_CURVE('no 4100',#4988,#4712,#5555,.T.);
#5557=ORIENTED_EDGE('no 4184',*,*,#5556,.F.);
#5558=EDGE_LOOP('',(#5550,#5551,#5557));
#5559=FACE_OUTER_BOUND('',#5558,.T.);
#5560=CARTESIAN_POINT('',(0.103369,0.077925,-0.001));
#5561=DIRECTION('',(-0.3826762169,-0.9238825212,-0.0000000226));
#5562=DIRECTION('',(0.0378681861,-0.0156851943,0.9991596345));
#5563=AXIS2_PLACEMENT_3D('',#5560,#5561,#5562);
#5564=PLANE('',#5563);
#5565=ADVANCED_FACE('no 4192',(#5559),#5564,.T.);
#5566=ORIENTED_EDGE('no 4159',*,*,#5549,.T.);
#5567=ORIENTED_EDGE('no 4160',*,*,#5000,.T.);
#5568=ORIENTED_EDGE('no 4161',*,*,#4867,.T.);
#5569=EDGE_LOOP('',(#5566,#5567,#5568));
#5570=FACE_OUTER_BOUND('',#5569,.T.);
#5571=CARTESIAN_POINT('',(0.1039,0.0777053,0.013));
#5572=DIRECTION('',(-0.3826762169,-0.9238825212,-0.0000000226));
#5573=DIRECTION('',(-0.0378681861,0.0156851943,-0.9991596345));
#5574=AXIS2_PLACEMENT_3D('',#5571,#5572,#5573);
#5575=PLANE('',#5574);
#5576=ADVANCED_FACE('no 4169',(#5570),#5575,.T.);
#5577=CARTESIAN_POINT('',(0.1078,-0.01,0.013));
#5578=DIRECTION('',(-0.8388923179,0.5442974178,0.0));
#5579=VECTOR('',#5578,1.0);
#5580=LINE('',#5577,#5579);
#5581=EDGE_CURVE('no 7072',#72,#4938,#5580,.T.);
#5582=ORIENTED_EDGE('no 7096',*,*,#5581,.F.);
#5583=ORIENTED_EDGE('no 7097',*,*,#4881,.T.);
#5584=ORIENTED_EDGE('no 7098',*,*,#4976,.F.);
#5585=EDGE_LOOP('',(#5582,#5583,#5584));
#5586=FACE_OUTER_BOUND('',#5585,.T.);
#5587=CARTESIAN_POINT('',(0.103369,-0.00712504,0.013));
#5588=DIRECTION('',(-0.0,0.0,1.0));
#5589=DIRECTION('',(0.8388699148,-0.5443319447,0.0));
#5590=AXIS2_PLACEMENT_3D('',#5587,#5588,#5589);
#5591=PLANE('',#5590);
#5592=ADVANCED_FACE('no 7106',(#5586),#5591,.T.);
#5593=CARTESIAN_POINT('',(0.104705,0.0747,0.013));
#5594=DIRECTION('',(-0.0249522909,-0.0325177881,-0.9991596352));
#5595=VECTOR('',#5594,1.0);
#5596=LINE('',#5593,#5595);
#5597=EDGE_CURVE('no 3160',#4160,#5022,#5596,.T.);
#5598=ORIENTED_EDGE('no 3196',*,*,#5597,.F.);
#5599=ORIENTED_EDGE('no 3197',*,*,#4903,.F.);
#5600=ORIENTED_EDGE('no 3198',*,*,#5033,.T.);
#5601=EDGE_LOOP('',(#5598,#5599,#5600));
#5602=FACE_OUTER_BOUND('',#5601,.T.);
#5603=CARTESIAN_POINT('',(0.104356,0.0742444,-0.001));
#5604=DIRECTION('',(-0.793347704,0.6087687743,0.0000000287));
#5605=DIRECTION('',(0.0249522909,0.0325177881,0.9991596352));
#5606=AXIS2_PLACEMENT_3D('',#5603,#5604,#5605);
#5607=PLANE('',#5606);
#5608=ADVANCED_FACE('no 3206',(#5602),#5607,.T.);
#5609=ORIENTED_EDGE('no 10130',*,*,#5535,.F.);
#5610=CARTESIAN_POINT('',(0.1028,-0.0072,-0.001));
#5611=DIRECTION('',(-0.9914447592,0.1305269683,0.0));
#5612=VECTOR('',#5611,1.0);
#5613=LINE('',#5610,#5612);
#5614=EDGE_CURVE('no 2528',#4915,#5524,#5613,.T.);
#5615=ORIENTED_EDGE('no 10131',*,*,#5614,.F.);
#5616=ORIENTED_EDGE('no 10132',*,*,#4920,.T.);
#5617=EDGE_LOOP('',(#5609,#5615,#5616));
#5618=FACE_OUTER_BOUND('',#5617,.T.);
#5619=CARTESIAN_POINT('',(0.1078,-0.01,-0.001));
#5620=DIRECTION('',(0.0,0.0,-1.0));
#5621=DIRECTION('',(-0.8885921788,0.4586980923,0.0));
#5622=AXIS2_PLACEMENT_3D('',#5619,#5620,#5621);
#5623=PLANE('',#5622);
#5624=ADVANCED_FACE('no 10140',(#5618),#5623,.T.);
#5625=CARTESIAN_POINT('',(0.1028,-0.0072,0.013));
#5626=VERTEX_POINT('',#5625);
#5627=CARTESIAN_POINT('',(0.1028,-0.0072,0.013));
#5628=DIRECTION('',(0.0406374851,0.005350008,-0.999159633));
#5629=VECTOR('',#5628,1.0);
#5630=LINE('',#5627,#5629);
#5631=EDGE_CURVE('no 2464',#5626,#4206,#5630,.T.);
#5632=ORIENTED_EDGE('no 2477',*,*,#5631,.T.);
#5633=ORIENTED_EDGE('no 2478',*,*,#4926,.T.);
#5634=CARTESIAN_POINT('',(0.1028,-0.0072,-0.001));
#5635=DIRECTION('',(0.0,0.0,1.0));
#5636=VECTOR('',#5635,1.0);
#5637=LINE('',#5634,#5636);
#5638=EDGE_CURVE('no 2476',#4915,#5626,#5637,.T.);
#5639=ORIENTED_EDGE('no 2479',*,*,#5638,.T.);
#5640=EDGE_LOOP('',(#5632,#5633,#5639));
#5641=FACE_OUTER_BOUND('',#5640,.T.);
#5642=CARTESIAN_POINT('',(0.1028,-0.0072,0.013));
#5643=DIRECTION('',(-0.1305259849,0.9914448887,-0.0000000097));
#5644=DIRECTION('',(0.0406374851,0.005350008,-0.999159633));
#5645=AXIS2_PLACEMENT_3D('',#5642,#5643,#5644);
#5646=PLANE('',#5645);
#5647=ADVANCED_FACE('no 2487',(#5641),#5646,.T.);
#5648=ORIENTED_EDGE('no 2500',*,*,#5631,.F.);
#5649=CARTESIAN_POINT('',(0.1028,-0.0072,0.013));
#5650=DIRECTION('',(0.9914336446,0.1306113638,0.0));
#5651=VECTOR('',#5650,1.0);
#5652=LINE('',#5649,#5651);
#5653=EDGE_CURVE('no 2499',#5626,#4938,#5652,.T.);
#5654=ORIENTED_EDGE('no 2501',*,*,#5653,.T.);
#5655=ORIENTED_EDGE('no 2502',*,*,#4950,.F.);
#5656=EDGE_LOOP('',(#5648,#5654,#5655));
#5657=FACE_OUTER_BOUND('',#5656,.T.);
#5658=CARTESIAN_POINT('',(0.103369,-0.00712504,-0.001));
#5659=DIRECTION('',(-0.1305259849,0.9914448887,-0.0000000097));
#5660=DIRECTION('',(-0.0406374851,-0.005350008,0.999159633));
#5661=AXIS2_PLACEMENT_3D('',#5658,#5659,#5660);
#5662=PLANE('',#5661);
#5663=ADVANCED_FACE('no 2510',(#5657),#5662,.T.);
#5664=CARTESIAN_POINT('',(0.1078,0.0808,-0.001));
#5665=DIRECTION('',(-0.8725061694,-0.4886030949,0.0));
#5666=VECTOR('',#5665,1.0);
#5667=LINE('',#5664,#5666);
#5668=EDGE_CURVE('no 9398',#280,#5389,#5667,.T.);
#5669=ORIENTED_EDGE('no 9422',*,*,#5668,.F.);
#5670=ORIENTED_EDGE('no 9423',*,*,#4993,.T.);
#5671=CARTESIAN_POINT('',(0.1028,0.078,-0.001));
#5672=DIRECTION('',(0.9914438363,-0.1305339784,0.0));
#5673=VECTOR('',#5672,1.0);
#5674=LINE('',#5671,#5673);
#5675=EDGE_CURVE('no 4094',#5389,#4988,#5674,.T.);
#5676=ORIENTED_EDGE('no 9424',*,*,#5675,.F.);
#5677=EDGE_LOOP('',(#5669,#5670,#5676));
#5678=FACE_OUTER_BOUND('',#5677,.T.);
#5679=CARTESIAN_POINT('',(0.1028,0.078,-0.001));
#5680=DIRECTION('',(0.0,0.0,-1.0));
#5681=DIRECTION('',(0.8725061694,0.4886030949,0.0));
#5682=AXIS2_PLACEMENT_3D('',#5679,#5680,#5681);
#5683=PLANE('',#5682);
#5684=ADVANCED_FACE('no 9432',(#5678),#5683,.T.);
#5685=CARTESIAN_POINT('',(0.104356,-0.00344436,-0.001));
#5686=VERTEX_POINT('',#5685);
#5687=CARTESIAN_POINT('',(0.104356,0.0742444,-0.001));
#5688=DIRECTION('',(0.0,-1.0,0.0));
#5689=VECTOR('',#5688,1.0);
#5690=LINE('',#5687,#5689);
#5691=EDGE_CURVE('no 10698',#5022,#5686,#5690,.T.);
#5692=ORIENTED_EDGE('no 10722',*,*,#5691,.F.);
#5693=ORIENTED_EDGE('no 10723',*,*,#5027,.T.);
#5694=CARTESIAN_POINT('',(0.104356,-0.00344436,-0.001));
#5695=DIRECTION('',(0.6080759432,-0.7938788618,0.0));
#5696=VECTOR('',#5695,1.0);
#5697=LINE('',#5694,#5696);
#5698=EDGE_CURVE('no 2035',#5686,#3565,#5697,.T.);
#5699=ORIENTED_EDGE('no 10724',*,*,#5698,.F.);
#5700=EDGE_LOOP('',(#5692,#5693,#5699));
#5701=FACE_OUTER_BOUND('',#5700,.T.);
#5702=CARTESIAN_POINT('',(0.104356,-0.00344436,-0.001));
#5703=DIRECTION('',(0.0,0.0,-1.0));
#5704=DIRECTION('',(0.0,1.0,0.0));
#5705=AXIS2_PLACEMENT_3D('',#5702,#5703,#5704);
#5706=PLANE('',#5705);
#5707=ADVANCED_FACE('no 10732',(#5701),#5706,.T.);
#5708=ORIENTED_EDGE('no 2036',*,*,#5050,.F.);
#5709=CARTESIAN_POINT('',(0.104356,-0.00344436,-0.001));
#5710=DIRECTION('',(0.0,0.0,1.0));
#5711=VECTOR('',#5710,1.0);
#5712=LINE('',#5709,#5711);
#5713=EDGE_CURVE('no 1954',#5686,#5045,#5712,.T.);
#5714=ORIENTED_EDGE('no 2037',*,*,#5713,.F.);
#5715=ORIENTED_EDGE('no 2038',*,*,#5698,.T.);
#5716=EDGE_LOOP('',(#5708,#5714,#5715));
#5717=FACE_OUTER_BOUND('',#5716,.T.);
#5718=CARTESIAN_POINT('',(0.104705,-0.0039,-0.001));
#5719=DIRECTION('',(-0.7933490413,-0.6087670315,0.0000000031));
#5720=DIRECTION('',(-0.0249522907,0.0325179879,0.9991596287));
#5721=AXIS2_PLACEMENT_3D('',#5718,#5719,#5720);
#5722=PLANE('',#5721);
#5723=ADVANCED_FACE('no 2046',(#5717),#5722,.T.);
#5724=CARTESIAN_POINT('',(0.104356,-0.00344436,0.013));
#5725=DIRECTION('',(0.0,1.0,0.0));
#5726=VECTOR('',#5725,1.0);
#5727=LINE('',#5724,#5726);
#5728=EDGE_CURVE('no 8033',#5045,#5068,#5727,.T.);
#5729=ORIENTED_EDGE('no 8057',*,*,#5728,.F.);
#5730=ORIENTED_EDGE('no 8058',*,*,#5057,.F.);
#5731=ORIENTED_EDGE('no 8059',*,*,#5073,.T.);
#5732=EDGE_LOOP('',(#5729,#5730,#5731));
#5733=FACE_OUTER_BOUND('',#5732,.T.);
#5734=CARTESIAN_POINT('',(0.104356,0.0742444,0.013));
#5735=DIRECTION('',(0.0,0.0,1.0));
#5736=DIRECTION('',(0.0,-1.0,0.0));
#5737=AXIS2_PLACEMENT_3D('',#5734,#5735,#5736);
#5738=PLANE('',#5737);
#5739=ADVANCED_FACE('no 8067',(#5733),#5738,.T.);
#5740=ORIENTED_EDGE('no 3173',*,*,#5597,.T.);
#5741=CARTESIAN_POINT('',(0.104356,0.0742444,-0.001));
#5742=DIRECTION('',(0.0,0.0,1.0));
#5743=VECTOR('',#5742,1.0);
#5744=LINE('',#5741,#5743);
#5745=EDGE_CURVE('no 3166',#5022,#5068,#5744,.T.);
#5746=ORIENTED_EDGE('no 3174',*,*,#5745,.T.);
#5747=ORIENTED_EDGE('no 3175',*,*,#5080,.T.);
#5748=EDGE_LOOP('',(#5740,#5746,#5747));
#5749=FACE_OUTER_BOUND('',#5748,.T.);
#5750=CARTESIAN_POINT('',(0.104705,0.0747,0.013));
#5751=DIRECTION('',(-0.793347704,0.6087687743,0.0000000287));
#5752=DIRECTION('',(-0.0249522909,-0.0325177881,-0.9991596352));
#5753=AXIS2_PLACEMENT_3D('',#5750,#5751,#5752);
#5754=PLANE('',#5753);
#5755=ADVANCED_FACE('no 3183',(#5749),#5754,.T.);
#5756=ORIENTED_EDGE('no 7027',*,*,#5097,.F.);
#5757=CARTESIAN_POINT('',(0.102231,-0.00712504,0.013));
#5758=VERTEX_POINT('',#5757);
#5759=CARTESIAN_POINT('',(0.1078,-0.01,0.013));
#5760=DIRECTION('',(-0.8885792024,0.4587232293,0.0));
#5761=VECTOR('',#5760,1.0);
#5762=LINE('',#5759,#5761);
#5763=EDGE_CURVE('no 7026',#72,#5758,#5762,.T.);
#5764=ORIENTED_EDGE('no 7028',*,*,#5763,.T.);
#5765=CARTESIAN_POINT('',(0.1017,-0.00690526,0.013));
#5766=DIRECTION('',(0.9239824864,-0.3824347851,0.0));
#5767=VECTOR('',#5766,1.0);
#5768=LINE('',#5765,#5767);
#5769=EDGE_CURVE('no 2615',#5092,#5758,#5768,.T.);
#5770=ORIENTED_EDGE('no 7029',*,*,#5769,.F.);
#5771=EDGE_LOOP('',(#5756,#5764,#5770));
#5772=FACE_OUTER_BOUND('',#5771,.T.);
#5773=CARTESIAN_POINT('',(0.1017,-0.00690526,0.013));
#5774=DIRECTION('',(0.0,0.0,1.0));
#5775=DIRECTION('',(0.8917952806,-0.4524391423,0.0));
#5776=AXIS2_PLACEMENT_3D('',#5773,#5774,#5775);
#5777=PLANE('',#5776);
#5778=ADVANCED_FACE('no 7037',(#5772),#5777,.T.);
#5779=ORIENTED_EDGE('no 6877',*,*,#5103,.F.);
#5780=CARTESIAN_POINT('',(0.101244,-0.00655564,0.013));
#5781=VERTEX_POINT('',#5780);
#5782=CARTESIAN_POINT('',(0.101244,-0.00655564,0.013));
#5783=DIRECTION('',(0.7935895545,-0.608453465,0.0));
#5784=VECTOR('',#5783,1.0);
#5785=LINE('',#5782,#5784);
#5786=EDGE_CURVE('no 2673',#5781,#5092,#5785,.T.);
#5787=ORIENTED_EDGE('no 6878',*,*,#5786,.F.);
#5788=CARTESIAN_POINT('',(0.101244,-0.00655564,0.013));
#5789=DIRECTION('',(-0.9979102469,0.064615316,0.0));
#5790=VECTOR('',#5789,1.0);
#5791=LINE('',#5788,#5790);
#5792=EDGE_CURVE('no 6876',#5781,#3120,#5791,.T.);
#5793=ORIENTED_EDGE('no 6879',*,*,#5792,.T.);
#5794=EDGE_LOOP('',(#5779,#5787,#5793));
#5795=FACE_OUTER_BOUND('',#5794,.T.);
#5796=CARTESIAN_POINT('',(0.0,0.0,0.013));
#5797=DIRECTION('',(0.0,0.0,1.0));
#5798=DIRECTION('',(0.9977028526,-0.06774229,0.0));
#5799=AXIS2_PLACEMENT_3D('',#5796,#5797,#5798);
#5800=PLANE('',#5799);
#5801=ADVANCED_FACE('no 6887',(#5795),#5800,.T.);
#5802=ORIENTED_EDGE('no 6077',*,*,#5142,.F.);
#5803=CARTESIAN_POINT('',(-0.00591283,-0.0031712,0.013));
#5804=DIRECTION('',(0.0044690117,0.9999900139,0.0));
#5805=VECTOR('',#5804,1.0);
#5806=LINE('',#5803,#5805);
#5807=EDGE_CURVE('no 6076',#5114,#5478,#5806,.T.);
#5808=ORIENTED_EDGE('no 6078',*,*,#5807,.T.);
#5809=ORIENTED_EDGE('no 6079',*,*,#5483,.F.);
#5810=EDGE_LOOP('',(#5802,#5808,#5809));
#5811=FACE_OUTER_BOUND('',#5810,.T.);
#5812=CARTESIAN_POINT('',(-0.0061,0.0738947,0.013));
#5813=DIRECTION('',(0.0,0.0,1.0));
#5814=DIRECTION('',(0.0024287501,-0.9999970506,0.0));
#5815=AXIS2_PLACEMENT_3D('',#5812,#5813,#5814);
#5816=PLANE('',#5815);
#5817=ADVANCED_FACE('no 6087',(#5811),#5816,.T.);
#5818=ORIENTED_EDGE('no 11015',*,*,#5158,.F.);
#5819=CARTESIAN_POINT('',(-0.00539783,-0.00291701,-0.001));
#5820=VERTEX_POINT('',#5819);
#5821=CARTESIAN_POINT('',(-0.0055694,0.073675,-0.001));
#5822=DIRECTION('',(0.0022401011,-0.999997491,0.0));
#5823=VECTOR('',#5822,1.0);
#5824=LINE('',#5821,#5823);
#5825=EDGE_CURVE('no 11014',#4784,#5820,#5824,.T.);
#5826=ORIENTED_EDGE('no 11016',*,*,#5825,.T.);
#5827=CARTESIAN_POINT('',(-0.00591283,-0.0031712,-0.001));
#5828=DIRECTION('',(0.8967147677,0.4426088853,0.0));
#5829=VECTOR('',#5828,1.0);
#5830=LINE('',#5827,#5829);
#5831=EDGE_CURVE('no 4616',#4420,#5820,#5830,.T.);
#5832=ORIENTED_EDGE('no 11017',*,*,#5831,.F.);
#5833=EDGE_LOOP('',(#5818,#5826,#5832));
#5834=FACE_OUTER_BOUND('',#5833,.T.);
#5835=CARTESIAN_POINT('',(-0.00591283,-0.0031712,-0.001));
#5836=DIRECTION('',(0.0,0.0,-1.0));
#5837=DIRECTION('',(0.0044689301,0.9999900143,0.0));
#5838=AXIS2_PLACEMENT_3D('',#5835,#5836,#5837);
#5839=PLANE('',#5838);
#5840=ADVANCED_FACE('no 11025',(#5834),#5839,.T.);
#5841=CARTESIAN_POINT('',(-0.00539783,-0.00291701,0.013));
#5842=VERTEX_POINT('',#5841);
#5843=CARTESIAN_POINT('',(-0.00539783,-0.00291701,0.013));
#5844=DIRECTION('',(-0.036754801,-0.0181411706,-0.9991596382));
#5845=VECTOR('',#5844,1.0);
#5846=LINE('',#5843,#5845);
#5847=EDGE_CURVE('no 4610',#5842,#4420,#5846,.T.);
#5848=ORIENTED_EDGE('no 4646',*,*,#5847,.F.);
#5849=CARTESIAN_POINT('',(-0.00539783,-0.00291701,0.013));
#5850=DIRECTION('',(-0.8967147677,-0.4426088853,0.0));
#5851=VECTOR('',#5850,1.0);
#5852=LINE('',#5849,#5851);
#5853=EDGE_CURVE('no 4645',#5842,#5114,#5852,.T.);
#5854=ORIENTED_EDGE('no 4647',*,*,#5853,.T.);
#5855=ORIENTED_EDGE('no 4648',*,*,#5174,.F.);
#5856=EDGE_LOOP('',(#5848,#5854,#5855));
#5857=FACE_OUTER_BOUND('',#5856,.T.);
#5858=CARTESIAN_POINT('',(-0.00591283,-0.0031712,-0.001));
#5859=DIRECTION('',(0.442608886,-0.8967147674,0.0000000177));
#5860=DIRECTION('',(0.0367545866,0.0181416934,0.9991596366));
#5861=AXIS2_PLACEMENT_3D('',#5858,#5859,#5860);
#5862=PLANE('',#5861);
#5863=ADVANCED_FACE('no 4656',(#5857),#5862,.T.);
#5864=CARTESIAN_POINT('',(-0.00309474,0.0747,-0.001));
#5865=VERTEX_POINT('',#5864);
#5866=CARTESIAN_POINT('',(-0.00287496,0.0752306,0.013));
#5867=DIRECTION('',(-0.0156853942,-0.037868186,-0.9991596313));
#5868=VECTOR('',#5867,1.0);
#5869=LINE('',#5866,#5868);
#5870=EDGE_CURVE('no 840',#4518,#5865,#5869,.T.);
#5871=ORIENTED_EDGE('no 876',*,*,#5870,.F.);
#5872=ORIENTED_EDGE('no 877',*,*,#5189,.F.);
#5873=CARTESIAN_POINT('',(-0.00287496,0.0752306,-0.001));
#5874=DIRECTION('',(-0.3826820445,-0.9238801074,0.0));
#5875=VECTOR('',#5874,1.0);
#5876=LINE('',#5873,#5875);
#5877=EDGE_CURVE('no 875',#4495,#5865,#5876,.T.);
#5878=ORIENTED_EDGE('no 878',*,*,#5877,.T.);
#5879=EDGE_LOOP('',(#5871,#5872,#5878));
#5880=FACE_OUTER_BOUND('',#5879,.T.);
#5881=CARTESIAN_POINT('',(-0.00309474,0.0747,-0.001));
#5882=DIRECTION('',(-0.9238801082,0.3826820425,-0.0000000511));
#5883=DIRECTION('',(0.0156853942,0.037868186,0.9991596313));
#5884=AXIS2_PLACEMENT_3D('',#5881,#5882,#5883);
#5885=PLANE('',#5884);
#5886=ADVANCED_FACE('no 886',(#5880),#5885,.T.);
#5887=CARTESIAN_POINT('',(-0.00309474,0.0747,-0.001));
#5888=DIRECTION('',(0.0029769066,-0.999995569,0.0));
#5889=VECTOR('',#5888,1.0);
#5890=LINE('',#5887,#5889);
#5891=EDGE_CURVE('no 11244',#5865,#5201,#5890,.T.);
#5892=ORIENTED_EDGE('no 11268',*,*,#5891,.F.);
#5893=ORIENTED_EDGE('no 11269',*,*,#5877,.F.);
#5894=ORIENTED_EDGE('no 11270',*,*,#5206,.T.);
#5895=EDGE_LOOP('',(#5892,#5893,#5894));
#5896=FACE_OUTER_BOUND('',#5895,.T.);
#5897=CARTESIAN_POINT('',(-0.00286112,-0.00377709,-0.001));
#5898=DIRECTION('',(0.0,0.0,-1.0));
#5899=DIRECTION('',(-0.0029769487,0.9999955689,0.0));
#5900=AXIS2_PLACEMENT_3D('',#5897,#5898,#5899);
#5901=PLANE('',#5900);
#5902=ADVANCED_FACE('no 11278',(#5896),#5901,.T.);
#5903=ORIENTED_EDGE('no 11308',*,*,#5213,.F.);
#5904=CARTESIAN_POINT('',(-0.00260692,-0.00429209,-0.001));
#5905=DIRECTION('',(-0.0024107179,0.9999970942,0.0));
#5906=VECTOR('',#5905,1.0);
#5907=LINE('',#5904,#5906);
#5908=EDGE_CURVE('no 9260',#4541,#3744,#5907,.T.);
#5909=ORIENTED_EDGE('no 11309',*,*,#5908,.F.);
#5910=ORIENTED_EDGE('no 11310',*,*,#5257,.F.);
#5911=EDGE_LOOP('',(#5903,#5909,#5910));
#5912=FACE_OUTER_BOUND('',#5911,.T.);
#5913=CARTESIAN_POINT('',(-0.00286112,-0.00377709,-0.001));
#5914=DIRECTION('',(0.0,0.0,-1.0));
#5915=DIRECTION('',(0.0007680708,0.999999705,0.0));
#5916=AXIS2_PLACEMENT_3D('',#5913,#5914,#5915);
#5917=PLANE('',#5916);
#5918=ADVANCED_FACE('no 11318',(#5912),#5917,.T.);
#5919=CARTESIAN_POINT('',(-0.00323995,-0.00334543,0.013));
#5920=VERTEX_POINT('',#5919);
#5921=CARTESIAN_POINT('',(-0.00323995,-0.00334543,0.013));
#5922=DIRECTION('',(0.0018605798,0.9999982691,0.0));
#5923=VECTOR('',#5922,1.0);
#5924=LINE('',#5921,#5923);
#5925=EDGE_CURVE('no 6306',#5920,#5224,#5924,.T.);
#5926=ORIENTED_EDGE('no 6330',*,*,#5925,.F.);
#5927=CARTESIAN_POINT('',(-0.00286112,-0.00377709,0.013));
#5928=DIRECTION('',(-0.6596157867,0.751602963,0.0));
#5929=VECTOR('',#5928,1.0);
#5930=LINE('',#5927,#5929);
#5931=EDGE_CURVE('no 4912',#3767,#5920,#5930,.T.);
#5932=ORIENTED_EDGE('no 6331',*,*,#5931,.F.);
#5933=ORIENTED_EDGE('no 6332',*,*,#5229,.T.);
#5934=EDGE_LOOP('',(#5926,#5932,#5933));
#5935=FACE_OUTER_BOUND('',#5934,.T.);
#5936=CARTESIAN_POINT('',(-0.00309474,0.0747,0.013));
#5937=DIRECTION('',(0.0,0.0,1.0));
#5938=DIRECTION('',(-0.0018605005,-0.9999982693,0.0));
#5939=AXIS2_PLACEMENT_3D('',#5936,#5937,#5938);
#5940=PLANE('',#5939);
#5941=ADVANCED_FACE('no 6340',(#5935),#5940,.T.);
#5942=ORIENTED_EDGE('no 853',*,*,#5870,.T.);
#5943=CARTESIAN_POINT('',(-0.00309474,0.0747,-0.001));
#5944=DIRECTION('',(0.0,0.0,1.0));
#5945=VECTOR('',#5944,1.0);
#5946=LINE('',#5943,#5945);
#5947=EDGE_CURVE('no 846',#5865,#5224,#5946,.T.);
#5948=ORIENTED_EDGE('no 854',*,*,#5947,.T.);
#5949=ORIENTED_EDGE('no 855',*,*,#5236,.T.);
#5950=EDGE_LOOP('',(#5942,#5948,#5949));
#5951=FACE_OUTER_BOUND('',#5950,.T.);
#5952=CARTESIAN_POINT('',(-0.00287496,0.0752306,0.013));
#5953=DIRECTION('',(-0.9238801082,0.3826820425,-0.0000000511));
#5954=DIRECTION('',(-0.0156853942,-0.037868186,-0.9991596313));
#5955=AXIS2_PLACEMENT_3D('',#5952,#5953,#5954);
#5956=PLANE('',#5955);
#5957=ADVANCED_FACE('no 863',(#5951),#5956,.T.);
#5958=CARTESIAN_POINT('',(-0.00323995,-0.00334543,0.013));
#5959=DIRECTION('',(0.0270365458,-0.030806946,-0.9991596255));
#5960=VECTOR('',#5959,1.0);
#5961=LINE('',#5958,#5960);
#5962=EDGE_CURVE('no 4900',#5920,#5201,#5961,.T.);
#5963=ORIENTED_EDGE('no 4913',*,*,#5962,.T.);
#5964=ORIENTED_EDGE('no 4914',*,*,#5251,.T.);
#5965=ORIENTED_EDGE('no 4915',*,*,#5931,.T.);
#5966=EDGE_LOOP('',(#5963,#5964,#5965));
#5967=FACE_OUTER_BOUND('',#5966,.T.);
#5968=CARTESIAN_POINT('',(-0.00323995,-0.00334543,0.013));
#5969=DIRECTION('',(-0.7516038052,-0.659614827,0.0000000361));
#5970=DIRECTION('',(0.0270362902,-0.0308067888,-0.9991596373));
#5971=AXIS2_PLACEMENT_3D('',#5968,#5969,#5970);
#5972=PLANE('',#5971);
#5973=ADVANCED_FACE('no 4923',(#5967),#5972,.T.);
#5974=CARTESIAN_POINT('',(0.101244,0.0773556,-0.001));
#5975=DIRECTION('',(-0.7861324502,-0.6180580643,0.0));
#5976=VECTOR('',#5975,1.0);
#5977=LINE('',#5974,#5976);
#5978=EDGE_CURVE('no 9254',#3912,#4541,#5977,.T.);
#5979=ORIENTED_EDGE('no 9284',*,*,#5978,.F.);
#5980=CARTESIAN_POINT('',(0.101244,0.0773556,-0.001));
#5981=DIRECTION('',(-0.7837351402,-0.621095186,0.0));
#5982=VECTOR('',#5981,1.0);
#5983=LINE('',#5980,#5982);
#5984=EDGE_CURVE('no 9283',#3912,#4076,#5983,.T.);
#5985=ORIENTED_EDGE('no 9285',*,*,#5984,.T.);
#5986=ORIENTED_EDGE('no 9286',*,*,#5273,.F.);
#5987=EDGE_LOOP('',(#5979,#5985,#5986));
#5988=FACE_OUTER_BOUND('',#5987,.T.);
#5989=CARTESIAN_POINT('',(-0.00260692,-0.00429209,-0.001));
#5990=DIRECTION('',(0.0,0.0,-1.0));
#5991=DIRECTION('',(0.7861331773,0.6180571394,0.0));
#5992=AXIS2_PLACEMENT_3D('',#5989,#5990,#5991);
#5993=PLANE('',#5992);
#5994=ADVANCED_FACE('no 9294',(#5988),#5993,.T.);
#5995=CARTESIAN_POINT('',(0.100895,-0.0061,0.013));
#5996=VERTEX_POINT('',#5995);
#5997=CARTESIAN_POINT('',(0.100895,-0.0061,0.013));
#5998=DIRECTION('',(-0.9981773428,0.0603489207,0.0));
#5999=VECTOR('',#5998,1.0);
#6000=LINE('',#5997,#5999);
#6001=EDGE_CURVE('no 6899',#5996,#3120,#6000,.T.);
#6002=ORIENTED_EDGE('no 6929',*,*,#6001,.F.);
#6003=CARTESIAN_POINT('',(0.100895,-0.0061,0.013));
#6004=DIRECTION('',(-0.4524387389,0.8917954853,0.0));
#6005=VECTOR('',#6004,1.0);
#6006=LINE('',#6003,#6005);
#6007=EDGE_CURVE('no 6922',#5996,#4618,#6006,.T.);
#6008=ORIENTED_EDGE('no 6930',*,*,#6007,.T.);
#6009=ORIENTED_EDGE('no 6931',*,*,#5288,.T.);
#6010=EDGE_LOOP('',(#6002,#6008,#6009));
#6011=FACE_OUTER_BOUND('',#6010,.T.);
#6012=CARTESIAN_POINT('',(0.0,0.0,0.013));
#6013=DIRECTION('',(-0.0,0.0,1.0));
#6014=DIRECTION('',(0.9981773428,-0.0603489207,0.0));
#6015=AXIS2_PLACEMENT_3D('',#6012,#6013,#6014);
#6016=PLANE('',#6015);
#6017=ADVANCED_FACE('no 6939',(#6011),#6016,.T.);
#6018=CARTESIAN_POINT('',(0.100675,-0.0055694,0.013));
#6019=VERTEX_POINT('',#6018);
#6020=CARTESIAN_POINT('',(0.100675,-0.0055694,0.013));
#6021=DIRECTION('',(-0.4586968951,0.8885927968,0.0));
#6022=VECTOR('',#6021,1.0);
#6023=LINE('',#6020,#6022);
#6024=EDGE_CURVE('no 6951',#6019,#4618,#6023,.T.);
#6025=ORIENTED_EDGE('no 6975',*,*,#6024,.F.);
#6026=CARTESIAN_POINT('',(0.1006,-0.005,0.013));
#6027=DIRECTION('',(0.1305896347,-0.9914365069,0.0));
#6028=VECTOR('',#6027,1.0);
#6029=LINE('',#6026,#6028);
#6030=EDGE_CURVE('no 2847',#5300,#6019,#6029,.T.);
#6031=ORIENTED_EDGE('no 6976',*,*,#6030,.F.);
#6032=ORIENTED_EDGE('no 6977',*,*,#5305,.T.);
#6033=EDGE_LOOP('',(#6025,#6031,#6032));
#6034=FACE_OUTER_BOUND('',#6033,.T.);
#6035=CARTESIAN_POINT('',(0.0978,0.0,0.013));
#6036=DIRECTION('',(0.0,0.0,1.0));
#6037=DIRECTION('',(0.4586968951,-0.8885927968,0.0));
#6038=AXIS2_PLACEMENT_3D('',#6035,#6036,#6037);
#6039=PLANE('',#6038);
#6040=ADVANCED_FACE('no 6985',(#6034),#6039,.T.);
#6041=ORIENTED_EDGE('no 7419',*,*,#5433,.F.);
#6042=ORIENTED_EDGE('no 7420',*,*,#5311,.F.);
#6043=CARTESIAN_POINT('',(0.1006,-0.005,0.013));
#6044=DIRECTION('',(0.0,1.0,0.0));
#6045=VECTOR('',#6044,1.0);
#6046=LINE('',#6043,#6045);
#6047=EDGE_CURVE('no 7418',#5300,#5428,#6046,.T.);
#6048=ORIENTED_EDGE('no 7421',*,*,#6047,.T.);
#6049=EDGE_LOOP('',(#6041,#6042,#6048));
#6050=FACE_OUTER_BOUND('',#6049,.T.);
#6051=CARTESIAN_POINT('',(0.1006,0.0758,0.013));
#6052=DIRECTION('',(0.0,0.0,1.0));
#6053=DIRECTION('',(-0.4886030949,-0.8725061694,0.0));
#6054=AXIS2_PLACEMENT_3D('',#6051,#6052,#6053);
#6055=PLANE('',#6054);
#6056=ADVANCED_FACE('no 7429',(#6050),#6055,.T.);
#6057=ORIENTED_EDGE('no 9307',*,*,#5984,.F.);
#6058=ORIENTED_EDGE('no 9308',*,*,#5335,.F.);
#6059=CARTESIAN_POINT('',(0.100895,0.0769,-0.001));
#6060=DIRECTION('',(-0.7843958418,-0.6202605608,0.0));
#6061=VECTOR('',#6060,1.0);
#6062=LINE('',#6059,#6061);
#6063=EDGE_CURVE('no 9306',#5324,#4076,#6062,.T.);
#6064=ORIENTED_EDGE('no 9309',*,*,#6063,.T.);
#6065=EDGE_LOOP('',(#6057,#6058,#6064));
#6066=FACE_OUTER_BOUND('',#6065,.T.);
#6067=CARTESIAN_POINT('',(-0.00249468,-0.00485533,-0.001));
#6068=DIRECTION('',(0.0,0.0,-1.0));
#6069=DIRECTION('',(0.7837360492,0.621094039,0.0));
#6070=AXIS2_PLACEMENT_3D('',#6067,#6068,#6069);
#6071=PLANE('',#6070);
#6072=ADVANCED_FACE('no 9317',(#6066),#6071,.T.);
#6073=ORIENTED_EDGE('no 9261',*,*,#5356,.F.);
#6074=ORIENTED_EDGE('no 9262',*,*,#5978,.T.);
#6075=ORIENTED_EDGE('no 9263',*,*,#5908,.T.);
#6076=EDGE_LOOP('',(#6073,#6074,#6075));
#6077=FACE_OUTER_BOUND('',#6076,.T.);
#6078=CARTESIAN_POINT('',(-0.0028,0.0758,-0.001));
#6079=DIRECTION('',(0.0,0.0,-1.0));
#6080=DIRECTION('',(0.9998882425,0.0149500036,0.0));
#6081=AXIS2_PLACEMENT_3D('',#6078,#6079,#6080);
#6082=PLANE('',#6081);
#6083=ADVANCED_FACE('no 9271',(#6077),#6082,.T.);
#6084=ORIENTED_EDGE('no 9399',*,*,#5376,.F.);
#6085=ORIENTED_EDGE('no 9400',*,*,#5668,.T.);
#6086=ORIENTED_EDGE('no 9401',*,*,#5394,.F.);
#6087=EDGE_LOOP('',(#6084,#6085,#6086));
#6088=FACE_OUTER_BOUND('',#6087,.T.);
#6089=CARTESIAN_POINT('',(0.102231,0.077925,-0.001));
#6090=DIRECTION('',(0.0,0.0,-1.0));
#6091=DIRECTION('',(0.8885921788,0.4586980923,0.0));
#6092=AXIS2_PLACEMENT_3D('',#6089,#6090,#6091);
#6093=PLANE('',#6092);
#6094=ADVANCED_FACE('no 9409',(#6088),#6093,.T.);
#6095=ORIENTED_EDGE('no 4101',*,*,#5414,.T.);
#6096=ORIENTED_EDGE('no 4102',*,*,#5675,.T.);
#6097=ORIENTED_EDGE('no 4103',*,*,#5556,.T.);
#6098=EDGE_LOOP('',(#6095,#6096,#6097));
#6099=FACE_OUTER_BOUND('',#6098,.T.);
#6100=CARTESIAN_POINT('',(0.103369,0.077925,0.013));
#6101=DIRECTION('',(-0.1305339779,-0.9914438363,0.0000000129));
#6102=DIRECTION('',(-0.040637485,0.005350338,-0.9991596312));
#6103=AXIS2_PLACEMENT_3D('',#6100,#6101,#6102);
#6104=PLANE('',#6103);
#6105=ADVANCED_FACE('no 4111',(#6099),#6104,.T.);
#6106=CARTESIAN_POINT('',(0.100675,0.0763694,-0.001));
#6107=VERTEX_POINT('',#6106);
#6108=CARTESIAN_POINT('',(0.100675,0.0763694,-0.001));
#6109=DIRECTION('',(-0.005350338,-0.040637485,0.9991596312));
#6110=VECTOR('',#6109,1.0);
#6111=LINE('',#6108,#6110);
#6112=EDGE_CURVE('no 3740',#6107,#5428,#6111,.T.);
#6113=ORIENTED_EDGE('no 3776',*,*,#6112,.F.);
#6114=CARTESIAN_POINT('',(0.100675,0.0763694,-0.001));
#6115=DIRECTION('',(0.0,0.0,1.0));
#6116=VECTOR('',#6115,1.0);
#6117=LINE('',#6114,#6116);
#6118=EDGE_CURVE('no 3769',#6107,#4735,#6117,.T.);
#6119=ORIENTED_EDGE('no 3777',*,*,#6118,.T.);
#6120=ORIENTED_EDGE('no 3778',*,*,#5439,.T.);
#6121=EDGE_LOOP('',(#6113,#6119,#6120));
#6122=FACE_OUTER_BOUND('',#6121,.T.);
#6123=CARTESIAN_POINT('',(0.1006,0.0758,0.013));
#6124=DIRECTION('',(0.9914438363,-0.1305339779,-0.0000000129));
#6125=DIRECTION('',(0.005350338,0.040637485,-0.9991596312));
#6126=AXIS2_PLACEMENT_3D('',#6123,#6124,#6125);
#6127=PLANE('',#6126);
#6128=ADVANCED_FACE('no 3786',(#6122),#6127,.T.);
#6129=ORIENTED_EDGE('no 3805',*,*,#5453,.T.);
#6130=ORIENTED_EDGE('no 3806',*,*,#6118,.F.);
#6131=CARTESIAN_POINT('',(0.100675,0.0763694,-0.001));
#6132=DIRECTION('',(0.3826808374,0.9238806074,0.0));
#6133=VECTOR('',#6132,1.0);
#6134=LINE('',#6131,#6133);
#6135=EDGE_CURVE('no 3804',#6107,#5324,#6134,.T.);
#6136=ORIENTED_EDGE('no 3807',*,*,#6135,.T.);
#6137=EDGE_LOOP('',(#6129,#6130,#6136));
#6138=FACE_OUTER_BOUND('',#6137,.T.);
#6139=CARTESIAN_POINT('',(0.100895,0.0769,-0.001));
#6140=DIRECTION('',(0.9238806072,-0.3826808377,0.0000000089));
#6141=DIRECTION('',(-0.0156851946,-0.0378676869,0.9991596534));
#6142=AXIS2_PLACEMENT_3D('',#6139,#6140,#6141);
#6143=PLANE('',#6142);
#6144=ADVANCED_FACE('no 3815',(#6138),#6143,.T.);
#6145=CARTESIAN_POINT('',(-0.005,0.0736,-0.001));
#6146=VERTEX_POINT('',#6145);
#6147=CARTESIAN_POINT('',(-0.0055694,0.073675,0.013));
#6148=DIRECTION('',(0.0406373853,-0.0053498081,-0.9991596381));
#6149=VECTOR('',#6148,1.0);
#6150=LINE('',#6147,#6149);
#6151=EDGE_CURVE('no 1130',#5478,#6146,#6150,.T.);
#6152=ORIENTED_EDGE('no 1143',*,*,#6151,.T.);
#6153=CARTESIAN_POINT('',(-0.005,0.0736,-0.001));
#6154=DIRECTION('',(-0.9914455527,0.1305209411,0.0));
#6155=VECTOR('',#6154,1.0);
#6156=LINE('',#6153,#6155);
#6157=EDGE_CURVE('no 1136',#6146,#4784,#6156,.T.);
#6158=ORIENTED_EDGE('no 1144',*,*,#6157,.T.);
#6159=ORIENTED_EDGE('no 1145',*,*,#5489,.T.);
#6160=EDGE_LOOP('',(#6152,#6158,#6159));
#6161=FACE_OUTER_BOUND('',#6160,.T.);
#6162=CARTESIAN_POINT('',(-0.0055694,0.073675,0.013));
#6163=DIRECTION('',(0.1305209417,0.9914455526,-0.0000000136));
#6164=DIRECTION('',(0.0406373853,-0.0053498081,-0.9991596381));
#6165=AXIS2_PLACEMENT_3D('',#6162,#6163,#6164);
#6166=PLANE('',#6165);
#6167=ADVANCED_FACE('no 1153',(#6161),#6166,.T.);
#6168=ORIENTED_EDGE('no 10015',*,*,#5506,.F.);
#6169=CARTESIAN_POINT('',(0.100895,-0.0061,-0.001));
#6170=VERTEX_POINT('',#6169);
#6171=CARTESIAN_POINT('',(-0.00249468,-0.00485533,-0.001));
#6172=DIRECTION('',(0.9999275436,-0.0120377567,0.0));
#6173=VECTOR('',#6172,1.0);
#6174=LINE('',#6171,#6173);
#6175=EDGE_CURVE('no 10014',#4076,#6170,#6174,.T.);
#6176=ORIENTED_EDGE('no 10016',*,*,#6175,.T.);
#6177=CARTESIAN_POINT('',(0.101244,-0.00655564,-0.001));
#6178=DIRECTION('',(-0.6080759432,0.7938788618,0.0));
#6179=VECTOR('',#6178,1.0);
#6180=LINE('',#6177,#6179);
#6181=EDGE_CURVE('no 2702',#5501,#6170,#6180,.T.);
#6182=ORIENTED_EDGE('no 10017',*,*,#6181,.F.);
#6183=EDGE_LOOP('',(#6168,#6176,#6182));
#6184=FACE_OUTER_BOUND('',#6183,.T.);
#6185=CARTESIAN_POINT('',(0.101244,-0.00655564,-0.001));
#6186=DIRECTION('',(0.0,0.0,-1.0));
#6187=DIRECTION('',(-0.9998657078,0.0163879952,0.0));
#6188=AXIS2_PLACEMENT_3D('',#6185,#6186,#6187);
#6189=PLANE('',#6188);
#6190=ADVANCED_FACE('no 10025',(#6184),#6189,.T.);
#6191=CARTESIAN_POINT('',(0.101244,-0.00655564,0.013));
#6192=DIRECTION('',(0.0325440292,-0.0249518498,-0.9991587919));
#6193=VECTOR('',#6192,1.0);
#6194=LINE('',#6191,#6193);
#6195=EDGE_CURVE('no 2638',#5781,#4819,#6194,.T.);
#6196=ORIENTED_EDGE('no 2651',*,*,#6195,.T.);
#6197=ORIENTED_EDGE('no 2652',*,*,#5512,.T.);
#6198=CARTESIAN_POINT('',(0.101244,-0.00655564,-0.001));
#6199=DIRECTION('',(0.0,0.0,1.0));
#6200=VECTOR('',#6199,1.0);
#6201=LINE('',#6198,#6200);
#6202=EDGE_CURVE('no 2650',#5501,#5781,#6201,.T.);
#6203=ORIENTED_EDGE('no 2653',*,*,#6202,.T.);
#6204=EDGE_LOOP('',(#6196,#6197,#6203));
#6205=FACE_OUTER_BOUND('',#6204,.T.);
#6206=CARTESIAN_POINT('',(0.101244,-0.00655564,0.013));
#6207=DIRECTION('',(0.6087630633,0.7933520862,0.0000000545));
#6208=DIRECTION('',(0.0325178883,-0.0249518911,-0.9991596419));
#6209=AXIS2_PLACEMENT_3D('',#6206,#6207,#6208);
#6210=PLANE('',#6209);
#6211=ADVANCED_FACE('no 2661',(#6205),#6210,.T.);
#6212=CARTESIAN_POINT('',(0.1017,-0.00690526,0.013));
#6213=DIRECTION('',(0.037868186,-0.0156853942,-0.9991596313));
#6214=VECTOR('',#6213,1.0);
#6215=LINE('',#6212,#6214);
#6216=EDGE_CURVE('no 2580',#5092,#5524,#6215,.T.);
#6217=ORIENTED_EDGE('no 2593',*,*,#6216,.T.);
#6218=ORIENTED_EDGE('no 2594',*,*,#5529,.T.);
#6219=CARTESIAN_POINT('',(0.1017,-0.00690526,-0.001));
#6220=DIRECTION('',(0.0,0.0,1.0));
#6221=VECTOR('',#6220,1.0);
#6222=LINE('',#6219,#6221);
#6223=EDGE_CURVE('no 2592',#4819,#5092,#6222,.T.);
#6224=ORIENTED_EDGE('no 2595',*,*,#6223,.T.);
#6225=EDGE_LOOP('',(#6217,#6218,#6224));
#6226=FACE_OUTER_BOUND('',#6225,.T.);
#6227=CARTESIAN_POINT('',(0.1017,-0.00690526,0.013));
#6228=DIRECTION('',(0.3826820425,0.9238801082,0.0000000511));
#6229=DIRECTION('',(0.037868186,-0.0156853942,-0.9991596313));
#6230=AXIS2_PLACEMENT_3D('',#6227,#6228,#6229);
#6231=PLANE('',#6230);
#6232=ADVANCED_FACE('no 2603',(#6226),#6231,.T.);
#6233=CARTESIAN_POINT('',(0.1078,-0.01,0.013));
#6234=DIRECTION('',(-0.8725060159,0.4886033689,0.0));
#6235=VECTOR('',#6234,1.0);
#6236=LINE('',#6233,#6235);
#6237=EDGE_CURVE('no 7049',#72,#5626,#6236,.T.);
#6238=ORIENTED_EDGE('no 7073',*,*,#6237,.F.);
#6239=ORIENTED_EDGE('no 7074',*,*,#5581,.T.);
#6240=ORIENTED_EDGE('no 7075',*,*,#5653,.F.);
#6241=EDGE_LOOP('',(#6238,#6239,#6240));
#6242=FACE_OUTER_BOUND('',#6241,.T.);
#6243=CARTESIAN_POINT('',(0.1028,-0.0072,0.013));
#6244=DIRECTION('',(-0.0,0.0,1.0));
#6245=DIRECTION('',(0.8725061694,-0.4886030949,0.0));
#6246=AXIS2_PLACEMENT_3D('',#6243,#6244,#6245);
#6247=PLANE('',#6246);
#6248=ADVANCED_FACE('no 7083',(#6242),#6247,.T.);
#6249=CARTESIAN_POINT('',(0.102231,-0.00712504,0.013));
#6250=DIRECTION('',(0.0406368861,-0.0053500082,-0.9991596574));
#6251=VECTOR('',#6250,1.0);
#6252=LINE('',#6249,#6251);
#6253=EDGE_CURVE('no 2522',#5758,#4915,#6252,.T.);
#6254=ORIENTED_EDGE('no 2535',*,*,#6253,.T.);
#6255=ORIENTED_EDGE('no 2536',*,*,#5614,.T.);
#6256=CARTESIAN_POINT('',(0.102231,-0.00712504,-0.001));
#6257=DIRECTION('',(0.0,0.0,1.0));
#6258=VECTOR('',#6257,1.0);
#6259=LINE('',#6256,#6258);
#6260=EDGE_CURVE('no 2534',#5524,#5758,#6259,.T.);
#6261=ORIENTED_EDGE('no 2537',*,*,#6260,.T.);
#6262=EDGE_LOOP('',(#6254,#6255,#6261));
#6263=FACE_OUTER_BOUND('',#6262,.T.);
#6264=CARTESIAN_POINT('',(0.102231,-0.00712504,0.013));
#6265=DIRECTION('',(0.1305269694,0.9914447591,-0.000000028));
#6266=DIRECTION('',(0.0406368861,-0.0053500082,-0.9991596574));
#6267=AXIS2_PLACEMENT_3D('',#6264,#6265,#6266);
#6268=PLANE('',#6267);
#6269=ADVANCED_FACE('no 2545',(#6263),#6268,.T.);
#6270=ORIENTED_EDGE('no 2558',*,*,#6253,.F.);
#6271=CARTESIAN_POINT('',(0.102231,-0.00712504,0.013));
#6272=DIRECTION('',(0.9914336446,-0.1306113638,0.0));
#6273=VECTOR('',#6272,1.0);
#6274=LINE('',#6271,#6273);
#6275=EDGE_CURVE('no 2557',#5758,#5626,#6274,.T.);
#6276=ORIENTED_EDGE('no 2559',*,*,#6275,.T.);
#6277=ORIENTED_EDGE('no 2560',*,*,#5638,.F.);
#6278=EDGE_LOOP('',(#6270,#6276,#6277));
#6279=FACE_OUTER_BOUND('',#6278,.T.);
#6280=CARTESIAN_POINT('',(0.1028,-0.0072,-0.001));
#6281=DIRECTION('',(0.1305269694,0.9914447591,-0.000000028));
#6282=DIRECTION('',(-0.0406368861,0.0053500082,0.9991596574));
#6283=AXIS2_PLACEMENT_3D('',#6280,#6281,#6282);
#6284=PLANE('',#6283);
#6285=ADVANCED_FACE('no 2568',(#6279),#6284,.T.);
#6286=CARTESIAN_POINT('',(0.1039,-0.00309474,-0.001));
#6287=VERTEX_POINT('',#6286);
#6288=CARTESIAN_POINT('',(0.104356,0.0742444,-0.001));
#6289=DIRECTION('',(-0.0058960065,-0.9999826184,0.0));
#6290=VECTOR('',#6289,1.0);
#6291=LINE('',#6288,#6290);
#6292=EDGE_CURVE('no 10675',#5022,#6287,#6291,.T.);
#6293=ORIENTED_EDGE('no 10699',*,*,#6292,.F.);
#6294=ORIENTED_EDGE('no 10700',*,*,#5691,.T.);
#6295=CARTESIAN_POINT('',(0.1039,-0.00309474,-0.001));
#6296=DIRECTION('',(0.7933520849,-0.6087630651,0.0));
#6297=VECTOR('',#6296,1.0);
#6298=LINE('',#6295,#6297);
#6299=EDGE_CURVE('no 1948',#6287,#5686,#6298,.T.);
#6300=ORIENTED_EDGE('no 10701',*,*,#6299,.F.);
#6301=EDGE_LOOP('',(#6293,#6294,#6300));
#6302=FACE_OUTER_BOUND('',#6301,.T.);
#6303=CARTESIAN_POINT('',(0.1039,-0.00309474,-0.001));
#6304=DIRECTION('',(0.0,0.0,-1.0));
#6305=DIRECTION('',(0.0058912579,0.9999826464,0.0));
#6306=AXIS2_PLACEMENT_3D('',#6303,#6304,#6305);
#6307=PLANE('',#6306);
#6308=ADVANCED_FACE('no 10709',(#6302),#6307,.T.);
#6309=CARTESIAN_POINT('',(0.104356,-0.00344436,0.013));
#6310=DIRECTION('',(-0.0325440292,0.0249518498,-0.9991587919));
#6311=VECTOR('',#6310,1.0);
#6312=LINE('',#6309,#6311);
#6313=EDGE_CURVE('no 1942',#5045,#6287,#6312,.T.);
#6314=ORIENTED_EDGE('no 1955',*,*,#6313,.T.);
#6315=ORIENTED_EDGE('no 1956',*,*,#6299,.T.);
#6316=ORIENTED_EDGE('no 1957',*,*,#5713,.T.);
#6317=EDGE_LOOP('',(#6314,#6315,#6316));
#6318=FACE_OUTER_BOUND('',#6317,.T.);
#6319=CARTESIAN_POINT('',(0.104356,-0.00344436,0.013));
#6320=DIRECTION('',(-0.6087630633,-0.7933520862,0.0000000545));
#6321=DIRECTION('',(-0.0325178883,0.0249518911,-0.9991596419));
#6322=AXIS2_PLACEMENT_3D('',#6319,#6320,#6321);
#6323=PLANE('',#6322);
#6324=ADVANCED_FACE('no 1965',(#6318),#6323,.T.);
#6325=CARTESIAN_POINT('',(0.1039,0.0738947,0.013));
#6326=VERTEX_POINT('',#6325);
#6327=CARTESIAN_POINT('',(0.104356,-0.00344436,0.013));
#6328=DIRECTION('',(-0.0058960126,0.9999826184,0.0));
#6329=VECTOR('',#6328,1.0);
#6330=LINE('',#6327,#6329);
#6331=EDGE_CURVE('no 8010',#5045,#6326,#6330,.T.);
#6332=ORIENTED_EDGE('no 8034',*,*,#6331,.F.);
#6333=ORIENTED_EDGE('no 8035',*,*,#5728,.T.);
#6334=CARTESIAN_POINT('',(0.1039,0.0738947,0.013));
#6335=DIRECTION('',(0.7935223282,0.6085411363,0.0));
#6336=VECTOR('',#6335,1.0);
#6337=LINE('',#6334,#6336);
#6338=EDGE_CURVE('no 3253',#6326,#5068,#6337,.T.);
#6339=ORIENTED_EDGE('no 8036',*,*,#6338,.F.);
#6340=EDGE_LOOP('',(#6332,#6333,#6339));
#6341=FACE_OUTER_BOUND('',#6340,.T.);
#6342=CARTESIAN_POINT('',(0.1039,0.0738947,0.013));
#6343=DIRECTION('',(-0.0,0.0,1.0));
#6344=DIRECTION('',(0.0058912579,-0.9999826464,0.0));
#6345=AXIS2_PLACEMENT_3D('',#6342,#6343,#6344);
#6346=PLANE('',#6345);
#6347=ADVANCED_FACE('no 8044',(#6341),#6346,.T.);
#6348=CARTESIAN_POINT('',(0.1039,0.0738947,0.013));
#6349=DIRECTION('',(0.0325440246,0.0249575557,-0.9991586495));
#6350=VECTOR('',#6349,1.0);
#6351=LINE('',#6348,#6350);
#6352=EDGE_CURVE('no 3218',#6326,#5022,#6351,.T.);
#6353=ORIENTED_EDGE('no 3254',*,*,#6352,.F.);
#6354=ORIENTED_EDGE('no 3255',*,*,#6338,.T.);
#6355=ORIENTED_EDGE('no 3256',*,*,#5745,.F.);
#6356=EDGE_LOOP('',(#6353,#6354,#6355));
#6357=FACE_OUTER_BOUND('',#6356,.T.);
#6358=CARTESIAN_POINT('',(0.104356,0.0742444,-0.001));
#6359=DIRECTION('',(-0.6087602114,0.7933542746,0.0000000135));
#6360=DIRECTION('',(-0.0325178884,-0.0249517911,0.9991596444));
#6361=AXIS2_PLACEMENT_3D('',#6358,#6359,#6360);
#6362=PLANE('',#6361);
#6363=ADVANCED_FACE('no 3264',(#6357),#6362,.T.);
#6364=ORIENTED_EDGE('no 7050',*,*,#5763,.F.);
#6365=ORIENTED_EDGE('no 7051',*,*,#6237,.T.);
#6366=ORIENTED_EDGE('no 7052',*,*,#6275,.F.);
#6367=EDGE_LOOP('',(#6364,#6365,#6366));
#6368=FACE_OUTER_BOUND('',#6367,.T.);
#6369=CARTESIAN_POINT('',(0.102231,-0.00712504,0.013));
#6370=DIRECTION('',(0.0,0.0,1.0));
#6371=DIRECTION('',(0.8885921788,-0.4586980923,0.0));
#6372=AXIS2_PLACEMENT_3D('',#6369,#6370,#6371);
#6373=PLANE('',#6372);
#6374=ADVANCED_FACE('no 7060',(#6368),#6373,.T.);
#6375=ORIENTED_EDGE('no 2616',*,*,#6216,.F.);
#6376=ORIENTED_EDGE('no 2617',*,*,#5769,.T.);
#6377=ORIENTED_EDGE('no 2618',*,*,#6260,.F.);
#6378=EDGE_LOOP('',(#6375,#6376,#6377));
#6379=FACE_OUTER_BOUND('',#6378,.T.);
#6380=CARTESIAN_POINT('',(0.102231,-0.00712504,-0.001));
#6381=DIRECTION('',(0.3826820425,0.9238801082,0.0000000511));
#6382=DIRECTION('',(-0.037868186,0.0156853942,0.9991596313));
#6383=AXIS2_PLACEMENT_3D('',#6380,#6381,#6382);
#6384=PLANE('',#6383);
#6385=ADVANCED_FACE('no 2626',(#6379),#6384,.T.);
#6386=ORIENTED_EDGE('no 2674',*,*,#6195,.F.);
#6387=ORIENTED_EDGE('no 2675',*,*,#5786,.T.);
#6388=ORIENTED_EDGE('no 2676',*,*,#6223,.F.);
#6389=EDGE_LOOP('',(#6386,#6387,#6388));
#6390=FACE_OUTER_BOUND('',#6389,.T.);
#6391=CARTESIAN_POINT('',(0.1017,-0.00690526,-0.001));
#6392=DIRECTION('',(0.6087630633,0.7933520862,0.0000000545));
#6393=DIRECTION('',(-0.0325178883,0.0249518911,0.9991596419));
#6394=AXIS2_PLACEMENT_3D('',#6391,#6392,#6393);
#6395=PLANE('',#6394);
#6396=ADVANCED_FACE('no 2684',(#6390),#6395,.T.);
#6397=ORIENTED_EDGE('no 6900',*,*,#5792,.F.);
#6398=CARTESIAN_POINT('',(0.100895,-0.0061,0.013));
#6399=DIRECTION('',(0.6080759432,-0.7938788618,0.0));
#6400=VECTOR('',#6399,1.0);
#6401=LINE('',#6398,#6400);
#6402=EDGE_CURVE('no 2731',#5996,#5781,#6401,.T.);
#6403=ORIENTED_EDGE('no 6901',*,*,#6402,.F.);
#6404=ORIENTED_EDGE('no 6902',*,*,#6001,.T.);
#6405=EDGE_LOOP('',(#6397,#6403,#6404));
#6406=FACE_OUTER_BOUND('',#6405,.T.);
#6407=CARTESIAN_POINT('',(0.0,0.0,0.013));
#6408=DIRECTION('',(0.0,0.0,1.0));
#6409=DIRECTION('',(0.9979102469,-0.064615316,0.0));
#6410=AXIS2_PLACEMENT_3D('',#6407,#6408,#6409);
#6411=PLANE('',#6410);
#6412=ADVANCED_FACE('no 6910',(#6406),#6411,.T.);
#6413=ORIENTED_EDGE('no 6100',*,*,#5807,.F.);
#6414=ORIENTED_EDGE('no 6101',*,*,#5853,.F.);
#6415=CARTESIAN_POINT('',(-0.00539783,-0.00291701,0.013));
#6416=DIRECTION('',(-0.0022400453,0.9999974911,0.0));
#6417=VECTOR('',#6416,1.0);
#6418=LINE('',#6415,#6417);
#6419=EDGE_CURVE('no 6099',#5842,#5478,#6418,.T.);
#6420=ORIENTED_EDGE('no 6102',*,*,#6419,.T.);
#6421=EDGE_LOOP('',(#6413,#6414,#6420));
#6422=FACE_OUTER_BOUND('',#6421,.T.);
#6423=CARTESIAN_POINT('',(-0.0055694,0.073675,0.013));
#6424=DIRECTION('',(0.0,0.0,1.0));
#6425=DIRECTION('',(-0.0044689301,-0.9999900143,0.0));
#6426=AXIS2_PLACEMENT_3D('',#6423,#6424,#6425);
#6427=PLANE('',#6426);
#6428=ADVANCED_FACE('no 6110',(#6422),#6427,.T.);
#6429=ORIENTED_EDGE('no 11038',*,*,#5825,.F.);
#6430=ORIENTED_EDGE('no 11039',*,*,#6157,.F.);
#6431=CARTESIAN_POINT('',(-0.005,0.0736,-0.001));
#6432=DIRECTION('',(-0.0051991525,-0.9999864843,0.0));
#6433=VECTOR('',#6432,1.0);
#6434=LINE('',#6431,#6433);
#6435=EDGE_CURVE('no 11037',#6146,#5820,#6434,.T.);
#6436=ORIENTED_EDGE('no 11040',*,*,#6435,.T.);
#6437=EDGE_LOOP('',(#6429,#6430,#6436));
#6438=FACE_OUTER_BOUND('',#6437,.T.);
#6439=CARTESIAN_POINT('',(-0.00539783,-0.00291701,-0.001));
#6440=DIRECTION('',(0.0,0.0,-1.0));
#6441=DIRECTION('',(-0.0022401011,0.999997491,0.0));
#6442=AXIS2_PLACEMENT_3D('',#6439,#6440,#6441);
#6443=PLANE('',#6442);
#6444=ADVANCED_FACE('no 11048',(#6438),#6443,.T.);
#6445=ORIENTED_EDGE('no 4623',*,*,#5847,.T.);
#6446=ORIENTED_EDGE('no 4624',*,*,#5831,.T.);
#6447=CARTESIAN_POINT('',(-0.00539783,-0.00291701,-0.001));
#6448=DIRECTION('',(0.0,0.0,1.0));
#6449=VECTOR('',#6448,1.0);
#6450=LINE('',#6447,#6449);
#6451=EDGE_CURVE('no 4622',#5820,#5842,#6450,.T.);
#6452=ORIENTED_EDGE('no 4625',*,*,#6451,.T.);
#6453=EDGE_LOOP('',(#6445,#6446,#6452));
#6454=FACE_OUTER_BOUND('',#6453,.T.);
#6455=CARTESIAN_POINT('',(-0.00539783,-0.00291701,0.013));
#6456=DIRECTION('',(0.442608886,-0.8967147674,0.0000000177));
#6457=DIRECTION('',(-0.0367545866,-0.0181416934,-0.9991596366));
#6458=AXIS2_PLACEMENT_3D('',#6455,#6456,#6457);
#6459=PLANE('',#6458);
#6460=ADVANCED_FACE('no 4633',(#6454),#6459,.T.);
#6461=CARTESIAN_POINT('',(-0.00323995,-0.00334543,-0.001));
#6462=VERTEX_POINT('',#6461);
#6463=CARTESIAN_POINT('',(-0.00309474,0.0747,-0.001));
#6464=DIRECTION('',(-0.0018605005,-0.9999982693,0.0));
#6465=VECTOR('',#6464,1.0);
#6466=LINE('',#6463,#6465);
#6467=EDGE_CURVE('no 11221',#5865,#6462,#6466,.T.);
#6468=ORIENTED_EDGE('no 11245',*,*,#6467,.F.);
#6469=ORIENTED_EDGE('no 11246',*,*,#5891,.T.);
#6470=CARTESIAN_POINT('',(-0.00323995,-0.00334543,-0.001));
#6471=DIRECTION('',(0.6596157867,-0.751602963,0.0));
#6472=VECTOR('',#6471,1.0);
#6473=LINE('',#6470,#6472);
#6474=EDGE_CURVE('no 4935',#6462,#5201,#6473,.T.);
#6475=ORIENTED_EDGE('no 11247',*,*,#6474,.F.);
#6476=EDGE_LOOP('',(#6468,#6469,#6475));
#6477=FACE_OUTER_BOUND('',#6476,.T.);
#6478=CARTESIAN_POINT('',(-0.00323995,-0.00334543,-0.001));
#6479=DIRECTION('',(0.0,0.0,-1.0));
#6480=DIRECTION('',(0.0018605005,0.9999982693,0.0));
#6481=AXIS2_PLACEMENT_3D('',#6478,#6479,#6480);
#6482=PLANE('',#6481);
#6483=ADVANCED_FACE('no 11255',(#6477),#6482,.T.);
#6484=CARTESIAN_POINT('',(-0.00344436,0.0742444,0.013));
#6485=VERTEX_POINT('',#6484);
#6486=CARTESIAN_POINT('',(-0.00323995,-0.00334543,0.013));
#6487=DIRECTION('',(-0.0026344856,0.9999965297,0.0));
#6488=VECTOR('',#6487,1.0);
#6489=LINE('',#6486,#6488);
#6490=EDGE_CURVE('no 6283',#5920,#6485,#6489,.T.);
#6491=ORIENTED_EDGE('no 6307',*,*,#6490,.F.);
#6492=ORIENTED_EDGE('no 6308',*,*,#5925,.T.);
#6493=CARTESIAN_POINT('',(-0.00344436,0.0742444,0.013));
#6494=DIRECTION('',(0.6087897316,0.7933316221,0.0));
#6495=VECTOR('',#6494,1.0);
#6496=LINE('',#6493,#6495);
#6497=EDGE_CURVE('no 910',#6485,#5224,#6496,.T.);
#6498=ORIENTED_EDGE('no 6309',*,*,#6497,.F.);
#6499=EDGE_LOOP('',(#6491,#6492,#6498));
#6500=FACE_OUTER_BOUND('',#6499,.T.);
#6501=CARTESIAN_POINT('',(-0.00344436,0.0742444,0.013));
#6502=DIRECTION('',(-0.0,0.0,1.0));
#6503=DIRECTION('',(0.0026345788,-0.9999965295,0.0));
#6504=AXIS2_PLACEMENT_3D('',#6501,#6502,#6503);
#6505=PLANE('',#6504);
#6506=ADVANCED_FACE('no 6317',(#6500),#6505,.T.);
#6507=CARTESIAN_POINT('',(-0.00344436,0.0742444,-0.001));
#6508=VERTEX_POINT('',#6507);
#6509=CARTESIAN_POINT('',(-0.00309474,0.0747,0.013));
#6510=DIRECTION('',(-0.0249518911,-0.0325178883,-0.9991596419));
#6511=VECTOR('',#6510,1.0);
#6512=LINE('',#6509,#6511);
#6513=EDGE_CURVE('no 898',#5224,#6508,#6512,.T.);
#6514=ORIENTED_EDGE('no 934',*,*,#6513,.F.);
#6515=ORIENTED_EDGE('no 935',*,*,#5947,.F.);
#6516=CARTESIAN_POINT('',(-0.00309474,0.0747,-0.001));
#6517=DIRECTION('',(-0.6087897316,-0.7933316221,0.0));
#6518=VECTOR('',#6517,1.0);
#6519=LINE('',#6516,#6518);
#6520=EDGE_CURVE('no 933',#5865,#6508,#6519,.T.);
#6521=ORIENTED_EDGE('no 936',*,*,#6520,.T.);
#6522=EDGE_LOOP('',(#6514,#6515,#6521));
#6523=FACE_OUTER_BOUND('',#6522,.T.);
#6524=CARTESIAN_POINT('',(-0.00344436,0.0742444,-0.001));
#6525=DIRECTION('',(-0.7933520862,0.6087630633,-0.0000000545));
#6526=DIRECTION('',(0.0249518911,0.0325178883,0.9991596419));
#6527=AXIS2_PLACEMENT_3D('',#6524,#6525,#6526);
#6528=PLANE('',#6527);
#6529=ADVANCED_FACE('no 944',(#6523),#6528,.T.);
#6530=ORIENTED_EDGE('no 4936',*,*,#5962,.F.);
#6531=CARTESIAN_POINT('',(-0.00323995,-0.00334543,-0.001));
#6532=DIRECTION('',(0.0,0.0,1.0));
#6533=VECTOR('',#6532,1.0);
#6534=LINE('',#6531,#6533);
#6535=EDGE_CURVE('no 4854',#6462,#5920,#6534,.T.);
#6536=ORIENTED_EDGE('no 4937',*,*,#6535,.F.);
#6537=ORIENTED_EDGE('no 4938',*,*,#6474,.T.);
#6538=EDGE_LOOP('',(#6530,#6536,#6537));
#6539=FACE_OUTER_BOUND('',#6538,.T.);
#6540=CARTESIAN_POINT('',(-0.00286112,-0.00377709,-0.001));
#6541=DIRECTION('',(-0.7516038052,-0.659614827,0.0000000361));
#6542=DIRECTION('',(-0.0270362902,0.0308067888,0.9991596373));
#6543=AXIS2_PLACEMENT_3D('',#6540,#6541,#6542);
#6544=PLANE('',#6543);
#6545=ADVANCED_FACE('no 4946',(#6539),#6544,.T.);
#6546=ORIENTED_EDGE('no 6952',*,*,#6007,.F.);
#6547=CARTESIAN_POINT('',(0.100675,-0.0055694,0.013));
#6548=DIRECTION('',(0.3830077761,-0.9237451182,0.0));
#6549=VECTOR('',#6548,1.0);
#6550=LINE('',#6547,#6549);
#6551=EDGE_CURVE('no 2789',#6019,#5996,#6550,.T.);
#6552=ORIENTED_EDGE('no 6953',*,*,#6551,.F.);
#6553=ORIENTED_EDGE('no 6954',*,*,#6024,.T.);
#6554=EDGE_LOOP('',(#6546,#6552,#6553));
#6555=FACE_OUTER_BOUND('',#6554,.T.);
#6556=CARTESIAN_POINT('',(0.0978,0.0,0.013));
#6557=DIRECTION('',(0.0,0.0,1.0));
#6558=DIRECTION('',(0.4524387389,-0.8917954853,0.0));
#6559=AXIS2_PLACEMENT_3D('',#6556,#6557,#6558);
#6560=PLANE('',#6559);
#6561=ADVANCED_FACE('no 6962',(#6555),#6560,.T.);
#6562=CARTESIAN_POINT('',(0.1006,-0.005,-0.001));
#6563=VERTEX_POINT('',#6562);
#6564=CARTESIAN_POINT('',(0.1006,-0.005,-0.001));
#6565=DIRECTION('',(0.005350338,-0.0406373852,0.9991596353));
#6566=VECTOR('',#6565,1.0);
#6567=LINE('',#6564,#6566);
#6568=EDGE_CURVE('no 2812',#6563,#6019,#6567,.T.);
#6569=ORIENTED_EDGE('no 2848',*,*,#6568,.F.);
#6570=CARTESIAN_POINT('',(0.1006,-0.005,-0.001));
#6571=DIRECTION('',(0.0,0.0,1.0));
#6572=VECTOR('',#6571,1.0);
#6573=LINE('',#6570,#6572);
#6574=EDGE_CURVE('no 2841',#6563,#5300,#6573,.T.);
#6575=ORIENTED_EDGE('no 2849',*,*,#6574,.T.);
#6576=ORIENTED_EDGE('no 2850',*,*,#6030,.T.);
#6577=EDGE_LOOP('',(#6569,#6575,#6576));
#6578=FACE_OUTER_BOUND('',#6577,.T.);
#6579=CARTESIAN_POINT('',(0.100675,-0.0055694,0.013));
#6580=DIRECTION('',(0.9914438363,0.1305339784,-0.0000000001));
#6581=DIRECTION('',(-0.005350338,0.0406373852,-0.9991596353));
#6582=AXIS2_PLACEMENT_3D('',#6579,#6580,#6581);
#6583=PLANE('',#6582);
#6584=ADVANCED_FACE('no 2858',(#6578),#6583,.T.);
#6585=CARTESIAN_POINT('',(0.100675,-0.0044306,0.013));
#6586=VERTEX_POINT('',#6585);
#6587=CARTESIAN_POINT('',(0.100675,-0.0044306,0.013));
#6588=DIRECTION('',(-0.000934805,0.9999995631,0.0));
#6589=VECTOR('',#6588,1.0);
#6590=LINE('',#6587,#6589);
#6591=EDGE_CURVE('no 7642',#6586,#5428,#6590,.T.);
#6592=ORIENTED_EDGE('no 7643',*,*,#6591,.T.);
#6593=ORIENTED_EDGE('no 7644',*,*,#6047,.F.);
#6594=CARTESIAN_POINT('',(0.100675,-0.0044306,0.013));
#6595=DIRECTION('',(-0.1305896347,-0.9914365069,0.0));
#6596=VECTOR('',#6595,1.0);
#6597=LINE('',#6594,#6596);
#6598=EDGE_CURVE('no 2905',#6586,#5300,#6597,.T.);
#6599=ORIENTED_EDGE('no 7645',*,*,#6598,.F.);
#6600=EDGE_LOOP('',(#6592,#6593,#6599));
#6601=FACE_OUTER_BOUND('',#6600,.T.);
#6602=CARTESIAN_POINT('',(0.100675,-0.0044306,0.013));
#6603=DIRECTION('',(0.0,0.0,1.0));
#6604=DIRECTION('',(-0.0009344026,0.9999995634,0.0));
#6605=AXIS2_PLACEMENT_3D('',#6602,#6603,#6604);
#6606=PLANE('',#6605);
#6607=ADVANCED_FACE('no 7653',(#6601),#6606,.T.);
#6608=ORIENTED_EDGE('no 9330',*,*,#6063,.F.);
#6609=ORIENTED_EDGE('no 9331',*,*,#6135,.F.);
#6610=CARTESIAN_POINT('',(0.100675,0.0763694,-0.001));
#6611=DIRECTION('',(-0.7857154997,-0.6185880321,0.0));
#6612=VECTOR('',#6611,1.0);
#6613=LINE('',#6610,#6612);
#6614=EDGE_CURVE('no 9329',#6107,#4076,#6613,.T.);
#6615=ORIENTED_EDGE('no 9332',*,*,#6614,.T.);
#6616=EDGE_LOOP('',(#6608,#6609,#6615));
#6617=FACE_OUTER_BOUND('',#6616,.T.);
#6618=CARTESIAN_POINT('',(-0.00249468,-0.00485533,-0.001));
#6619=DIRECTION('',(0.0,0.0,-1.0));
#6620=DIRECTION('',(0.7843948178,0.6202618559,0.0));
#6621=AXIS2_PLACEMENT_3D('',#6618,#6619,#6620);
#6622=PLANE('',#6621);
#6623=ADVANCED_FACE('no 9340',(#6617),#6622,.T.);
#6624=ORIENTED_EDGE('no 3747',*,*,#6112,.T.);
#6625=CARTESIAN_POINT('',(0.1006,0.0758,-0.001));
#6626=VERTEX_POINT('',#6625);
#6627=CARTESIAN_POINT('',(0.1006,0.0758,-0.001));
#6628=DIRECTION('',(0.0,0.0,1.0));
#6629=VECTOR('',#6628,1.0);
#6630=LINE('',#6627,#6629);
#6631=EDGE_CURVE('no 3711',#6626,#5428,#6630,.T.);
#6632=ORIENTED_EDGE('no 3748',*,*,#6631,.F.);
#6633=CARTESIAN_POINT('',(0.1006,0.0758,-0.001));
#6634=DIRECTION('',(0.1305339784,0.9914438363,0.0));
#6635=VECTOR('',#6634,1.0);
#6636=LINE('',#6633,#6635);
#6637=EDGE_CURVE('no 3746',#6626,#6107,#6636,.T.);
#6638=ORIENTED_EDGE('no 3749',*,*,#6637,.T.);
#6639=EDGE_LOOP('',(#6624,#6632,#6638));
#6640=FACE_OUTER_BOUND('',#6639,.T.);
#6641=CARTESIAN_POINT('',(0.100675,0.0763694,-0.001));
#6642=DIRECTION('',(0.9914438363,-0.1305339779,-0.0000000129));
#6643=DIRECTION('',(-0.005350338,-0.040637485,0.9991596312));
#6644=AXIS2_PLACEMENT_3D('',#6641,#6642,#6643);
#6645=PLANE('',#6644);
#6646=ADVANCED_FACE('no 3757',(#6640),#6645,.T.);
#6647=ORIENTED_EDGE('no 1166',*,*,#6151,.F.);
#6648=CARTESIAN_POINT('',(-0.005,0.0736,0.013));
#6649=VERTEX_POINT('',#6648);
#6650=CARTESIAN_POINT('',(-0.0055694,0.073675,0.013));
#6651=DIRECTION('',(0.9914365069,-0.1305896347,0.0));
#6652=VECTOR('',#6651,1.0);
#6653=LINE('',#6650,#6652);
#6654=EDGE_CURVE('no 1165',#5478,#6649,#6653,.T.);
#6655=ORIENTED_EDGE('no 1167',*,*,#6654,.T.);
#6656=CARTESIAN_POINT('',(-0.005,0.0736,-0.001));
#6657=DIRECTION('',(0.0,0.0,1.0));
#6658=VECTOR('',#6657,1.0);
#6659=LINE('',#6656,#6658);
#6660=EDGE_CURVE('no 1084',#6146,#6649,#6659,.T.);
#6661=ORIENTED_EDGE('no 1168',*,*,#6660,.F.);
#6662=EDGE_LOOP('',(#6647,#6655,#6661));
#6663=FACE_OUTER_BOUND('',#6662,.T.);
#6664=CARTESIAN_POINT('',(-0.005,0.0736,-0.001));
#6665=DIRECTION('',(0.1305209417,0.9914455526,-0.0000000136));
#6666=DIRECTION('',(-0.0406373853,0.0053498081,0.9991596381));
#6667=AXIS2_PLACEMENT_3D('',#6664,#6665,#6666);
#6668=PLANE('',#6667);
#6669=ADVANCED_FACE('no 1176',(#6663),#6668,.T.);
#6670=ORIENTED_EDGE('no 10038',*,*,#6175,.F.);
#6671=CARTESIAN_POINT('',(0.100675,-0.0055694,-0.001));
#6672=VERTEX_POINT('',#6671);
#6673=CARTESIAN_POINT('',(-0.00249468,-0.00485533,-0.001));
#6674=DIRECTION('',(0.9999760486,-0.0069211506,0.0));
#6675=VECTOR('',#6674,1.0);
#6676=LINE('',#6673,#6675);
#6677=EDGE_CURVE('no 10037',#4076,#6672,#6676,.T.);
#6678=ORIENTED_EDGE('no 10039',*,*,#6677,.T.);
#6679=CARTESIAN_POINT('',(0.100895,-0.0061,-0.001));
#6680=DIRECTION('',(-0.3830077761,0.9237451182,0.0));
#6681=VECTOR('',#6680,1.0);
#6682=LINE('',#6679,#6681);
#6683=EDGE_CURVE('no 2760',#6170,#6672,#6682,.T.);
#6684=ORIENTED_EDGE('no 10040',*,*,#6683,.F.);
#6685=EDGE_LOOP('',(#6670,#6678,#6684));
#6686=FACE_OUTER_BOUND('',#6685,.T.);
#6687=CARTESIAN_POINT('',(0.100895,-0.0061,-0.001));
#6688=DIRECTION('',(0.0,0.0,-1.0));
#6689=DIRECTION('',(-0.9999275431,0.0120377945,0.0));
#6690=AXIS2_PLACEMENT_3D('',#6687,#6688,#6689);
#6691=PLANE('',#6690);
#6692=ADVANCED_FACE('no 10048',(#6686),#6691,.T.);
#6693=CARTESIAN_POINT('',(0.100895,-0.0061,-0.001));
#6694=DIRECTION('',(0.0249076496,-0.0325183996,0.9991607292));
#6695=VECTOR('',#6694,1.0);
#6696=LINE('',#6693,#6695);
#6697=EDGE_CURVE('no 2696',#6170,#5781,#6696,.T.);
#6698=ORIENTED_EDGE('no 2703',*,*,#6697,.T.);
#6699=ORIENTED_EDGE('no 2704',*,*,#6202,.F.);
#6700=ORIENTED_EDGE('no 2705',*,*,#6181,.T.);
#6701=EDGE_LOOP('',(#6698,#6699,#6700));
#6702=FACE_OUTER_BOUND('',#6701,.T.);
#6703=CARTESIAN_POINT('',(0.100895,-0.0061,-0.001));
#6704=DIRECTION('',(0.7933490413,0.6087670315,0.0000000031));
#6705=DIRECTION('',(0.0249522907,-0.0325179879,0.9991596287));
#6706=AXIS2_PLACEMENT_3D('',#6703,#6704,#6705);
#6707=PLANE('',#6706);
#6708=ADVANCED_FACE('no 2713',(#6702),#6707,.T.);
#6709=CARTESIAN_POINT('',(0.1039,0.0738947,-0.001));
#6710=VERTEX_POINT('',#6709);
#6711=CARTESIAN_POINT('',(0.1039,0.0738947,-0.001));
#6712=DIRECTION('',(0.0,-1.0,0.0));
#6713=VECTOR('',#6712,1.0);
#6714=LINE('',#6711,#6713);
#6715=EDGE_CURVE('no 10652',#6710,#6287,#6714,.T.);
#6716=ORIENTED_EDGE('no 10676',*,*,#6715,.F.);
#6717=CARTESIAN_POINT('',(0.104356,0.0742444,-0.001));
#6718=DIRECTION('',(-0.7935223282,-0.6085411363,0.0));
#6719=VECTOR('',#6718,1.0);
#6720=LINE('',#6717,#6719);
#6721=EDGE_CURVE('no 3224',#5022,#6710,#6720,.T.);
#6722=ORIENTED_EDGE('no 10677',*,*,#6721,.F.);
#6723=ORIENTED_EDGE('no 10678',*,*,#6292,.T.);
#6724=EDGE_LOOP('',(#6716,#6722,#6723));
#6725=FACE_OUTER_BOUND('',#6724,.T.);
#6726=CARTESIAN_POINT('',(0.1039,-0.00309474,-0.001));
#6727=DIRECTION('',(0.0,0.0,-1.0));
#6728=DIRECTION('',(0.0,1.0,0.0));
#6729=AXIS2_PLACEMENT_3D('',#6726,#6727,#6728);
#6730=PLANE('',#6729);
#6731=ADVANCED_FACE('no 10686',(#6725),#6730,.T.);
#6732=ORIENTED_EDGE('no 1978',*,*,#6313,.F.);
#6733=CARTESIAN_POINT('',(0.1039,-0.00309474,0.013));
#6734=VERTEX_POINT('',#6733);
#6735=CARTESIAN_POINT('',(0.104356,-0.00344436,0.013));
#6736=DIRECTION('',(-0.7933520849,0.6087630651,0.0));
#6737=VECTOR('',#6736,1.0);
#6738=LINE('',#6735,#6737);
#6739=EDGE_CURVE('no 1977',#5045,#6734,#6738,.T.);
#6740=ORIENTED_EDGE('no 1979',*,*,#6739,.T.);
#6741=CARTESIAN_POINT('',(0.1039,-0.00309474,-0.001));
#6742=DIRECTION('',(0.0,0.0,1.0));
#6743=VECTOR('',#6742,1.0);
#6744=LINE('',#6741,#6743);
#6745=EDGE_CURVE('no 1896',#6287,#6734,#6744,.T.);
#6746=ORIENTED_EDGE('no 1980',*,*,#6745,.F.);
#6747=EDGE_LOOP('',(#6732,#6740,#6746));
#6748=FACE_OUTER_BOUND('',#6747,.T.);
#6749=CARTESIAN_POINT('',(0.1039,-0.00309474,-0.001));
#6750=DIRECTION('',(-0.6087630633,-0.7933520862,0.0000000545));
#6751=DIRECTION('',(0.0325178883,-0.0249518911,0.9991596419));
#6752=AXIS2_PLACEMENT_3D('',#6749,#6750,#6751);
#6753=PLANE('',#6752);
#6754=ADVANCED_FACE('no 1988',(#6748),#6753,.T.);
#6755=CARTESIAN_POINT('',(0.1039,-0.00309474,0.013));
#6756=DIRECTION('',(0.0,1.0,0.0));
#6757=VECTOR('',#6756,1.0);
#6758=LINE('',#6755,#6757);
#6759=EDGE_CURVE('no 7987',#6734,#6326,#6758,.T.);
#6760=ORIENTED_EDGE('no 8011',*,*,#6759,.F.);
#6761=ORIENTED_EDGE('no 8012',*,*,#6739,.F.);
#6762=ORIENTED_EDGE('no 8013',*,*,#6331,.T.);
#6763=EDGE_LOOP('',(#6760,#6761,#6762));
#6764=FACE_OUTER_BOUND('',#6763,.T.);
#6765=CARTESIAN_POINT('',(0.1039,0.0738947,0.013));
#6766=DIRECTION('',(0.0,0.0,1.0));
#6767=DIRECTION('',(0.0,-1.0,0.0));
#6768=AXIS2_PLACEMENT_3D('',#6765,#6766,#6767);
#6769=PLANE('',#6768);
#6770=ADVANCED_FACE('no 8021',(#6764),#6769,.T.);
#6771=ORIENTED_EDGE('no 3231',*,*,#6352,.T.);
#6772=ORIENTED_EDGE('no 3232',*,*,#6721,.T.);
#6773=CARTESIAN_POINT('',(0.1039,0.0738947,-0.001));
#6774=DIRECTION('',(0.0,0.0,1.0));
#6775=VECTOR('',#6774,1.0);
#6776=LINE('',#6773,#6775);
#6777=EDGE_CURVE('no 3230',#6710,#6326,#6776,.T.);
#6778=ORIENTED_EDGE('no 3233',*,*,#6777,.T.);
#6779=EDGE_LOOP('',(#6771,#6772,#6778));
#6780=FACE_OUTER_BOUND('',#6779,.T.);
#6781=CARTESIAN_POINT('',(0.1039,0.0738947,0.013));
#6782=DIRECTION('',(-0.6087602114,0.7933542746,0.0000000135));
#6783=DIRECTION('',(0.0325178884,0.0249517911,-0.9991596444));
#6784=AXIS2_PLACEMENT_3D('',#6781,#6782,#6783);
#6785=PLANE('',#6784);
#6786=ADVANCED_FACE('no 3241',(#6780),#6785,.T.);
#6787=ORIENTED_EDGE('no 2732',*,*,#6697,.F.);
#6788=CARTESIAN_POINT('',(0.100895,-0.0061,-0.001));
#6789=DIRECTION('',(0.0,0.0,1.0));
#6790=VECTOR('',#6789,1.0);
#6791=LINE('',#6788,#6790);
#6792=EDGE_CURVE('no 2725',#6170,#5996,#6791,.T.);
#6793=ORIENTED_EDGE('no 2733',*,*,#6792,.T.);
#6794=ORIENTED_EDGE('no 2734',*,*,#6402,.T.);
#6795=EDGE_LOOP('',(#6787,#6793,#6794));
#6796=FACE_OUTER_BOUND('',#6795,.T.);
#6797=CARTESIAN_POINT('',(0.101244,-0.00655564,0.013));
#6798=DIRECTION('',(0.7933490413,0.6087670315,0.0000000031));
#6799=DIRECTION('',(-0.0249522907,0.0325179879,-0.9991596287));
#6800=AXIS2_PLACEMENT_3D('',#6797,#6798,#6799);
#6801=PLANE('',#6800);
#6802=ADVANCED_FACE('no 2742',(#6796),#6801,.T.);
#6803=ORIENTED_EDGE('no 6123',*,*,#6419,.F.);
#6804=CARTESIAN_POINT('',(-0.00539783,-0.00291701,0.013));
#6805=DIRECTION('',(0.0051991658,0.9999864842,0.0));
#6806=VECTOR('',#6805,1.0);
#6807=LINE('',#6804,#6806);
#6808=EDGE_CURVE('no 6122',#5842,#6649,#6807,.T.);
#6809=ORIENTED_EDGE('no 6124',*,*,#6808,.T.);
#6810=ORIENTED_EDGE('no 6125',*,*,#6654,.F.);
#6811=EDGE_LOOP('',(#6803,#6809,#6810));
#6812=FACE_OUTER_BOUND('',#6811,.T.);
#6813=CARTESIAN_POINT('',(-0.0055694,0.073675,0.013));
#6814=DIRECTION('',(0.0,0.0,1.0));
#6815=DIRECTION('',(0.0022401011,-0.999997491,0.0));
#6816=AXIS2_PLACEMENT_3D('',#6813,#6814,#6815);
#6817=PLANE('',#6816);
#6818=ADVANCED_FACE('no 6133',(#6812),#6817,.T.);
#6819=ORIENTED_EDGE('no 11061',*,*,#6435,.F.);
#6820=CARTESIAN_POINT('',(-0.00483459,-0.00280476,-0.001));
#6821=VERTEX_POINT('',#6820);
#6822=CARTESIAN_POINT('',(-0.005,0.0736,-0.001));
#6823=DIRECTION('',(0.0021649293,-0.9999976565,0.0));
#6824=VECTOR('',#6823,1.0);
#6825=LINE('',#6822,#6824);
#6826=EDGE_CURVE('no 11060',#6146,#6821,#6825,.T.);
#6827=ORIENTED_EDGE('no 11062',*,*,#6826,.T.);
#6828=CARTESIAN_POINT('',(-0.00539783,-0.00291701,-0.001));
#6829=DIRECTION('',(0.9807154434,0.1954410884,0.0));
#6830=VECTOR('',#6829,1.0);
#6831=LINE('',#6828,#6830);
#6832=EDGE_CURVE('no 4674',#5820,#6821,#6831,.T.);
#6833=ORIENTED_EDGE('no 11063',*,*,#6832,.F.);
#6834=EDGE_LOOP('',(#6819,#6827,#6833));
#6835=FACE_OUTER_BOUND('',#6834,.T.);
#6836=CARTESIAN_POINT('',(-0.00539783,-0.00291701,-0.001));
#6837=DIRECTION('',(0.0,0.0,-1.0));
#6838=DIRECTION('',(0.0051991525,0.9999864843,0.0));
#6839=AXIS2_PLACEMENT_3D('',#6836,#6837,#6838);
#6840=PLANE('',#6839);
#6841=ADVANCED_FACE('no 11071',(#6835),#6840,.T.);
#6842=CARTESIAN_POINT('',(-0.00483459,-0.00280476,0.013));
#6843=VERTEX_POINT('',#6842);
#6844=CARTESIAN_POINT('',(-0.00483459,-0.00280476,0.013));
#6845=DIRECTION('',(-0.0401976194,-0.0080111192,-0.9991596336));
#6846=VECTOR('',#6845,1.0);
#6847=LINE('',#6844,#6846);
#6848=EDGE_CURVE('no 4668',#6843,#5820,#6847,.T.);
#6849=ORIENTED_EDGE('no 4704',*,*,#6848,.F.);
#6850=CARTESIAN_POINT('',(-0.00483459,-0.00280476,0.013));
#6851=DIRECTION('',(-0.9807154434,-0.1954410884,0.0));
#6852=VECTOR('',#6851,1.0);
#6853=LINE('',#6850,#6852);
#6854=EDGE_CURVE('no 4703',#6843,#5842,#6853,.T.);
#6855=ORIENTED_EDGE('no 4705',*,*,#6854,.T.);
#6856=ORIENTED_EDGE('no 4706',*,*,#6451,.F.);
#6857=EDGE_LOOP('',(#6849,#6855,#6856));
#6858=FACE_OUTER_BOUND('',#6857,.T.);
#6859=CARTESIAN_POINT('',(-0.00539783,-0.00291701,-0.001));
#6860=DIRECTION('',(0.1954410881,-0.9807154435,-0.0000000063));
#6861=DIRECTION('',(0.0401975854,0.0080107371,0.999159638));
#6862=AXIS2_PLACEMENT_3D('',#6859,#6860,#6861);
#6863=PLANE('',#6862);
#6864=ADVANCED_FACE('no 4714',(#6858),#6863,.T.);
#6865=CARTESIAN_POINT('',(-0.00344436,0.0742444,-0.001));
#6866=DIRECTION('',(0.0026344856,-0.9999965297,0.0));
#6867=VECTOR('',#6866,1.0);
#6868=LINE('',#6865,#6867);
#6869=EDGE_CURVE('no 11198',#6508,#6462,#6868,.T.);
#6870=ORIENTED_EDGE('no 11222',*,*,#6869,.F.);
#6871=ORIENTED_EDGE('no 11223',*,*,#6520,.F.);
#6872=ORIENTED_EDGE('no 11224',*,*,#6467,.T.);
#6873=EDGE_LOOP('',(#6870,#6871,#6872));
#6874=FACE_OUTER_BOUND('',#6873,.T.);
#6875=CARTESIAN_POINT('',(-0.00323995,-0.00334543,-0.001));
#6876=DIRECTION('',(0.0,0.0,-1.0));
#6877=DIRECTION('',(-0.0026345788,0.9999965295,0.0));
#6878=AXIS2_PLACEMENT_3D('',#6875,#6876,#6877);
#6879=PLANE('',#6878);
#6880=ADVANCED_FACE('no 11232',(#6874),#6879,.T.);
#6881=CARTESIAN_POINT('',(-0.00371759,-0.00302653,0.013));
#6882=VERTEX_POINT('',#6881);
#6883=CARTESIAN_POINT('',(-0.00371759,-0.00302653,0.013));
#6884=DIRECTION('',(0.0035359778,0.9999937484,0.0));
#6885=VECTOR('',#6884,1.0);
#6886=LINE('',#6883,#6885);
#6887=EDGE_CURVE('no 6260',#6882,#6485,#6886,.T.);
#6888=ORIENTED_EDGE('no 6284',*,*,#6887,.F.);
#6889=CARTESIAN_POINT('',(-0.00323995,-0.00334543,0.013));
#6890=DIRECTION('',(-0.831668097,0.5552730648,0.0));
#6891=VECTOR('',#6890,1.0);
#6892=LINE('',#6889,#6891);
#6893=EDGE_CURVE('no 4877',#5920,#6882,#6892,.T.);
#6894=ORIENTED_EDGE('no 6285',*,*,#6893,.F.);
#6895=ORIENTED_EDGE('no 6286',*,*,#6490,.T.);
#6896=EDGE_LOOP('',(#6888,#6894,#6895));
#6897=FACE_OUTER_BOUND('',#6896,.T.);
#6898=CARTESIAN_POINT('',(-0.00344436,0.0742444,0.013));
#6899=DIRECTION('',(0.0,0.0,1.0));
#6900=DIRECTION('',(-0.0035358791,-0.9999937488,0.0));
#6901=AXIS2_PLACEMENT_3D('',#6898,#6899,#6900);
#6902=PLANE('',#6901);
#6903=ADVANCED_FACE('no 6294',(#6897),#6902,.T.);
#6904=ORIENTED_EDGE('no 911',*,*,#6513,.T.);
#6905=CARTESIAN_POINT('',(-0.00344436,0.0742444,-0.001));
#6906=DIRECTION('',(0.0,0.0,1.0));
#6907=VECTOR('',#6906,1.0);
#6908=LINE('',#6905,#6907);
#6909=EDGE_CURVE('no 904',#6508,#6485,#6908,.T.);
#6910=ORIENTED_EDGE('no 912',*,*,#6909,.T.);
#6911=ORIENTED_EDGE('no 913',*,*,#6497,.T.);
#6912=EDGE_LOOP('',(#6904,#6910,#6911));
#6913=FACE_OUTER_BOUND('',#6912,.T.);
#6914=CARTESIAN_POINT('',(-0.00309474,0.0747,0.013));
#6915=DIRECTION('',(-0.7933520862,0.6087630633,-0.0000000545));
#6916=DIRECTION('',(-0.0249518911,-0.0325178883,-0.9991596419));
#6917=AXIS2_PLACEMENT_3D('',#6914,#6915,#6916);
#6918=PLANE('',#6917);
#6919=ADVANCED_FACE('no 921',(#6913),#6918,.T.);
#6920=CARTESIAN_POINT('',(-0.00371759,-0.00302653,-0.001));
#6921=VERTEX_POINT('',#6920);
#6922=CARTESIAN_POINT('',(-0.00323995,-0.00334543,0.013));
#6923=DIRECTION('',(-0.0340884721,0.0227594292,-0.9991596391));
#6924=VECTOR('',#6923,1.0);
#6925=LINE('',#6922,#6924);
#6926=EDGE_CURVE('no 4842',#5920,#6921,#6925,.T.);
#6927=ORIENTED_EDGE('no 4855',*,*,#6926,.T.);
#6928=CARTESIAN_POINT('',(-0.00371759,-0.00302653,-0.001));
#6929=DIRECTION('',(0.831668097,-0.5552730648,0.0));
#6930=VECTOR('',#6929,1.0);
#6931=LINE('',#6928,#6930);
#6932=EDGE_CURVE('no 4848',#6921,#6462,#6931,.T.);
#6933=ORIENTED_EDGE('no 4856',*,*,#6932,.T.);
#6934=ORIENTED_EDGE('no 4857',*,*,#6535,.T.);
#6935=EDGE_LOOP('',(#6927,#6933,#6934));
#6936=FACE_OUTER_BOUND('',#6935,.T.);
#6937=CARTESIAN_POINT('',(-0.00323995,-0.00334543,0.013));
#6938=DIRECTION('',(-0.5552730622,-0.8316680987,0.0000000758));
#6939=DIRECTION('',(-0.0340884876,0.0227594917,-0.9991596372));
#6940=AXIS2_PLACEMENT_3D('',#6937,#6938,#6939);
#6941=PLANE('',#6940);
#6942=ADVANCED_FACE('no 4865',(#6936),#6941,.T.);
#6943=CARTESIAN_POINT('',(0.100675,-0.0055694,-0.001));
#6944=DIRECTION('',(0.0156851944,-0.0378679864,0.999159642));
#6945=VECTOR('',#6944,1.0);
#6946=LINE('',#6943,#6945);
#6947=EDGE_CURVE('no 2754',#6672,#5996,#6946,.T.);
#6948=ORIENTED_EDGE('no 2790',*,*,#6947,.F.);
#6949=CARTESIAN_POINT('',(0.100675,-0.0055694,-0.001));
#6950=DIRECTION('',(0.0,0.0,1.0));
#6951=VECTOR('',#6950,1.0);
#6952=LINE('',#6949,#6951);
#6953=EDGE_CURVE('no 2783',#6672,#6019,#6952,.T.);
#6954=ORIENTED_EDGE('no 2791',*,*,#6953,.T.);
#6955=ORIENTED_EDGE('no 2792',*,*,#6551,.T.);
#6956=EDGE_LOOP('',(#6948,#6954,#6955));
#6957=FACE_OUTER_BOUND('',#6956,.T.);
#6958=CARTESIAN_POINT('',(0.100895,-0.0061,0.013));
#6959=DIRECTION('',(0.9238818141,0.382677924,-0.0000000234));
#6960=DIRECTION('',(-0.0156851944,0.0378679864,-0.999159642));
#6961=AXIS2_PLACEMENT_3D('',#6958,#6959,#6960);
#6962=PLANE('',#6961);
#6963=ADVANCED_FACE('no 2800',(#6957),#6962,.T.);
#6964=ORIENTED_EDGE('no 2819',*,*,#6568,.T.);
#6965=ORIENTED_EDGE('no 2820',*,*,#6953,.F.);
#6966=CARTESIAN_POINT('',(0.100675,-0.0055694,-0.001));
#6967=DIRECTION('',(-0.1305896347,0.9914365069,0.0));
#6968=VECTOR('',#6967,1.0);
#6969=LINE('',#6966,#6968);
#6970=EDGE_CURVE('no 2818',#6672,#6563,#6969,.T.);
#6971=ORIENTED_EDGE('no 2821',*,*,#6970,.T.);
#6972=EDGE_LOOP('',(#6964,#6965,#6971));
#6973=FACE_OUTER_BOUND('',#6972,.T.);
#6974=CARTESIAN_POINT('',(0.1006,-0.005,-0.001));
#6975=DIRECTION('',(0.9914438363,0.1305339784,-0.0000000001));
#6976=DIRECTION('',(0.005350338,-0.0406373852,0.9991596353));
#6977=AXIS2_PLACEMENT_3D('',#6974,#6975,#6976);
#6978=PLANE('',#6977);
#6979=ADVANCED_FACE('no 2829',(#6973),#6978,.T.);
#6980=CARTESIAN_POINT('',(0.100675,-0.0044306,-0.001));
#6981=VERTEX_POINT('',#6980);
#6982=CARTESIAN_POINT('',(0.100675,-0.0044306,-0.001));
#6983=DIRECTION('',(-0.005350338,-0.0406373852,0.9991596353));
#6984=VECTOR('',#6983,1.0);
#6985=LINE('',#6982,#6984);
#6986=EDGE_CURVE('no 2870',#6981,#5300,#6985,.T.);
#6987=ORIENTED_EDGE('no 2877',*,*,#6986,.T.);
#6988=ORIENTED_EDGE('no 2878',*,*,#6574,.F.);
#6989=CARTESIAN_POINT('',(0.1006,-0.005,-0.001));
#6990=DIRECTION('',(0.1305896347,0.9914365069,0.0));
#6991=VECTOR('',#6990,1.0);
#6992=LINE('',#6989,#6991);
#6993=EDGE_CURVE('no 2876',#6563,#6981,#6992,.T.);
#6994=ORIENTED_EDGE('no 2879',*,*,#6993,.T.);
#6995=EDGE_LOOP('',(#6987,#6988,#6994));
#6996=FACE_OUTER_BOUND('',#6995,.T.);
#6997=CARTESIAN_POINT('',(0.100675,-0.0044306,-0.001));
#6998=DIRECTION('',(0.9914438363,-0.1305339784,0.0000000001));
#6999=DIRECTION('',(-0.005350338,-0.0406373852,0.9991596353));
#7000=AXIS2_PLACEMENT_3D('',#6997,#6998,#6999);
#7001=PLANE('',#7000);
#7002=ADVANCED_FACE('no 2887',(#6996),#7001,.T.);
#7003=ORIENTED_EDGE('no 7666',*,*,#6591,.F.);
#7004=CARTESIAN_POINT('',(0.100675,0.0752306,0.013));
#7005=VERTEX_POINT('',#7004);
#7006=CARTESIAN_POINT('',(0.100675,-0.0044306,0.013));
#7007=DIRECTION('',(0.0,1.0,0.0));
#7008=VECTOR('',#7007,1.0);
#7009=LINE('',#7006,#7008);
#7010=EDGE_CURVE('no 7665',#6586,#7005,#7009,.T.);
#7011=ORIENTED_EDGE('no 7667',*,*,#7010,.T.);
#7012=CARTESIAN_POINT('',(0.1006,0.0758,0.013));
#7013=DIRECTION('',(0.1305896347,-0.9914365069,0.0));
#7014=VECTOR('',#7013,1.0);
#7015=LINE('',#7012,#7014);
#7016=EDGE_CURVE('no 3717',#5428,#7005,#7015,.T.);
#7017=ORIENTED_EDGE('no 7668',*,*,#7016,.F.);
#7018=EDGE_LOOP('',(#7003,#7011,#7017));
#7019=FACE_OUTER_BOUND('',#7018,.T.);
#7020=CARTESIAN_POINT('',(0.1006,0.0758,0.013));
#7021=DIRECTION('',(0.0,0.0,1.0));
#7022=DIRECTION('',(0.0009344026,-0.9999995634,0.0));
#7023=AXIS2_PLACEMENT_3D('',#7020,#7021,#7022);
#7024=PLANE('',#7023);
#7025=ADVANCED_FACE('no 7676',(#7019),#7024,.T.);
#7026=ORIENTED_EDGE('no 2906',*,*,#6986,.F.);
#7027=CARTESIAN_POINT('',(0.100675,-0.0044306,-0.001));
#7028=DIRECTION('',(0.0,0.0,1.0));
#7029=VECTOR('',#7028,1.0);
#7030=LINE('',#7027,#7029);
#7031=EDGE_CURVE('no 2899',#6981,#6586,#7030,.T.);
#7032=ORIENTED_EDGE('no 2907',*,*,#7031,.T.);
#7033=ORIENTED_EDGE('no 2908',*,*,#6598,.T.);
#7034=EDGE_LOOP('',(#7026,#7032,#7033));
#7035=FACE_OUTER_BOUND('',#7034,.T.);
#7036=CARTESIAN_POINT('',(0.1006,-0.005,0.013));
#7037=DIRECTION('',(0.9914438363,-0.1305339784,0.0000000001));
#7038=DIRECTION('',(0.005350338,0.0406373852,-0.9991596353));
#7039=AXIS2_PLACEMENT_3D('',#7036,#7037,#7038);
#7040=PLANE('',#7039);
#7041=ADVANCED_FACE('no 2916',(#7035),#7040,.T.);
#7042=ORIENTED_EDGE('no 9353',*,*,#6614,.F.);
#7043=ORIENTED_EDGE('no 9354',*,*,#6637,.F.);
#7044=CARTESIAN_POINT('',(0.1006,0.0758,-0.001));
#7045=DIRECTION('',(-0.7876069551,-0.6161779648,0.0));
#7046=VECTOR('',#7045,1.0);
#7047=LINE('',#7044,#7046);
#7048=EDGE_CURVE('no 9352',#6626,#4076,#7047,.T.);
#7049=ORIENTED_EDGE('no 9355',*,*,#7048,.T.);
#7050=EDGE_LOOP('',(#7042,#7043,#7049));
#7051=FACE_OUTER_BOUND('',#7050,.T.);
#7052=CARTESIAN_POINT('',(-0.00249468,-0.00485533,-0.001));
#7053=DIRECTION('',(0.0,0.0,-1.0));
#7054=DIRECTION('',(0.7857153241,0.6185882552,0.0));
#7055=AXIS2_PLACEMENT_3D('',#7052,#7053,#7054);
#7056=PLANE('',#7055);
#7057=ADVANCED_FACE('no 9363',(#7051),#7056,.T.);
#7058=CARTESIAN_POINT('',(0.1006,0.0758,-0.001));
#7059=DIRECTION('',(0.005350338,-0.040637485,0.9991596312));
#7060=VECTOR('',#7059,1.0);
#7061=LINE('',#7058,#7060);
#7062=EDGE_CURVE('no 3682',#6626,#7005,#7061,.T.);
#7063=ORIENTED_EDGE('no 3718',*,*,#7062,.F.);
#7064=ORIENTED_EDGE('no 3719',*,*,#6631,.T.);
#7065=ORIENTED_EDGE('no 3720',*,*,#7016,.T.);
#7066=EDGE_LOOP('',(#7063,#7064,#7065));
#7067=FACE_OUTER_BOUND('',#7066,.T.);
#7068=CARTESIAN_POINT('',(0.100675,0.0752306,0.013));
#7069=DIRECTION('',(0.9914438363,0.1305339779,0.0000000129));
#7070=DIRECTION('',(-0.005350338,0.040637485,-0.9991596312));
#7071=AXIS2_PLACEMENT_3D('',#7068,#7069,#7070);
#7072=PLANE('',#7071);
#7073=ADVANCED_FACE('no 3728',(#7067),#7072,.T.);
#7074=CARTESIAN_POINT('',(-0.0044306,0.073675,-0.001));
#7075=VERTEX_POINT('',#7074);
#7076=CARTESIAN_POINT('',(-0.005,0.0736,0.013));
#7077=DIRECTION('',(0.0406373853,0.0053498081,-0.9991596381));
#7078=VECTOR('',#7077,1.0);
#7079=LINE('',#7076,#7078);
#7080=EDGE_CURVE('no 1072',#6649,#7075,#7079,.T.);
#7081=ORIENTED_EDGE('no 1085',*,*,#7080,.T.);
#7082=CARTESIAN_POINT('',(-0.0044306,0.073675,-0.001));
#7083=DIRECTION('',(-0.9914455527,-0.1305209411,0.0));
#7084=VECTOR('',#7083,1.0);
#7085=LINE('',#7082,#7084);
#7086=EDGE_CURVE('no 1078',#7075,#6146,#7085,.T.);
#7087=ORIENTED_EDGE('no 1086',*,*,#7086,.T.);
#7088=ORIENTED_EDGE('no 1087',*,*,#6660,.T.);
#7089=EDGE_LOOP('',(#7081,#7087,#7088));
#7090=FACE_OUTER_BOUND('',#7089,.T.);
#7091=CARTESIAN_POINT('',(-0.005,0.0736,0.013));
#7092=DIRECTION('',(-0.1305209417,0.9914455526,0.0000000136));
#7093=DIRECTION('',(0.0406373853,0.0053498081,-0.9991596381));
#7094=AXIS2_PLACEMENT_3D('',#7091,#7092,#7093);
#7095=PLANE('',#7094);
#7096=ADVANCED_FACE('no 1095',(#7090),#7095,.T.);
#7097=ORIENTED_EDGE('no 10061',*,*,#6677,.F.);
#7098=CARTESIAN_POINT('',(-0.00249468,-0.00485533,-0.001));
#7099=DIRECTION('',(0.9999990154,-0.0014032718,0.0));
#7100=VECTOR('',#7099,1.0);
#7101=LINE('',#7098,#7100);
#7102=EDGE_CURVE('no 10060',#4076,#6563,#7101,.T.);
#7103=ORIENTED_EDGE('no 10062',*,*,#7102,.T.);
#7104=ORIENTED_EDGE('no 10063',*,*,#6970,.F.);
#7105=EDGE_LOOP('',(#7097,#7103,#7104));
#7106=FACE_OUTER_BOUND('',#7105,.T.);
#7107=CARTESIAN_POINT('',(0.100675,-0.0055694,-0.001));
#7108=DIRECTION('',(0.0,0.0,-1.0));
#7109=DIRECTION('',(-0.9999760483,0.0069211903,0.0));
#7110=AXIS2_PLACEMENT_3D('',#7107,#7108,#7109);
#7111=PLANE('',#7110);
#7112=ADVANCED_FACE('no 10071',(#7106),#7111,.T.);
#7113=ORIENTED_EDGE('no 2761',*,*,#6947,.T.);
#7114=ORIENTED_EDGE('no 2762',*,*,#6792,.F.);
#7115=ORIENTED_EDGE('no 2763',*,*,#6683,.T.);
#7116=EDGE_LOOP('',(#7113,#7114,#7115));
#7117=FACE_OUTER_BOUND('',#7116,.T.);
#7118=CARTESIAN_POINT('',(0.100675,-0.0055694,-0.001));
#7119=DIRECTION('',(0.9238818141,0.382677924,-0.0000000234));
#7120=DIRECTION('',(0.0156851944,-0.0378679864,0.999159642));
#7121=AXIS2_PLACEMENT_3D('',#7118,#7119,#7120);
#7122=PLANE('',#7121);
#7123=ADVANCED_FACE('no 2771',(#7117),#7122,.T.);
#7124=CARTESIAN_POINT('',(0.103369,-0.00287496,-0.001));
#7125=VERTEX_POINT('',#7124);
#7126=CARTESIAN_POINT('',(0.1039,0.0738947,-0.001));
#7127=DIRECTION('',(-0.0069114208,-0.9999761158,0.0));
#7128=VECTOR('',#7127,1.0);
#7129=LINE('',#7126,#7128);
#7130=EDGE_CURVE('no 10629',#6710,#7125,#7129,.T.);
#7131=ORIENTED_EDGE('no 10653',*,*,#7130,.F.);
#7132=ORIENTED_EDGE('no 10654',*,*,#6715,.T.);
#7133=CARTESIAN_POINT('',(0.103369,-0.00287496,-0.001));
#7134=DIRECTION('',(0.9238801074,-0.3826820445,0.0));
#7135=VECTOR('',#7134,1.0);
#7136=LINE('',#7133,#7135);
#7137=EDGE_CURVE('no 1890',#7125,#6287,#7136,.T.);
#7138=ORIENTED_EDGE('no 10655',*,*,#7137,.F.);
#7139=EDGE_LOOP('',(#7131,#7132,#7138));
#7140=FACE_OUTER_BOUND('',#7139,.T.);
#7141=CARTESIAN_POINT('',(0.103369,-0.00287496,-0.001));
#7142=DIRECTION('',(0.0,0.0,-1.0));
#7143=DIRECTION('',(0.0069114208,0.9999761158,0.0));
#7144=AXIS2_PLACEMENT_3D('',#7141,#7142,#7143);
#7145=PLANE('',#7144);
#7146=ADVANCED_FACE('no 10663',(#7140),#7145,.T.);
#7147=CARTESIAN_POINT('',(0.1039,-0.00309474,0.013));
#7148=DIRECTION('',(-0.0378966565,0.0156853619,-0.9991585524));
#7149=VECTOR('',#7148,1.0);
#7150=LINE('',#7147,#7149);
#7151=EDGE_CURVE('no 1884',#6734,#7125,#7150,.T.);
#7152=ORIENTED_EDGE('no 1897',*,*,#7151,.T.);
#7153=ORIENTED_EDGE('no 1898',*,*,#7137,.T.);
#7154=ORIENTED_EDGE('no 1899',*,*,#6745,.T.);
#7155=EDGE_LOOP('',(#7152,#7153,#7154));
#7156=FACE_OUTER_BOUND('',#7155,.T.);
#7157=CARTESIAN_POINT('',(0.1039,-0.00309474,0.013));
#7158=DIRECTION('',(-0.3826820425,-0.9238801082,0.0000000511));
#7159=DIRECTION('',(-0.037868186,0.0156853942,-0.9991596313));
#7160=AXIS2_PLACEMENT_3D('',#7157,#7158,#7159);
#7161=PLANE('',#7160);
#7162=ADVANCED_FACE('no 1907',(#7156),#7161,.T.);
#7163=CARTESIAN_POINT('',(0.103369,0.073675,0.013));
#7164=VERTEX_POINT('',#7163);
#7165=CARTESIAN_POINT('',(0.1039,-0.00309474,0.013));
#7166=DIRECTION('',(-0.0069166223,0.9999760799,0.0));
#7167=VECTOR('',#7166,1.0);
#7168=LINE('',#7165,#7167);
#7169=EDGE_CURVE('no 7964',#6734,#7164,#7168,.T.);
#7170=ORIENTED_EDGE('no 7988',*,*,#7169,.F.);
#7171=ORIENTED_EDGE('no 7989',*,*,#6759,.T.);
#7172=CARTESIAN_POINT('',(0.103369,0.073675,0.013));
#7173=DIRECTION('',(0.9240316718,0.382315929,0.0));
#7174=VECTOR('',#7173,1.0);
#7175=LINE('',#7172,#7174);
#7176=EDGE_CURVE('no 3311',#7164,#6326,#7175,.T.);
#7177=ORIENTED_EDGE('no 7990',*,*,#7176,.F.);
#7178=EDGE_LOOP('',(#7170,#7171,#7177));
#7179=FACE_OUTER_BOUND('',#7178,.T.);
#7180=CARTESIAN_POINT('',(0.103369,0.073675,0.013));
#7181=DIRECTION('',(-0.0,0.0,1.0));
#7182=DIRECTION('',(0.0069114208,-0.9999761158,0.0));
#7183=AXIS2_PLACEMENT_3D('',#7180,#7181,#7182);
#7184=PLANE('',#7183);
#7185=ADVANCED_FACE('no 7998',(#7179),#7184,.T.);
#7186=CARTESIAN_POINT('',(0.103369,0.073675,0.013));
#7187=DIRECTION('',(0.0378681858,0.0156856941,-0.9991596266));
#7188=VECTOR('',#7187,1.0);
#7189=LINE('',#7186,#7188);
#7190=EDGE_CURVE('no 3276',#7164,#6710,#7189,.T.);
#7191=ORIENTED_EDGE('no 3312',*,*,#7190,.F.);
#7192=ORIENTED_EDGE('no 3313',*,*,#7176,.T.);
#7193=ORIENTED_EDGE('no 3314',*,*,#6777,.F.);
#7194=EDGE_LOOP('',(#7191,#7192,#7193));
#7195=FACE_OUTER_BOUND('',#7194,.T.);
#7196=CARTESIAN_POINT('',(0.1039,0.0738947,-0.001));
#7197=DIRECTION('',(-0.3826870196,0.9238780466,0.0000000053));
#7198=DIRECTION('',(-0.0378681858,-0.0156856941,0.9991596266));
#7199=AXIS2_PLACEMENT_3D('',#7196,#7197,#7198);
#7200=PLANE('',#7199);
#7201=ADVANCED_FACE('no 3322',(#7195),#7200,.T.);
#7202=ORIENTED_EDGE('no 6146',*,*,#6808,.F.);
#7203=ORIENTED_EDGE('no 6147',*,*,#6854,.F.);
#7204=CARTESIAN_POINT('',(-0.00483459,-0.00280476,0.013));
#7205=DIRECTION('',(-0.0021649124,0.9999976566,0.0));
#7206=VECTOR('',#7205,1.0);
#7207=LINE('',#7204,#7206);
#7208=EDGE_CURVE('no 6145',#6843,#6649,#7207,.T.);
#7209=ORIENTED_EDGE('no 6148',*,*,#7208,.T.);
#7210=EDGE_LOOP('',(#7202,#7203,#7209));
#7211=FACE_OUTER_BOUND('',#7210,.T.);
#7212=CARTESIAN_POINT('',(-0.005,0.0736,0.013));
#7213=DIRECTION('',(0.0,0.0,1.0));
#7214=DIRECTION('',(-0.0051991525,-0.9999864843,0.0));
#7215=AXIS2_PLACEMENT_3D('',#7212,#7213,#7214);
#7216=PLANE('',#7215);
#7217=ADVANCED_FACE('no 6156',(#7211),#7216,.T.);
#7218=ORIENTED_EDGE('no 11084',*,*,#6826,.F.);
#7219=ORIENTED_EDGE('no 11085',*,*,#7086,.F.);
#7220=CARTESIAN_POINT('',(-0.0044306,0.073675,-0.001));
#7221=DIRECTION('',(-0.0052822503,-0.9999860488,0.0));
#7222=VECTOR('',#7221,1.0);
#7223=LINE('',#7220,#7222);
#7224=EDGE_CURVE('no 11083',#7075,#6821,#7223,.T.);
#7225=ORIENTED_EDGE('no 11086',*,*,#7224,.T.);
#7226=EDGE_LOOP('',(#7218,#7219,#7225));
#7227=FACE_OUTER_BOUND('',#7226,.T.);
#7228=CARTESIAN_POINT('',(-0.00483459,-0.00280476,-0.001));
#7229=DIRECTION('',(0.0,0.0,-1.0));
#7230=DIRECTION('',(-0.0021649293,0.9999976565,0.0));
#7231=AXIS2_PLACEMENT_3D('',#7228,#7229,#7230);
#7232=PLANE('',#7231);
#7233=ADVANCED_FACE('no 11094',(#7227),#7232,.T.);
#7234=ORIENTED_EDGE('no 4681',*,*,#6848,.T.);
#7235=ORIENTED_EDGE('no 4682',*,*,#6832,.T.);
#7236=CARTESIAN_POINT('',(-0.00483459,-0.00280476,-0.001));
#7237=DIRECTION('',(0.0,0.0,1.0));
#7238=VECTOR('',#7237,1.0);
#7239=LINE('',#7236,#7238);
#7240=EDGE_CURVE('no 4680',#6821,#6843,#7239,.T.);
#7241=ORIENTED_EDGE('no 4683',*,*,#7240,.T.);
#7242=EDGE_LOOP('',(#7234,#7235,#7241));
#7243=FACE_OUTER_BOUND('',#7242,.T.);
#7244=CARTESIAN_POINT('',(-0.00483459,-0.00280476,0.013));
#7245=DIRECTION('',(0.1954410881,-0.9807154435,-0.0000000063));
#7246=DIRECTION('',(-0.0401975854,-0.0080107371,-0.999159638));
#7247=AXIS2_PLACEMENT_3D('',#7244,#7245,#7246);
#7248=PLANE('',#7247);
#7249=ADVANCED_FACE('no 4691',(#7243),#7248,.T.);
#7250=CARTESIAN_POINT('',(-0.00344436,0.0742444,-0.001));
#7251=DIRECTION('',(-0.0035359778,-0.9999937484,0.0));
#7252=VECTOR('',#7251,1.0);
#7253=LINE('',#7250,#7252);
#7254=EDGE_CURVE('no 11175',#6508,#6921,#7253,.T.);
#7255=ORIENTED_EDGE('no 11199',*,*,#7254,.F.);
#7256=ORIENTED_EDGE('no 11200',*,*,#6869,.T.);
#7257=ORIENTED_EDGE('no 11201',*,*,#6932,.F.);
#7258=EDGE_LOOP('',(#7255,#7256,#7257));
#7259=FACE_OUTER_BOUND('',#7258,.T.);
#7260=CARTESIAN_POINT('',(-0.00371759,-0.00302653,-0.001));
#7261=DIRECTION('',(0.0,0.0,-1.0));
#7262=DIRECTION('',(0.0035358791,0.9999937488,0.0));
#7263=AXIS2_PLACEMENT_3D('',#7260,#7261,#7262);
#7264=PLANE('',#7263);
#7265=ADVANCED_FACE('no 11209',(#7259),#7264,.T.);
#7266=CARTESIAN_POINT('',(-0.0039,0.0738947,0.013));
#7267=VERTEX_POINT('',#7266);
#7268=CARTESIAN_POINT('',(-0.00371759,-0.00302653,0.013));
#7269=DIRECTION('',(-0.0023713803,0.9999971883,0.0));
#7270=VECTOR('',#7269,1.0);
#7271=LINE('',#7268,#7270);
#7272=EDGE_CURVE('no 6237',#6882,#7267,#7271,.T.);
#7273=ORIENTED_EDGE('no 6261',*,*,#7272,.F.);
#7274=ORIENTED_EDGE('no 6262',*,*,#6887,.T.);
#7275=CARTESIAN_POINT('',(-0.0039,0.0738947,0.013));
#7276=DIRECTION('',(0.7932901612,0.6088437568,0.0));
#7277=VECTOR('',#7276,1.0);
#7278=LINE('',#7275,#7277);
#7279=EDGE_CURVE('no 991',#7267,#6485,#7278,.T.);
#7280=ORIENTED_EDGE('no 6263',*,*,#7279,.F.);
#7281=EDGE_LOOP('',(#7273,#7274,#7280));
#7282=FACE_OUTER_BOUND('',#7281,.T.);
#7283=CARTESIAN_POINT('',(-0.0039,0.0738947,0.013));
#7284=DIRECTION('',(-0.0,0.0,1.0));
#7285=DIRECTION('',(0.0023714104,-0.9999971882,0.0));
#7286=AXIS2_PLACEMENT_3D('',#7283,#7284,#7285);
#7287=PLANE('',#7286);
#7288=ADVANCED_FACE('no 6271',(#7282),#7287,.T.);
#7289=ORIENTED_EDGE('no 4878',*,*,#6926,.F.);
#7290=ORIENTED_EDGE('no 4879',*,*,#6893,.T.);
#7291=CARTESIAN_POINT('',(-0.00371759,-0.00302653,-0.001));
#7292=DIRECTION('',(0.0,0.0,1.0));
#7293=VECTOR('',#7292,1.0);
#7294=LINE('',#7291,#7293);
#7295=EDGE_CURVE('no 4796',#6921,#6882,#7294,.T.);
#7296=ORIENTED_EDGE('no 4880',*,*,#7295,.F.);
#7297=EDGE_LOOP('',(#7289,#7290,#7296));
#7298=FACE_OUTER_BOUND('',#7297,.T.);
#7299=CARTESIAN_POINT('',(-0.00371759,-0.00302653,-0.001));
#7300=DIRECTION('',(-0.5552730622,-0.8316680987,0.0000000758));
#7301=DIRECTION('',(0.0340884876,-0.0227594917,0.9991596372));
#7302=AXIS2_PLACEMENT_3D('',#7299,#7300,#7301);
#7303=PLANE('',#7302);
#7304=ADVANCED_FACE('no 4888',(#7298),#7303,.T.);
#7305=CARTESIAN_POINT('',(-0.0039,0.0738947,0.013));
#7306=DIRECTION('',(0.0325183591,0.0249575766,-0.9991594846));
#7307=VECTOR('',#7306,1.0);
#7308=LINE('',#7305,#7307);
#7309=EDGE_CURVE('no 956',#7267,#6508,#7308,.T.);
#7310=ORIENTED_EDGE('no 992',*,*,#7309,.F.);
#7311=ORIENTED_EDGE('no 993',*,*,#7279,.T.);
#7312=ORIENTED_EDGE('no 994',*,*,#6909,.F.);
#7313=EDGE_LOOP('',(#7310,#7311,#7312));
#7314=FACE_OUTER_BOUND('',#7313,.T.);
#7315=CARTESIAN_POINT('',(-0.00344436,0.0742444,-0.001));
#7316=DIRECTION('',(-0.6087590989,0.7933551282,0.0000000101));
#7317=DIRECTION('',(-0.0325179883,-0.024951791,0.9991596412));
#7318=AXIS2_PLACEMENT_3D('',#7315,#7316,#7317);
#7319=PLANE('',#7318);
#7320=ADVANCED_FACE('no 1002',(#7314),#7319,.T.);
#7321=CARTESIAN_POINT('',(0.100675,0.0752306,-0.001));
#7322=VERTEX_POINT('',#7321);
#7323=CARTESIAN_POINT('',(0.100675,0.0752306,-0.001));
#7324=DIRECTION('',(-0.000934805,-0.9999995631,0.0));
#7325=VECTOR('',#7324,1.0);
#7326=LINE('',#7323,#7325);
#7327=EDGE_CURVE('no 10307',#7322,#6563,#7326,.T.);
#7328=ORIENTED_EDGE('no 10331',*,*,#7327,.F.);
#7329=CARTESIAN_POINT('',(0.100675,0.0752306,-0.001));
#7330=DIRECTION('',(0.0,-1.0,0.0));
#7331=VECTOR('',#7330,1.0);
#7332=LINE('',#7329,#7331);
#7333=EDGE_CURVE('no 10330',#7322,#6981,#7332,.T.);
#7334=ORIENTED_EDGE('no 10332',*,*,#7333,.T.);
#7335=ORIENTED_EDGE('no 10333',*,*,#6993,.F.);
#7336=EDGE_LOOP('',(#7328,#7334,#7335));
#7337=FACE_OUTER_BOUND('',#7336,.T.);
#7338=CARTESIAN_POINT('',(0.1006,-0.005,-0.001));
#7339=DIRECTION('',(0.0,0.0,-1.0));
#7340=DIRECTION('',(0.0009344026,0.9999995634,0.0));
#7341=AXIS2_PLACEMENT_3D('',#7338,#7339,#7340);
#7342=PLANE('',#7341);
#7343=ADVANCED_FACE('no 10341',(#7337),#7342,.T.);
#7344=ORIENTED_EDGE('no 7689',*,*,#7010,.F.);
#7345=CARTESIAN_POINT('',(0.100895,-0.0039,0.013));
#7346=VERTEX_POINT('',#7345);
#7347=CARTESIAN_POINT('',(0.100895,-0.0039,0.013));
#7348=DIRECTION('',(-0.3830077761,-0.9237451182,0.0));
#7349=VECTOR('',#7348,1.0);
#7350=LINE('',#7347,#7349);
#7351=EDGE_CURVE('no 2963',#7346,#6586,#7350,.T.);
#7352=ORIENTED_EDGE('no 7690',*,*,#7351,.F.);
#7353=CARTESIAN_POINT('',(0.100895,-0.0039,0.013));
#7354=DIRECTION('',(-0.0027802032,0.9999961352,0.0));
#7355=VECTOR('',#7354,1.0);
#7356=LINE('',#7353,#7355);
#7357=EDGE_CURVE('no 7688',#7346,#7005,#7356,.T.);
#7358=ORIENTED_EDGE('no 7691',*,*,#7357,.T.);
#7359=EDGE_LOOP('',(#7344,#7352,#7358));
#7360=FACE_OUTER_BOUND('',#7359,.T.);
#7361=CARTESIAN_POINT('',(0.100675,0.0752306,0.013));
#7362=DIRECTION('',(0.0,0.0,1.0));
#7363=DIRECTION('',(0.0,-1.0,0.0));
#7364=AXIS2_PLACEMENT_3D('',#7361,#7362,#7363);
#7365=PLANE('',#7364);
#7366=ADVANCED_FACE('no 7699',(#7360),#7365,.T.);
#7367=CARTESIAN_POINT('',(0.100895,-0.0039,-0.001));
#7368=VERTEX_POINT('',#7367);
#7369=CARTESIAN_POINT('',(0.100895,-0.0039,-0.001));
#7370=DIRECTION('',(-0.0156851944,-0.0378679864,0.999159642));
#7371=VECTOR('',#7370,1.0);
#7372=LINE('',#7369,#7371);
#7373=EDGE_CURVE('no 2928',#7368,#6586,#7372,.T.);
#7374=ORIENTED_EDGE('no 2935',*,*,#7373,.T.);
#7375=ORIENTED_EDGE('no 2936',*,*,#7031,.F.);
#7376=CARTESIAN_POINT('',(0.100675,-0.0044306,-0.001));
#7377=DIRECTION('',(0.3830077761,0.9237451182,0.0));
#7378=VECTOR('',#7377,1.0);
#7379=LINE('',#7376,#7378);
#7380=EDGE_CURVE('no 2934',#6981,#7368,#7379,.T.);
#7381=ORIENTED_EDGE('no 2937',*,*,#7380,.T.);
#7382=EDGE_LOOP('',(#7374,#7375,#7381));
#7383=FACE_OUTER_BOUND('',#7382,.T.);
#7384=CARTESIAN_POINT('',(0.100895,-0.0039,-0.001));
#7385=DIRECTION('',(0.9238818141,-0.382677924,0.0000000234));
#7386=DIRECTION('',(-0.0156851944,-0.0378679864,0.999159642));
#7387=AXIS2_PLACEMENT_3D('',#7384,#7385,#7386);
#7388=PLANE('',#7387);
#7389=ADVANCED_FACE('no 2945',(#7383),#7388,.T.);
#7390=ORIENTED_EDGE('no 10084',*,*,#7102,.F.);
#7391=ORIENTED_EDGE('no 10085',*,*,#7048,.F.);
#7392=CARTESIAN_POINT('',(0.1006,0.0758,-0.001));
#7393=DIRECTION('',(0.0,-1.0,0.0));
#7394=VECTOR('',#7393,1.0);
#7395=LINE('',#7392,#7394);
#7396=EDGE_CURVE('no 10083',#6626,#6563,#7395,.T.);
#7397=ORIENTED_EDGE('no 10086',*,*,#7396,.T.);
#7398=EDGE_LOOP('',(#7390,#7391,#7397));
#7399=FACE_OUTER_BOUND('',#7398,.T.);
#7400=CARTESIAN_POINT('',(0.1006,-0.005,-0.001));
#7401=DIRECTION('',(0.0,0.0,-1.0));
#7402=DIRECTION('',(-0.9999990154,0.00140329,0.0));
#7403=AXIS2_PLACEMENT_3D('',#7400,#7401,#7402);
#7404=PLANE('',#7403);
#7405=ADVANCED_FACE('no 10094',(#7399),#7404,.T.);
#7406=ORIENTED_EDGE('no 3689',*,*,#7062,.T.);
#7407=CARTESIAN_POINT('',(0.100675,0.0752306,-0.001));
#7408=DIRECTION('',(0.0,0.0,1.0));
#7409=VECTOR('',#7408,1.0);
#7410=LINE('',#7407,#7409);
#7411=EDGE_CURVE('no 3653',#7322,#7005,#7410,.T.);
#7412=ORIENTED_EDGE('no 3690',*,*,#7411,.F.);
#7413=CARTESIAN_POINT('',(0.100675,0.0752306,-0.001));
#7414=DIRECTION('',(-0.1305896347,0.9914365069,0.0));
#7415=VECTOR('',#7414,1.0);
#7416=LINE('',#7413,#7415);
#7417=EDGE_CURVE('no 3688',#7322,#6626,#7416,.T.);
#7418=ORIENTED_EDGE('no 3691',*,*,#7417,.T.);
#7419=EDGE_LOOP('',(#7406,#7412,#7418));
#7420=FACE_OUTER_BOUND('',#7419,.T.);
#7421=CARTESIAN_POINT('',(0.1006,0.0758,-0.001));
#7422=DIRECTION('',(0.9914438363,0.1305339779,0.0000000129));
#7423=DIRECTION('',(0.005350338,-0.040637485,0.9991596312));
#7424=AXIS2_PLACEMENT_3D('',#7421,#7422,#7423);
#7425=PLANE('',#7424);
#7426=ADVANCED_FACE('no 3699',(#7420),#7425,.T.);
#7427=ORIENTED_EDGE('no 1108',*,*,#7080,.F.);
#7428=CARTESIAN_POINT('',(-0.0044306,0.073675,0.013));
#7429=VERTEX_POINT('',#7428);
#7430=CARTESIAN_POINT('',(-0.005,0.0736,0.013));
#7431=DIRECTION('',(0.9914365069,0.1305896347,0.0));
#7432=VECTOR('',#7431,1.0);
#7433=LINE('',#7430,#7432);
#7434=EDGE_CURVE('no 1107',#6649,#7429,#7433,.T.);
#7435=ORIENTED_EDGE('no 1109',*,*,#7434,.T.);
#7436=CARTESIAN_POINT('',(-0.0044306,0.073675,-0.001));
#7437=DIRECTION('',(0.0,0.0,1.0));
#7438=VECTOR('',#7437,1.0);
#7439=LINE('',#7436,#7438);
#7440=EDGE_CURVE('no 1026',#7075,#7429,#7439,.T.);
#7441=ORIENTED_EDGE('no 1110',*,*,#7440,.F.);
#7442=EDGE_LOOP('',(#7427,#7435,#7441));
#7443=FACE_OUTER_BOUND('',#7442,.T.);
#7444=CARTESIAN_POINT('',(-0.0044306,0.073675,-0.001));
#7445=DIRECTION('',(-0.1305209417,0.9914455526,0.0000000136));
#7446=DIRECTION('',(-0.0406373853,-0.0053498081,0.9991596381));
#7447=AXIS2_PLACEMENT_3D('',#7444,#7445,#7446);
#7448=PLANE('',#7447);
#7449=ADVANCED_FACE('no 1118',(#7443),#7448,.T.);
#7450=CARTESIAN_POINT('',(0.103369,0.073675,-0.001));
#7451=VERTEX_POINT('',#7450);
#7452=CARTESIAN_POINT('',(0.103369,0.073675,-0.001));
#7453=DIRECTION('',(0.0,-1.0,0.0));
#7454=VECTOR('',#7453,1.0);
#7455=LINE('',#7452,#7454);
#7456=EDGE_CURVE('no 10606',#7451,#7125,#7455,.T.);
#7457=ORIENTED_EDGE('no 10630',*,*,#7456,.F.);
#7458=CARTESIAN_POINT('',(0.1039,0.0738947,-0.001));
#7459=DIRECTION('',(-0.9238780467,-0.3826870194,0.0));
#7460=VECTOR('',#7459,1.0);
#7461=LINE('',#7458,#7460);
#7462=EDGE_CURVE('no 3282',#6710,#7451,#7461,.T.);
#7463=ORIENTED_EDGE('no 10631',*,*,#7462,.F.);
#7464=ORIENTED_EDGE('no 10632',*,*,#7130,.T.);
#7465=EDGE_LOOP('',(#7457,#7463,#7464));
#7466=FACE_OUTER_BOUND('',#7465,.T.);
#7467=CARTESIAN_POINT('',(0.103369,-0.00287496,-0.001));
#7468=DIRECTION('',(0.0,0.0,-1.0));
#7469=DIRECTION('',(0.0,1.0,0.0));
#7470=AXIS2_PLACEMENT_3D('',#7467,#7468,#7469);
#7471=PLANE('',#7470);
#7472=ADVANCED_FACE('no 10640',(#7466),#7471,.T.);
#7473=ORIENTED_EDGE('no 1920',*,*,#7151,.F.);
#7474=CARTESIAN_POINT('',(0.103369,-0.00287496,0.013));
#7475=VERTEX_POINT('',#7474);
#7476=CARTESIAN_POINT('',(0.1039,-0.00309474,0.013));
#7477=DIRECTION('',(-0.9238801074,0.3826820445,0.0));
#7478=VECTOR('',#7477,1.0);
#7479=LINE('',#7476,#7478);
#7480=EDGE_CURVE('no 1919',#6734,#7475,#7479,.T.);
#7481=ORIENTED_EDGE('no 1921',*,*,#7480,.T.);
#7482=CARTESIAN_POINT('',(0.103369,-0.00287496,-0.001));
#7483=DIRECTION('',(0.0,0.0,1.0));
#7484=VECTOR('',#7483,1.0);
#7485=LINE('',#7482,#7484);
#7486=EDGE_CURVE('no 1838',#7125,#7475,#7485,.T.);
#7487=ORIENTED_EDGE('no 1922',*,*,#7486,.F.);
#7488=EDGE_LOOP('',(#7473,#7481,#7487));
#7489=FACE_OUTER_BOUND('',#7488,.T.);
#7490=CARTESIAN_POINT('',(0.103369,-0.00287496,-0.001));
#7491=DIRECTION('',(-0.3826820425,-0.9238801082,0.0000000511));
#7492=DIRECTION('',(0.037868186,-0.0156853942,0.9991596313));
#7493=AXIS2_PLACEMENT_3D('',#7490,#7491,#7492);
#7494=PLANE('',#7493);
#7495=ADVANCED_FACE('no 1930',(#7489),#7494,.T.);
#7496=CARTESIAN_POINT('',(0.103369,-0.00287496,0.013));
#7497=DIRECTION('',(0.0,1.0,0.0));
#7498=VECTOR('',#7497,1.0);
#7499=LINE('',#7496,#7498);
#7500=EDGE_CURVE('no 7941',#7475,#7164,#7499,.T.);
#7501=ORIENTED_EDGE('no 7965',*,*,#7500,.F.);
#7502=ORIENTED_EDGE('no 7966',*,*,#7480,.F.);
#7503=ORIENTED_EDGE('no 7967',*,*,#7169,.T.);
#7504=EDGE_LOOP('',(#7501,#7502,#7503));
#7505=FACE_OUTER_BOUND('',#7504,.T.);
#7506=CARTESIAN_POINT('',(0.103369,0.073675,0.013));
#7507=DIRECTION('',(0.0,0.0,1.0));
#7508=DIRECTION('',(0.0,-1.0,0.0));
#7509=AXIS2_PLACEMENT_3D('',#7506,#7507,#7508);
#7510=PLANE('',#7509);
#7511=ADVANCED_FACE('no 7975',(#7505),#7510,.T.);
#7512=ORIENTED_EDGE('no 3289',*,*,#7190,.T.);
#7513=ORIENTED_EDGE('no 3290',*,*,#7462,.T.);
#7514=CARTESIAN_POINT('',(0.103369,0.073675,-0.001));
#7515=DIRECTION('',(0.0,0.0,1.0));
#7516=VECTOR('',#7515,1.0);
#7517=LINE('',#7514,#7516);
#7518=EDGE_CURVE('no 3288',#7451,#7164,#7517,.T.);
#7519=ORIENTED_EDGE('no 3291',*,*,#7518,.T.);
#7520=EDGE_LOOP('',(#7512,#7513,#7519));
#7521=FACE_OUTER_BOUND('',#7520,.T.);
#7522=CARTESIAN_POINT('',(0.103369,0.073675,0.013));
#7523=DIRECTION('',(-0.3826870196,0.9238780466,0.0000000053));
#7524=DIRECTION('',(0.0378681858,0.0156856941,-0.9991596266));
#7525=AXIS2_PLACEMENT_3D('',#7522,#7523,#7524);
#7526=PLANE('',#7525);
#7527=ADVANCED_FACE('no 3299',(#7521),#7526,.T.);
#7528=ORIENTED_EDGE('no 6169',*,*,#7208,.F.);
#7529=CARTESIAN_POINT('',(-0.00483459,-0.00280476,0.013));
#7530=DIRECTION('',(0.0052822389,0.9999860489,0.0));
#7531=VECTOR('',#7530,1.0);
#7532=LINE('',#7529,#7531);
#7533=EDGE_CURVE('no 6168',#6843,#7429,#7532,.T.);
#7534=ORIENTED_EDGE('no 6170',*,*,#7533,.T.);
#7535=ORIENTED_EDGE('no 6171',*,*,#7434,.F.);
#7536=EDGE_LOOP('',(#7528,#7534,#7535));
#7537=FACE_OUTER_BOUND('',#7536,.T.);
#7538=CARTESIAN_POINT('',(-0.005,0.0736,0.013));
#7539=DIRECTION('',(-0.0,0.0,1.0));
#7540=DIRECTION('',(0.0021649293,-0.9999976565,0.0));
#7541=AXIS2_PLACEMENT_3D('',#7538,#7539,#7540);
#7542=PLANE('',#7541);
#7543=ADVANCED_FACE('no 6179',(#7537),#7542,.T.);
#7544=ORIENTED_EDGE('no 11107',*,*,#7224,.F.);
#7545=CARTESIAN_POINT('',(-0.00426149,-0.00284212,-0.001));
#7546=VERTEX_POINT('',#7545);
#7547=CARTESIAN_POINT('',(-0.0044306,0.073675,-0.001));
#7548=DIRECTION('',(0.002210069,-0.9999975578,0.0));
#7549=VECTOR('',#7548,1.0);
#7550=LINE('',#7547,#7549);
#7551=EDGE_CURVE('no 11106',#7075,#7546,#7550,.T.);
#7552=ORIENTED_EDGE('no 11108',*,*,#7551,.T.);
#7553=CARTESIAN_POINT('',(-0.00483459,-0.00280476,-0.001));
#7554=DIRECTION('',(0.9978822589,-0.0650461169,0.0));
#7555=VECTOR('',#7554,1.0);
#7556=LINE('',#7553,#7555);
#7557=EDGE_CURVE('no 4732',#6821,#7546,#7556,.T.);
#7558=ORIENTED_EDGE('no 11109',*,*,#7557,.F.);
#7559=EDGE_LOOP('',(#7544,#7552,#7558));
#7560=FACE_OUTER_BOUND('',#7559,.T.);
#7561=CARTESIAN_POINT('',(-0.00483459,-0.00280476,-0.001));
#7562=DIRECTION('',(0.0,0.0,-1.0));
#7563=DIRECTION('',(0.0052822503,0.9999860488,0.0));
#7564=AXIS2_PLACEMENT_3D('',#7561,#7562,#7563);
#7565=PLANE('',#7564);
#7566=ADVANCED_FACE('no 11117',(#7560),#7565,.T.);
#7567=CARTESIAN_POINT('',(-0.00426149,-0.00284212,0.013));
#7568=VERTEX_POINT('',#7567);
#7569=CARTESIAN_POINT('',(-0.00426149,-0.00284212,0.013));
#7570=DIRECTION('',(-0.0409013133,0.0026663289,-0.9991596335));
#7571=VECTOR('',#7570,1.0);
#7572=LINE('',#7569,#7571);
#7573=EDGE_CURVE('no 4726',#7568,#6821,#7572,.T.);
#7574=ORIENTED_EDGE('no 4762',*,*,#7573,.F.);
#7575=CARTESIAN_POINT('',(-0.00426149,-0.00284212,0.013));
#7576=DIRECTION('',(-0.9978822589,0.0650461169,0.0));
#7577=VECTOR('',#7576,1.0);
#7578=LINE('',#7575,#7577);
#7579=EDGE_CURVE('no 4761',#7568,#6843,#7578,.T.);
#7580=ORIENTED_EDGE('no 4763',*,*,#7579,.T.);
#7581=ORIENTED_EDGE('no 4764',*,*,#7240,.F.);
#7582=EDGE_LOOP('',(#7574,#7580,#7581));
#7583=FACE_OUTER_BOUND('',#7582,.T.);
#7584=CARTESIAN_POINT('',(-0.00483459,-0.00280476,-0.001));
#7585=DIRECTION('',(-0.0650461166,-0.9978822589,0.0000000069));
#7586=DIRECTION('',(0.0409012851,-0.002666109,0.9991596353));
#7587=AXIS2_PLACEMENT_3D('',#7584,#7585,#7586);
#7588=PLANE('',#7587);
#7589=ADVANCED_FACE('no 4772',(#7583),#7588,.T.);
#7590=CARTESIAN_POINT('',(-0.0039,0.0738947,-0.001));
#7591=VERTEX_POINT('',#7590);
#7592=CARTESIAN_POINT('',(-0.0039,0.0738947,-0.001));
#7593=DIRECTION('',(0.0023714104,-0.9999971882,0.0));
#7594=VECTOR('',#7593,1.0);
#7595=LINE('',#7592,#7594);
#7596=EDGE_CURVE('no 11152',#7591,#6921,#7595,.T.);
#7597=ORIENTED_EDGE('no 11176',*,*,#7596,.F.);
#7598=CARTESIAN_POINT('',(-0.00344436,0.0742444,-0.001));
#7599=DIRECTION('',(-0.7932901612,-0.6088437568,0.0));
#7600=VECTOR('',#7599,1.0);
#7601=LINE('',#7598,#7600);
#7602=EDGE_CURVE('no 962',#6508,#7591,#7601,.T.);
#7603=ORIENTED_EDGE('no 11177',*,*,#7602,.F.);
#7604=ORIENTED_EDGE('no 11178',*,*,#7254,.T.);
#7605=EDGE_LOOP('',(#7597,#7603,#7604));
#7606=FACE_OUTER_BOUND('',#7605,.T.);
#7607=CARTESIAN_POINT('',(-0.00371759,-0.00302653,-0.001));
#7608=DIRECTION('',(0.0,0.0,-1.0));
#7609=DIRECTION('',(-0.0023714104,0.9999971882,0.0));
#7610=AXIS2_PLACEMENT_3D('',#7607,#7608,#7609);
#7611=PLANE('',#7610);
#7612=ADVANCED_FACE('no 11186',(#7606),#7611,.T.);
#7613=CARTESIAN_POINT('',(-0.00426149,-0.00284212,0.013));
#7614=DIRECTION('',(0.0047107241,0.9999889045,0.0));
#7615=VECTOR('',#7614,1.0);
#7616=LINE('',#7613,#7615);
#7617=EDGE_CURVE('no 6214',#7568,#7267,#7616,.T.);
#7618=ORIENTED_EDGE('no 6238',*,*,#7617,.F.);
#7619=CARTESIAN_POINT('',(-0.00371759,-0.00302653,0.013));
#7620=DIRECTION('',(-0.9470449601,0.3211009865,0.0));
#7621=VECTOR('',#7620,1.0);
#7622=LINE('',#7619,#7621);
#7623=EDGE_CURVE('no 4819',#6882,#7568,#7622,.T.);
#7624=ORIENTED_EDGE('no 6239',*,*,#7623,.F.);
#7625=ORIENTED_EDGE('no 6240',*,*,#7272,.T.);
#7626=EDGE_LOOP('',(#7618,#7624,#7625));
#7627=FACE_OUTER_BOUND('',#7626,.T.);
#7628=CARTESIAN_POINT('',(-0.0039,0.0738947,0.013));
#7629=DIRECTION('',(0.0,0.0,1.0));
#7630=DIRECTION('',(-0.0047107196,-0.9999889045,0.0));
#7631=AXIS2_PLACEMENT_3D('',#7628,#7629,#7630);
#7632=PLANE('',#7631);
#7633=ADVANCED_FACE('no 6248',(#7627),#7632,.T.);
#7634=CARTESIAN_POINT('',(-0.00371759,-0.00302653,0.013));
#7635=DIRECTION('',(-0.0388173523,0.0131610736,-0.9991596466));
#7636=VECTOR('',#7635,1.0);
#7637=LINE('',#7634,#7636);
#7638=EDGE_CURVE('no 4784',#6882,#7546,#7637,.T.);
#7639=ORIENTED_EDGE('no 4797',*,*,#7638,.T.);
#7640=CARTESIAN_POINT('',(-0.00426149,-0.00284212,-0.001));
#7641=DIRECTION('',(0.9470449601,-0.3211009865,0.0));
#7642=VECTOR('',#7641,1.0);
#7643=LINE('',#7640,#7642);
#7644=EDGE_CURVE('no 4790',#7546,#6921,#7643,.T.);
#7645=ORIENTED_EDGE('no 4798',*,*,#7644,.T.);
#7646=ORIENTED_EDGE('no 4799',*,*,#7295,.T.);
#7647=EDGE_LOOP('',(#7639,#7645,#7646));
#7648=FACE_OUTER_BOUND('',#7647,.T.);
#7649=CARTESIAN_POINT('',(-0.00371759,-0.00302653,0.013));
#7650=DIRECTION('',(-0.3211009867,-0.94704496,-0.0000000053));
#7651=DIRECTION('',(-0.038817486,0.0131612952,-0.9991596384));
#7652=AXIS2_PLACEMENT_3D('',#7649,#7650,#7651);
#7653=PLANE('',#7652);
#7654=ADVANCED_FACE('no 4807',(#7648),#7653,.T.);
#7655=ORIENTED_EDGE('no 969',*,*,#7309,.T.);
#7656=ORIENTED_EDGE('no 970',*,*,#7602,.T.);
#7657=CARTESIAN_POINT('',(-0.0039,0.0738947,-0.001));
#7658=DIRECTION('',(0.0,0.0,1.0));
#7659=VECTOR('',#7658,1.0);
#7660=LINE('',#7657,#7659);
#7661=EDGE_CURVE('no 968',#7591,#7267,#7660,.T.);
#7662=ORIENTED_EDGE('no 971',*,*,#7661,.T.);
#7663=EDGE_LOOP('',(#7655,#7656,#7662));
#7664=FACE_OUTER_BOUND('',#7663,.T.);
#7665=CARTESIAN_POINT('',(-0.0039,0.0738947,0.013));
#7666=DIRECTION('',(-0.6087590989,0.7933551282,0.0000000101));
#7667=DIRECTION('',(0.0325179883,0.024951791,-0.9991596412));
#7668=AXIS2_PLACEMENT_3D('',#7665,#7666,#7667);
#7669=PLANE('',#7668);
#7670=ADVANCED_FACE('no 979',(#7664),#7669,.T.);
#7671=ORIENTED_EDGE('no 10308',*,*,#7327,.T.);
#7672=ORIENTED_EDGE('no 10309',*,*,#7396,.F.);
#7673=ORIENTED_EDGE('no 10310',*,*,#7417,.F.);
#7674=EDGE_LOOP('',(#7671,#7672,#7673));
#7675=FACE_OUTER_BOUND('',#7674,.T.);
#7676=CARTESIAN_POINT('',(0.100675,0.0752306,-0.001));
#7677=DIRECTION('',(-0.0,0.0,-1.0));
#7678=DIRECTION('',(-0.0009344026,-0.9999995634,0.0));
#7679=AXIS2_PLACEMENT_3D('',#7676,#7677,#7678);
#7680=PLANE('',#7679);
#7681=ADVANCED_FACE('no 10318',(#7675),#7680,.T.);
#7682=ORIENTED_EDGE('no 10354',*,*,#7333,.F.);
#7683=CARTESIAN_POINT('',(0.100895,0.0747,-0.001));
#7684=VERTEX_POINT('',#7683);
#7685=CARTESIAN_POINT('',(0.100895,0.0747,-0.001));
#7686=DIRECTION('',(-0.3830077761,0.9237451182,0.0));
#7687=VECTOR('',#7686,1.0);
#7688=LINE('',#7685,#7687);
#7689=EDGE_CURVE('no 3630',#7684,#7322,#7688,.T.);
#7690=ORIENTED_EDGE('no 10355',*,*,#7689,.F.);
#7691=CARTESIAN_POINT('',(0.100895,0.0747,-0.001));
#7692=DIRECTION('',(-0.0027802032,-0.9999961352,0.0));
#7693=VECTOR('',#7692,1.0);
#7694=LINE('',#7691,#7693);
#7695=EDGE_CURVE('no 10353',#7684,#6981,#7694,.T.);
#7696=ORIENTED_EDGE('no 10356',*,*,#7695,.T.);
#7697=EDGE_LOOP('',(#7682,#7690,#7696));
#7698=FACE_OUTER_BOUND('',#7697,.T.);
#7699=CARTESIAN_POINT('',(0.100675,-0.0044306,-0.001));
#7700=DIRECTION('',(0.0,0.0,-1.0));
#7701=DIRECTION('',(0.0,1.0,0.0));
#7702=AXIS2_PLACEMENT_3D('',#7699,#7700,#7701);
#7703=PLANE('',#7702);
#7704=ADVANCED_FACE('no 10364',(#7698),#7703,.T.);
#7705=ORIENTED_EDGE('no 2964',*,*,#7373,.F.);
#7706=CARTESIAN_POINT('',(0.100895,-0.0039,-0.001));
#7707=DIRECTION('',(0.0,0.0,1.0));
#7708=VECTOR('',#7707,1.0);
#7709=LINE('',#7706,#7708);
#7710=EDGE_CURVE('no 2957',#7368,#7346,#7709,.T.);
#7711=ORIENTED_EDGE('no 2965',*,*,#7710,.T.);
#7712=ORIENTED_EDGE('no 2966',*,*,#7351,.T.);
#7713=EDGE_LOOP('',(#7705,#7711,#7712));
#7714=FACE_OUTER_BOUND('',#7713,.T.);
#7715=CARTESIAN_POINT('',(0.100675,-0.0044306,0.013));
#7716=DIRECTION('',(0.9238818141,-0.382677924,0.0000000234));
#7717=DIRECTION('',(0.0156851944,0.0378679864,-0.999159642));
#7718=AXIS2_PLACEMENT_3D('',#7715,#7716,#7717);
#7719=PLANE('',#7718);
#7720=ADVANCED_FACE('no 2974',(#7714),#7719,.T.);
#7721=ORIENTED_EDGE('no 7712',*,*,#7357,.F.);
#7722=CARTESIAN_POINT('',(0.100895,0.0747,0.013));
#7723=VERTEX_POINT('',#7722);
#7724=CARTESIAN_POINT('',(0.100895,-0.0039,0.013));
#7725=DIRECTION('',(0.0,1.0,0.0));
#7726=VECTOR('',#7725,1.0);
#7727=LINE('',#7724,#7726);
#7728=EDGE_CURVE('no 7711',#7346,#7723,#7727,.T.);
#7729=ORIENTED_EDGE('no 7713',*,*,#7728,.T.);
#7730=CARTESIAN_POINT('',(0.100675,0.0752306,0.013));
#7731=DIRECTION('',(0.3830077761,-0.9237451182,0.0));
#7732=VECTOR('',#7731,1.0);
#7733=LINE('',#7730,#7732);
#7734=EDGE_CURVE('no 3659',#7005,#7723,#7733,.T.);
#7735=ORIENTED_EDGE('no 7714',*,*,#7734,.F.);
#7736=EDGE_LOOP('',(#7721,#7729,#7735));
#7737=FACE_OUTER_BOUND('',#7736,.T.);
#7738=CARTESIAN_POINT('',(0.100675,0.0752306,0.013));
#7739=DIRECTION('',(0.0,0.0,1.0));
#7740=DIRECTION('',(0.0027773904,-0.999996143,0.0));
#7741=AXIS2_PLACEMENT_3D('',#7738,#7739,#7740);
#7742=PLANE('',#7741);
#7743=ADVANCED_FACE('no 7722',(#7737),#7742,.T.);
#7744=ORIENTED_EDGE('no 10377',*,*,#7695,.F.);
#7745=CARTESIAN_POINT('',(0.100895,0.0747,-0.001));
#7746=DIRECTION('',(0.0,-1.0,0.0));
#7747=VECTOR('',#7746,1.0);
#7748=LINE('',#7745,#7747);
#7749=EDGE_CURVE('no 10376',#7684,#7368,#7748,.T.);
#7750=ORIENTED_EDGE('no 10378',*,*,#7749,.T.);
#7751=ORIENTED_EDGE('no 10379',*,*,#7380,.F.);
#7752=EDGE_LOOP('',(#7744,#7750,#7751));
#7753=FACE_OUTER_BOUND('',#7752,.T.);
#7754=CARTESIAN_POINT('',(0.100675,-0.0044306,-0.001));
#7755=DIRECTION('',(0.0,0.0,-1.0));
#7756=DIRECTION('',(0.0027773904,0.999996143,0.0));
#7757=AXIS2_PLACEMENT_3D('',#7754,#7755,#7756);
#7758=PLANE('',#7757);
#7759=ADVANCED_FACE('no 10387',(#7753),#7758,.T.);
#7760=CARTESIAN_POINT('',(0.100675,0.0752306,-0.001));
#7761=DIRECTION('',(0.0156851943,-0.0378681861,0.9991596345));
#7762=VECTOR('',#7761,1.0);
#7763=LINE('',#7760,#7762);
#7764=EDGE_CURVE('no 3624',#7322,#7723,#7763,.T.);
#7765=ORIENTED_EDGE('no 3660',*,*,#7764,.F.);
#7766=ORIENTED_EDGE('no 3661',*,*,#7411,.T.);
#7767=ORIENTED_EDGE('no 3662',*,*,#7734,.T.);
#7768=EDGE_LOOP('',(#7765,#7766,#7767));
#7769=FACE_OUTER_BOUND('',#7768,.T.);
#7770=CARTESIAN_POINT('',(0.100895,0.0747,0.013));
#7771=DIRECTION('',(0.9238825212,0.3826762169,-0.0000000226));
#7772=DIRECTION('',(-0.0156851943,0.0378681861,-0.9991596345));
#7773=AXIS2_PLACEMENT_3D('',#7770,#7771,#7772);
#7774=PLANE('',#7773);
#7775=ADVANCED_FACE('no 3670',(#7769),#7774,.T.);
#7776=CARTESIAN_POINT('',(-0.0044306,0.073675,0.013));
#7777=DIRECTION('',(0.0378679861,0.0156856943,-0.9991596342));
#7778=VECTOR('',#7777,1.0);
#7779=LINE('',#7776,#7778);
#7780=EDGE_CURVE('no 1014',#7429,#7591,#7779,.T.);
#7781=ORIENTED_EDGE('no 1027',*,*,#7780,.T.);
#7782=CARTESIAN_POINT('',(-0.0039,0.0738947,-0.001));
#7783=DIRECTION('',(-0.9238771932,-0.38268908,0.0));
#7784=VECTOR('',#7783,1.0);
#7785=LINE('',#7782,#7784);
#7786=EDGE_CURVE('no 1020',#7591,#7075,#7785,.T.);
#7787=ORIENTED_EDGE('no 1028',*,*,#7786,.T.);
#7788=ORIENTED_EDGE('no 1029',*,*,#7440,.T.);
#7789=EDGE_LOOP('',(#7781,#7787,#7788));
#7790=FACE_OUTER_BOUND('',#7789,.T.);
#7791=CARTESIAN_POINT('',(-0.0044306,0.073675,0.013));
#7792=DIRECTION('',(-0.3826890796,0.9238771933,-0.0000000096));
#7793=DIRECTION('',(0.0378679861,0.0156856943,-0.9991596342));
#7794=AXIS2_PLACEMENT_3D('',#7791,#7792,#7793);
#7795=PLANE('',#7794);
#7796=ADVANCED_FACE('no 1037',(#7790),#7795,.T.);
#7797=CARTESIAN_POINT('',(0.1028,-0.0028,-0.001));
#7798=VERTEX_POINT('',#7797);
#7799=CARTESIAN_POINT('',(0.103369,0.073675,-0.001));
#7800=DIRECTION('',(-0.0074454121,-0.9999722825,0.0));
#7801=VECTOR('',#7800,1.0);
#7802=LINE('',#7799,#7801);
#7803=EDGE_CURVE('no 10583',#7451,#7798,#7802,.T.);
#7804=ORIENTED_EDGE('no 10607',*,*,#7803,.F.);
#7805=ORIENTED_EDGE('no 10608',*,*,#7456,.T.);
#7806=CARTESIAN_POINT('',(0.1028,-0.0028,-0.001));
#7807=DIRECTION('',(0.9914448886,-0.1305259853,0.0));
#7808=VECTOR('',#7807,1.0);
#7809=LINE('',#7806,#7808);
#7810=EDGE_CURVE('no 1832',#7798,#7125,#7809,.T.);
#7811=ORIENTED_EDGE('no 10609',*,*,#7810,.F.);
#7812=EDGE_LOOP('',(#7804,#7805,#7811));
#7813=FACE_OUTER_BOUND('',#7812,.T.);
#7814=CARTESIAN_POINT('',(0.1028,-0.0028,-0.001));
#7815=DIRECTION('',(0.0,0.0,-1.0));
#7816=DIRECTION('',(0.0074454121,0.9999722825,0.0));
#7817=AXIS2_PLACEMENT_3D('',#7814,#7815,#7816);
#7818=PLANE('',#7817);
#7819=ADVANCED_FACE('no 10617',(#7813),#7818,.T.);
#7820=CARTESIAN_POINT('',(0.103369,-0.00287496,0.013));
#7821=DIRECTION('',(-0.0406087498,0.0053497924,-0.9991608025));
#7822=VECTOR('',#7821,1.0);
#7823=LINE('',#7820,#7822);
#7824=EDGE_CURVE('no 1826',#7475,#7798,#7823,.T.);
#7825=ORIENTED_EDGE('no 1839',*,*,#7824,.T.);
#7826=ORIENTED_EDGE('no 1840',*,*,#7810,.T.);
#7827=ORIENTED_EDGE('no 1841',*,*,#7486,.T.);
#7828=EDGE_LOOP('',(#7825,#7826,#7827));
#7829=FACE_OUTER_BOUND('',#7828,.T.);
#7830=CARTESIAN_POINT('',(0.103369,-0.00287496,0.013));
#7831=DIRECTION('',(-0.1305259853,-0.9914448886,-0.0000000003));
#7832=DIRECTION('',(-0.0406374851,0.005350018,-0.9991596329));
#7833=AXIS2_PLACEMENT_3D('',#7830,#7831,#7832);
#7834=PLANE('',#7833);
#7835=ADVANCED_FACE('no 1849',(#7829),#7834,.T.);
#7836=CARTESIAN_POINT('',(0.1028,0.0736,0.013));
#7837=VERTEX_POINT('',#7836);
#7838=CARTESIAN_POINT('',(0.103369,-0.00287496,0.013));
#7839=DIRECTION('',(-0.0074401379,0.9999723218,0.0));
#7840=VECTOR('',#7839,1.0);
#7841=LINE('',#7838,#7840);
#7842=EDGE_CURVE('no 7918',#7475,#7837,#7841,.T.);
#7843=ORIENTED_EDGE('no 7942',*,*,#7842,.F.);
#7844=ORIENTED_EDGE('no 7943',*,*,#7500,.T.);
#7845=CARTESIAN_POINT('',(0.1028,0.0736,0.013));
#7846=DIRECTION('',(0.9914246171,0.1306798704,0.0));
#7847=VECTOR('',#7846,1.0);
#7848=LINE('',#7845,#7847);
#7849=EDGE_CURVE('no 3369',#7837,#7164,#7848,.T.);
#7850=ORIENTED_EDGE('no 7944',*,*,#7849,.F.);
#7851=EDGE_LOOP('',(#7843,#7844,#7850));
#7852=FACE_OUTER_BOUND('',#7851,.T.);
#7853=CARTESIAN_POINT('',(0.1028,0.0736,0.013));
#7854=DIRECTION('',(-0.0,0.0,1.0));
#7855=DIRECTION('',(0.0074454121,-0.9999722825,0.0));
#7856=AXIS2_PLACEMENT_3D('',#7853,#7854,#7855);
#7857=PLANE('',#7856);
#7858=ADVANCED_FACE('no 7952',(#7852),#7857,.T.);
#7859=CARTESIAN_POINT('',(0.1028,0.0736,0.013));
#7860=DIRECTION('',(0.0406374851,0.005349808,-0.9991596341));
#7861=VECTOR('',#7860,1.0);
#7862=LINE('',#7859,#7861);
#7863=EDGE_CURVE('no 3334',#7837,#7451,#7862,.T.);
#7864=ORIENTED_EDGE('no 3370',*,*,#7863,.F.);
#7865=ORIENTED_EDGE('no 3371',*,*,#7849,.T.);
#7866=ORIENTED_EDGE('no 3372',*,*,#7518,.F.);
#7867=EDGE_LOOP('',(#7864,#7865,#7866));
#7868=FACE_OUTER_BOUND('',#7867,.T.);
#7869=CARTESIAN_POINT('',(0.103369,0.073675,-0.001));
#7870=DIRECTION('',(-0.1305209411,0.9914455527,0.0000000006));
#7871=DIRECTION('',(-0.0406374851,-0.005349808,0.9991596341));
#7872=AXIS2_PLACEMENT_3D('',#7869,#7870,#7871);
#7873=PLANE('',#7872);
#7874=ADVANCED_FACE('no 3380',(#7868),#7873,.T.);
#7875=ORIENTED_EDGE('no 6192',*,*,#7533,.F.);
#7876=ORIENTED_EDGE('no 6193',*,*,#7579,.F.);
#7877=CARTESIAN_POINT('',(-0.00426149,-0.00284212,0.013));
#7878=DIRECTION('',(-0.0022100882,0.9999975578,0.0));
#7879=VECTOR('',#7878,1.0);
#7880=LINE('',#7877,#7879);
#7881=EDGE_CURVE('no 6191',#7568,#7429,#7880,.T.);
#7882=ORIENTED_EDGE('no 6194',*,*,#7881,.T.);
#7883=EDGE_LOOP('',(#7875,#7876,#7882));
#7884=FACE_OUTER_BOUND('',#7883,.T.);
#7885=CARTESIAN_POINT('',(-0.0044306,0.073675,0.013));
#7886=DIRECTION('',(0.0,0.0,1.0));
#7887=DIRECTION('',(-0.0052822503,-0.9999860488,0.0));
#7888=AXIS2_PLACEMENT_3D('',#7885,#7886,#7887);
#7889=PLANE('',#7888);
#7890=ADVANCED_FACE('no 6202',(#7884),#7889,.T.);
#7891=ORIENTED_EDGE('no 11130',*,*,#7551,.F.);
#7892=ORIENTED_EDGE('no 11131',*,*,#7786,.F.);
#7893=CARTESIAN_POINT('',(-0.0039,0.0738947,-0.001));
#7894=DIRECTION('',(-0.0047107196,-0.9999889045,0.0));
#7895=VECTOR('',#7894,1.0);
#7896=LINE('',#7893,#7895);
#7897=EDGE_CURVE('no 11129',#7591,#7546,#7896,.T.);
#7898=ORIENTED_EDGE('no 11132',*,*,#7897,.T.);
#7899=EDGE_LOOP('',(#7891,#7892,#7898));
#7900=FACE_OUTER_BOUND('',#7899,.T.);
#7901=CARTESIAN_POINT('',(-0.00426149,-0.00284212,-0.001));
#7902=DIRECTION('',(0.0,0.0,-1.0));
#7903=DIRECTION('',(-0.002210069,0.9999975578,0.0));
#7904=AXIS2_PLACEMENT_3D('',#7901,#7902,#7903);
#7905=PLANE('',#7904);
#7906=ADVANCED_FACE('no 11140',(#7900),#7905,.T.);
#7907=ORIENTED_EDGE('no 4739',*,*,#7573,.T.);
#7908=ORIENTED_EDGE('no 4740',*,*,#7557,.T.);
#7909=CARTESIAN_POINT('',(-0.00426149,-0.00284212,-0.001));
#7910=DIRECTION('',(0.0,0.0,1.0));
#7911=VECTOR('',#7910,1.0);
#7912=LINE('',#7909,#7911);
#7913=EDGE_CURVE('no 4738',#7546,#7568,#7912,.T.);
#7914=ORIENTED_EDGE('no 4741',*,*,#7913,.T.);
#7915=EDGE_LOOP('',(#7907,#7908,#7914));
#7916=FACE_OUTER_BOUND('',#7915,.T.);
#7917=CARTESIAN_POINT('',(-0.00426149,-0.00284212,0.013));
#7918=DIRECTION('',(-0.0650461166,-0.9978822589,0.0000000069));
#7919=DIRECTION('',(-0.0409012851,0.002666109,-0.9991596353));
#7920=AXIS2_PLACEMENT_3D('',#7917,#7918,#7919);
#7921=PLANE('',#7920);
#7922=ADVANCED_FACE('no 4749',(#7916),#7921,.T.);
#7923=ORIENTED_EDGE('no 11153',*,*,#7897,.F.);
#7924=ORIENTED_EDGE('no 11154',*,*,#7596,.T.);
#7925=ORIENTED_EDGE('no 11155',*,*,#7644,.F.);
#7926=EDGE_LOOP('',(#7923,#7924,#7925));
#7927=FACE_OUTER_BOUND('',#7926,.T.);
#7928=CARTESIAN_POINT('',(-0.00426149,-0.00284212,-0.001));
#7929=DIRECTION('',(0.0,0.0,-1.0));
#7930=DIRECTION('',(0.0047107196,0.9999889045,0.0));
#7931=AXIS2_PLACEMENT_3D('',#7928,#7929,#7930);
#7932=PLANE('',#7931);
#7933=ADVANCED_FACE('no 11163',(#7927),#7932,.T.);
#7934=ORIENTED_EDGE('no 6215',*,*,#7881,.F.);
#7935=ORIENTED_EDGE('no 6216',*,*,#7617,.T.);
#7936=CARTESIAN_POINT('',(-0.0044306,0.073675,0.013));
#7937=DIRECTION('',(0.9239298323,0.3825619754,0.0));
#7938=VECTOR('',#7937,1.0);
#7939=LINE('',#7936,#7938);
#7940=EDGE_CURVE('no 1049',#7429,#7267,#7939,.T.);
#7941=ORIENTED_EDGE('no 6217',*,*,#7940,.F.);
#7942=EDGE_LOOP('',(#7934,#7935,#7941));
#7943=FACE_OUTER_BOUND('',#7942,.T.);
#7944=CARTESIAN_POINT('',(-0.0044306,0.073675,0.013));
#7945=DIRECTION('',(-0.0,0.0,1.0));
#7946=DIRECTION('',(0.002210069,-0.9999975578,0.0));
#7947=AXIS2_PLACEMENT_3D('',#7944,#7945,#7946);
#7948=PLANE('',#7947);
#7949=ADVANCED_FACE('no 6225',(#7943),#7948,.T.);
#7950=ORIENTED_EDGE('no 4820',*,*,#7638,.F.);
#7951=ORIENTED_EDGE('no 4821',*,*,#7623,.T.);
#7952=ORIENTED_EDGE('no 4822',*,*,#7913,.F.);
#7953=EDGE_LOOP('',(#7950,#7951,#7952));
#7954=FACE_OUTER_BOUND('',#7953,.T.);
#7955=CARTESIAN_POINT('',(-0.00426149,-0.00284212,-0.001));
#7956=DIRECTION('',(-0.3211009867,-0.94704496,-0.0000000053));
#7957=DIRECTION('',(0.038817486,-0.0131612952,0.9991596384));
#7958=AXIS2_PLACEMENT_3D('',#7955,#7956,#7957);
#7959=PLANE('',#7958);
#7960=ADVANCED_FACE('no 4830',(#7954),#7959,.T.);
#7961=ORIENTED_EDGE('no 1050',*,*,#7780,.F.);
#7962=ORIENTED_EDGE('no 1051',*,*,#7940,.T.);
#7963=ORIENTED_EDGE('no 1052',*,*,#7661,.F.);
#7964=EDGE_LOOP('',(#7961,#7962,#7963));
#7965=FACE_OUTER_BOUND('',#7964,.T.);
#7966=CARTESIAN_POINT('',(-0.0039,0.0738947,-0.001));
#7967=DIRECTION('',(-0.3826890796,0.9238771933,-0.0000000096));
#7968=DIRECTION('',(-0.0378679861,-0.0156856943,0.9991596342));
#7969=AXIS2_PLACEMENT_3D('',#7966,#7967,#7968);
#7970=PLANE('',#7969);
#7971=ADVANCED_FACE('no 1060',(#7965),#7970,.T.);
#7972=ORIENTED_EDGE('no 3631',*,*,#7764,.T.);
#7973=CARTESIAN_POINT('',(0.100895,0.0747,-0.001));
#7974=DIRECTION('',(0.0,0.0,1.0));
#7975=VECTOR('',#7974,1.0);
#7976=LINE('',#7973,#7975);
#7977=EDGE_CURVE('no 3595',#7684,#7723,#7976,.T.);
#7978=ORIENTED_EDGE('no 3632',*,*,#7977,.F.);
#7979=ORIENTED_EDGE('no 3633',*,*,#7689,.T.);
#7980=EDGE_LOOP('',(#7972,#7978,#7979));
#7981=FACE_OUTER_BOUND('',#7980,.T.);
#7982=CARTESIAN_POINT('',(0.100675,0.0752306,-0.001));
#7983=DIRECTION('',(0.9238825212,0.3826762169,-0.0000000226));
#7984=DIRECTION('',(0.0156851943,-0.0378681861,0.9991596345));
#7985=AXIS2_PLACEMENT_3D('',#7982,#7983,#7984);
#7986=PLANE('',#7985);
#7987=ADVANCED_FACE('no 3641',(#7981),#7986,.T.);
#7988=CARTESIAN_POINT('',(0.101244,-0.00344436,-0.001));
#7989=VERTEX_POINT('',#7988);
#7990=CARTESIAN_POINT('',(0.101244,-0.00344436,-0.001));
#7991=DIRECTION('',(-0.0249076496,-0.0325183996,0.9991607292));
#7992=VECTOR('',#7991,1.0);
#7993=LINE('',#7990,#7992);
#7994=EDGE_CURVE('no 2986',#7989,#7346,#7993,.T.);
#7995=ORIENTED_EDGE('no 2993',*,*,#7994,.T.);
#7996=ORIENTED_EDGE('no 2994',*,*,#7710,.F.);
#7997=CARTESIAN_POINT('',(0.100895,-0.0039,-0.001));
#7998=DIRECTION('',(0.6080759432,0.7938788618,0.0));
#7999=VECTOR('',#7998,1.0);
#8000=LINE('',#7997,#7999);
#8001=EDGE_CURVE('no 2992',#7368,#7989,#8000,.T.);
#8002=ORIENTED_EDGE('no 2995',*,*,#8001,.T.);
#8003=EDGE_LOOP('',(#7995,#7996,#8002));
#8004=FACE_OUTER_BOUND('',#8003,.T.);
#8005=CARTESIAN_POINT('',(0.101244,-0.00344436,-0.001));
#8006=DIRECTION('',(0.7933490413,-0.6087670315,-0.0000000031));
#8007=DIRECTION('',(-0.0249522907,-0.0325179879,0.9991596287));
#8008=AXIS2_PLACEMENT_3D('',#8005,#8006,#8007);
#8009=PLANE('',#8008);
#8010=ADVANCED_FACE('no 3003',(#8004),#8009,.T.);
#8011=ORIENTED_EDGE('no 7735',*,*,#7728,.F.);
#8012=CARTESIAN_POINT('',(0.101244,-0.00344436,0.013));
#8013=VERTEX_POINT('',#8012);
#8014=CARTESIAN_POINT('',(0.101244,-0.00344436,0.013));
#8015=DIRECTION('',(-0.6087670316,-0.7933490412,0.0));
#8016=VECTOR('',#8015,1.0);
#8017=LINE('',#8014,#8016);
#8018=EDGE_CURVE('no 3015',#8013,#7346,#8017,.T.);
#8019=ORIENTED_EDGE('no 7736',*,*,#8018,.F.);
#8020=CARTESIAN_POINT('',(0.101244,-0.00344436,0.013));
#8021=DIRECTION('',(-0.0044660487,0.9999900272,0.0));
#8022=VECTOR('',#8021,1.0);
#8023=LINE('',#8020,#8022);
#8024=EDGE_CURVE('no 7734',#8013,#7723,#8023,.T.);
#8025=ORIENTED_EDGE('no 7737',*,*,#8024,.T.);
#8026=EDGE_LOOP('',(#8011,#8019,#8025));
#8027=FACE_OUTER_BOUND('',#8026,.T.);
#8028=CARTESIAN_POINT('',(0.100895,0.0747,0.013));
#8029=DIRECTION('',(0.0,0.0,1.0));
#8030=DIRECTION('',(0.0,-1.0,0.0));
#8031=AXIS2_PLACEMENT_3D('',#8028,#8029,#8030);
#8032=PLANE('',#8031);
#8033=ADVANCED_FACE('no 7745',(#8027),#8032,.T.);
#8034=ORIENTED_EDGE('no 10400',*,*,#7749,.F.);
#8035=CARTESIAN_POINT('',(0.101244,0.0742444,-0.001));
#8036=VERTEX_POINT('',#8035);
#8037=CARTESIAN_POINT('',(0.101244,0.0742444,-0.001));
#8038=DIRECTION('',(-0.6087687734,0.7933477047,0.0));
#8039=VECTOR('',#8038,1.0);
#8040=LINE('',#8037,#8039);
#8041=EDGE_CURVE('no 3572',#8036,#7684,#8040,.T.);
#8042=ORIENTED_EDGE('no 10401',*,*,#8041,.F.);
#8043=CARTESIAN_POINT('',(0.101244,0.0742444,-0.001));
#8044=DIRECTION('',(-0.0044660464,-0.9999900272,0.0));
#8045=VECTOR('',#8044,1.0);
#8046=LINE('',#8043,#8045);
#8047=EDGE_CURVE('no 10399',#8036,#7368,#8046,.T.);
#8048=ORIENTED_EDGE('no 10402',*,*,#8047,.T.);
#8049=EDGE_LOOP('',(#8034,#8042,#8048));
#8050=FACE_OUTER_BOUND('',#8049,.T.);
#8051=CARTESIAN_POINT('',(0.100895,-0.0039,-0.001));
#8052=DIRECTION('',(0.0,0.0,-1.0));
#8053=DIRECTION('',(0.0,1.0,0.0));
#8054=AXIS2_PLACEMENT_3D('',#8051,#8052,#8053);
#8055=PLANE('',#8054);
#8056=ADVANCED_FACE('no 10410',(#8050),#8055,.T.);
#8057=CARTESIAN_POINT('',(0.1028,0.0736,-0.001));
#8058=VERTEX_POINT('',#8057);
#8059=CARTESIAN_POINT('',(0.1028,0.0736,-0.001));
#8060=DIRECTION('',(0.0,-1.0,0.0));
#8061=VECTOR('',#8060,1.0);
#8062=LINE('',#8059,#8061);
#8063=EDGE_CURVE('no 10560',#8058,#7798,#8062,.T.);
#8064=ORIENTED_EDGE('no 10584',*,*,#8063,.F.);
#8065=CARTESIAN_POINT('',(0.103369,0.073675,-0.001));
#8066=DIRECTION('',(-0.9914455527,-0.1305209411,0.0));
#8067=VECTOR('',#8066,1.0);
#8068=LINE('',#8065,#8067);
#8069=EDGE_CURVE('no 3340',#7451,#8058,#8068,.T.);
#8070=ORIENTED_EDGE('no 10585',*,*,#8069,.F.);
#8071=ORIENTED_EDGE('no 10586',*,*,#7803,.T.);
#8072=EDGE_LOOP('',(#8064,#8070,#8071));
#8073=FACE_OUTER_BOUND('',#8072,.T.);
#8074=CARTESIAN_POINT('',(0.1028,-0.0028,-0.001));
#8075=DIRECTION('',(0.0,0.0,-1.0));
#8076=DIRECTION('',(0.0,1.0,0.0));
#8077=AXIS2_PLACEMENT_3D('',#8074,#8075,#8076);
#8078=PLANE('',#8077);
#8079=ADVANCED_FACE('no 10594',(#8073),#8078,.T.);
#8080=ORIENTED_EDGE('no 1862',*,*,#7824,.F.);
#8081=CARTESIAN_POINT('',(0.1028,-0.0028,0.013));
#8082=VERTEX_POINT('',#8081);
#8083=CARTESIAN_POINT('',(0.103369,-0.00287496,0.013));
#8084=DIRECTION('',(-0.9914448886,0.1305259853,0.0));
#8085=VECTOR('',#8084,1.0);
#8086=LINE('',#8083,#8085);
#8087=EDGE_CURVE('no 1861',#7475,#8082,#8086,.T.);
#8088=ORIENTED_EDGE('no 1863',*,*,#8087,.T.);
#8089=CARTESIAN_POINT('',(0.1028,-0.0028,-0.001));
#8090=DIRECTION('',(0.0,0.0,1.0));
#8091=VECTOR('',#8090,1.0);
#8092=LINE('',#8089,#8091);
#8093=EDGE_CURVE('no 1780',#7798,#8082,#8092,.T.);
#8094=ORIENTED_EDGE('no 1864',*,*,#8093,.F.);
#8095=EDGE_LOOP('',(#8080,#8088,#8094));
#8096=FACE_OUTER_BOUND('',#8095,.T.);
#8097=CARTESIAN_POINT('',(0.1028,-0.0028,-0.001));
#8098=DIRECTION('',(-0.1305259853,-0.9914448886,-0.0000000003));
#8099=DIRECTION('',(0.0406374851,-0.005350018,0.9991596329));
#8100=AXIS2_PLACEMENT_3D('',#8097,#8098,#8099);
#8101=PLANE('',#8100);
#8102=ADVANCED_FACE('no 1872',(#8096),#8101,.T.);
#8103=CARTESIAN_POINT('',(0.1028,-0.0028,0.013));
#8104=DIRECTION('',(0.0,1.0,0.0));
#8105=VECTOR('',#8104,1.0);
#8106=LINE('',#8103,#8105);
#8107=EDGE_CURVE('no 7895',#8082,#7837,#8106,.T.);
#8108=ORIENTED_EDGE('no 7919',*,*,#8107,.F.);
#8109=ORIENTED_EDGE('no 7920',*,*,#8087,.F.);
#8110=ORIENTED_EDGE('no 7921',*,*,#7842,.T.);
#8111=EDGE_LOOP('',(#8108,#8109,#8110));
#8112=FACE_OUTER_BOUND('',#8111,.T.);
#8113=CARTESIAN_POINT('',(0.1028,0.0736,0.013));
#8114=DIRECTION('',(0.0,0.0,1.0));
#8115=DIRECTION('',(0.0,-1.0,0.0));
#8116=AXIS2_PLACEMENT_3D('',#8113,#8114,#8115);
#8117=PLANE('',#8116);
#8118=ADVANCED_FACE('no 7929',(#8112),#8117,.T.);
#8119=ORIENTED_EDGE('no 3347',*,*,#7863,.T.);
#8120=ORIENTED_EDGE('no 3348',*,*,#8069,.T.);
#8121=CARTESIAN_POINT('',(0.1028,0.0736,-0.001));
#8122=DIRECTION('',(0.0,0.0,1.0));
#8123=VECTOR('',#8122,1.0);
#8124=LINE('',#8121,#8123);
#8125=EDGE_CURVE('no 3346',#8058,#7837,#8124,.T.);
#8126=ORIENTED_EDGE('no 3349',*,*,#8125,.T.);
#8127=EDGE_LOOP('',(#8119,#8120,#8126));
#8128=FACE_OUTER_BOUND('',#8127,.T.);
#8129=CARTESIAN_POINT('',(0.1028,0.0736,0.013));
#8130=DIRECTION('',(-0.1305209411,0.9914455527,0.0000000006));
#8131=DIRECTION('',(0.0406374851,0.005349808,-0.9991596341));
#8132=AXIS2_PLACEMENT_3D('',#8129,#8130,#8131);
#8133=PLANE('',#8132);
#8134=ADVANCED_FACE('no 3357',(#8128),#8133,.T.);
#8135=CARTESIAN_POINT('',(0.101244,0.0742444,0.013));
#8136=VERTEX_POINT('',#8135);
#8137=CARTESIAN_POINT('',(0.100895,0.0747,-0.001));
#8138=DIRECTION('',(0.0249076519,-0.0325155479,0.9991608219));
#8139=VECTOR('',#8138,1.0);
#8140=LINE('',#8137,#8139);
#8141=EDGE_CURVE('no 3566',#7684,#8136,#8140,.T.);
#8142=ORIENTED_EDGE('no 3602',*,*,#8141,.F.);
#8143=ORIENTED_EDGE('no 3603',*,*,#7977,.T.);
#8144=CARTESIAN_POINT('',(0.100895,0.0747,0.013));
#8145=DIRECTION('',(0.6081095883,-0.7938530901,0.0));
#8146=VECTOR('',#8145,1.0);
#8147=LINE('',#8144,#8146);
#8148=EDGE_CURVE('no 3601',#7723,#8136,#8147,.T.);
#8149=ORIENTED_EDGE('no 3604',*,*,#8148,.T.);
#8150=EDGE_LOOP('',(#8142,#8143,#8149));
#8151=FACE_OUTER_BOUND('',#8150,.T.);
#8152=CARTESIAN_POINT('',(0.101244,0.0742444,0.013));
#8153=DIRECTION('',(0.793347704,0.6087687743,-0.0000000287));
#8154=DIRECTION('',(-0.0249522909,0.0325177881,-0.9991596352));
#8155=AXIS2_PLACEMENT_3D('',#8152,#8153,#8154);
#8156=PLANE('',#8155);
#8157=ADVANCED_FACE('no 3612',(#8151),#8156,.T.);
#8158=ORIENTED_EDGE('no 3016',*,*,#7994,.F.);
#8159=CARTESIAN_POINT('',(0.101244,-0.00344436,0.013));
#8160=DIRECTION('',(0.0,0.0,-1.0));
#8161=VECTOR('',#8160,1.0);
#8162=LINE('',#8159,#8161);
#8163=EDGE_CURVE('no 1687',#8013,#7989,#8162,.T.);
#8164=ORIENTED_EDGE('no 3017',*,*,#8163,.F.);
#8165=ORIENTED_EDGE('no 3018',*,*,#8018,.T.);
#8166=EDGE_LOOP('',(#8158,#8164,#8165));
#8167=FACE_OUTER_BOUND('',#8166,.T.);
#8168=CARTESIAN_POINT('',(0.100895,-0.0039,0.013));
#8169=DIRECTION('',(0.7933490413,-0.6087670315,-0.0000000031));
#8170=DIRECTION('',(0.0249522907,0.0325179879,-0.9991596287));
#8171=AXIS2_PLACEMENT_3D('',#8168,#8169,#8170);
#8172=PLANE('',#8171);
#8173=ADVANCED_FACE('no 3026',(#8167),#8172,.T.);
#8174=ORIENTED_EDGE('no 10423',*,*,#8047,.F.);
#8175=CARTESIAN_POINT('',(0.101244,0.0742444,-0.001));
#8176=DIRECTION('',(0.0,-1.0,0.0));
#8177=VECTOR('',#8176,1.0);
#8178=LINE('',#8175,#8177);
#8179=EDGE_CURVE('no 10422',#8036,#7989,#8178,.T.);
#8180=ORIENTED_EDGE('no 10424',*,*,#8179,.T.);
#8181=ORIENTED_EDGE('no 10425',*,*,#8001,.F.);
#8182=EDGE_LOOP('',(#8174,#8180,#8181));
#8183=FACE_OUTER_BOUND('',#8182,.T.);
#8184=CARTESIAN_POINT('',(0.100895,-0.0039,-0.001));
#8185=DIRECTION('',(0.0,0.0,-1.0));
#8186=DIRECTION('',(0.00447406,0.9999899913,0.0));
#8187=AXIS2_PLACEMENT_3D('',#8184,#8185,#8186);
#8188=PLANE('',#8187);
#8189=ADVANCED_FACE('no 10433',(#8183),#8188,.T.);
#8190=ORIENTED_EDGE('no 7758',*,*,#8024,.F.);
#8191=CARTESIAN_POINT('',(0.101244,-0.00344436,0.013));
#8192=DIRECTION('',(0.0,1.0,0.0));
#8193=VECTOR('',#8192,1.0);
#8194=LINE('',#8191,#8193);
#8195=EDGE_CURVE('no 7757',#8013,#8136,#8194,.T.);
#8196=ORIENTED_EDGE('no 7759',*,*,#8195,.T.);
#8197=ORIENTED_EDGE('no 7760',*,*,#8148,.F.);
#8198=EDGE_LOOP('',(#8190,#8196,#8197));
#8199=FACE_OUTER_BOUND('',#8198,.T.);
#8200=CARTESIAN_POINT('',(0.100895,0.0747,0.013));
#8201=DIRECTION('',(0.0,0.0,1.0));
#8202=DIRECTION('',(0.00447406,-0.9999899913,0.0));
#8203=AXIS2_PLACEMENT_3D('',#8200,#8201,#8202);
#8204=PLANE('',#8203);
#8205=ADVANCED_FACE('no 7768',(#8199),#8204,.T.);
#8206=ORIENTED_EDGE('no 3573',*,*,#8141,.T.);
#8207=CARTESIAN_POINT('',(0.101244,0.0742444,-0.001));
#8208=DIRECTION('',(0.0,0.0,1.0));
#8209=VECTOR('',#8208,1.0);
#8210=LINE('',#8207,#8209);
#8211=EDGE_CURVE('no 3520',#8036,#8136,#8210,.T.);
#8212=ORIENTED_EDGE('no 3574',*,*,#8211,.F.);
#8213=ORIENTED_EDGE('no 3575',*,*,#8041,.T.);
#8214=EDGE_LOOP('',(#8206,#8212,#8213));
#8215=FACE_OUTER_BOUND('',#8214,.T.);
#8216=CARTESIAN_POINT('',(0.100895,0.0747,-0.001));
#8217=DIRECTION('',(0.793347704,0.6087687743,-0.0000000287));
#8218=DIRECTION('',(0.0249522909,-0.0325177881,0.9991596352));
#8219=AXIS2_PLACEMENT_3D('',#8216,#8217,#8218);
#8220=PLANE('',#8219);
#8221=ADVANCED_FACE('no 3583',(#8215),#8220,.T.);
#8222=CARTESIAN_POINT('',(0.102231,-0.00287496,-0.001));
#8223=VERTEX_POINT('',#8222);
#8224=CARTESIAN_POINT('',(0.1028,0.0736,-0.001));
#8225=DIRECTION('',(-0.0074453121,-0.9999722833,0.0));
#8226=VECTOR('',#8225,1.0);
#8227=LINE('',#8224,#8226);
#8228=EDGE_CURVE('no 10537',#8058,#8223,#8227,.T.);
#8229=ORIENTED_EDGE('no 10561',*,*,#8228,.F.);
#8230=ORIENTED_EDGE('no 10562',*,*,#8063,.T.);
#8231=CARTESIAN_POINT('',(0.102231,-0.00287496,-0.001));
#8232=DIRECTION('',(0.9914446298,0.1305279513,0.0));
#8233=VECTOR('',#8232,1.0);
#8234=LINE('',#8231,#8233);
#8235=EDGE_CURVE('no 1774',#8223,#7798,#8234,.T.);
#8236=ORIENTED_EDGE('no 10563',*,*,#8235,.F.);
#8237=EDGE_LOOP('',(#8229,#8230,#8236));
#8238=FACE_OUTER_BOUND('',#8237,.T.);
#8239=CARTESIAN_POINT('',(0.102231,-0.00287496,-0.001));
#8240=DIRECTION('',(0.0,0.0,-1.0));
#8241=DIRECTION('',(0.0074453121,0.9999722833,0.0));
#8242=AXIS2_PLACEMENT_3D('',#8239,#8240,#8241);
#8243=PLANE('',#8242);
#8244=ADVANCED_FACE('no 10571',(#8238),#8243,.T.);
#8245=CARTESIAN_POINT('',(0.1028,-0.0028,0.013));
#8246=DIRECTION('',(-0.0406087498,-0.0053497924,-0.9991608025));
#8247=VECTOR('',#8246,1.0);
#8248=LINE('',#8245,#8247);
#8249=EDGE_CURVE('no 1768',#8082,#8223,#8248,.T.);
#8250=ORIENTED_EDGE('no 1781',*,*,#8249,.T.);
#8251=ORIENTED_EDGE('no 1782',*,*,#8235,.T.);
#8252=ORIENTED_EDGE('no 1783',*,*,#8093,.T.);
#8253=EDGE_LOOP('',(#8250,#8251,#8252));
#8254=FACE_OUTER_BOUND('',#8253,.T.);
#8255=CARTESIAN_POINT('',(0.1028,-0.0028,0.013));
#8256=DIRECTION('',(0.1305279512,-0.9914446298,-0.0000000027));
#8257=DIRECTION('',(-0.0406368861,-0.0053500182,-0.9991596573));
#8258=AXIS2_PLACEMENT_3D('',#8255,#8256,#8257);
#8259=PLANE('',#8258);
#8260=ADVANCED_FACE('no 1791',(#8254),#8259,.T.);
#8261=CARTESIAN_POINT('',(0.102231,0.073675,0.013));
#8262=VERTEX_POINT('',#8261);
#8263=CARTESIAN_POINT('',(0.1028,-0.0028,0.013));
#8264=DIRECTION('',(-0.007440134,0.9999723218,0.0));
#8265=VECTOR('',#8264,1.0);
#8266=LINE('',#8263,#8265);
#8267=EDGE_CURVE('no 7872',#8082,#8262,#8266,.T.);
#8268=ORIENTED_EDGE('no 7896',*,*,#8267,.F.);
#8269=ORIENTED_EDGE('no 7897',*,*,#8107,.T.);
#8270=CARTESIAN_POINT('',(0.102231,0.073675,0.013));
#8271=DIRECTION('',(0.9914246171,-0.1306798704,0.0));
#8272=VECTOR('',#8271,1.0);
#8273=LINE('',#8270,#8272);
#8274=EDGE_CURVE('no 3427',#8262,#7837,#8273,.T.);
#8275=ORIENTED_EDGE('no 7898',*,*,#8274,.F.);
#8276=EDGE_LOOP('',(#8268,#8269,#8275));
#8277=FACE_OUTER_BOUND('',#8276,.T.);
#8278=CARTESIAN_POINT('',(0.102231,0.073675,0.013));
#8279=DIRECTION('',(0.0,0.0,1.0));
#8280=DIRECTION('',(0.0074453121,-0.9999722833,0.0));
#8281=AXIS2_PLACEMENT_3D('',#8278,#8279,#8280);
#8282=PLANE('',#8281);
#8283=ADVANCED_FACE('no 7906',(#8277),#8282,.T.);
#8284=CARTESIAN_POINT('',(0.102231,0.073675,0.013));
#8285=DIRECTION('',(0.0406368861,-0.0053498082,-0.9991596584));
#8286=VECTOR('',#8285,1.0);
#8287=LINE('',#8284,#8286);
#8288=EDGE_CURVE('no 3392',#8262,#8058,#8287,.T.);
#8289=ORIENTED_EDGE('no 3428',*,*,#8288,.F.);
#8290=ORIENTED_EDGE('no 3429',*,*,#8274,.T.);
#8291=ORIENTED_EDGE('no 3430',*,*,#8125,.F.);
#8292=EDGE_LOOP('',(#8289,#8290,#8291));
#8293=FACE_OUTER_BOUND('',#8292,.T.);
#8294=CARTESIAN_POINT('',(0.1028,0.0736,-0.001));
#8295=DIRECTION('',(0.1305230361,0.9914452769,0.0000000077));
#8296=DIRECTION('',(-0.0406368861,0.0053498082,0.9991596584));
#8297=AXIS2_PLACEMENT_3D('',#8294,#8295,#8296);
#8298=PLANE('',#8297);
#8299=ADVANCED_FACE('no 3438',(#8293),#8298,.T.);
#8300=CARTESIAN_POINT('',(0.1017,-0.00309474,0.013));
#8301=VERTEX_POINT('',#8300);
#8302=CARTESIAN_POINT('',(0.1017,-0.00309474,0.013));
#8303=DIRECTION('',(-0.0325178883,-0.0249518911,-0.9991596419));
#8304=VECTOR('',#8303,1.0);
#8305=LINE('',#8302,#8304);
#8306=EDGE_CURVE('no 1646',#8301,#7989,#8305,.T.);
#8307=ORIENTED_EDGE('no 1688',*,*,#8306,.F.);
#8308=CARTESIAN_POINT('',(0.1017,-0.00309474,0.013));
#8309=DIRECTION('',(-0.7933520849,-0.6087630651,0.0));
#8310=VECTOR('',#8309,1.0);
#8311=LINE('',#8308,#8310);
#8312=EDGE_CURVE('no 1681',#8301,#8013,#8311,.T.);
#8313=ORIENTED_EDGE('no 1689',*,*,#8312,.T.);
#8314=ORIENTED_EDGE('no 1690',*,*,#8163,.T.);
#8315=EDGE_LOOP('',(#8307,#8313,#8314));
#8316=FACE_OUTER_BOUND('',#8315,.T.);
#8317=CARTESIAN_POINT('',(0.101244,-0.00344436,-0.001));
#8318=DIRECTION('',(0.6087630633,-0.7933520862,-0.0000000545));
#8319=DIRECTION('',(0.0325178883,0.0249518911,0.9991596419));
#8320=AXIS2_PLACEMENT_3D('',#8317,#8318,#8319);
#8321=PLANE('',#8320);
#8322=ADVANCED_FACE('no 1698',(#8316),#8321,.T.);
#8323=ORIENTED_EDGE('no 10446',*,*,#8179,.F.);
#8324=CARTESIAN_POINT('',(0.1017,0.0738947,-0.001));
#8325=VERTEX_POINT('',#8324);
#8326=CARTESIAN_POINT('',(0.1017,0.0738947,-0.001));
#8327=DIRECTION('',(-0.7933542749,0.608760211,0.0));
#8328=VECTOR('',#8327,1.0);
#8329=LINE('',#8326,#8328);
#8330=EDGE_CURVE('no 3514',#8325,#8036,#8329,.T.);
#8331=ORIENTED_EDGE('no 10447',*,*,#8330,.F.);
#8332=CARTESIAN_POINT('',(0.1017,0.0738947,-0.001));
#8333=DIRECTION('',(-0.0058960126,-0.9999826184,0.0));
#8334=VECTOR('',#8333,1.0);
#8335=LINE('',#8332,#8334);
#8336=EDGE_CURVE('no 10445',#8325,#7989,#8335,.T.);
#8337=ORIENTED_EDGE('no 10448',*,*,#8336,.T.);
#8338=EDGE_LOOP('',(#8323,#8331,#8337));
#8339=FACE_OUTER_BOUND('',#8338,.T.);
#8340=CARTESIAN_POINT('',(0.101244,-0.00344436,-0.001));
#8341=DIRECTION('',(0.0,0.0,-1.0));
#8342=DIRECTION('',(0.0,1.0,0.0));
#8343=AXIS2_PLACEMENT_3D('',#8340,#8341,#8342);
#8344=PLANE('',#8343);
#8345=ADVANCED_FACE('no 10456',(#8339),#8344,.T.);
#8346=ORIENTED_EDGE('no 7781',*,*,#8195,.F.);
#8347=ORIENTED_EDGE('no 7782',*,*,#8312,.F.);
#8348=CARTESIAN_POINT('',(0.1017,-0.00309474,0.013));
#8349=DIRECTION('',(-0.0058960065,0.9999826184,0.0));
#8350=VECTOR('',#8349,1.0);
#8351=LINE('',#8348,#8350);
#8352=EDGE_CURVE('no 7780',#8301,#8136,#8351,.T.);
#8353=ORIENTED_EDGE('no 7783',*,*,#8352,.T.);
#8354=EDGE_LOOP('',(#8346,#8347,#8353));
#8355=FACE_OUTER_BOUND('',#8354,.T.);
#8356=CARTESIAN_POINT('',(0.101244,0.0742444,0.013));
#8357=DIRECTION('',(0.0,0.0,1.0));
#8358=DIRECTION('',(0.0,-1.0,0.0));
#8359=AXIS2_PLACEMENT_3D('',#8356,#8357,#8358);
#8360=PLANE('',#8359);
#8361=ADVANCED_FACE('no 7791',(#8355),#8360,.T.);
#8362=CARTESIAN_POINT('',(0.101244,0.0742444,0.013));
#8363=DIRECTION('',(0.0325178884,-0.0249517911,-0.9991596444));
#8364=VECTOR('',#8363,1.0);
#8365=LINE('',#8362,#8364);
#8366=EDGE_CURVE('no 3508',#8136,#8325,#8365,.T.);
#8367=ORIENTED_EDGE('no 3521',*,*,#8366,.T.);
#8368=ORIENTED_EDGE('no 3522',*,*,#8330,.T.);
#8369=ORIENTED_EDGE('no 3523',*,*,#8211,.T.);
#8370=EDGE_LOOP('',(#8367,#8368,#8369));
#8371=FACE_OUTER_BOUND('',#8370,.T.);
#8372=CARTESIAN_POINT('',(0.101244,0.0742444,0.013));
#8373=DIRECTION('',(0.6087602114,0.7933542746,-0.0000000135));
#8374=DIRECTION('',(0.0325178884,-0.0249517911,-0.9991596444));
#8375=AXIS2_PLACEMENT_3D('',#8372,#8373,#8374);
#8376=PLANE('',#8375);
#8377=ADVANCED_FACE('no 3531',(#8371),#8376,.T.);
#8378=CARTESIAN_POINT('',(0.102231,0.073675,-0.001));
#8379=VERTEX_POINT('',#8378);
#8380=CARTESIAN_POINT('',(0.102231,0.073675,-0.001));
#8381=DIRECTION('',(0.0,-1.0,0.0));
#8382=VECTOR('',#8381,1.0);
#8383=LINE('',#8380,#8382);
#8384=EDGE_CURVE('no 10514',#8379,#8223,#8383,.T.);
#8385=ORIENTED_EDGE('no 10538',*,*,#8384,.F.);
#8386=CARTESIAN_POINT('',(0.1028,0.0736,-0.001));
#8387=DIRECTION('',(-0.9914452768,0.1305230364,0.0));
#8388=VECTOR('',#8387,1.0);
#8389=LINE('',#8386,#8388);
#8390=EDGE_CURVE('no 3398',#8058,#8379,#8389,.T.);
#8391=ORIENTED_EDGE('no 10539',*,*,#8390,.F.);
#8392=ORIENTED_EDGE('no 10540',*,*,#8228,.T.);
#8393=EDGE_LOOP('',(#8385,#8391,#8392));
#8394=FACE_OUTER_BOUND('',#8393,.T.);
#8395=CARTESIAN_POINT('',(0.102231,-0.00287496,-0.001));
#8396=DIRECTION('',(0.0,0.0,-1.0));
#8397=DIRECTION('',(0.0,1.0,0.0));
#8398=AXIS2_PLACEMENT_3D('',#8395,#8396,#8397);
#8399=PLANE('',#8398);
#8400=ADVANCED_FACE('no 10548',(#8394),#8399,.T.);
#8401=ORIENTED_EDGE('no 1804',*,*,#8249,.F.);
#8402=CARTESIAN_POINT('',(0.102231,-0.00287496,0.013));
#8403=VERTEX_POINT('',#8402);
#8404=CARTESIAN_POINT('',(0.1028,-0.0028,0.013));
#8405=DIRECTION('',(-0.9914446298,-0.1305279513,0.0));
#8406=VECTOR('',#8405,1.0);
#8407=LINE('',#8404,#8406);
#8408=EDGE_CURVE('no 1803',#8082,#8403,#8407,.T.);
#8409=ORIENTED_EDGE('no 1805',*,*,#8408,.T.);
#8410=CARTESIAN_POINT('',(0.102231,-0.00287496,-0.001));
#8411=DIRECTION('',(0.0,0.0,1.0));
#8412=VECTOR('',#8411,1.0);
#8413=LINE('',#8410,#8412);
#8414=EDGE_CURVE('no 1722',#8223,#8403,#8413,.T.);
#8415=ORIENTED_EDGE('no 1806',*,*,#8414,.F.);
#8416=EDGE_LOOP('',(#8401,#8409,#8415));
#8417=FACE_OUTER_BOUND('',#8416,.T.);
#8418=CARTESIAN_POINT('',(0.102231,-0.00287496,-0.001));
#8419=DIRECTION('',(0.1305279512,-0.9914446298,-0.0000000027));
#8420=DIRECTION('',(0.0406368861,0.0053500182,0.9991596573));
#8421=AXIS2_PLACEMENT_3D('',#8418,#8419,#8420);
#8422=PLANE('',#8421);
#8423=ADVANCED_FACE('no 1814',(#8417),#8422,.T.);
#8424=CARTESIAN_POINT('',(0.102231,-0.00287496,0.013));
#8425=DIRECTION('',(0.0,1.0,0.0));
#8426=VECTOR('',#8425,1.0);
#8427=LINE('',#8424,#8426);
#8428=EDGE_CURVE('no 7849',#8403,#8262,#8427,.T.);
#8429=ORIENTED_EDGE('no 7873',*,*,#8428,.F.);
#8430=ORIENTED_EDGE('no 7874',*,*,#8408,.F.);
#8431=ORIENTED_EDGE('no 7875',*,*,#8267,.T.);
#8432=EDGE_LOOP('',(#8429,#8430,#8431));
#8433=FACE_OUTER_BOUND('',#8432,.T.);
#8434=CARTESIAN_POINT('',(0.102231,0.073675,0.013));
#8435=DIRECTION('',(0.0,0.0,1.0));
#8436=DIRECTION('',(0.0,-1.0,0.0));
#8437=AXIS2_PLACEMENT_3D('',#8434,#8435,#8436);
#8438=PLANE('',#8437);
#8439=ADVANCED_FACE('no 7883',(#8433),#8438,.T.);
#8440=ORIENTED_EDGE('no 3405',*,*,#8288,.T.);
#8441=ORIENTED_EDGE('no 3406',*,*,#8390,.T.);
#8442=CARTESIAN_POINT('',(0.102231,0.073675,-0.001));
#8443=DIRECTION('',(0.0,0.0,1.0));
#8444=VECTOR('',#8443,1.0);
#8445=LINE('',#8442,#8444);
#8446=EDGE_CURVE('no 3404',#8379,#8262,#8445,.T.);
#8447=ORIENTED_EDGE('no 3407',*,*,#8446,.T.);
#8448=EDGE_LOOP('',(#8440,#8441,#8447));
#8449=FACE_OUTER_BOUND('',#8448,.T.);
#8450=CARTESIAN_POINT('',(0.102231,0.073675,0.013));
#8451=DIRECTION('',(0.1305230361,0.9914452769,0.0000000077));
#8452=DIRECTION('',(0.0406368861,-0.0053498082,-0.9991596584));
#8453=AXIS2_PLACEMENT_3D('',#8450,#8451,#8452);
#8454=PLANE('',#8453);
#8455=ADVANCED_FACE('no 3415',(#8449),#8454,.T.);
#8456=ORIENTED_EDGE('no 1659',*,*,#8306,.T.);
#8457=CARTESIAN_POINT('',(0.1017,-0.00309474,-0.001));
#8458=VERTEX_POINT('',#8457);
#8459=CARTESIAN_POINT('',(0.101244,-0.00344436,-0.001));
#8460=DIRECTION('',(0.7935895545,0.608453465,0.0));
#8461=VECTOR('',#8460,1.0);
#8462=LINE('',#8459,#8461);
#8463=EDGE_CURVE('no 1652',#7989,#8458,#8462,.T.);
#8464=ORIENTED_EDGE('no 1660',*,*,#8463,.T.);
#8465=CARTESIAN_POINT('',(0.1017,-0.00309474,-0.001));
#8466=DIRECTION('',(0.0,0.0,1.0));
#8467=VECTOR('',#8466,1.0);
#8468=LINE('',#8465,#8467);
#8469=EDGE_CURVE('no 1658',#8458,#8301,#8468,.T.);
#8470=ORIENTED_EDGE('no 1661',*,*,#8469,.T.);
#8471=EDGE_LOOP('',(#8456,#8464,#8470));
#8472=FACE_OUTER_BOUND('',#8471,.T.);
#8473=CARTESIAN_POINT('',(0.1017,-0.00309474,0.013));
#8474=DIRECTION('',(0.6087630633,-0.7933520862,-0.0000000545));
#8475=DIRECTION('',(-0.0325178883,-0.0249518911,-0.9991596419));
#8476=AXIS2_PLACEMENT_3D('',#8473,#8474,#8475);
#8477=PLANE('',#8476);
#8478=ADVANCED_FACE('no 1669',(#8472),#8477,.T.);
#8479=ORIENTED_EDGE('no 10469',*,*,#8336,.F.);
#8480=CARTESIAN_POINT('',(0.1017,0.0738947,-0.001));
#8481=DIRECTION('',(0.0,-1.0,0.0));
#8482=VECTOR('',#8481,1.0);
#8483=LINE('',#8480,#8482);
#8484=EDGE_CURVE('no 10468',#8325,#8458,#8483,.T.);
#8485=ORIENTED_EDGE('no 10470',*,*,#8484,.T.);
#8486=ORIENTED_EDGE('no 10471',*,*,#8463,.F.);
#8487=EDGE_LOOP('',(#8479,#8485,#8486));
#8488=FACE_OUTER_BOUND('',#8487,.T.);
#8489=CARTESIAN_POINT('',(0.101244,-0.00344436,-0.001));
#8490=DIRECTION('',(0.0,0.0,-1.0));
#8491=DIRECTION('',(0.0058912579,0.9999826464,0.0));
#8492=AXIS2_PLACEMENT_3D('',#8489,#8490,#8491);
#8493=PLANE('',#8492);
#8494=ADVANCED_FACE('no 10479',(#8488),#8493,.T.);
#8495=ORIENTED_EDGE('no 7804',*,*,#8352,.F.);
#8496=CARTESIAN_POINT('',(0.1017,0.0738947,0.013));
#8497=VERTEX_POINT('',#8496);
#8498=CARTESIAN_POINT('',(0.1017,-0.00309474,0.013));
#8499=DIRECTION('',(0.0,1.0,0.0));
#8500=VECTOR('',#8499,1.0);
#8501=LINE('',#8498,#8500);
#8502=EDGE_CURVE('no 7803',#8301,#8497,#8501,.T.);
#8503=ORIENTED_EDGE('no 7805',*,*,#8502,.T.);
#8504=CARTESIAN_POINT('',(0.101244,0.0742444,0.013));
#8505=DIRECTION('',(0.7935223282,-0.6085411363,0.0));
#8506=VECTOR('',#8505,1.0);
#8507=LINE('',#8504,#8506);
#8508=EDGE_CURVE('no 3543',#8136,#8497,#8507,.T.);
#8509=ORIENTED_EDGE('no 7806',*,*,#8508,.F.);
#8510=EDGE_LOOP('',(#8495,#8503,#8509));
#8511=FACE_OUTER_BOUND('',#8510,.T.);
#8512=CARTESIAN_POINT('',(0.101244,0.0742444,0.013));
#8513=DIRECTION('',(0.0,0.0,1.0));
#8514=DIRECTION('',(0.0058912579,-0.9999826464,0.0));
#8515=AXIS2_PLACEMENT_3D('',#8512,#8513,#8514);
#8516=PLANE('',#8515);
#8517=ADVANCED_FACE('no 7814',(#8511),#8516,.T.);
#8518=ORIENTED_EDGE('no 3544',*,*,#8366,.F.);
#8519=ORIENTED_EDGE('no 3545',*,*,#8508,.T.);
#8520=CARTESIAN_POINT('',(0.1017,0.0738947,-0.001));
#8521=DIRECTION('',(0.0,0.0,1.0));
#8522=VECTOR('',#8521,1.0);
#8523=LINE('',#8520,#8522);
#8524=EDGE_CURVE('no 3462',#8325,#8497,#8523,.T.);
#8525=ORIENTED_EDGE('no 3546',*,*,#8524,.F.);
#8526=EDGE_LOOP('',(#8518,#8519,#8525));
#8527=FACE_OUTER_BOUND('',#8526,.T.);
#8528=CARTESIAN_POINT('',(0.1017,0.0738947,-0.001));
#8529=DIRECTION('',(0.6087602114,0.7933542746,-0.0000000135));
#8530=DIRECTION('',(-0.0325178884,0.0249517911,0.9991596444));
#8531=AXIS2_PLACEMENT_3D('',#8528,#8529,#8530);
#8532=PLANE('',#8531);
#8533=ADVANCED_FACE('no 3554',(#8527),#8532,.T.);
#8534=CARTESIAN_POINT('',(0.102231,0.073675,-0.001));
#8535=DIRECTION('',(-0.0069114208,-0.9999761158,0.0));
#8536=VECTOR('',#8535,1.0);
#8537=LINE('',#8534,#8536);
#8538=EDGE_CURVE('no 10491',#8379,#8458,#8537,.T.);
#8539=ORIENTED_EDGE('no 10515',*,*,#8538,.F.);
#8540=ORIENTED_EDGE('no 10516',*,*,#8384,.T.);
#8541=CARTESIAN_POINT('',(0.1017,-0.00309474,-0.001));
#8542=DIRECTION('',(0.9238801074,0.3826820445,0.0));
#8543=VECTOR('',#8542,1.0);
#8544=LINE('',#8541,#8543);
#8545=EDGE_CURVE('no 1716',#8458,#8223,#8544,.T.);
#8546=ORIENTED_EDGE('no 10517',*,*,#8545,.F.);
#8547=EDGE_LOOP('',(#8539,#8540,#8546));
#8548=FACE_OUTER_BOUND('',#8547,.T.);
#8549=CARTESIAN_POINT('',(0.1017,-0.00309474,-0.001));
#8550=DIRECTION('',(0.0,0.0,-1.0));
#8551=DIRECTION('',(0.0069114208,0.9999761158,0.0));
#8552=AXIS2_PLACEMENT_3D('',#8549,#8550,#8551);
#8553=PLANE('',#8552);
#8554=ADVANCED_FACE('no 10525',(#8548),#8553,.T.);
#8555=CARTESIAN_POINT('',(0.102231,-0.00287496,0.013));
#8556=DIRECTION('',(-0.0378966565,-0.0156853619,-0.9991585524));
#8557=VECTOR('',#8556,1.0);
#8558=LINE('',#8555,#8557);
#8559=EDGE_CURVE('no 1710',#8403,#8458,#8558,.T.);
#8560=ORIENTED_EDGE('no 1723',*,*,#8559,.T.);
#8561=ORIENTED_EDGE('no 1724',*,*,#8545,.T.);
#8562=ORIENTED_EDGE('no 1725',*,*,#8414,.T.);
#8563=EDGE_LOOP('',(#8560,#8561,#8562));
#8564=FACE_OUTER_BOUND('',#8563,.T.);
#8565=CARTESIAN_POINT('',(0.102231,-0.00287496,0.013));
#8566=DIRECTION('',(0.3826820425,-0.9238801082,-0.0000000511));
#8567=DIRECTION('',(-0.037868186,-0.0156853942,-0.9991596313));
#8568=AXIS2_PLACEMENT_3D('',#8565,#8566,#8567);
#8569=PLANE('',#8568);
#8570=ADVANCED_FACE('no 1733',(#8564),#8569,.T.);
#8571=CARTESIAN_POINT('',(0.102231,-0.00287496,0.013));
#8572=DIRECTION('',(-0.0069166295,0.9999760798,0.0));
#8573=VECTOR('',#8572,1.0);
#8574=LINE('',#8571,#8573);
#8575=EDGE_CURVE('no 7826',#8403,#8497,#8574,.T.);
#8576=ORIENTED_EDGE('no 7850',*,*,#8575,.F.);
#8577=ORIENTED_EDGE('no 7851',*,*,#8428,.T.);
#8578=CARTESIAN_POINT('',(0.1017,0.0738947,0.013));
#8579=DIRECTION('',(0.9240316718,-0.382315929,0.0));
#8580=VECTOR('',#8579,1.0);
#8581=LINE('',#8578,#8580);
#8582=EDGE_CURVE('no 3485',#8497,#8262,#8581,.T.);
#8583=ORIENTED_EDGE('no 7852',*,*,#8582,.F.);
#8584=EDGE_LOOP('',(#8576,#8577,#8583));
#8585=FACE_OUTER_BOUND('',#8584,.T.);
#8586=CARTESIAN_POINT('',(0.1017,0.0738947,0.013));
#8587=DIRECTION('',(0.0,0.0,1.0));
#8588=DIRECTION('',(0.0069114208,-0.9999761158,0.0));
#8589=AXIS2_PLACEMENT_3D('',#8586,#8587,#8588);
#8590=PLANE('',#8589);
#8591=ADVANCED_FACE('no 7860',(#8585),#8590,.T.);
#8592=CARTESIAN_POINT('',(0.1017,0.0738947,0.013));
#8593=DIRECTION('',(0.0378681858,-0.0156856941,-0.9991596266));
#8594=VECTOR('',#8593,1.0);
#8595=LINE('',#8592,#8594);
#8596=EDGE_CURVE('no 3450',#8497,#8379,#8595,.T.);
#8597=ORIENTED_EDGE('no 3486',*,*,#8596,.F.);
#8598=ORIENTED_EDGE('no 3487',*,*,#8582,.T.);
#8599=ORIENTED_EDGE('no 3488',*,*,#8446,.F.);
#8600=EDGE_LOOP('',(#8597,#8598,#8599));
#8601=FACE_OUTER_BOUND('',#8600,.T.);
#8602=CARTESIAN_POINT('',(0.102231,0.073675,-0.001));
#8603=DIRECTION('',(0.3826870196,0.9238780466,-0.0000000053));
#8604=DIRECTION('',(-0.0378681858,0.0156856941,0.9991596266));
#8605=AXIS2_PLACEMENT_3D('',#8602,#8603,#8604);
#8606=PLANE('',#8605);
#8607=ADVANCED_FACE('no 3496',(#8601),#8606,.T.);
#8608=ORIENTED_EDGE('no 1746',*,*,#8559,.F.);
#8609=CARTESIAN_POINT('',(0.102231,-0.00287496,0.013));
#8610=DIRECTION('',(-0.9238801074,-0.3826820445,0.0));
#8611=VECTOR('',#8610,1.0);
#8612=LINE('',#8609,#8611);
#8613=EDGE_CURVE('no 1745',#8403,#8301,#8612,.T.);
#8614=ORIENTED_EDGE('no 1747',*,*,#8613,.T.);
#8615=ORIENTED_EDGE('no 1748',*,*,#8469,.F.);
#8616=EDGE_LOOP('',(#8608,#8614,#8615));
#8617=FACE_OUTER_BOUND('',#8616,.T.);
#8618=CARTESIAN_POINT('',(0.1017,-0.00309474,-0.001));
#8619=DIRECTION('',(0.3826820425,-0.9238801082,-0.0000000511));
#8620=DIRECTION('',(0.037868186,0.0156853942,0.9991596313));
#8621=AXIS2_PLACEMENT_3D('',#8618,#8619,#8620);
#8622=PLANE('',#8621);
#8623=ADVANCED_FACE('no 1756',(#8617),#8622,.T.);
#8624=ORIENTED_EDGE('no 10492',*,*,#8484,.F.);
#8625=CARTESIAN_POINT('',(0.102231,0.073675,-0.001));
#8626=DIRECTION('',(-0.9238780467,0.3826870194,0.0));
#8627=VECTOR('',#8626,1.0);
#8628=LINE('',#8625,#8627);
#8629=EDGE_CURVE('no 3456',#8379,#8325,#8628,.T.);
#8630=ORIENTED_EDGE('no 10493',*,*,#8629,.F.);
#8631=ORIENTED_EDGE('no 10494',*,*,#8538,.T.);
#8632=EDGE_LOOP('',(#8624,#8630,#8631));
#8633=FACE_OUTER_BOUND('',#8632,.T.);
#8634=CARTESIAN_POINT('',(0.1017,-0.00309474,-0.001));
#8635=DIRECTION('',(0.0,0.0,-1.0));
#8636=DIRECTION('',(0.0,1.0,0.0));
#8637=AXIS2_PLACEMENT_3D('',#8634,#8635,#8636);
#8638=PLANE('',#8637);
#8639=ADVANCED_FACE('no 10502',(#8633),#8638,.T.);
#8640=ORIENTED_EDGE('no 7827',*,*,#8502,.F.);
#8641=ORIENTED_EDGE('no 7828',*,*,#8613,.F.);
#8642=ORIENTED_EDGE('no 7829',*,*,#8575,.T.);
#8643=EDGE_LOOP('',(#8640,#8641,#8642));
#8644=FACE_OUTER_BOUND('',#8643,.T.);
#8645=CARTESIAN_POINT('',(0.1017,0.0738947,0.013));
#8646=DIRECTION('',(0.0,0.0,1.0));
#8647=DIRECTION('',(0.0,-1.0,0.0));
#8648=AXIS2_PLACEMENT_3D('',#8645,#8646,#8647);
#8649=PLANE('',#8648);
#8650=ADVANCED_FACE('no 7837',(#8644),#8649,.T.);
#8651=ORIENTED_EDGE('no 3463',*,*,#8596,.T.);
#8652=ORIENTED_EDGE('no 3464',*,*,#8629,.T.);
#8653=ORIENTED_EDGE('no 3465',*,*,#8524,.T.);
#8654=EDGE_LOOP('',(#8651,#8652,#8653));
#8655=FACE_OUTER_BOUND('',#8654,.T.);
#8656=CARTESIAN_POINT('',(0.1017,0.0738947,0.013));
#8657=DIRECTION('',(0.3826870196,0.9238780466,-0.0000000053));
#8658=DIRECTION('',(0.0378681858,-0.0156856941,-0.9991596266));
#8659=AXIS2_PLACEMENT_3D('',#8656,#8657,#8658);
#8660=PLANE('',#8659);
#8661=ADVANCED_FACE('no 3473',(#8655),#8660,.T.);
#8662=CLOSED_SHELL('Orphan_Brep_#11551',(
    #47,#70,#93,#116,#139,#162,#185,#208,#231,#254,
    #277,#300,#323,#346,#369,#390,#413,#436,#459,#480,
    #503,#526,#549,#572,#595,#618,#641,#662,#685,#708,
    #731,#754,#777,#800,#823,#844,#867,#888,#911,#932,
    #943,#966,#989,#1005,#1028,#1044,#1067,#1090,#1113,#1136,
    #1152,#1168,#1191,#1214,#1237,#1253,#1276,#1292,#1315,#1338,
    #1354,#1365,#1388,#1411,#1434,#1457,#1473,#1489,#1512,#1533,
    #1544,#1565,#1576,#1599,#1622,#1645,#1661,#1684,#1700,#1716,
    #1739,#1760,#1783,#1806,#1822,#1845,#1868,#1884,#1905,#1921,
    #1944,#1965,#1981,#1997,#2020,#2036,#2052,#2068,#2084,#2107,
    #2130,#2153,#2176,#2197,#2220,#2243,#2259,#2282,#2303,#2314,
    #2330,#2353,#2369,#2385,#2401,#2417,#2433,#2444,#2455,#2466,
    #2489,#2512,#2528,#2551,#2574,#2597,#2620,#2641,#2652,#2668,
    #2679,#2702,#2725,#2746,#2769,#2792,#2815,#2836,#2847,#2870,
    #2893,#2909,#2932,#2948,#2971,#2987,#3010,#3026,#3049,#3072,
    #3095,#3118,#3141,#3164,#3180,#3203,#3226,#3242,#3265,#3286,
    #3297,#3320,#3336,#3359,#3382,#3398,#3414,#3437,#3453,#3469,
    #3492,#3513,#3524,#3547,#3563,#3586,#3609,#3632,#3648,#3664,
    #3687,#3703,#3726,#3742,#3765,#3788,#3809,#3832,#3848,#3871,
    #3887,#3910,#3933,#3956,#3979,#3995,#4018,#4034,#4057,#4073,
    #4096,#4119,#4135,#4158,#4181,#4204,#4227,#4250,#4266,#4289,
    #4305,#4321,#4337,#4353,#4369,#4385,#4401,#4417,#4440,#4456,
    #4477,#4493,#4516,#4539,#4562,#4583,#4604,#4615,#4638,#4654,
    #4670,#4693,#4709,#4732,#4755,#4771,#4782,#4805,#4816,#4839,
    #4855,#4876,#4897,#4913,#4936,#4959,#4970,#4986,#5009,#5020,
    #5043,#5066,#5089,#5112,#5135,#5151,#5167,#5183,#5199,#5222,
    #5245,#5266,#5282,#5298,#5321,#5344,#5365,#5386,#5409,#5425,
    #5448,#5464,#5475,#5498,#5521,#5544,#5565,#5576,#5592,#5608,
    #5624,#5647,#5663,#5684,#5707,#5723,#5739,#5755,#5778,#5801,
    #5817,#5840,#5863,#5886,#5902,#5918,#5941,#5957,#5973,#5994,
    #6017,#6040,#6056,#6072,#6083,#6094,#6105,#6128,#6144,#6167,
    #6190,#6211,#6232,#6248,#6269,#6285,#6308,#6324,#6347,#6363,
    #6374,#6385,#6396,#6412,#6428,#6444,#6460,#6483,#6506,#6529,
    #6545,#6561,#6584,#6607,#6623,#6646,#6669,#6692,#6708,#6731,
    #6754,#6770,#6786,#6802,#6818,#6841,#6864,#6880,#6903,#6919,
    #6942,#6963,#6979,#7002,#7025,#7041,#7057,#7073,#7096,#7112,
    #7123,#7146,#7162,#7185,#7201,#7217,#7233,#7249,#7265,#7288,
    #7304,#7320,#7343,#7366,#7389,#7405,#7426,#7449,#7472,#7495,
    #7511,#7527,#7543,#7566,#7589,#7612,#7633,#7654,#7670,#7681,
    #7704,#7720,#7743,#7759,#7775,#7796,#7819,#7835,#7858,#7874,
    #7890,#7906,#7922,#7933,#7949,#7960,#7971,#7987,#8010,#8033,
    #8056,#8079,#8102,#8118,#8134,#8157,#8173,#8189,#8205,#8221,
    #8244,#8260,#8283,#8299,#8322,#8345,#8361,#8377,#8400,#8423,
    #8439,#8455,#8478,#8494,#8517,#8533,#8554,#8570,#8591,#8607,
    #8623,#8639,#8650,#8661));
#8663=MANIFOLD_SOLID_BREP('Orphan_Brep_#11551',#8662);
#8664=CARTESIAN_POINT('',(0.,0.,0.));
#8665=DIRECTION('',(0.,0.,1.));
#8666=DIRECTION('',(1.,0.,0.));
#8667=AXIS2_PLACEMENT_3D('Reference Axes',#8664,#8665,#8666);
#8668=SHAPE_REPRESENTATION('',(#8667,#8663),#5);
#8669=SHAPE_DEFINITION_REPRESENTATION(#12,#8668);
#8670=CARTESIAN_POINT('',(0.,0.,0.));
#8671=DIRECTION('',(0.,0.,1.));
#8672=DIRECTION('',(1.,0.,0.));
#8673=AXIS2_PLACEMENT_3D('',#8670,#8671,#8672);
#8674=REPRESENTATION_MAP(#8673,#8668);
#8675=MAPPED_ITEM('',#8674,#8673);
#8676=PRESENTATION_STYLE_ASSIGNMENT((NULL_STYLE(.NULL.)));
#8677=STYLED_ITEM('',(#8676),#8668);
#8678=MECHANICAL_DESIGN_GEOMETRIC_PRESENTATION_REPRESENTATION('',(#8675,#8677),#5);
ENDSEC;
END-ISO-10303-21;
