ISO-10303-21;

HEADER;
FILE_DESCRIPTION((' '),'2;1');
FILE_NAME( 'hackpad 3.stp_ap203.stp',
           '2026-09-14T07:43:18',
           (' '),
           ('---                        ---'),
           '                      V2026.1  Dec 31 2025',
           '        2026 (c)',
           ' ');
FILE_SCHEMA(('AP242_MANAGED_MODEL_BASED_3D_ENGINEERING_MIM_LF { 1 0 10303 442 1 1 4 }'));
ENDSEC;

DATA;
#1=APPLICATION_CONTEXT('Managed model based 3d engineering');
#2=APPLICATION_PROTOCOL_DEFINITION('international standard','ap242_managed_model_based_3d_engineering',2013,#1);
#3=(LENGTH_UNIT()NAMED_UNIT(*)SI_UNIT(.MILLI.,.METRE.));
#4=(NAMED_UNIT(*)PLANE_ANGLE_UNIT()SI_UNIT($,.RADIAN.));
#5=( GEOMETRIC_REPRESENTATION_CONTEXT(3)
       GLOBAL_UNCERTAINTY_ASSIGNED_CONTEXT((#6)) GLOBAL_UNIT_ASSIGNED_CONTEXT
  ((#3,#4)) REPRESENTATION_CONTEXT('Context #1',
  '3D Context with UNIT and UNCERTAINTY') );
#6=UNCERTAINTY_MEASURE_WITH_UNIT(LENGTH_MEASURE(0.005),#3,'distance_accuracy_value','Confusion accuracy');
#7=PRODUCT_CONTEXT('',#1,'mechanical');
#8=PRODUCT('Orphan_Brep_#13711','','',(#7));
#9=PRODUCT_DEFINITION_FORMATION('','',#8);
#10=PRODUCT_DEFINITION_CONTEXT('part definition',#1,'design');
#11=PRODUCT_DEFINITION('design','',#9,#10);
#12=PRODUCT_DEFINITION_SHAPE('','',#11);
#13=PRODUCT_CATEGORY('part',$);
#14=PRODUCT_RELATED_PRODUCT_CATEGORY('part',$,(#8));
#15=PRODUCT_CATEGORY_RELATIONSHIP('','',#13,#14);
#16=CARTESIAN_POINT('',(0.121837,0.0737036,-0.0));
#17=VERTEX_POINT('',#16);
#18=CARTESIAN_POINT('',(0.121762,-0.006527,-0.0));
#19=VERTEX_POINT('',#18);
#20=CARTESIAN_POINT('',(0.121837,0.0737036,-0.0));
#21=DIRECTION('',(-0.0009343096,-0.9999995635,0.0));
#22=VECTOR('',#21,1.0);
#23=LINE('',#20,#22);
#24=EDGE_CURVE('no 16',#17,#19,#23,.T.);
#25=ORIENTED_EDGE('no 29',*,*,#24,.T.);
#26=CARTESIAN_POINT('',(0.121762,0.074273,-0.0));
#27=VERTEX_POINT('',#26);
#28=CARTESIAN_POINT('',(0.121762,-0.006527,-0.0));
#29=DIRECTION('',(0.0,1.0,0.0));
#30=VECTOR('',#29,1.0);
#31=LINE('',#28,#30);
#32=EDGE_CURVE('no 22',#19,#27,#31,.T.);
#33=ORIENTED_EDGE('no 30',*,*,#32,.T.);
#34=CARTESIAN_POINT('',(0.121762,0.074273,-0.0));
#35=DIRECTION('',(0.1305896347,-0.9914365069,0.0));
#36=VECTOR('',#35,1.0);
#37=LINE('',#34,#36);
#38=EDGE_CURVE('no 28',#27,#17,#37,.T.);
#39=ORIENTED_EDGE('no 31',*,*,#38,.T.);
#40=EDGE_LOOP('',(#25,#33,#39));
#41=FACE_OUTER_BOUND('',#40,.T.);
#42=CARTESIAN_POINT('',(0.121837,0.0737036,-0.0));
#43=DIRECTION('',(-0.0,0.0,-1.0));
#44=DIRECTION('',(-0.0009343096,-0.9999995635,0.0));
#45=AXIS2_PLACEMENT_3D('',#42,#43,#44);
#46=PLANE('',#45);
#47=ADVANCED_FACE('no 39',(#41),#46,.T.);
#48=ORIENTED_EDGE('no 58',*,*,#24,.F.);
#49=CARTESIAN_POINT('',(0.121837,-0.0059576,-0.0));
#50=VERTEX_POINT('',#49);
#51=CARTESIAN_POINT('',(0.121837,0.0737036,-0.0));
#52=DIRECTION('',(0.0,-1.0,0.0));
#53=VECTOR('',#52,1.0);
#54=LINE('',#51,#53);
#55=EDGE_CURVE('no 51',#17,#50,#54,.T.);
#56=ORIENTED_EDGE('no 59',*,*,#55,.T.);
#57=CARTESIAN_POINT('',(0.121837,-0.0059576,-0.0));
#58=DIRECTION('',(-0.1305896347,-0.9914365069,0.0));
#59=VECTOR('',#58,1.0);
#60=LINE('',#57,#59);
#61=EDGE_CURVE('no 57',#50,#19,#60,.T.);
#62=ORIENTED_EDGE('no 60',*,*,#61,.T.);
#63=EDGE_LOOP('',(#48,#56,#62));
#64=FACE_OUTER_BOUND('',#63,.T.);
#65=CARTESIAN_POINT('',(0.121762,-0.006527,-0.0));
#66=DIRECTION('',(0.0,0.0,-1.0));
#67=DIRECTION('',(0.0009343096,0.9999995635,0.0));
#68=AXIS2_PLACEMENT_3D('',#65,#66,#67);
#69=PLANE('',#68);
#70=ADVANCED_FACE('no 68',(#64),#69,.T.);
#71=CARTESIAN_POINT('',(0.118962,-0.011527,-0.0));
#72=VERTEX_POINT('',#71);
#73=CARTESIAN_POINT('',(0.118962,-0.011527,-0.0));
#74=DIRECTION('',(0.4886033689,0.8725060159,0.0));
#75=VECTOR('',#74,1.0);
#76=LINE('',#73,#75);
#77=EDGE_CURVE('no 3218',#72,#19,#76,.T.);
#78=ORIENTED_EDGE('no 3242',*,*,#77,.F.);
#79=CARTESIAN_POINT('',(0.121762,0.074273,-0.0));
#80=DIRECTION('',(-0.0326166978,-0.999467934,0.0));
#81=VECTOR('',#80,1.0);
#82=LINE('',#79,#81);
#83=EDGE_CURVE('no 1809',#27,#72,#82,.T.);
#84=ORIENTED_EDGE('no 3243',*,*,#83,.F.);
#85=ORIENTED_EDGE('no 3244',*,*,#32,.F.);
#86=EDGE_LOOP('',(#78,#84,#85));
#87=FACE_OUTER_BOUND('',#86,.T.);
#88=CARTESIAN_POINT('',(0.121762,-0.006527,-0.0));
#89=DIRECTION('',(-0.0,0.0,-1.0));
#90=DIRECTION('',(-0.4886038561,-0.8725057431,0.0));
#91=AXIS2_PLACEMENT_3D('',#88,#89,#90);
#92=PLANE('',#91);
#93=ADVANCED_FACE('no 3252',(#87),#92,.T.);
#94=ORIENTED_EDGE('no 87',*,*,#55,.F.);
#95=CARTESIAN_POINT('',(0.122057,0.073173,-0.0));
#96=VERTEX_POINT('',#95);
#97=CARTESIAN_POINT('',(0.121837,0.0737036,-0.0));
#98=DIRECTION('',(0.3826870194,-0.9238780467,0.0));
#99=VECTOR('',#98,1.0);
#100=LINE('',#97,#99);
#101=EDGE_CURVE('no 80',#17,#96,#100,.T.);
#102=ORIENTED_EDGE('no 88',*,*,#101,.T.);
#103=CARTESIAN_POINT('',(0.122057,0.073173,-0.0));
#104=DIRECTION('',(-0.0027774804,-0.9999961428,0.0));
#105=VECTOR('',#104,1.0);
#106=LINE('',#103,#105);
#107=EDGE_CURVE('no 86',#96,#50,#106,.T.);
#108=ORIENTED_EDGE('no 89',*,*,#107,.T.);
#109=EDGE_LOOP('',(#94,#102,#108));
#110=FACE_OUTER_BOUND('',#109,.T.);
#111=CARTESIAN_POINT('',(0.121837,-0.0059576,-0.0));
#112=DIRECTION('',(0.0,0.0,-1.0));
#113=DIRECTION('',(0.0,1.0,0.0));
#114=AXIS2_PLACEMENT_3D('',#111,#112,#113);
#115=PLANE('',#114);
#116=ADVANCED_FACE('no 97',(#110),#115,.T.);
#117=CARTESIAN_POINT('',(0.121762,-0.006527,0.003));
#118=VERTEX_POINT('',#117);
#119=CARTESIAN_POINT('',(0.121837,-0.0059576,-0.0));
#120=DIRECTION('',(-0.0245541064,-0.1864147759,0.9821642567));
#121=VECTOR('',#120,1.0);
#122=LINE('',#119,#121);
#123=EDGE_CURVE('no 12300',#50,#118,#122,.T.);
#124=ORIENTED_EDGE('no 12301',*,*,#123,.T.);
#125=CARTESIAN_POINT('',(0.121762,-0.006527,-0.0));
#126=DIRECTION('',(0.0,0.0,1.0));
#127=VECTOR('',#126,1.0);
#128=LINE('',#125,#127);
#129=EDGE_CURVE('no 12277',#19,#118,#128,.T.);
#130=ORIENTED_EDGE('no 12302',*,*,#129,.F.);
#131=ORIENTED_EDGE('no 12303',*,*,#61,.F.);
#132=EDGE_LOOP('',(#124,#130,#131));
#133=FACE_OUTER_BOUND('',#132,.T.);
#134=CARTESIAN_POINT('',(0.121837,-0.0059576,-0.0));
#135=DIRECTION('',(0.9914455534,-0.130520936,-0.0000000268));
#136=DIRECTION('',(-0.0245411084,-0.186416064,0.9821643371));
#137=AXIS2_PLACEMENT_3D('',#134,#135,#136);
#138=PLANE('',#137);
#139=ADVANCED_FACE('no 12311',(#133),#138,.T.);
#140=CARTESIAN_POINT('',(0.121837,-0.0070964,-0.0));
#141=VERTEX_POINT('',#140);
#142=CARTESIAN_POINT('',(0.118962,-0.011527,-0.0));
#143=DIRECTION('',(0.5443326484,0.8388694582,0.0));
#144=VECTOR('',#143,1.0);
#145=LINE('',#142,#144);
#146=EDGE_CURVE('no 3189',#72,#141,#145,.T.);
#147=ORIENTED_EDGE('no 3225',*,*,#146,.F.);
#148=ORIENTED_EDGE('no 3226',*,*,#77,.T.);
#149=CARTESIAN_POINT('',(0.121762,-0.006527,-0.0));
#150=DIRECTION('',(0.1305896347,-0.9914365069,0.0));
#151=VECTOR('',#150,1.0);
#152=LINE('',#149,#151);
#153=EDGE_CURVE('no 3224',#19,#141,#152,.T.);
#154=ORIENTED_EDGE('no 3227',*,*,#153,.T.);
#155=EDGE_LOOP('',(#147,#148,#154));
#156=FACE_OUTER_BOUND('',#155,.T.);
#157=CARTESIAN_POINT('',(0.121837,-0.0070964,-0.0));
#158=DIRECTION('',(-0.0,0.0,-1.0));
#159=DIRECTION('',(-0.5443326484,-0.8388694582,0.0));
#160=AXIS2_PLACEMENT_3D('',#157,#158,#159);
#161=PLANE('',#160);
#162=ADVANCED_FACE('no 3235',(#156),#161,.T.);
#163=CARTESIAN_POINT('',(0.118962,0.079273,-0.0));
#164=VERTEX_POINT('',#163);
#165=CARTESIAN_POINT('',(0.118962,0.079273,-0.0));
#166=DIRECTION('',(0.4886038561,-0.8725057431,0.0));
#167=VECTOR('',#166,1.0);
#168=LINE('',#165,#167);
#169=EDGE_CURVE('no 1803',#164,#27,#168,.T.);
#170=ORIENTED_EDGE('no 1816',*,*,#169,.T.);
#171=ORIENTED_EDGE('no 1817',*,*,#83,.T.);
#172=CARTESIAN_POINT('',(0.118962,-0.011527,-0.0));
#173=DIRECTION('',(0.0,1.0,0.0));
#174=VECTOR('',#173,1.0);
#175=LINE('',#172,#174);
#176=EDGE_CURVE('no 1815',#72,#164,#175,.T.);
#177=ORIENTED_EDGE('no 1818',*,*,#176,.T.);
#178=EDGE_LOOP('',(#170,#171,#177));
#179=FACE_OUTER_BOUND('',#178,.T.);
#180=CARTESIAN_POINT('',(0.118962,0.079273,-0.0));
#181=DIRECTION('',(0.0,0.0,-1.0));
#182=DIRECTION('',(0.4886038561,-0.8725057431,0.0));
#183=AXIS2_PLACEMENT_3D('',#180,#181,#182);
#184=PLANE('',#183);
#185=ADVANCED_FACE('no 1826',(#179),#184,.T.);
#186=ORIENTED_EDGE('no 116',*,*,#107,.F.);
#187=CARTESIAN_POINT('',(0.122057,-0.005427,-0.0));
#188=VERTEX_POINT('',#187);
#189=CARTESIAN_POINT('',(0.122057,0.073173,-0.0));
#190=DIRECTION('',(0.0,-1.0,0.0));
#191=VECTOR('',#190,1.0);
#192=LINE('',#189,#191);
#193=EDGE_CURVE('no 109',#96,#188,#192,.T.);
#194=ORIENTED_EDGE('no 117',*,*,#193,.T.);
#195=CARTESIAN_POINT('',(0.122057,-0.005427,-0.0));
#196=DIRECTION('',(-0.3830077761,-0.9237451182,0.0));
#197=VECTOR('',#196,1.0);
#198=LINE('',#195,#197);
#199=EDGE_CURVE('no 115',#188,#50,#198,.T.);
#200=ORIENTED_EDGE('no 118',*,*,#199,.T.);
#201=EDGE_LOOP('',(#186,#194,#200));
#202=FACE_OUTER_BOUND('',#201,.T.);
#203=CARTESIAN_POINT('',(0.121837,-0.0059576,-0.0));
#204=DIRECTION('',(0.0,0.0,-1.0));
#205=DIRECTION('',(0.0027774804,0.9999961428,0.0));
#206=AXIS2_PLACEMENT_3D('',#203,#204,#205);
#207=PLANE('',#206);
#208=ADVANCED_FACE('no 126',(#202),#207,.T.);
#209=ORIENTED_EDGE('no 12324',*,*,#123,.F.);
#210=CARTESIAN_POINT('',(0.121837,-0.0059576,0.003));
#211=VERTEX_POINT('',#210);
#212=CARTESIAN_POINT('',(0.121837,-0.0059576,-0.0));
#213=DIRECTION('',(0.0,0.0,1.0));
#214=VECTOR('',#213,1.0);
#215=LINE('',#212,#214);
#216=EDGE_CURVE('no 12323',#50,#211,#215,.T.);
#217=ORIENTED_EDGE('no 12325',*,*,#216,.T.);
#218=CARTESIAN_POINT('',(0.121762,-0.006527,0.003));
#219=DIRECTION('',(0.1305896347,0.9914365069,0.0));
#220=VECTOR('',#219,1.0);
#221=LINE('',#218,#220);
#222=EDGE_CURVE('no 8040',#118,#211,#221,.T.);
#223=ORIENTED_EDGE('no 12326',*,*,#222,.F.);
#224=EDGE_LOOP('',(#209,#217,#223));
#225=FACE_OUTER_BOUND('',#224,.T.);
#226=CARTESIAN_POINT('',(0.121762,-0.006527,0.003));
#227=DIRECTION('',(0.9914455534,-0.130520936,-0.0000000268));
#228=DIRECTION('',(0.0245411084,0.186416064,-0.9821643371));
#229=AXIS2_PLACEMENT_3D('',#226,#227,#228);
#230=PLANE('',#229);
#231=ADVANCED_FACE('no 12334',(#225),#230,.T.);
#232=CARTESIAN_POINT('',(0.121837,-0.0070964,0.003));
#233=VERTEX_POINT('',#232);
#234=CARTESIAN_POINT('',(0.121762,-0.006527,-0.0));
#235=DIRECTION('',(0.0245541064,-0.1864147759,0.9821642567));
#236=VECTOR('',#235,1.0);
#237=LINE('',#234,#236);
#238=EDGE_CURVE('no 12254',#19,#233,#237,.T.);
#239=ORIENTED_EDGE('no 12278',*,*,#238,.F.);
#240=ORIENTED_EDGE('no 12279',*,*,#129,.T.);
#241=CARTESIAN_POINT('',(0.121837,-0.0070964,0.003));
#242=DIRECTION('',(-0.1305896347,0.9914365069,0.0));
#243=VECTOR('',#242,1.0);
#244=LINE('',#241,#243);
#245=EDGE_CURVE('no 4793',#233,#118,#244,.T.);
#246=ORIENTED_EDGE('no 12280',*,*,#245,.F.);
#247=EDGE_LOOP('',(#239,#240,#246));
#248=FACE_OUTER_BOUND('',#247,.T.);
#249=CARTESIAN_POINT('',(0.121837,-0.0070964,0.003));
#250=DIRECTION('',(0.9914455501,0.1305209604,-0.0000001014));
#251=DIRECTION('',(-0.024541113,0.1864150987,-0.9821645202));
#252=AXIS2_PLACEMENT_3D('',#249,#250,#251);
#253=PLANE('',#252);
#254=ADVANCED_FACE('no 12288',(#248),#253,.T.);
#255=CARTESIAN_POINT('',(0.122057,-0.007627,-0.0));
#256=VERTEX_POINT('',#255);
#257=CARTESIAN_POINT('',(0.118962,-0.011527,-0.0));
#258=DIRECTION('',(0.6215970976,0.783337123,0.0));
#259=VECTOR('',#258,1.0);
#260=LINE('',#257,#259);
#261=EDGE_CURVE('no 3160',#72,#256,#260,.T.);
#262=ORIENTED_EDGE('no 3196',*,*,#261,.F.);
#263=ORIENTED_EDGE('no 3197',*,*,#146,.T.);
#264=CARTESIAN_POINT('',(0.121837,-0.0070964,-0.0));
#265=DIRECTION('',(0.3830077761,-0.9237451182,0.0));
#266=VECTOR('',#265,1.0);
#267=LINE('',#264,#266);
#268=EDGE_CURVE('no 3195',#141,#256,#267,.T.);
#269=ORIENTED_EDGE('no 3198',*,*,#268,.T.);
#270=EDGE_LOOP('',(#262,#263,#269));
#271=FACE_OUTER_BOUND('',#270,.T.);
#272=CARTESIAN_POINT('',(0.122057,-0.007627,-0.0));
#273=DIRECTION('',(-0.0,0.0,-1.0));
#274=DIRECTION('',(-0.6215970976,-0.783337123,0.0));
#275=AXIS2_PLACEMENT_3D('',#272,#273,#274);
#276=PLANE('',#275);
#277=ADVANCED_FACE('no 3206',(#271),#276,.T.);
#278=ORIENTED_EDGE('no 12255',*,*,#238,.T.);
#279=CARTESIAN_POINT('',(0.121837,-0.0070964,-0.0));
#280=DIRECTION('',(0.0,0.0,1.0));
#281=VECTOR('',#280,1.0);
#282=LINE('',#279,#281);
#283=EDGE_CURVE('no 12231',#141,#233,#282,.T.);
#284=ORIENTED_EDGE('no 12256',*,*,#283,.F.);
#285=ORIENTED_EDGE('no 12257',*,*,#153,.F.);
#286=EDGE_LOOP('',(#278,#284,#285));
#287=FACE_OUTER_BOUND('',#286,.T.);
#288=CARTESIAN_POINT('',(0.121762,-0.006527,-0.0));
#289=DIRECTION('',(0.9914455501,0.1305209604,-0.0000001014));
#290=DIRECTION('',(0.024541113,-0.1864150987,0.9821645202));
#291=AXIS2_PLACEMENT_3D('',#288,#289,#290);
#292=PLANE('',#291);
#293=ADVANCED_FACE('no 12265',(#287),#292,.T.);
#294=ORIENTED_EDGE('no 1845',*,*,#169,.F.);
#295=CARTESIAN_POINT('',(0.121837,0.0748424,-0.0));
#296=VERTEX_POINT('',#295);
#297=CARTESIAN_POINT('',(0.118962,0.079273,-0.0));
#298=DIRECTION('',(0.5443319447,-0.8388699148,0.0));
#299=VECTOR('',#298,1.0);
#300=LINE('',#297,#299);
#301=EDGE_CURVE('no 1838',#164,#296,#300,.T.);
#302=ORIENTED_EDGE('no 1846',*,*,#301,.T.);
#303=CARTESIAN_POINT('',(0.121837,0.0748424,-0.0));
#304=DIRECTION('',(-0.1305209411,-0.9914455527,0.0));
#305=VECTOR('',#304,1.0);
#306=LINE('',#303,#305);
#307=EDGE_CURVE('no 1844',#296,#27,#306,.T.);
#308=ORIENTED_EDGE('no 1847',*,*,#307,.T.);
#309=EDGE_LOOP('',(#294,#302,#308));
#310=FACE_OUTER_BOUND('',#309,.T.);
#311=CARTESIAN_POINT('',(0.121762,0.074273,-0.0));
#312=DIRECTION('',(0.0,0.0,-1.0));
#313=DIRECTION('',(-0.4886038561,0.8725057431,0.0));
#314=AXIS2_PLACEMENT_3D('',#311,#312,#313);
#315=PLANE('',#314);
#316=ADVANCED_FACE('no 1855',(#310),#315,.T.);
#317=CARTESIAN_POINT('',(0.118962,0.079273,0.003));
#318=VERTEX_POINT('',#317);
#319=CARTESIAN_POINT('',(0.118962,0.079273,0.003));
#320=DIRECTION('',(0.0,-0.9994546373,-0.033021629));
#321=VECTOR('',#320,1.0);
#322=LINE('',#319,#321);
#323=EDGE_CURVE('no 9540',#318,#72,#322,.T.);
#324=ORIENTED_EDGE('no 9564',*,*,#323,.F.);
#325=CARTESIAN_POINT('',(0.118962,0.079273,-0.0));
#326=DIRECTION('',(0.0,0.0,1.0));
#327=VECTOR('',#326,1.0);
#328=LINE('',#325,#327);
#329=EDGE_CURVE('no 9494',#164,#318,#328,.T.);
#330=ORIENTED_EDGE('no 9565',*,*,#329,.F.);
#331=ORIENTED_EDGE('no 9566',*,*,#176,.F.);
#332=EDGE_LOOP('',(#324,#330,#331));
#333=FACE_OUTER_BOUND('',#332,.T.);
#334=CARTESIAN_POINT('',(0.118962,-0.011527,-0.0));
#335=DIRECTION('',(-1.0,0.0,0.0));
#336=DIRECTION('',(0.0,0.9994546387,0.0330215881));
#337=AXIS2_PLACEMENT_3D('',#334,#335,#336);
#338=PLANE('',#337);
#339=ADVANCED_FACE('no 9574',(#333),#338,.T.);
#340=ORIENTED_EDGE('no 145',*,*,#193,.F.);
#341=CARTESIAN_POINT('',(0.122407,0.0727174,-0.0));
#342=VERTEX_POINT('',#341);
#343=CARTESIAN_POINT('',(0.122057,0.073173,-0.0));
#344=DIRECTION('',(0.608760211,-0.7933542749,0.0));
#345=VECTOR('',#344,1.0);
#346=LINE('',#343,#345);
#347=EDGE_CURVE('no 138',#96,#342,#346,.T.);
#348=ORIENTED_EDGE('no 146',*,*,#347,.T.);
#349=CARTESIAN_POINT('',(0.122407,0.0727174,-0.0));
#350=DIRECTION('',(-0.00447396,-0.9999899918,0.0));
#351=VECTOR('',#350,1.0);
#352=LINE('',#349,#351);
#353=EDGE_CURVE('no 144',#342,#188,#352,.T.);
#354=ORIENTED_EDGE('no 147',*,*,#353,.T.);
#355=EDGE_LOOP('',(#340,#348,#354));
#356=FACE_OUTER_BOUND('',#355,.T.);
#357=CARTESIAN_POINT('',(0.122057,-0.005427,-0.0));
#358=DIRECTION('',(0.0,0.0,-1.0));
#359=DIRECTION('',(0.0,1.0,0.0));
#360=AXIS2_PLACEMENT_3D('',#357,#358,#359);
#361=PLANE('',#360);
#362=ADVANCED_FACE('no 155',(#356),#361,.T.);
#363=CARTESIAN_POINT('',(0.122057,-0.005427,-0.0));
#364=DIRECTION('',(-0.0720250121,-0.1737112338,0.9821592564));
#365=VECTOR('',#364,1.0);
#366=LINE('',#363,#365);
#367=EDGE_CURVE('no 12346',#188,#211,#366,.T.);
#368=ORIENTED_EDGE('no 12347',*,*,#367,.T.);
#369=ORIENTED_EDGE('no 12348',*,*,#216,.F.);
#370=ORIENTED_EDGE('no 12349',*,*,#199,.F.);
#371=EDGE_LOOP('',(#368,#369,#370));
#372=FACE_OUTER_BOUND('',#371,.T.);
#373=CARTESIAN_POINT('',(0.122057,-0.005427,-0.0));
#374=DIRECTION('',(0.9238771796,-0.3826891127,0.0000001849));
#375=DIRECTION('',(-0.0719549309,-0.1737110745,0.9821644213));
#376=AXIS2_PLACEMENT_3D('',#373,#374,#375);
#377=PLANE('',#376);
#378=ADVANCED_FACE('no 12357',(#372),#377,.T.);
#379=CARTESIAN_POINT('',(0.121762,0.074273,0.003));
#380=VERTEX_POINT('',#379);
#381=CARTESIAN_POINT('',(0.121837,-0.0059576,0.003));
#382=DIRECTION('',(-0.000934805,0.9999995631,0.0));
#383=VECTOR('',#382,1.0);
#384=LINE('',#381,#383);
#385=EDGE_CURVE('no 8034',#211,#380,#384,.T.);
#386=ORIENTED_EDGE('no 8041',*,*,#385,.T.);
#387=CARTESIAN_POINT('',(0.121762,-0.006527,0.003));
#388=DIRECTION('',(0.0,1.0,0.0));
#389=VECTOR('',#388,1.0);
#390=LINE('',#387,#389);
#391=EDGE_CURVE('no 6330',#118,#380,#390,.T.);
#392=ORIENTED_EDGE('no 8042',*,*,#391,.F.);
#393=ORIENTED_EDGE('no 8043',*,*,#222,.T.);
#394=EDGE_LOOP('',(#386,#392,#393));
#395=FACE_OUTER_BOUND('',#394,.T.);
#396=CARTESIAN_POINT('',(0.121837,-0.0059576,0.003));
#397=DIRECTION('',(0.0,0.0,1.0));
#398=DIRECTION('',(-0.0009343096,0.9999995635,0.0));
#399=AXIS2_PLACEMENT_3D('',#396,#397,#398);
#400=PLANE('',#399);
#401=ADVANCED_FACE('no 8051',(#395),#400,.T.);
#402=CARTESIAN_POINT('',(0.118962,-0.011527,0.003));
#403=VERTEX_POINT('',#402);
#404=CARTESIAN_POINT('',(0.118962,-0.011527,0.003));
#405=DIRECTION('',(0.4886038561,0.8725057431,0.0));
#406=VECTOR('',#405,1.0);
#407=LINE('',#404,#406);
#408=EDGE_CURVE('no 4752',#403,#118,#407,.T.);
#409=ORIENTED_EDGE('no 4794',*,*,#408,.F.);
#410=CARTESIAN_POINT('',(0.118962,-0.011527,0.003));
#411=DIRECTION('',(0.5443326484,0.8388694582,0.0));
#412=VECTOR('',#411,1.0);
#413=LINE('',#410,#412);
#414=EDGE_CURVE('no 4787',#403,#233,#413,.T.);
#415=ORIENTED_EDGE('no 4795',*,*,#414,.T.);
#416=ORIENTED_EDGE('no 4796',*,*,#245,.T.);
#417=EDGE_LOOP('',(#409,#415,#416));
#418=FACE_OUTER_BOUND('',#417,.T.);
#419=CARTESIAN_POINT('',(0.121762,-0.006527,0.003));
#420=DIRECTION('',(0.0,0.0,1.0));
#421=DIRECTION('',(-0.4886038561,-0.8725057431,0.0));
#422=AXIS2_PLACEMENT_3D('',#419,#420,#421);
#423=PLANE('',#422);
#424=ADVANCED_FACE('no 4804',(#418),#423,.T.);
#425=CARTESIAN_POINT('',(0.122407,-0.00808264,-0.0));
#426=VERTEX_POINT('',#425);
#427=CARTESIAN_POINT('',(0.118962,-0.011527,-0.0));
#428=DIRECTION('',(0.7071067812,0.7071067812,0.0));
#429=VECTOR('',#428,1.0);
#430=LINE('',#427,#429);
#431=EDGE_CURVE('no 3131',#72,#426,#430,.T.);
#432=ORIENTED_EDGE('no 3167',*,*,#431,.F.);
#433=ORIENTED_EDGE('no 3168',*,*,#261,.T.);
#434=CARTESIAN_POINT('',(0.122057,-0.007627,-0.0));
#435=DIRECTION('',(0.609172297,-0.7930379011,0.0));
#436=VECTOR('',#435,1.0);
#437=LINE('',#434,#436);
#438=EDGE_CURVE('no 3166',#256,#426,#437,.T.);
#439=ORIENTED_EDGE('no 3169',*,*,#438,.T.);
#440=EDGE_LOOP('',(#432,#433,#439));
#441=FACE_OUTER_BOUND('',#440,.T.);
#442=CARTESIAN_POINT('',(0.122407,-0.00808264,-0.0));
#443=DIRECTION('',(-0.0,0.0,-1.0));
#444=DIRECTION('',(-0.7071067812,-0.7071067812,0.0));
#445=AXIS2_PLACEMENT_3D('',#442,#443,#444);
#446=PLANE('',#445);
#447=ADVANCED_FACE('no 3177',(#441),#446,.T.);
#448=CARTESIAN_POINT('',(0.122057,-0.007627,0.003));
#449=VERTEX_POINT('',#448);
#450=CARTESIAN_POINT('',(0.121837,-0.0070964,-0.0));
#451=DIRECTION('',(0.0720250121,-0.1737112338,0.9821592564));
#452=VECTOR('',#451,1.0);
#453=LINE('',#450,#452);
#454=EDGE_CURVE('no 12208',#141,#449,#453,.T.);
#455=ORIENTED_EDGE('no 12209',*,*,#454,.T.);
#456=CARTESIAN_POINT('',(0.122057,-0.007627,-0.0));
#457=DIRECTION('',(0.0,0.0,1.0));
#458=VECTOR('',#457,1.0);
#459=LINE('',#456,#458);
#460=EDGE_CURVE('no 12185',#256,#449,#459,.T.);
#461=ORIENTED_EDGE('no 12210',*,*,#460,.F.);
#462=ORIENTED_EDGE('no 12211',*,*,#268,.F.);
#463=EDGE_LOOP('',(#455,#461,#462));
#464=FACE_OUTER_BOUND('',#463,.T.);
#465=CARTESIAN_POINT('',(0.121837,-0.0070964,-0.0));
#466=DIRECTION('',(0.9238772071,0.3826890462,0.000000191));
#467=DIRECTION('',(0.0719549184,-0.1737120443,0.9821642507));
#468=AXIS2_PLACEMENT_3D('',#465,#466,#467);
#469=PLANE('',#468);
#470=ADVANCED_FACE('no 12219',(#464),#469,.T.);
#471=ORIENTED_EDGE('no 12232',*,*,#454,.F.);
#472=ORIENTED_EDGE('no 12233',*,*,#283,.T.);
#473=CARTESIAN_POINT('',(0.122057,-0.007627,0.003));
#474=DIRECTION('',(-0.3830077761,0.9237451182,0.0));
#475=VECTOR('',#474,1.0);
#476=LINE('',#473,#475);
#477=EDGE_CURVE('no 4822',#449,#233,#476,.T.);
#478=ORIENTED_EDGE('no 12234',*,*,#477,.F.);
#479=EDGE_LOOP('',(#471,#472,#478));
#480=FACE_OUTER_BOUND('',#479,.T.);
#481=CARTESIAN_POINT('',(0.122057,-0.007627,0.003));
#482=DIRECTION('',(0.9238772071,0.3826890462,0.000000191));
#483=DIRECTION('',(-0.0719549184,0.1737120443,-0.9821642507));
#484=AXIS2_PLACEMENT_3D('',#481,#482,#483);
#485=PLANE('',#484);
#486=ADVANCED_FACE('no 12242',(#480),#485,.T.);
#487=ORIENTED_EDGE('no 1874',*,*,#301,.F.);
#488=CARTESIAN_POINT('',(0.122057,0.075373,-0.0));
#489=VERTEX_POINT('',#488);
#490=CARTESIAN_POINT('',(0.118962,0.079273,-0.0));
#491=DIRECTION('',(0.6215970976,-0.783337123,0.0));
#492=VECTOR('',#491,1.0);
#493=LINE('',#490,#492);
#494=EDGE_CURVE('no 1867',#164,#489,#493,.T.);
#495=ORIENTED_EDGE('no 1875',*,*,#494,.T.);
#496=CARTESIAN_POINT('',(0.122057,0.075373,-0.0));
#497=DIRECTION('',(-0.3826919942,-0.923875986,0.0));
#498=VECTOR('',#497,1.0);
#499=LINE('',#496,#498);
#500=EDGE_CURVE('no 1873',#489,#296,#499,.T.);
#501=ORIENTED_EDGE('no 1876',*,*,#500,.T.);
#502=EDGE_LOOP('',(#487,#495,#501));
#503=FACE_OUTER_BOUND('',#502,.T.);
#504=CARTESIAN_POINT('',(0.121837,0.0748424,-0.0));
#505=DIRECTION('',(0.0,0.0,-1.0));
#506=DIRECTION('',(-0.5443319447,0.8388699148,0.0));
#507=AXIS2_PLACEMENT_3D('',#504,#505,#506);
#508=PLANE('',#507);
#509=ADVANCED_FACE('no 1884',(#503),#508,.T.);
#510=ORIENTED_EDGE('no 9547',*,*,#323,.T.);
#511=CARTESIAN_POINT('',(0.118962,-0.011527,-0.0));
#512=DIRECTION('',(0.0,0.0,1.0));
#513=VECTOR('',#512,1.0);
#514=LINE('',#511,#513);
#515=EDGE_CURVE('no 9546',#72,#403,#514,.T.);
#516=ORIENTED_EDGE('no 9548',*,*,#515,.T.);
#517=CARTESIAN_POINT('',(0.118962,0.079273,0.003));
#518=DIRECTION('',(0.0,-1.0,0.0));
#519=VECTOR('',#518,1.0);
#520=LINE('',#517,#519);
#521=EDGE_CURVE('no 4764',#318,#403,#520,.T.);
#522=ORIENTED_EDGE('no 9549',*,*,#521,.F.);
#523=EDGE_LOOP('',(#510,#516,#522));
#524=FACE_OUTER_BOUND('',#523,.T.);
#525=CARTESIAN_POINT('',(0.118962,0.079273,0.003));
#526=DIRECTION('',(-1.0,-0.0,0.0));
#527=DIRECTION('',(0.0,-0.9994546387,-0.0330215881));
#528=AXIS2_PLACEMENT_3D('',#525,#526,#527);
#529=PLANE('',#528);
#530=ADVANCED_FACE('no 9557',(#524),#529,.T.);
#531=CARTESIAN_POINT('',(0.236762,0.079273,-0.0));
#532=VERTEX_POINT('',#531);
#533=CARTESIAN_POINT('',(0.118962,0.079273,0.003));
#534=DIRECTION('',(0.9996758763,0.0,-0.0254586386));
#535=VECTOR('',#534,1.0);
#536=LINE('',#533,#535);
#537=EDGE_CURVE('no 9488',#318,#532,#536,.T.);
#538=ORIENTED_EDGE('no 9495',*,*,#537,.T.);
#539=CARTESIAN_POINT('',(0.118962,0.079273,-0.0));
#540=DIRECTION('',(1.0,0.0,0.0));
#541=VECTOR('',#540,1.0);
#542=LINE('',#539,#541);
#543=EDGE_CURVE('no 2012',#164,#532,#542,.T.);
#544=ORIENTED_EDGE('no 9496',*,*,#543,.F.);
#545=ORIENTED_EDGE('no 9497',*,*,#329,.T.);
#546=EDGE_LOOP('',(#538,#544,#545));
#547=FACE_OUTER_BOUND('',#546,.T.);
#548=CARTESIAN_POINT('',(0.118962,0.079273,0.003));
#549=DIRECTION('',(0.0,1.0,0.0));
#550=DIRECTION('',(0.9996758774,0.0,-0.0254585969));
#551=AXIS2_PLACEMENT_3D('',#548,#549,#550);
#552=PLANE('',#551);
#553=ADVANCED_FACE('no 9505',(#547),#552,.T.);
#554=ORIENTED_EDGE('no 174',*,*,#353,.F.);
#555=CARTESIAN_POINT('',(0.122407,-0.00497137,-0.0));
#556=VERTEX_POINT('',#555);
#557=CARTESIAN_POINT('',(0.122407,0.0727174,-0.0));
#558=DIRECTION('',(0.0,-1.0,0.0));
#559=VECTOR('',#558,1.0);
#560=LINE('',#557,#559);
#561=EDGE_CURVE('no 167',#342,#556,#560,.T.);
#562=ORIENTED_EDGE('no 175',*,*,#561,.T.);
#563=CARTESIAN_POINT('',(0.122407,-0.00497137,-0.0));
#564=DIRECTION('',(-0.6091807053,-0.7930314422,0.0));
#565=VECTOR('',#564,1.0);
#566=LINE('',#563,#565);
#567=EDGE_CURVE('no 173',#556,#188,#566,.T.);
#568=ORIENTED_EDGE('no 176',*,*,#567,.T.);
#569=EDGE_LOOP('',(#554,#562,#568));
#570=FACE_OUTER_BOUND('',#569,.T.);
#571=CARTESIAN_POINT('',(0.122057,-0.005427,-0.0));
#572=DIRECTION('',(0.0,0.0,-1.0));
#573=DIRECTION('',(0.00447396,0.9999899918,0.0));
#574=AXIS2_PLACEMENT_3D('',#571,#572,#573);
#575=PLANE('',#574);
#576=ADVANCED_FACE('no 184',(#570),#575,.T.);
#577=ORIENTED_EDGE('no 12370',*,*,#367,.F.);
#578=CARTESIAN_POINT('',(0.122057,-0.005427,0.003));
#579=VERTEX_POINT('',#578);
#580=CARTESIAN_POINT('',(0.122057,-0.005427,-0.0));
#581=DIRECTION('',(0.0,0.0,1.0));
#582=VECTOR('',#581,1.0);
#583=LINE('',#580,#582);
#584=EDGE_CURVE('no 12369',#188,#579,#583,.T.);
#585=ORIENTED_EDGE('no 12371',*,*,#584,.T.);
#586=CARTESIAN_POINT('',(0.121837,-0.0059576,0.003));
#587=DIRECTION('',(0.3830077761,0.9237451182,0.0));
#588=VECTOR('',#587,1.0);
#589=LINE('',#586,#588);
#590=EDGE_CURVE('no 8092',#211,#579,#589,.T.);
#591=ORIENTED_EDGE('no 12372',*,*,#590,.F.);
#592=EDGE_LOOP('',(#577,#585,#591));
#593=FACE_OUTER_BOUND('',#592,.T.);
#594=CARTESIAN_POINT('',(0.121837,-0.0059576,0.003));
#595=DIRECTION('',(0.9238771796,-0.3826891127,0.0000001849));
#596=DIRECTION('',(0.0719549309,0.1737110745,-0.9821644213));
#597=AXIS2_PLACEMENT_3D('',#594,#595,#596);
#598=PLANE('',#597);
#599=ADVANCED_FACE('no 12380',(#593),#598,.T.);
#600=ORIENTED_EDGE('no 8070',*,*,#385,.F.);
#601=CARTESIAN_POINT('',(0.121837,0.0737036,0.003));
#602=VERTEX_POINT('',#601);
#603=CARTESIAN_POINT('',(0.121837,-0.0059576,0.003));
#604=DIRECTION('',(0.0,1.0,0.0));
#605=VECTOR('',#604,1.0);
#606=LINE('',#603,#605);
#607=EDGE_CURVE('no 8063',#211,#602,#606,.T.);
#608=ORIENTED_EDGE('no 8071',*,*,#607,.T.);
#609=CARTESIAN_POINT('',(0.121837,0.0737036,0.003));
#610=DIRECTION('',(-0.1305896347,0.9914365069,0.0));
#611=VECTOR('',#610,1.0);
#612=LINE('',#609,#611);
#613=EDGE_CURVE('no 8069',#602,#380,#612,.T.);
#614=ORIENTED_EDGE('no 8072',*,*,#613,.T.);
#615=EDGE_LOOP('',(#600,#608,#614));
#616=FACE_OUTER_BOUND('',#615,.T.);
#617=CARTESIAN_POINT('',(0.121762,0.074273,0.003));
#618=DIRECTION('',(0.0,0.0,1.0));
#619=DIRECTION('',(0.0009343096,-0.9999995635,0.0));
#620=AXIS2_PLACEMENT_3D('',#617,#618,#619);
#621=PLANE('',#620);
#622=ADVANCED_FACE('no 8080',(#616),#621,.T.);
#623=CARTESIAN_POINT('',(0.118962,0.079273,0.003));
#624=DIRECTION('',(0.4886038561,-0.8725057431,0.0));
#625=VECTOR('',#624,1.0);
#626=LINE('',#623,#625);
#627=EDGE_CURVE('no 6301',#318,#380,#626,.T.);
#628=ORIENTED_EDGE('no 6331',*,*,#627,.F.);
#629=CARTESIAN_POINT('',(0.121762,-0.006527,0.003));
#630=DIRECTION('',(-0.0326166978,0.999467934,0.0));
#631=VECTOR('',#630,1.0);
#632=LINE('',#629,#631);
#633=EDGE_CURVE('no 4758',#118,#318,#632,.T.);
#634=ORIENTED_EDGE('no 6332',*,*,#633,.F.);
#635=ORIENTED_EDGE('no 6333',*,*,#391,.T.);
#636=EDGE_LOOP('',(#628,#634,#635));
#637=FACE_OUTER_BOUND('',#636,.T.);
#638=CARTESIAN_POINT('',(0.121762,0.074273,0.003));
#639=DIRECTION('',(0.0,0.0,1.0));
#640=DIRECTION('',(-0.4886038561,0.8725057431,0.0));
#641=AXIS2_PLACEMENT_3D('',#638,#639,#640);
#642=PLANE('',#641);
#643=ADVANCED_FACE('no 6341',(#637),#642,.T.);
#644=ORIENTED_EDGE('no 4765',*,*,#408,.T.);
#645=ORIENTED_EDGE('no 4766',*,*,#633,.T.);
#646=ORIENTED_EDGE('no 4767',*,*,#521,.T.);
#647=EDGE_LOOP('',(#644,#645,#646));
#648=FACE_OUTER_BOUND('',#647,.T.);
#649=CARTESIAN_POINT('',(0.118962,-0.011527,0.003));
#650=DIRECTION('',(0.0,-0.0,1.0));
#651=DIRECTION('',(0.4886038561,0.8725057431,0.0));
#652=AXIS2_PLACEMENT_3D('',#649,#650,#651);
#653=PLANE('',#652);
#654=ADVANCED_FACE('no 4775',(#648),#653,.T.);
#655=ORIENTED_EDGE('no 4823',*,*,#414,.F.);
#656=CARTESIAN_POINT('',(0.118962,-0.011527,0.003));
#657=DIRECTION('',(0.6215970976,0.783337123,0.0));
#658=VECTOR('',#657,1.0);
#659=LINE('',#656,#658);
#660=EDGE_CURVE('no 4816',#403,#449,#659,.T.);
#661=ORIENTED_EDGE('no 4824',*,*,#660,.T.);
#662=ORIENTED_EDGE('no 4825',*,*,#477,.T.);
#663=EDGE_LOOP('',(#655,#661,#662));
#664=FACE_OUTER_BOUND('',#663,.T.);
#665=CARTESIAN_POINT('',(0.121837,-0.0070964,0.003));
#666=DIRECTION('',(0.0,0.0,1.0));
#667=DIRECTION('',(-0.5443326484,-0.8388694582,0.0));
#668=AXIS2_PLACEMENT_3D('',#665,#666,#667);
#669=PLANE('',#668);
#670=ADVANCED_FACE('no 4833',(#664),#669,.T.);
#671=CARTESIAN_POINT('',(0.122862,-0.00843226,-0.0));
#672=VERTEX_POINT('',#671);
#673=CARTESIAN_POINT('',(0.118962,-0.011527,-0.0));
#674=DIRECTION('',(0.783337123,0.6215970976,0.0));
#675=VECTOR('',#674,1.0);
#676=LINE('',#673,#675);
#677=EDGE_CURVE('no 3102',#72,#672,#676,.T.);
#678=ORIENTED_EDGE('no 3138',*,*,#677,.F.);
#679=ORIENTED_EDGE('no 3139',*,*,#431,.T.);
#680=CARTESIAN_POINT('',(0.122407,-0.00808264,-0.0));
#681=DIRECTION('',(0.792943921,-0.6092946234,0.0));
#682=VECTOR('',#681,1.0);
#683=LINE('',#680,#682);
#684=EDGE_CURVE('no 3137',#426,#672,#683,.T.);
#685=ORIENTED_EDGE('no 3140',*,*,#684,.T.);
#686=EDGE_LOOP('',(#678,#679,#685));
#687=FACE_OUTER_BOUND('',#686,.T.);
#688=CARTESIAN_POINT('',(0.122862,-0.00843226,-0.0));
#689=DIRECTION('',(-0.0,0.0,-1.0));
#690=DIRECTION('',(-0.783337123,-0.6215970976,0.0));
#691=AXIS2_PLACEMENT_3D('',#688,#689,#690);
#692=PLANE('',#691);
#693=ADVANCED_FACE('no 3148',(#687),#692,.T.);
#694=CARTESIAN_POINT('',(0.122407,-0.00808264,0.003));
#695=VERTEX_POINT('',#694);
#696=CARTESIAN_POINT('',(0.122057,-0.007627,-0.0));
#697=DIRECTION('',(0.1145841938,-0.1491689773,0.9821502323));
#698=VECTOR('',#697,1.0);
#699=LINE('',#696,#698);
#700=EDGE_CURVE('no 12162',#256,#695,#699,.T.);
#701=ORIENTED_EDGE('no 12163',*,*,#700,.T.);
#702=CARTESIAN_POINT('',(0.122407,-0.00808264,-0.0));
#703=DIRECTION('',(0.0,0.0,1.0));
#704=VECTOR('',#703,1.0);
#705=LINE('',#702,#704);
#706=EDGE_CURVE('no 12122',#426,#695,#705,.T.);
#707=ORIENTED_EDGE('no 12164',*,*,#706,.F.);
#708=ORIENTED_EDGE('no 12165',*,*,#438,.F.);
#709=EDGE_LOOP('',(#701,#707,#708));
#710=FACE_OUTER_BOUND('',#709,.T.);
#711=CARTESIAN_POINT('',(0.122057,-0.007627,-0.0));
#712=DIRECTION('',(0.7933551015,0.6087591337,-0.0000002312));
#713=DIRECTION('',(0.1144609543,-0.1491689405,0.982164608));
#714=AXIS2_PLACEMENT_3D('',#711,#712,#713);
#715=PLANE('',#714);
#716=ADVANCED_FACE('no 12173',(#710),#715,.T.);
#717=ORIENTED_EDGE('no 12186',*,*,#700,.F.);
#718=ORIENTED_EDGE('no 12187',*,*,#460,.T.);
#719=CARTESIAN_POINT('',(0.122407,-0.00808264,0.003));
#720=DIRECTION('',(-0.609172297,0.7930379011,0.0));
#721=VECTOR('',#720,1.0);
#722=LINE('',#719,#721);
#723=EDGE_CURVE('no 4851',#695,#449,#722,.T.);
#724=ORIENTED_EDGE('no 12188',*,*,#723,.F.);
#725=EDGE_LOOP('',(#717,#718,#724));
#726=FACE_OUTER_BOUND('',#725,.T.);
#727=CARTESIAN_POINT('',(0.122407,-0.00808264,0.003));
#728=DIRECTION('',(0.7933551015,0.6087591337,-0.0000002312));
#729=DIRECTION('',(-0.1144609543,0.1491689405,-0.982164608));
#730=AXIS2_PLACEMENT_3D('',#727,#728,#729);
#731=PLANE('',#730);
#732=ADVANCED_FACE('no 12196',(#726),#731,.T.);
#733=ORIENTED_EDGE('no 1903',*,*,#494,.F.);
#734=CARTESIAN_POINT('',(0.122407,0.0758286,-0.0));
#735=VERTEX_POINT('',#734);
#736=CARTESIAN_POINT('',(0.118962,0.079273,-0.0));
#737=DIRECTION('',(0.7071067812,-0.7071067812,0.0));
#738=VECTOR('',#737,1.0);
#739=LINE('',#736,#738);
#740=EDGE_CURVE('no 1896',#164,#735,#739,.T.);
#741=ORIENTED_EDGE('no 1904',*,*,#740,.T.);
#742=CARTESIAN_POINT('',(0.122407,0.0758286,-0.0));
#743=DIRECTION('',(-0.6087540197,-0.7933590256,0.0));
#744=VECTOR('',#743,1.0);
#745=LINE('',#742,#744);
#746=EDGE_CURVE('no 1902',#735,#489,#745,.T.);
#747=ORIENTED_EDGE('no 1905',*,*,#746,.T.);
#748=EDGE_LOOP('',(#733,#741,#747));
#749=FACE_OUTER_BOUND('',#748,.T.);
#750=CARTESIAN_POINT('',(0.122057,0.075373,-0.0));
#751=DIRECTION('',(0.0,0.0,-1.0));
#752=DIRECTION('',(-0.6215970976,0.783337123,0.0));
#753=AXIS2_PLACEMENT_3D('',#750,#751,#752);
#754=PLANE('',#753);
#755=ADVANCED_FACE('no 1913',(#749),#754,.T.);
#756=CARTESIAN_POINT('',(0.236762,-0.011527,0.003));
#757=VERTEX_POINT('',#756);
#758=CARTESIAN_POINT('',(0.236762,-0.011527,0.003));
#759=DIRECTION('',(-0.9996758763,0.0,-0.0254586386));
#760=VECTOR('',#759,1.0);
#761=LINE('',#758,#760);
#762=EDGE_CURVE('no 9586',#757,#72,#761,.T.);
#763=ORIENTED_EDGE('no 9610',*,*,#762,.F.);
#764=CARTESIAN_POINT('',(0.118962,-0.011527,0.003));
#765=DIRECTION('',(1.0,0.0,0.0));
#766=VECTOR('',#765,1.0);
#767=LINE('',#764,#766);
#768=EDGE_CURVE('no 4961',#403,#757,#767,.T.);
#769=ORIENTED_EDGE('no 9611',*,*,#768,.F.);
#770=ORIENTED_EDGE('no 9612',*,*,#515,.F.);
#771=EDGE_LOOP('',(#763,#769,#770));
#772=FACE_OUTER_BOUND('',#771,.T.);
#773=CARTESIAN_POINT('',(0.118962,-0.011527,-0.0));
#774=DIRECTION('',(0.0,-1.0,0.0));
#775=DIRECTION('',(0.9996758774,0.0,0.0254585969));
#776=AXIS2_PLACEMENT_3D('',#773,#774,#775);
#777=PLANE('',#776);
#778=ADVANCED_FACE('no 9620',(#772),#777,.T.);
#779=ORIENTED_EDGE('no 9518',*,*,#537,.F.);
#780=CARTESIAN_POINT('',(0.236762,0.079273,0.003));
#781=VERTEX_POINT('',#780);
#782=CARTESIAN_POINT('',(0.236762,0.079273,0.003));
#783=DIRECTION('',(-1.0,0.0,0.0));
#784=VECTOR('',#783,1.0);
#785=LINE('',#782,#784);
#786=EDGE_CURVE('no 6133',#781,#318,#785,.T.);
#787=ORIENTED_EDGE('no 9519',*,*,#786,.F.);
#788=CARTESIAN_POINT('',(0.236762,0.079273,0.003));
#789=DIRECTION('',(0.0,0.0,-1.0));
#790=VECTOR('',#789,1.0);
#791=LINE('',#788,#790);
#792=EDGE_CURVE('no 9517',#781,#532,#791,.T.);
#793=ORIENTED_EDGE('no 9520',*,*,#792,.T.);
#794=EDGE_LOOP('',(#779,#787,#793));
#795=FACE_OUTER_BOUND('',#794,.T.);
#796=CARTESIAN_POINT('',(0.236762,0.079273,-0.0));
#797=DIRECTION('',(0.0,1.0,-0.0));
#798=DIRECTION('',(-0.9996758774,0.0,0.0254585969));
#799=AXIS2_PLACEMENT_3D('',#796,#797,#798);
#800=PLANE('',#799);
#801=ADVANCED_FACE('no 9528',(#795),#800,.T.);
#802=CARTESIAN_POINT('',(0.123962,0.076473,-0.0));
#803=VERTEX_POINT('',#802);
#804=CARTESIAN_POINT('',(0.118962,0.079273,-0.0));
#805=DIRECTION('',(0.8725057431,-0.4886038561,0.0));
#806=VECTOR('',#805,1.0);
#807=LINE('',#804,#806);
#808=EDGE_CURVE('no 1983',#164,#803,#807,.T.);
#809=ORIENTED_EDGE('no 2019',*,*,#808,.F.);
#810=ORIENTED_EDGE('no 2020',*,*,#543,.T.);
#811=CARTESIAN_POINT('',(0.236762,0.079273,-0.0));
#812=DIRECTION('',(-0.9996920592,-0.0248150511,0.0));
#813=VECTOR('',#812,1.0);
#814=LINE('',#811,#813);
#815=EDGE_CURVE('no 2018',#532,#803,#814,.T.);
#816=ORIENTED_EDGE('no 2021',*,*,#815,.T.);
#817=EDGE_LOOP('',(#809,#810,#816));
#818=FACE_OUTER_BOUND('',#817,.T.);
#819=CARTESIAN_POINT('',(0.123962,0.076473,-0.0));
#820=DIRECTION('',(0.0,0.0,-1.0));
#821=DIRECTION('',(-0.8725057431,0.4886038561,0.0));
#822=AXIS2_PLACEMENT_3D('',#819,#820,#821);
#823=PLANE('',#822);
#824=ADVANCED_FACE('no 2029',(#818),#823,.T.);
#825=ORIENTED_EDGE('no 203',*,*,#561,.F.);
#826=CARTESIAN_POINT('',(0.122862,-0.00462175,-0.0));
#827=VERTEX_POINT('',#826);
#828=CARTESIAN_POINT('',(0.122407,0.0727174,-0.0));
#829=DIRECTION('',(0.0058912579,-0.9999826464,0.0));
#830=VECTOR('',#829,1.0);
#831=LINE('',#828,#830);
#832=EDGE_CURVE('no 196',#342,#827,#831,.T.);
#833=ORIENTED_EDGE('no 204',*,*,#832,.T.);
#834=CARTESIAN_POINT('',(0.122862,-0.00462175,-0.0));
#835=DIRECTION('',(-0.792943921,-0.6092946234,0.0));
#836=VECTOR('',#835,1.0);
#837=LINE('',#834,#836);
#838=EDGE_CURVE('no 202',#827,#556,#837,.T.);
#839=ORIENTED_EDGE('no 205',*,*,#838,.T.);
#840=EDGE_LOOP('',(#825,#833,#839));
#841=FACE_OUTER_BOUND('',#840,.T.);
#842=CARTESIAN_POINT('',(0.122407,-0.00497137,-0.0));
#843=DIRECTION('',(0.0,0.0,-1.0));
#844=DIRECTION('',(0.0,1.0,0.0));
#845=AXIS2_PLACEMENT_3D('',#842,#843,#844);
#846=PLANE('',#845);
#847=ADVANCED_FACE('no 213',(#841),#846,.T.);
#848=CARTESIAN_POINT('',(0.122407,-0.00497137,-0.0));
#849=DIRECTION('',(-0.1145842497,-0.1491657763,0.9821507119));
#850=VECTOR('',#849,1.0);
#851=LINE('',#848,#850);
#852=EDGE_CURVE('no 12392',#556,#579,#851,.T.);
#853=ORIENTED_EDGE('no 12393',*,*,#852,.T.);
#854=ORIENTED_EDGE('no 12394',*,*,#584,.F.);
#855=ORIENTED_EDGE('no 12395',*,*,#567,.F.);
#856=EDGE_LOOP('',(#853,#854,#855));
#857=FACE_OUTER_BOUND('',#856,.T.);
#858=CARTESIAN_POINT('',(0.122407,-0.00497137,-0.0));
#859=DIRECTION('',(0.7933555287,-0.608758577,-0.0000002543));
#860=DIRECTION('',(-0.1144609372,-0.1491699182,0.9821644615));
#861=AXIS2_PLACEMENT_3D('',#858,#859,#860);
#862=PLANE('',#861);
#863=ADVANCED_FACE('no 12403',(#857),#862,.T.);
#864=ORIENTED_EDGE('no 8099',*,*,#607,.F.);
#865=ORIENTED_EDGE('no 8100',*,*,#590,.T.);
#866=CARTESIAN_POINT('',(0.122057,-0.005427,0.003));
#867=DIRECTION('',(-0.0027802032,0.9999961352,0.0));
#868=VECTOR('',#867,1.0);
#869=LINE('',#866,#868);
#870=EDGE_CURVE('no 8098',#579,#602,#869,.T.);
#871=ORIENTED_EDGE('no 8101',*,*,#870,.T.);
#872=EDGE_LOOP('',(#864,#865,#871));
#873=FACE_OUTER_BOUND('',#872,.T.);
#874=CARTESIAN_POINT('',(0.121837,0.0737036,0.003));
#875=DIRECTION('',(0.0,0.0,1.0));
#876=DIRECTION('',(0.0,-1.0,0.0));
#877=AXIS2_PLACEMENT_3D('',#874,#875,#876);
#878=PLANE('',#877);
#879=ADVANCED_FACE('no 8109',(#873),#878,.T.);
#880=CARTESIAN_POINT('',(0.121837,0.0748424,0.003));
#881=VERTEX_POINT('',#880);
#882=CARTESIAN_POINT('',(0.118962,0.079273,0.003));
#883=DIRECTION('',(0.5443319447,-0.8388699148,0.0));
#884=VECTOR('',#883,1.0);
#885=LINE('',#882,#884);
#886=EDGE_CURVE('no 6272',#318,#881,#885,.T.);
#887=ORIENTED_EDGE('no 6308',*,*,#886,.F.);
#888=ORIENTED_EDGE('no 6309',*,*,#627,.T.);
#889=CARTESIAN_POINT('',(0.121762,0.074273,0.003));
#890=DIRECTION('',(0.1305209411,0.9914455527,0.0));
#891=VECTOR('',#890,1.0);
#892=LINE('',#889,#891);
#893=EDGE_CURVE('no 6307',#380,#881,#892,.T.);
#894=ORIENTED_EDGE('no 6310',*,*,#893,.T.);
#895=EDGE_LOOP('',(#887,#888,#894));
#896=FACE_OUTER_BOUND('',#895,.T.);
#897=CARTESIAN_POINT('',(0.121837,0.0748424,0.003));
#898=DIRECTION('',(0.0,0.0,1.0));
#899=DIRECTION('',(-0.5443319447,0.8388699148,0.0));
#900=AXIS2_PLACEMENT_3D('',#897,#898,#899);
#901=PLANE('',#900);
#902=ADVANCED_FACE('no 6318',(#896),#901,.T.);
#903=ORIENTED_EDGE('no 4852',*,*,#660,.F.);
#904=CARTESIAN_POINT('',(0.118962,-0.011527,0.003));
#905=DIRECTION('',(0.7071067812,0.7071067812,0.0));
#906=VECTOR('',#905,1.0);
#907=LINE('',#904,#906);
#908=EDGE_CURVE('no 4845',#403,#695,#907,.T.);
#909=ORIENTED_EDGE('no 4853',*,*,#908,.T.);
#910=ORIENTED_EDGE('no 4854',*,*,#723,.T.);
#911=EDGE_LOOP('',(#903,#909,#910));
#912=FACE_OUTER_BOUND('',#911,.T.);
#913=CARTESIAN_POINT('',(0.122057,-0.007627,0.003));
#914=DIRECTION('',(0.0,0.0,1.0));
#915=DIRECTION('',(-0.6215970976,-0.783337123,0.0));
#916=AXIS2_PLACEMENT_3D('',#913,#914,#915);
#917=PLANE('',#916);
#918=ADVANCED_FACE('no 4862',(#912),#917,.T.);
#919=CARTESIAN_POINT('',(0.123393,-0.00865204,-0.0));
#920=VERTEX_POINT('',#919);
#921=CARTESIAN_POINT('',(0.118962,-0.011527,-0.0));
#922=DIRECTION('',(0.8388699148,0.5443319447,0.0));
#923=VECTOR('',#922,1.0);
#924=LINE('',#921,#923);
#925=EDGE_CURVE('no 3073',#72,#920,#924,.T.);
#926=ORIENTED_EDGE('no 3109',*,*,#925,.F.);
#927=ORIENTED_EDGE('no 3110',*,*,#677,.T.);
#928=CARTESIAN_POINT('',(0.122862,-0.00843226,-0.0));
#929=DIRECTION('',(0.9239824864,-0.3824347851,0.0));
#930=VECTOR('',#929,1.0);
#931=LINE('',#928,#930);
#932=EDGE_CURVE('no 3108',#672,#920,#931,.T.);
#933=ORIENTED_EDGE('no 3111',*,*,#932,.T.);
#934=EDGE_LOOP('',(#926,#927,#933));
#935=FACE_OUTER_BOUND('',#934,.T.);
#936=CARTESIAN_POINT('',(0.123393,-0.00865204,-0.0));
#937=DIRECTION('',(-0.0,0.0,-1.0));
#938=DIRECTION('',(-0.8388699148,-0.5443319447,0.0));
#939=AXIS2_PLACEMENT_3D('',#936,#937,#938);
#940=PLANE('',#939);
#941=ADVANCED_FACE('no 3119',(#935),#940,.T.);
#942=CARTESIAN_POINT('',(0.122407,-0.00808264,0.003));
#943=DIRECTION('',(0.148966227,-0.114464994,-0.9821949034));
#944=VECTOR('',#943,1.0);
#945=LINE('',#942,#944);
#946=EDGE_CURVE('no 12116',#695,#672,#945,.T.);
#947=ORIENTED_EDGE('no 12123',*,*,#946,.T.);
#948=ORIENTED_EDGE('no 12124',*,*,#684,.F.);
#949=ORIENTED_EDGE('no 12125',*,*,#706,.T.);
#950=EDGE_LOOP('',(#947,#948,#949));
#951=FACE_OUTER_BOUND('',#950,.T.);
#952=CARTESIAN_POINT('',(0.122407,-0.00808264,0.003));
#953=DIRECTION('',(0.6087636855,0.7933516088,0.0000000594));
#954=DIRECTION('',(0.1491689234,-0.1144619412,-0.9821644955));
#955=AXIS2_PLACEMENT_3D('',#952,#953,#954);
#956=PLANE('',#955);
#957=ADVANCED_FACE('no 12133',(#951),#956,.T.);
#958=ORIENTED_EDGE('no 1932',*,*,#740,.F.);
#959=CARTESIAN_POINT('',(0.122862,0.0761783,-0.0));
#960=VERTEX_POINT('',#959);
#961=CARTESIAN_POINT('',(0.118962,0.079273,-0.0));
#962=DIRECTION('',(0.7833366361,-0.6215977112,0.0));
#963=VECTOR('',#962,1.0);
#964=LINE('',#961,#963);
#965=EDGE_CURVE('no 1925',#164,#960,#964,.T.);
#966=ORIENTED_EDGE('no 1933',*,*,#965,.T.);
#967=CARTESIAN_POINT('',(0.122862,0.0761783,-0.0));
#968=DIRECTION('',(-0.7933542749,-0.608760211,0.0));
#969=VECTOR('',#968,1.0);
#970=LINE('',#967,#969);
#971=EDGE_CURVE('no 1931',#960,#735,#970,.T.);
#972=ORIENTED_EDGE('no 1934',*,*,#971,.T.);
#973=EDGE_LOOP('',(#958,#966,#972));
#974=FACE_OUTER_BOUND('',#973,.T.);
#975=CARTESIAN_POINT('',(0.122407,0.0758286,-0.0));
#976=DIRECTION('',(0.0,0.0,-1.0));
#977=DIRECTION('',(-0.7071067812,0.7071067812,0.0));
#978=AXIS2_PLACEMENT_3D('',#975,#976,#977);
#979=PLANE('',#978);
#980=ADVANCED_FACE('no 1942',(#974),#979,.T.);
#981=ORIENTED_EDGE('no 9593',*,*,#762,.T.);
#982=CARTESIAN_POINT('',(0.236762,-0.011527,-0.0));
#983=VERTEX_POINT('',#982);
#984=CARTESIAN_POINT('',(0.236762,-0.011527,-0.0));
#985=DIRECTION('',(-1.0,0.0,0.0));
#986=VECTOR('',#985,1.0);
#987=LINE('',#984,#986);
#988=EDGE_CURVE('no 3050',#983,#72,#987,.T.);
#989=ORIENTED_EDGE('no 9594',*,*,#988,.F.);
#990=CARTESIAN_POINT('',(0.236762,-0.011527,-0.0));
#991=DIRECTION('',(0.0,0.0,1.0));
#992=VECTOR('',#991,1.0);
#993=LINE('',#990,#992);
#994=EDGE_CURVE('no 9592',#983,#757,#993,.T.);
#995=ORIENTED_EDGE('no 9595',*,*,#994,.T.);
#996=EDGE_LOOP('',(#981,#989,#995));
#997=FACE_OUTER_BOUND('',#996,.T.);
#998=CARTESIAN_POINT('',(0.236762,-0.011527,0.003));
#999=DIRECTION('',(0.0,-1.0,-0.0));
#1000=DIRECTION('',(-0.9996758774,0.0,-0.0254585969));
#1001=AXIS2_PLACEMENT_3D('',#998,#999,#1000);
#1002=PLANE('',#1001);
#1003=ADVANCED_FACE('no 9603',(#997),#1002,.T.);
#1004=CARTESIAN_POINT('',(0.123962,-0.008727,0.003));
#1005=VERTEX_POINT('',#1004);
#1006=CARTESIAN_POINT('',(0.118962,-0.011527,0.003));
#1007=DIRECTION('',(0.8725061694,0.4886030949,0.0));
#1008=VECTOR('',#1007,1.0);
#1009=LINE('',#1006,#1008);
#1010=EDGE_CURVE('no 4932',#403,#1005,#1009,.T.);
#1011=ORIENTED_EDGE('no 4968',*,*,#1010,.F.);
#1012=ORIENTED_EDGE('no 4969',*,*,#768,.T.);
#1013=CARTESIAN_POINT('',(0.236762,-0.011527,0.003));
#1014=DIRECTION('',(-0.9996920592,0.0248150511,0.0));
#1015=VECTOR('',#1014,1.0);
#1016=LINE('',#1013,#1015);
#1017=EDGE_CURVE('no 4967',#757,#1005,#1016,.T.);
#1018=ORIENTED_EDGE('no 4970',*,*,#1017,.T.);
#1019=EDGE_LOOP('',(#1011,#1012,#1018));
#1020=FACE_OUTER_BOUND('',#1019,.T.);
#1021=CARTESIAN_POINT('',(0.123962,-0.008727,0.003));
#1022=DIRECTION('',(0.0,0.0,1.0));
#1023=DIRECTION('',(-0.8725061694,-0.4886030949,0.0));
#1024=AXIS2_PLACEMENT_3D('',#1021,#1022,#1023);
#1025=PLANE('',#1024);
#1026=ADVANCED_FACE('no 4978',(#1020),#1025,.T.);
#1027=CARTESIAN_POINT('',(0.123962,0.076473,0.003));
#1028=VERTEX_POINT('',#1027);
#1029=CARTESIAN_POINT('',(0.118962,0.079273,0.003));
#1030=DIRECTION('',(0.8725057431,-0.4886038561,0.0));
#1031=VECTOR('',#1030,1.0);
#1032=LINE('',#1029,#1031);
#1033=EDGE_CURVE('no 6121',#318,#1028,#1032,.T.);
#1034=ORIENTED_EDGE('no 6134',*,*,#1033,.T.);
#1035=CARTESIAN_POINT('',(0.123962,0.076473,0.003));
#1036=DIRECTION('',(0.999692058,0.0248151014,0.0));
#1037=VECTOR('',#1036,1.0);
#1038=LINE('',#1035,#1037);
#1039=EDGE_CURVE('no 6127',#1028,#781,#1038,.T.);
#1040=ORIENTED_EDGE('no 6135',*,*,#1039,.T.);
#1041=ORIENTED_EDGE('no 6136',*,*,#786,.T.);
#1042=EDGE_LOOP('',(#1034,#1040,#1041));
#1043=FACE_OUTER_BOUND('',#1042,.T.);
#1044=CARTESIAN_POINT('',(0.118962,0.079273,0.003));
#1045=DIRECTION('',(-0.0,0.0,1.0));
#1046=DIRECTION('',(0.8725057431,-0.4886038561,0.0));
#1047=AXIS2_PLACEMENT_3D('',#1044,#1045,#1046);
#1048=PLANE('',#1047);
#1049=ADVANCED_FACE('no 6144',(#1043),#1048,.T.);
#1050=CARTESIAN_POINT('',(0.236762,0.079273,-0.0));
#1051=DIRECTION('',(0.0,-0.9994546373,0.033021629));
#1052=VECTOR('',#1051,1.0);
#1053=LINE('',#1050,#1052);
#1054=EDGE_CURVE('no 9632',#532,#757,#1053,.T.);
#1055=ORIENTED_EDGE('no 9650',*,*,#1054,.F.);
#1056=ORIENTED_EDGE('no 9651',*,*,#792,.F.);
#1057=CARTESIAN_POINT('',(0.236762,-0.011527,0.003));
#1058=DIRECTION('',(0.0,1.0,0.0));
#1059=VECTOR('',#1058,1.0);
#1060=LINE('',#1057,#1059);
#1061=EDGE_CURVE('no 7321',#757,#781,#1060,.T.);
#1062=ORIENTED_EDGE('no 9652',*,*,#1061,.F.);
#1063=EDGE_LOOP('',(#1055,#1056,#1062));
#1064=FACE_OUTER_BOUND('',#1063,.T.);
#1065=CARTESIAN_POINT('',(0.236762,-0.011527,0.003));
#1066=DIRECTION('',(1.0,-0.0,0.0));
#1067=DIRECTION('',(0.0,0.9994546387,-0.0330215881));
#1068=AXIS2_PLACEMENT_3D('',#1065,#1066,#1067);
#1069=PLANE('',#1068);
#1070=ADVANCED_FACE('no 9660',(#1064),#1069,.T.);
#1071=CARTESIAN_POINT('',(0.123393,0.076398,-0.0));
#1072=VERTEX_POINT('',#1071);
#1073=CARTESIAN_POINT('',(0.118962,0.079273,-0.0));
#1074=DIRECTION('',(0.8388699148,-0.5443319447,0.0));
#1075=VECTOR('',#1074,1.0);
#1076=LINE('',#1073,#1075);
#1077=EDGE_CURVE('no 1954',#164,#1072,#1076,.T.);
#1078=ORIENTED_EDGE('no 1990',*,*,#1077,.F.);
#1079=ORIENTED_EDGE('no 1991',*,*,#808,.T.);
#1080=CARTESIAN_POINT('',(0.123962,0.076473,-0.0));
#1081=DIRECTION('',(-0.9914455527,-0.1305209411,0.0));
#1082=VECTOR('',#1081,1.0);
#1083=LINE('',#1080,#1082);
#1084=EDGE_CURVE('no 1989',#803,#1072,#1083,.T.);
#1085=ORIENTED_EDGE('no 1992',*,*,#1084,.T.);
#1086=EDGE_LOOP('',(#1078,#1079,#1085));
#1087=FACE_OUTER_BOUND('',#1086,.T.);
#1088=CARTESIAN_POINT('',(0.123393,0.076398,-0.0));
#1089=DIRECTION('',(0.0,0.0,-1.0));
#1090=DIRECTION('',(-0.8388699148,0.5443319447,0.0));
#1091=AXIS2_PLACEMENT_3D('',#1088,#1089,#1090);
#1092=PLANE('',#1091);
#1093=ADVANCED_FACE('no 2000',(#1087),#1092,.T.);
#1094=ORIENTED_EDGE('no 2048',*,*,#815,.F.);
#1095=CARTESIAN_POINT('',(0.124532,0.076398,-0.0));
#1096=VERTEX_POINT('',#1095);
#1097=CARTESIAN_POINT('',(0.236762,0.079273,-0.0));
#1098=DIRECTION('',(-0.9996720451,-0.0256086352,0.0));
#1099=VECTOR('',#1098,1.0);
#1100=LINE('',#1097,#1099);
#1101=EDGE_CURVE('no 2041',#532,#1096,#1100,.T.);
#1102=ORIENTED_EDGE('no 2049',*,*,#1101,.T.);
#1103=CARTESIAN_POINT('',(0.124532,0.076398,-0.0));
#1104=DIRECTION('',(-0.9914455527,0.1305209411,0.0));
#1105=VECTOR('',#1104,1.0);
#1106=LINE('',#1103,#1105);
#1107=EDGE_CURVE('no 2047',#1096,#803,#1106,.T.);
#1108=ORIENTED_EDGE('no 2050',*,*,#1107,.T.);
#1109=EDGE_LOOP('',(#1094,#1102,#1108));
#1110=FACE_OUTER_BOUND('',#1109,.T.);
#1111=CARTESIAN_POINT('',(0.123962,0.076473,-0.0));
#1112=DIRECTION('',(0.0,0.0,-1.0));
#1113=DIRECTION('',(0.999692058,0.0248151014,0.0));
#1114=AXIS2_PLACEMENT_3D('',#1111,#1112,#1113);
#1115=PLANE('',#1114);
#1116=ADVANCED_FACE('no 2058',(#1110),#1115,.T.);
#1117=ORIENTED_EDGE('no 232',*,*,#832,.F.);
#1118=CARTESIAN_POINT('',(0.122862,0.0723677,-0.0));
#1119=VERTEX_POINT('',#1118);
#1120=CARTESIAN_POINT('',(0.122407,0.0727174,-0.0));
#1121=DIRECTION('',(0.7933542749,-0.608760211,0.0));
#1122=VECTOR('',#1121,1.0);
#1123=LINE('',#1120,#1122);
#1124=EDGE_CURVE('no 225',#342,#1119,#1123,.T.);
#1125=ORIENTED_EDGE('no 233',*,*,#1124,.T.);
#1126=CARTESIAN_POINT('',(0.122862,0.0723677,-0.0));
#1127=DIRECTION('',(0.0,-1.0,0.0));
#1128=VECTOR('',#1127,1.0);
#1129=LINE('',#1126,#1128);
#1130=EDGE_CURVE('no 231',#1119,#827,#1129,.T.);
#1131=ORIENTED_EDGE('no 234',*,*,#1130,.T.);
#1132=EDGE_LOOP('',(#1117,#1125,#1131));
#1133=FACE_OUTER_BOUND('',#1132,.T.);
#1134=CARTESIAN_POINT('',(0.122862,-0.00462175,-0.0));
#1135=DIRECTION('',(0.0,0.0,-1.0));
#1136=DIRECTION('',(-0.0058912579,0.9999826464,0.0));
#1137=AXIS2_PLACEMENT_3D('',#1134,#1135,#1136);
#1138=PLANE('',#1137);
#1139=ADVANCED_FACE('no 242',(#1133),#1138,.T.);
#1140=CARTESIAN_POINT('',(0.122862,-0.00462175,0.003));
#1141=VERTEX_POINT('',#1140);
#1142=CARTESIAN_POINT('',(0.122862,-0.00462175,0.003));
#1143=DIRECTION('',(-0.148966227,-0.114464994,-0.9821949034));
#1144=VECTOR('',#1143,1.0);
#1145=LINE('',#1142,#1144);
#1146=EDGE_CURVE('no 12438',#1141,#556,#1145,.T.);
#1147=ORIENTED_EDGE('no 12445',*,*,#1146,.T.);
#1148=ORIENTED_EDGE('no 12446',*,*,#838,.F.);
#1149=CARTESIAN_POINT('',(0.122862,-0.00462175,-0.0));
#1150=DIRECTION('',(0.0,0.0,1.0));
#1151=VECTOR('',#1150,1.0);
#1152=LINE('',#1149,#1151);
#1153=EDGE_CURVE('no 12444',#827,#1141,#1152,.T.);
#1154=ORIENTED_EDGE('no 12447',*,*,#1153,.T.);
#1155=EDGE_LOOP('',(#1147,#1148,#1154));
#1156=FACE_OUTER_BOUND('',#1155,.T.);
#1157=CARTESIAN_POINT('',(0.122862,-0.00462175,0.003));
#1158=DIRECTION('',(0.6087630783,-0.7933520747,0.0000000871));
#1159=DIRECTION('',(-0.1491689234,-0.1144619412,-0.9821644955));
#1160=AXIS2_PLACEMENT_3D('',#1157,#1158,#1159);
#1161=PLANE('',#1160);
#1162=ADVANCED_FACE('no 12455',(#1156),#1161,.T.);
#1163=ORIENTED_EDGE('no 12416',*,*,#852,.F.);
#1164=CARTESIAN_POINT('',(0.122407,-0.00497137,0.003));
#1165=VERTEX_POINT('',#1164);
#1166=CARTESIAN_POINT('',(0.122407,-0.00497137,-0.0));
#1167=DIRECTION('',(0.0,0.0,1.0));
#1168=VECTOR('',#1167,1.0);
#1169=LINE('',#1166,#1168);
#1170=EDGE_CURVE('no 12415',#556,#1165,#1169,.T.);
#1171=ORIENTED_EDGE('no 12417',*,*,#1170,.T.);
#1172=CARTESIAN_POINT('',(0.122057,-0.005427,0.003));
#1173=DIRECTION('',(0.6091807053,0.7930314422,0.0));
#1174=VECTOR('',#1173,1.0);
#1175=LINE('',#1172,#1174);
#1176=EDGE_CURVE('no 8150',#579,#1165,#1175,.T.);
#1177=ORIENTED_EDGE('no 12418',*,*,#1176,.F.);
#1178=EDGE_LOOP('',(#1163,#1171,#1177));
#1179=FACE_OUTER_BOUND('',#1178,.T.);
#1180=CARTESIAN_POINT('',(0.122057,-0.005427,0.003));
#1181=DIRECTION('',(0.7933555287,-0.608758577,-0.0000002543));
#1182=DIRECTION('',(0.1144609372,0.1491699182,-0.9821644615));
#1183=AXIS2_PLACEMENT_3D('',#1180,#1181,#1182);
#1184=PLANE('',#1183);
#1185=ADVANCED_FACE('no 12426',(#1179),#1184,.T.);
#1186=ORIENTED_EDGE('no 8128',*,*,#870,.F.);
#1187=CARTESIAN_POINT('',(0.122057,0.073173,0.003));
#1188=VERTEX_POINT('',#1187);
#1189=CARTESIAN_POINT('',(0.122057,-0.005427,0.003));
#1190=DIRECTION('',(0.0,1.0,0.0));
#1191=VECTOR('',#1190,1.0);
#1192=LINE('',#1189,#1191);
#1193=EDGE_CURVE('no 8121',#579,#1188,#1192,.T.);
#1194=ORIENTED_EDGE('no 8129',*,*,#1193,.T.);
#1195=CARTESIAN_POINT('',(0.122057,0.073173,0.003));
#1196=DIRECTION('',(-0.3826870194,0.9238780467,0.0));
#1197=VECTOR('',#1196,1.0);
#1198=LINE('',#1195,#1197);
#1199=EDGE_CURVE('no 8127',#1188,#602,#1198,.T.);
#1200=ORIENTED_EDGE('no 8130',*,*,#1199,.T.);
#1201=EDGE_LOOP('',(#1186,#1194,#1200));
#1202=FACE_OUTER_BOUND('',#1201,.T.);
#1203=CARTESIAN_POINT('',(0.121837,0.0737036,0.003));
#1204=DIRECTION('',(0.0,0.0,1.0));
#1205=DIRECTION('',(0.0027774804,-0.9999961428,0.0));
#1206=AXIS2_PLACEMENT_3D('',#1203,#1204,#1205);
#1207=PLANE('',#1206);
#1208=ADVANCED_FACE('no 8138',(#1202),#1207,.T.);
#1209=CARTESIAN_POINT('',(0.122057,0.075373,0.003));
#1210=VERTEX_POINT('',#1209);
#1211=CARTESIAN_POINT('',(0.118962,0.079273,0.003));
#1212=DIRECTION('',(0.6215970976,-0.783337123,0.0));
#1213=VECTOR('',#1212,1.0);
#1214=LINE('',#1211,#1213);
#1215=EDGE_CURVE('no 6243',#318,#1210,#1214,.T.);
#1216=ORIENTED_EDGE('no 6279',*,*,#1215,.F.);
#1217=ORIENTED_EDGE('no 6280',*,*,#886,.T.);
#1218=CARTESIAN_POINT('',(0.121837,0.0748424,0.003));
#1219=DIRECTION('',(0.3826919942,0.923875986,0.0));
#1220=VECTOR('',#1219,1.0);
#1221=LINE('',#1218,#1220);
#1222=EDGE_CURVE('no 6278',#881,#1210,#1221,.T.);
#1223=ORIENTED_EDGE('no 6281',*,*,#1222,.T.);
#1224=EDGE_LOOP('',(#1216,#1217,#1223));
#1225=FACE_OUTER_BOUND('',#1224,.T.);
#1226=CARTESIAN_POINT('',(0.122057,0.075373,0.003));
#1227=DIRECTION('',(0.0,0.0,1.0));
#1228=DIRECTION('',(-0.6215970976,0.783337123,0.0));
#1229=AXIS2_PLACEMENT_3D('',#1226,#1227,#1228);
#1230=PLANE('',#1229);
#1231=ADVANCED_FACE('no 6289',(#1225),#1230,.T.);
#1232=ORIENTED_EDGE('no 4881',*,*,#908,.F.);
#1233=CARTESIAN_POINT('',(0.122862,-0.00843226,0.003));
#1234=VERTEX_POINT('',#1233);
#1235=CARTESIAN_POINT('',(0.118962,-0.011527,0.003));
#1236=DIRECTION('',(0.783337123,0.6215970976,0.0));
#1237=VECTOR('',#1236,1.0);
#1238=LINE('',#1235,#1237);
#1239=EDGE_CURVE('no 4874',#403,#1234,#1238,.T.);
#1240=ORIENTED_EDGE('no 4882',*,*,#1239,.T.);
#1241=CARTESIAN_POINT('',(0.122862,-0.00843226,0.003));
#1242=DIRECTION('',(-0.792943921,0.6092946234,0.0));
#1243=VECTOR('',#1242,1.0);
#1244=LINE('',#1241,#1243);
#1245=EDGE_CURVE('no 4880',#1234,#695,#1244,.T.);
#1246=ORIENTED_EDGE('no 4883',*,*,#1245,.T.);
#1247=EDGE_LOOP('',(#1232,#1240,#1246));
#1248=FACE_OUTER_BOUND('',#1247,.T.);
#1249=CARTESIAN_POINT('',(0.122407,-0.00808264,0.003));
#1250=DIRECTION('',(0.0,0.0,1.0));
#1251=DIRECTION('',(-0.7071067812,-0.7071067812,0.0));
#1252=AXIS2_PLACEMENT_3D('',#1249,#1250,#1251);
#1253=PLANE('',#1252);
#1254=ADVANCED_FACE('no 4891',(#1248),#1253,.T.);
#1255=CARTESIAN_POINT('',(0.123962,-0.008727,-0.0));
#1256=VERTEX_POINT('',#1255);
#1257=CARTESIAN_POINT('',(0.118962,-0.011527,-0.0));
#1258=DIRECTION('',(0.8725061694,0.4886030949,0.0));
#1259=VECTOR('',#1258,1.0);
#1260=LINE('',#1257,#1259);
#1261=EDGE_CURVE('no 3038',#72,#1256,#1260,.T.);
#1262=ORIENTED_EDGE('no 3080',*,*,#1261,.F.);
#1263=ORIENTED_EDGE('no 3081',*,*,#925,.T.);
#1264=CARTESIAN_POINT('',(0.123393,-0.00865204,-0.0));
#1265=DIRECTION('',(0.9914336446,-0.1306113638,0.0));
#1266=VECTOR('',#1265,1.0);
#1267=LINE('',#1264,#1266);
#1268=EDGE_CURVE('no 3079',#920,#1256,#1267,.T.);
#1269=ORIENTED_EDGE('no 3082',*,*,#1268,.T.);
#1270=EDGE_LOOP('',(#1262,#1263,#1269));
#1271=FACE_OUTER_BOUND('',#1270,.T.);
#1272=CARTESIAN_POINT('',(0.123962,-0.008727,-0.0));
#1273=DIRECTION('',(-0.0,0.0,-1.0));
#1274=DIRECTION('',(-0.8725061694,-0.4886030949,0.0));
#1275=AXIS2_PLACEMENT_3D('',#1272,#1273,#1274);
#1276=PLANE('',#1275);
#1277=ADVANCED_FACE('no 3090',(#1271),#1276,.T.);
#1278=CARTESIAN_POINT('',(0.122862,-0.00843226,0.003));
#1279=DIRECTION('',(0.1738391337,-0.0719517228,-0.9821419985));
#1280=VECTOR('',#1279,1.0);
#1281=LINE('',#1278,#1280);
#1282=EDGE_CURVE('no 12070',#1234,#920,#1281,.T.);
#1283=ORIENTED_EDGE('no 12077',*,*,#1282,.T.);
#1284=ORIENTED_EDGE('no 12078',*,*,#932,.F.);
#1285=CARTESIAN_POINT('',(0.122862,-0.00843226,-0.0));
#1286=DIRECTION('',(0.0,0.0,1.0));
#1287=VECTOR('',#1286,1.0);
#1288=LINE('',#1285,#1287);
#1289=EDGE_CURVE('no 12076',#672,#1234,#1288,.T.);
#1290=ORIENTED_EDGE('no 12079',*,*,#1289,.T.);
#1291=EDGE_LOOP('',(#1283,#1284,#1290));
#1292=FACE_OUTER_BOUND('',#1291,.T.);
#1293=CARTESIAN_POINT('',(0.122862,-0.00843226,0.003));
#1294=DIRECTION('',(0.3826820669,0.9238800981,-0.0000001265));
#1295=DIRECTION('',(0.1737120593,-0.0719537246,-0.9821643355));
#1296=AXIS2_PLACEMENT_3D('',#1293,#1294,#1295);
#1297=PLANE('',#1296);
#1298=ADVANCED_FACE('no 12087',(#1292),#1297,.T.);
#1299=ORIENTED_EDGE('no 12140',*,*,#946,.F.);
#1300=ORIENTED_EDGE('no 12141',*,*,#1245,.F.);
#1301=ORIENTED_EDGE('no 12142',*,*,#1289,.F.);
#1302=EDGE_LOOP('',(#1299,#1300,#1301));
#1303=FACE_OUTER_BOUND('',#1302,.T.);
#1304=CARTESIAN_POINT('',(0.122862,-0.00843226,-0.0));
#1305=DIRECTION('',(0.6087636855,0.7933516088,0.0000000594));
#1306=DIRECTION('',(-0.1491689234,0.1144619412,0.9821644955));
#1307=AXIS2_PLACEMENT_3D('',#1304,#1305,#1306);
#1308=PLANE('',#1307);
#1309=ADVANCED_FACE('no 12150',(#1303),#1308,.T.);
#1310=ORIENTED_EDGE('no 1961',*,*,#965,.F.);
#1311=ORIENTED_EDGE('no 1962',*,*,#1077,.T.);
#1312=CARTESIAN_POINT('',(0.123393,0.076398,-0.0));
#1313=DIRECTION('',(-0.9238780467,-0.3826870194,0.0));
#1314=VECTOR('',#1313,1.0);
#1315=LINE('',#1312,#1314);
#1316=EDGE_CURVE('no 1960',#1072,#960,#1315,.T.);
#1317=ORIENTED_EDGE('no 1963',*,*,#1316,.T.);
#1318=EDGE_LOOP('',(#1310,#1311,#1317));
#1319=FACE_OUTER_BOUND('',#1318,.T.);
#1320=CARTESIAN_POINT('',(0.122862,0.0761783,-0.0));
#1321=DIRECTION('',(0.0,0.0,-1.0));
#1322=DIRECTION('',(-0.7833366361,0.6215977112,0.0));
#1323=AXIS2_PLACEMENT_3D('',#1320,#1321,#1322);
#1324=PLANE('',#1323);
#1325=ADVANCED_FACE('no 1971',(#1319),#1324,.T.);
#1326=ORIENTED_EDGE('no 3051',*,*,#1261,.T.);
#1327=CARTESIAN_POINT('',(0.123962,-0.008727,-0.0));
#1328=DIRECTION('',(0.9996920604,-0.0248150015,0.0));
#1329=VECTOR('',#1328,1.0);
#1330=LINE('',#1327,#1329);
#1331=EDGE_CURVE('no 3044',#1256,#983,#1330,.T.);
#1332=ORIENTED_EDGE('no 3052',*,*,#1331,.T.);
#1333=ORIENTED_EDGE('no 3053',*,*,#988,.T.);
#1334=EDGE_LOOP('',(#1326,#1332,#1333));
#1335=FACE_OUTER_BOUND('',#1334,.T.);
#1336=CARTESIAN_POINT('',(0.118962,-0.011527,-0.0));
#1337=DIRECTION('',(0.0,0.0,-1.0));
#1338=DIRECTION('',(0.8725061694,0.4886030949,0.0));
#1339=AXIS2_PLACEMENT_3D('',#1336,#1337,#1338);
#1340=PLANE('',#1339);
#1341=ADVANCED_FACE('no 3061',(#1335),#1340,.T.);
#1342=ORIENTED_EDGE('no 9633',*,*,#1054,.T.);
#1343=ORIENTED_EDGE('no 9634',*,*,#994,.F.);
#1344=CARTESIAN_POINT('',(0.236762,0.079273,-0.0));
#1345=DIRECTION('',(0.0,-1.0,0.0));
#1346=VECTOR('',#1345,1.0);
#1347=LINE('',#1344,#1346);
#1348=EDGE_CURVE('no 4301',#532,#983,#1347,.T.);
#1349=ORIENTED_EDGE('no 9635',*,*,#1348,.F.);
#1350=EDGE_LOOP('',(#1342,#1343,#1349));
#1351=FACE_OUTER_BOUND('',#1350,.T.);
#1352=CARTESIAN_POINT('',(0.236762,0.079273,-0.0));
#1353=DIRECTION('',(1.0,0.0,0.0));
#1354=DIRECTION('',(0.0,-0.9994546387,0.0330215881));
#1355=AXIS2_PLACEMENT_3D('',#1352,#1353,#1354);
#1356=PLANE('',#1355);
#1357=ADVANCED_FACE('no 9643',(#1351),#1356,.T.);
#1358=CARTESIAN_POINT('',(0.123393,-0.00865204,0.003));
#1359=VERTEX_POINT('',#1358);
#1360=CARTESIAN_POINT('',(0.118962,-0.011527,0.003));
#1361=DIRECTION('',(0.8388699148,0.5443319447,0.0));
#1362=VECTOR('',#1361,1.0);
#1363=LINE('',#1360,#1362);
#1364=EDGE_CURVE('no 4903',#403,#1359,#1363,.T.);
#1365=ORIENTED_EDGE('no 4939',*,*,#1364,.F.);
#1366=ORIENTED_EDGE('no 4940',*,*,#1010,.T.);
#1367=CARTESIAN_POINT('',(0.123962,-0.008727,0.003));
#1368=DIRECTION('',(-0.9914336446,0.1306113638,0.0));
#1369=VECTOR('',#1368,1.0);
#1370=LINE('',#1367,#1369);
#1371=EDGE_CURVE('no 4938',#1005,#1359,#1370,.T.);
#1372=ORIENTED_EDGE('no 4941',*,*,#1371,.T.);
#1373=EDGE_LOOP('',(#1365,#1366,#1372));
#1374=FACE_OUTER_BOUND('',#1373,.T.);
#1375=CARTESIAN_POINT('',(0.123393,-0.00865204,0.003));
#1376=DIRECTION('',(0.0,0.0,1.0));
#1377=DIRECTION('',(-0.8388699148,-0.5443319447,0.0));
#1378=AXIS2_PLACEMENT_3D('',#1375,#1376,#1377);
#1379=PLANE('',#1378);
#1380=ADVANCED_FACE('no 4949',(#1374),#1379,.T.);
#1381=ORIENTED_EDGE('no 4997',*,*,#1017,.F.);
#1382=CARTESIAN_POINT('',(0.124532,-0.00865204,0.003));
#1383=VERTEX_POINT('',#1382);
#1384=CARTESIAN_POINT('',(0.236762,-0.011527,0.003));
#1385=DIRECTION('',(-0.9996720542,0.0256082792,0.0));
#1386=VECTOR('',#1385,1.0);
#1387=LINE('',#1384,#1386);
#1388=EDGE_CURVE('no 4990',#757,#1383,#1387,.T.);
#1389=ORIENTED_EDGE('no 4998',*,*,#1388,.T.);
#1390=CARTESIAN_POINT('',(0.124532,-0.00865204,0.003));
#1391=DIRECTION('',(-0.9914632922,-0.13038612,0.0));
#1392=VECTOR('',#1391,1.0);
#1393=LINE('',#1390,#1392);
#1394=EDGE_CURVE('no 4996',#1383,#1005,#1393,.T.);
#1395=ORIENTED_EDGE('no 4999',*,*,#1394,.T.);
#1396=EDGE_LOOP('',(#1381,#1389,#1395));
#1397=FACE_OUTER_BOUND('',#1396,.T.);
#1398=CARTESIAN_POINT('',(0.123962,-0.008727,0.003));
#1399=DIRECTION('',(-0.0,0.0,1.0));
#1400=DIRECTION('',(0.9996920604,-0.0248150015,0.0));
#1401=AXIS2_PLACEMENT_3D('',#1398,#1399,#1400);
#1402=PLANE('',#1401);
#1403=ADVANCED_FACE('no 5007',(#1397),#1402,.T.);
#1404=ORIENTED_EDGE('no 6163',*,*,#1033,.F.);
#1405=CARTESIAN_POINT('',(0.123393,0.076398,0.003));
#1406=VERTEX_POINT('',#1405);
#1407=CARTESIAN_POINT('',(0.118962,0.079273,0.003));
#1408=DIRECTION('',(0.8388699148,-0.5443319447,0.0));
#1409=VECTOR('',#1408,1.0);
#1410=LINE('',#1407,#1409);
#1411=EDGE_CURVE('no 6156',#318,#1406,#1410,.T.);
#1412=ORIENTED_EDGE('no 6164',*,*,#1411,.T.);
#1413=CARTESIAN_POINT('',(0.123393,0.076398,0.003));
#1414=DIRECTION('',(0.9914455527,0.1305209411,0.0));
#1415=VECTOR('',#1414,1.0);
#1416=LINE('',#1413,#1415);
#1417=EDGE_CURVE('no 6162',#1406,#1028,#1416,.T.);
#1418=ORIENTED_EDGE('no 6165',*,*,#1417,.T.);
#1419=EDGE_LOOP('',(#1404,#1412,#1418));
#1420=FACE_OUTER_BOUND('',#1419,.T.);
#1421=CARTESIAN_POINT('',(0.123962,0.076473,0.003));
#1422=DIRECTION('',(0.0,0.0,1.0));
#1423=DIRECTION('',(-0.8725057431,0.4886038561,0.0));
#1424=AXIS2_PLACEMENT_3D('',#1421,#1422,#1423);
#1425=PLANE('',#1424);
#1426=ADVANCED_FACE('no 6173',(#1420),#1425,.T.);
#1427=ORIENTED_EDGE('no 6360',*,*,#1039,.F.);
#1428=CARTESIAN_POINT('',(0.124532,0.076398,0.003));
#1429=VERTEX_POINT('',#1428);
#1430=CARTESIAN_POINT('',(0.123962,0.076473,0.003));
#1431=DIRECTION('',(0.9914455527,-0.1305209411,0.0));
#1432=VECTOR('',#1431,1.0);
#1433=LINE('',#1430,#1432);
#1434=EDGE_CURVE('no 6353',#1028,#1429,#1433,.T.);
#1435=ORIENTED_EDGE('no 6361',*,*,#1434,.T.);
#1436=CARTESIAN_POINT('',(0.124532,0.076398,0.003));
#1437=DIRECTION('',(0.9996720562,0.0256082014,0.0));
#1438=VECTOR('',#1437,1.0);
#1439=LINE('',#1436,#1438);
#1440=EDGE_CURVE('no 6359',#1429,#781,#1439,.T.);
#1441=ORIENTED_EDGE('no 6362',*,*,#1440,.T.);
#1442=EDGE_LOOP('',(#1427,#1435,#1441));
#1443=FACE_OUTER_BOUND('',#1442,.T.);
#1444=CARTESIAN_POINT('',(0.236762,0.079273,0.003));
#1445=DIRECTION('',(0.0,0.0,1.0));
#1446=DIRECTION('',(-0.999692058,-0.0248151014,0.0));
#1447=AXIS2_PLACEMENT_3D('',#1444,#1445,#1446);
#1448=PLANE('',#1447);
#1449=ADVANCED_FACE('no 6370',(#1443),#1448,.T.);
#1450=CARTESIAN_POINT('',(0.233962,0.074273,0.003));
#1451=VERTEX_POINT('',#1450);
#1452=CARTESIAN_POINT('',(0.233962,0.074273,0.003));
#1453=DIRECTION('',(0.4886038561,0.8725057431,0.0));
#1454=VECTOR('',#1453,1.0);
#1455=LINE('',#1452,#1454);
#1456=EDGE_CURVE('no 7298',#1451,#781,#1455,.T.);
#1457=ORIENTED_EDGE('no 7322',*,*,#1456,.F.);
#1458=CARTESIAN_POINT('',(0.236762,-0.011527,0.003));
#1459=DIRECTION('',(-0.0326166692,0.9994679349,0.0));
#1460=VECTOR('',#1459,1.0);
#1461=LINE('',#1458,#1460);
#1462=EDGE_CURVE('no 6092',#757,#1451,#1461,.T.);
#1463=ORIENTED_EDGE('no 7323',*,*,#1462,.F.);
#1464=ORIENTED_EDGE('no 7324',*,*,#1061,.T.);
#1465=EDGE_LOOP('',(#1457,#1463,#1464));
#1466=FACE_OUTER_BOUND('',#1465,.T.);
#1467=CARTESIAN_POINT('',(0.236762,0.079273,0.003));
#1468=DIRECTION('',(0.0,0.0,1.0));
#1469=DIRECTION('',(-0.4886038561,-0.8725057431,0.0));
#1470=AXIS2_PLACEMENT_3D('',#1467,#1468,#1469);
#1471=PLANE('',#1470);
#1472=ADVANCED_FACE('no 7332',(#1466),#1471,.T.);
#1473=ORIENTED_EDGE('no 2077',*,*,#1101,.F.);
#1474=CARTESIAN_POINT('',(0.125062,0.0761783,-0.0));
#1475=VERTEX_POINT('',#1474);
#1476=CARTESIAN_POINT('',(0.236762,0.079273,-0.0));
#1477=DIRECTION('',(-0.9996164245,-0.0276948339,0.0));
#1478=VECTOR('',#1477,1.0);
#1479=LINE('',#1476,#1478);
#1480=EDGE_CURVE('no 2070',#532,#1475,#1479,.T.);
#1481=ORIENTED_EDGE('no 2078',*,*,#1480,.T.);
#1482=CARTESIAN_POINT('',(0.125062,0.0761783,-0.0));
#1483=DIRECTION('',(-0.9238780467,0.3826870194,0.0));
#1484=VECTOR('',#1483,1.0);
#1485=LINE('',#1482,#1484);
#1486=EDGE_CURVE('no 2076',#1475,#1096,#1485,.T.);
#1487=ORIENTED_EDGE('no 2079',*,*,#1486,.T.);
#1488=EDGE_LOOP('',(#1473,#1481,#1487));
#1489=FACE_OUTER_BOUND('',#1488,.T.);
#1490=CARTESIAN_POINT('',(0.124532,0.076398,-0.0));
#1491=DIRECTION('',(0.0,0.0,-1.0));
#1492=DIRECTION('',(0.9996720562,0.0256082014,0.0));
#1493=AXIS2_PLACEMENT_3D('',#1490,#1491,#1492);
#1494=PLANE('',#1493);
#1495=ADVANCED_FACE('no 2087',(#1489),#1494,.T.);
#1496=ORIENTED_EDGE('no 261',*,*,#1130,.F.);
#1497=CARTESIAN_POINT('',(0.123393,0.072148,-0.0));
#1498=VERTEX_POINT('',#1497);
#1499=CARTESIAN_POINT('',(0.122862,0.0723677,-0.0));
#1500=DIRECTION('',(0.9238780467,-0.3826870194,0.0));
#1501=VECTOR('',#1500,1.0);
#1502=LINE('',#1499,#1501);
#1503=EDGE_CURVE('no 254',#1119,#1498,#1502,.T.);
#1504=ORIENTED_EDGE('no 262',*,*,#1503,.T.);
#1505=CARTESIAN_POINT('',(0.123393,0.072148,-0.0));
#1506=DIRECTION('',(-0.0069114208,-0.9999761158,0.0));
#1507=VECTOR('',#1506,1.0);
#1508=LINE('',#1505,#1507);
#1509=EDGE_CURVE('no 260',#1498,#827,#1508,.T.);
#1510=ORIENTED_EDGE('no 263',*,*,#1509,.T.);
#1511=EDGE_LOOP('',(#1496,#1504,#1510));
#1512=FACE_OUTER_BOUND('',#1511,.T.);
#1513=CARTESIAN_POINT('',(0.122862,-0.00462175,-0.0));
#1514=DIRECTION('',(0.0,0.0,-1.0));
#1515=DIRECTION('',(0.0,1.0,0.0));
#1516=AXIS2_PLACEMENT_3D('',#1513,#1514,#1515);
#1517=PLANE('',#1516);
#1518=ADVANCED_FACE('no 271',(#1512),#1517,.T.);
#1519=ORIENTED_EDGE('no 12462',*,*,#1146,.F.);
#1520=CARTESIAN_POINT('',(0.122407,-0.00497137,0.003));
#1521=DIRECTION('',(0.792943921,0.6092946234,0.0));
#1522=VECTOR('',#1521,1.0);
#1523=LINE('',#1520,#1522);
#1524=EDGE_CURVE('no 8208',#1165,#1141,#1523,.T.);
#1525=ORIENTED_EDGE('no 12463',*,*,#1524,.F.);
#1526=ORIENTED_EDGE('no 12464',*,*,#1170,.F.);
#1527=EDGE_LOOP('',(#1519,#1525,#1526));
#1528=FACE_OUTER_BOUND('',#1527,.T.);
#1529=CARTESIAN_POINT('',(0.122407,-0.00497137,-0.0));
#1530=DIRECTION('',(0.6087630783,-0.7933520747,0.0000000871));
#1531=DIRECTION('',(0.1491689234,0.1144619412,0.9821644955));
#1532=AXIS2_PLACEMENT_3D('',#1529,#1530,#1531);
#1533=PLANE('',#1532);
#1534=ADVANCED_FACE('no 12472',(#1528),#1533,.T.);
#1535=CARTESIAN_POINT('',(0.123393,-0.00440197,0.003));
#1536=VERTEX_POINT('',#1535);
#1537=CARTESIAN_POINT('',(0.123393,-0.00440197,0.003));
#1538=DIRECTION('',(-0.1738391337,-0.0719517228,-0.9821419985));
#1539=VECTOR('',#1538,1.0);
#1540=LINE('',#1537,#1539);
#1541=EDGE_CURVE('no 12484',#1536,#827,#1540,.T.);
#1542=ORIENTED_EDGE('no 12508',*,*,#1541,.F.);
#1543=CARTESIAN_POINT('',(0.122862,-0.00462175,0.003));
#1544=DIRECTION('',(0.9239824864,0.3824347851,0.0));
#1545=VECTOR('',#1544,1.0);
#1546=LINE('',#1543,#1545);
#1547=EDGE_CURVE('no 8266',#1141,#1536,#1546,.T.);
#1548=ORIENTED_EDGE('no 12509',*,*,#1547,.F.);
#1549=ORIENTED_EDGE('no 12510',*,*,#1153,.F.);
#1550=EDGE_LOOP('',(#1542,#1548,#1549));
#1551=FACE_OUTER_BOUND('',#1550,.T.);
#1552=CARTESIAN_POINT('',(0.122862,-0.00462175,-0.0));
#1553=DIRECTION('',(0.3826820669,-0.9238800981,0.0000001265));
#1554=DIRECTION('',(0.1737120593,0.0719537246,0.9821643355));
#1555=AXIS2_PLACEMENT_3D('',#1552,#1553,#1554);
#1556=PLANE('',#1555);
#1557=ADVANCED_FACE('no 12518',(#1551),#1556,.T.);
#1558=ORIENTED_EDGE('no 8157',*,*,#1193,.F.);
#1559=ORIENTED_EDGE('no 8158',*,*,#1176,.T.);
#1560=CARTESIAN_POINT('',(0.122407,-0.00497137,0.003));
#1561=DIRECTION('',(-0.0044788446,0.9999899699,0.0));
#1562=VECTOR('',#1561,1.0);
#1563=LINE('',#1560,#1562);
#1564=EDGE_CURVE('no 8156',#1165,#1188,#1563,.T.);
#1565=ORIENTED_EDGE('no 8159',*,*,#1564,.T.);
#1566=EDGE_LOOP('',(#1558,#1559,#1565));
#1567=FACE_OUTER_BOUND('',#1566,.T.);
#1568=CARTESIAN_POINT('',(0.122057,0.073173,0.003));
#1569=DIRECTION('',(0.0,0.0,1.0));
#1570=DIRECTION('',(0.0,-1.0,0.0));
#1571=AXIS2_PLACEMENT_3D('',#1568,#1569,#1570);
#1572=PLANE('',#1571);
#1573=ADVANCED_FACE('no 8167',(#1567),#1572,.T.);
#1574=CARTESIAN_POINT('',(0.122407,0.0758286,0.003));
#1575=VERTEX_POINT('',#1574);
#1576=CARTESIAN_POINT('',(0.118962,0.079273,0.003));
#1577=DIRECTION('',(0.7071067812,-0.7071067812,0.0));
#1578=VECTOR('',#1577,1.0);
#1579=LINE('',#1576,#1578);
#1580=EDGE_CURVE('no 6214',#318,#1575,#1579,.T.);
#1581=ORIENTED_EDGE('no 6250',*,*,#1580,.F.);
#1582=ORIENTED_EDGE('no 6251',*,*,#1215,.T.);
#1583=CARTESIAN_POINT('',(0.122057,0.075373,0.003));
#1584=DIRECTION('',(0.6087540197,0.7933590256,0.0));
#1585=VECTOR('',#1584,1.0);
#1586=LINE('',#1583,#1585);
#1587=EDGE_CURVE('no 6249',#1210,#1575,#1586,.T.);
#1588=ORIENTED_EDGE('no 6252',*,*,#1587,.T.);
#1589=EDGE_LOOP('',(#1581,#1582,#1588));
#1590=FACE_OUTER_BOUND('',#1589,.T.);
#1591=CARTESIAN_POINT('',(0.122407,0.0758286,0.003));
#1592=DIRECTION('',(0.0,0.0,1.0));
#1593=DIRECTION('',(-0.7071067812,0.7071067812,0.0));
#1594=AXIS2_PLACEMENT_3D('',#1591,#1592,#1593);
#1595=PLANE('',#1594);
#1596=ADVANCED_FACE('no 6260',(#1590),#1595,.T.);
#1597=ORIENTED_EDGE('no 4910',*,*,#1239,.F.);
#1598=ORIENTED_EDGE('no 4911',*,*,#1364,.T.);
#1599=CARTESIAN_POINT('',(0.123393,-0.00865204,0.003));
#1600=DIRECTION('',(-0.9239824864,0.3824347851,0.0));
#1601=VECTOR('',#1600,1.0);
#1602=LINE('',#1599,#1601);
#1603=EDGE_CURVE('no 4909',#1359,#1234,#1602,.T.);
#1604=ORIENTED_EDGE('no 4912',*,*,#1603,.T.);
#1605=EDGE_LOOP('',(#1597,#1598,#1604));
#1606=FACE_OUTER_BOUND('',#1605,.T.);
#1607=CARTESIAN_POINT('',(0.122862,-0.00843226,0.003));
#1608=DIRECTION('',(0.0,0.0,1.0));
#1609=DIRECTION('',(-0.783337123,-0.6215970976,0.0));
#1610=AXIS2_PLACEMENT_3D('',#1607,#1608,#1609);
#1611=PLANE('',#1610);
#1612=ADVANCED_FACE('no 4920',(#1606),#1611,.T.);
#1613=CARTESIAN_POINT('',(0.123393,-0.00865204,0.003));
#1614=DIRECTION('',(0.1862884267,-0.0245416177,-0.9821885415));
#1615=VECTOR('',#1614,1.0);
#1616=LINE('',#1613,#1615);
#1617=EDGE_CURVE('no 12024',#1359,#1256,#1616,.T.);
#1618=ORIENTED_EDGE('no 12031',*,*,#1617,.T.);
#1619=ORIENTED_EDGE('no 12032',*,*,#1268,.F.);
#1620=CARTESIAN_POINT('',(0.123393,-0.00865204,-0.0));
#1621=DIRECTION('',(0.0,0.0,1.0));
#1622=VECTOR('',#1621,1.0);
#1623=LINE('',#1620,#1622);
#1624=EDGE_CURVE('no 12030',#920,#1359,#1623,.T.);
#1625=ORIENTED_EDGE('no 12033',*,*,#1624,.T.);
#1626=EDGE_LOOP('',(#1618,#1619,#1625));
#1627=FACE_OUTER_BOUND('',#1626,.T.);
#1628=CARTESIAN_POINT('',(0.123393,-0.00865204,0.003));
#1629=DIRECTION('',(0.1305259683,0.9914448909,0.00000009));
#1630=DIRECTION('',(0.1864160599,-0.0245420079,-0.9821643154));
#1631=AXIS2_PLACEMENT_3D('',#1628,#1629,#1630);
#1632=PLANE('',#1631);
#1633=ADVANCED_FACE('no 12041',(#1627),#1632,.T.);
#1634=ORIENTED_EDGE('no 12094',*,*,#1282,.F.);
#1635=ORIENTED_EDGE('no 12095',*,*,#1603,.F.);
#1636=ORIENTED_EDGE('no 12096',*,*,#1624,.F.);
#1637=EDGE_LOOP('',(#1634,#1635,#1636));
#1638=FACE_OUTER_BOUND('',#1637,.T.);
#1639=CARTESIAN_POINT('',(0.123393,-0.00865204,-0.0));
#1640=DIRECTION('',(0.3826820669,0.9238800981,-0.0000001265));
#1641=DIRECTION('',(-0.1737120593,0.0719537246,0.9821643355));
#1642=AXIS2_PLACEMENT_3D('',#1639,#1640,#1641);
#1643=PLANE('',#1642);
#1644=ADVANCED_FACE('no 12104',(#1638),#1643,.T.);
#1645=ORIENTED_EDGE('no 3271',*,*,#1331,.F.);
#1646=CARTESIAN_POINT('',(0.124532,-0.00865204,-0.0));
#1647=VERTEX_POINT('',#1646);
#1648=CARTESIAN_POINT('',(0.123962,-0.008727,-0.0));
#1649=DIRECTION('',(0.9914448886,0.1305259853,0.0));
#1650=VECTOR('',#1649,1.0);
#1651=LINE('',#1648,#1650);
#1652=EDGE_CURVE('no 3264',#1256,#1647,#1651,.T.);
#1653=ORIENTED_EDGE('no 3272',*,*,#1652,.T.);
#1654=CARTESIAN_POINT('',(0.124532,-0.00865204,-0.0));
#1655=DIRECTION('',(0.9996720542,-0.0256082792,0.0));
#1656=VECTOR('',#1655,1.0);
#1657=LINE('',#1654,#1656);
#1658=EDGE_CURVE('no 3270',#1647,#983,#1657,.T.);
#1659=ORIENTED_EDGE('no 3273',*,*,#1658,.T.);
#1660=EDGE_LOOP('',(#1645,#1653,#1659));
#1661=FACE_OUTER_BOUND('',#1660,.T.);
#1662=CARTESIAN_POINT('',(0.236762,-0.011527,-0.0));
#1663=DIRECTION('',(0.0,0.0,-1.0));
#1664=DIRECTION('',(-0.9996920604,0.0248150015,0.0));
#1665=AXIS2_PLACEMENT_3D('',#1662,#1663,#1664);
#1666=PLANE('',#1665);
#1667=ADVANCED_FACE('no 3281',(#1661),#1666,.T.);
#1668=CARTESIAN_POINT('',(0.233962,0.074273,-0.0));
#1669=VERTEX_POINT('',#1668);
#1670=CARTESIAN_POINT('',(0.233962,0.074273,-0.0));
#1671=DIRECTION('',(0.0326166978,-0.999467934,0.0));
#1672=VECTOR('',#1671,1.0);
#1673=LINE('',#1670,#1672);
#1674=EDGE_CURVE('no 4278',#1669,#983,#1673,.T.);
#1675=ORIENTED_EDGE('no 4302',*,*,#1674,.F.);
#1676=CARTESIAN_POINT('',(0.236762,0.079273,-0.0));
#1677=DIRECTION('',(-0.4886033689,-0.8725060159,0.0));
#1678=VECTOR('',#1677,1.0);
#1679=LINE('',#1676,#1678);
#1680=EDGE_CURVE('no 3009',#532,#1669,#1679,.T.);
#1681=ORIENTED_EDGE('no 4303',*,*,#1680,.F.);
#1682=ORIENTED_EDGE('no 4304',*,*,#1348,.T.);
#1683=EDGE_LOOP('',(#1675,#1681,#1682));
#1684=FACE_OUTER_BOUND('',#1683,.T.);
#1685=CARTESIAN_POINT('',(0.236762,-0.011527,-0.0));
#1686=DIRECTION('',(0.0,0.0,-1.0));
#1687=DIRECTION('',(-0.0326166978,0.999467934,0.0));
#1688=AXIS2_PLACEMENT_3D('',#1685,#1686,#1687);
#1689=PLANE('',#1688);
#1690=ADVANCED_FACE('no 4312',(#1684),#1689,.T.);
#1691=ORIENTED_EDGE('no 12048',*,*,#1617,.F.);
#1692=ORIENTED_EDGE('no 12049',*,*,#1371,.F.);
#1693=CARTESIAN_POINT('',(0.123962,-0.008727,-0.0));
#1694=DIRECTION('',(0.0,0.0,1.0));
#1695=VECTOR('',#1694,1.0);
#1696=LINE('',#1693,#1695);
#1697=EDGE_CURVE('no 11984',#1256,#1005,#1696,.T.);
#1698=ORIENTED_EDGE('no 12050',*,*,#1697,.F.);
#1699=EDGE_LOOP('',(#1691,#1692,#1698));
#1700=FACE_OUTER_BOUND('',#1699,.T.);
#1701=CARTESIAN_POINT('',(0.123962,-0.008727,-0.0));
#1702=DIRECTION('',(0.1305259683,0.9914448909,0.00000009));
#1703=DIRECTION('',(-0.1864160599,0.0245420079,0.9821643154));
#1704=AXIS2_PLACEMENT_3D('',#1701,#1702,#1703);
#1705=PLANE('',#1704);
#1706=ADVANCED_FACE('no 12058',(#1700),#1705,.T.);
#1707=ORIENTED_EDGE('no 5026',*,*,#1388,.F.);
#1708=CARTESIAN_POINT('',(0.125062,-0.00843226,0.003));
#1709=VERTEX_POINT('',#1708);
#1710=CARTESIAN_POINT('',(0.236762,-0.011527,0.003));
#1711=DIRECTION('',(-0.9996164146,0.0276951916,0.0));
#1712=VECTOR('',#1711,1.0);
#1713=LINE('',#1710,#1712);
#1714=EDGE_CURVE('no 5019',#757,#1709,#1713,.T.);
#1715=ORIENTED_EDGE('no 5027',*,*,#1714,.T.);
#1716=CARTESIAN_POINT('',(0.125062,-0.00843226,0.003));
#1717=DIRECTION('',(-0.9237273736,-0.3830505701,0.0));
#1718=VECTOR('',#1717,1.0);
#1719=LINE('',#1716,#1718);
#1720=EDGE_CURVE('no 5025',#1709,#1383,#1719,.T.);
#1721=ORIENTED_EDGE('no 5028',*,*,#1720,.T.);
#1722=EDGE_LOOP('',(#1707,#1715,#1721));
#1723=FACE_OUTER_BOUND('',#1722,.T.);
#1724=CARTESIAN_POINT('',(0.124532,-0.00865204,0.003));
#1725=DIRECTION('',(-0.0,0.0,1.0));
#1726=DIRECTION('',(0.9996720562,-0.0256082014,0.0));
#1727=AXIS2_PLACEMENT_3D('',#1724,#1725,#1726);
#1728=PLANE('',#1727);
#1729=ADVANCED_FACE('no 5036',(#1723),#1728,.T.);
#1730=CARTESIAN_POINT('',(0.123962,-0.008727,0.003));
#1731=DIRECTION('',(0.1866044322,0.0245401197,-0.9821285906));
#1732=VECTOR('',#1731,1.0);
#1733=LINE('',#1730,#1732);
#1734=EDGE_CURVE('no 11978',#1005,#1647,#1733,.T.);
#1735=ORIENTED_EDGE('no 12002',*,*,#1734,.F.);
#1736=ORIENTED_EDGE('no 12003',*,*,#1394,.F.);
#1737=CARTESIAN_POINT('',(0.124532,-0.00865204,-0.0));
#1738=DIRECTION('',(0.0,0.0,1.0));
#1739=VECTOR('',#1738,1.0);
#1740=LINE('',#1737,#1739);
#1741=EDGE_CURVE('no 11938',#1647,#1383,#1740,.T.);
#1742=ORIENTED_EDGE('no 12004',*,*,#1741,.F.);
#1743=EDGE_LOOP('',(#1735,#1736,#1742));
#1744=FACE_OUTER_BOUND('',#1743,.T.);
#1745=CARTESIAN_POINT('',(0.124532,-0.00865204,-0.0));
#1746=DIRECTION('',(-0.1305259683,0.9914448909,-0.00000009));
#1747=DIRECTION('',(-0.1864160599,-0.0245420079,0.9821643154));
#1748=AXIS2_PLACEMENT_3D('',#1745,#1746,#1747);
#1749=PLANE('',#1748);
#1750=ADVANCED_FACE('no 12012',(#1744),#1749,.T.);
#1751=ORIENTED_EDGE('no 6192',*,*,#1411,.F.);
#1752=CARTESIAN_POINT('',(0.122862,0.0761783,0.003));
#1753=VERTEX_POINT('',#1752);
#1754=CARTESIAN_POINT('',(0.118962,0.079273,0.003));
#1755=DIRECTION('',(0.7833366361,-0.6215977112,0.0));
#1756=VECTOR('',#1755,1.0);
#1757=LINE('',#1754,#1756);
#1758=EDGE_CURVE('no 6185',#318,#1753,#1757,.T.);
#1759=ORIENTED_EDGE('no 6193',*,*,#1758,.T.);
#1760=CARTESIAN_POINT('',(0.122862,0.0761783,0.003));
#1761=DIRECTION('',(0.9238780467,0.3826870194,0.0));
#1762=VECTOR('',#1761,1.0);
#1763=LINE('',#1760,#1762);
#1764=EDGE_CURVE('no 6191',#1753,#1406,#1763,.T.);
#1765=ORIENTED_EDGE('no 6194',*,*,#1764,.T.);
#1766=EDGE_LOOP('',(#1751,#1759,#1765));
#1767=FACE_OUTER_BOUND('',#1766,.T.);
#1768=CARTESIAN_POINT('',(0.123393,0.076398,0.003));
#1769=DIRECTION('',(0.0,0.0,1.0));
#1770=DIRECTION('',(-0.8388699148,0.5443319447,0.0));
#1771=AXIS2_PLACEMENT_3D('',#1768,#1769,#1770);
#1772=PLANE('',#1771);
#1773=ADVANCED_FACE('no 6202',(#1767),#1772,.T.);
#1774=ORIENTED_EDGE('no 6389',*,*,#1440,.F.);
#1775=CARTESIAN_POINT('',(0.125062,0.0761783,0.003));
#1776=VERTEX_POINT('',#1775);
#1777=CARTESIAN_POINT('',(0.124532,0.076398,0.003));
#1778=DIRECTION('',(0.9238780467,-0.3826870194,0.0));
#1779=VECTOR('',#1778,1.0);
#1780=LINE('',#1777,#1779);
#1781=EDGE_CURVE('no 6382',#1429,#1776,#1780,.T.);
#1782=ORIENTED_EDGE('no 6390',*,*,#1781,.T.);
#1783=CARTESIAN_POINT('',(0.125062,0.0761783,0.003));
#1784=DIRECTION('',(0.9996164113,0.0276953114,0.0));
#1785=VECTOR('',#1784,1.0);
#1786=LINE('',#1783,#1785);
#1787=EDGE_CURVE('no 6388',#1776,#781,#1786,.T.);
#1788=ORIENTED_EDGE('no 6391',*,*,#1787,.T.);
#1789=EDGE_LOOP('',(#1774,#1782,#1788));
#1790=FACE_OUTER_BOUND('',#1789,.T.);
#1791=CARTESIAN_POINT('',(0.236762,0.079273,0.003));
#1792=DIRECTION('',(0.0,0.0,1.0));
#1793=DIRECTION('',(-0.9996720562,-0.0256082014,0.0));
#1794=AXIS2_PLACEMENT_3D('',#1791,#1792,#1793);
#1795=PLANE('',#1794);
#1796=ADVANCED_FACE('no 6399',(#1790),#1795,.T.);
#1797=CARTESIAN_POINT('',(0.233887,0.0748424,0.003));
#1798=VERTEX_POINT('',#1797);
#1799=CARTESIAN_POINT('',(0.233887,0.0748424,0.003));
#1800=DIRECTION('',(0.544333105,0.8388691619,0.0));
#1801=VECTOR('',#1800,1.0);
#1802=LINE('',#1799,#1801);
#1803=EDGE_CURVE('no 7269',#1798,#781,#1802,.T.);
#1804=ORIENTED_EDGE('no 7299',*,*,#1803,.F.);
#1805=CARTESIAN_POINT('',(0.233887,0.0748424,0.003));
#1806=DIRECTION('',(0.1305339784,-0.9914438363,0.0));
#1807=VECTOR('',#1806,1.0);
#1808=LINE('',#1805,#1807);
#1809=EDGE_CURVE('no 7292',#1798,#1451,#1808,.T.);
#1810=ORIENTED_EDGE('no 7300',*,*,#1809,.T.);
#1811=ORIENTED_EDGE('no 7301',*,*,#1456,.T.);
#1812=EDGE_LOOP('',(#1804,#1810,#1811));
#1813=FACE_OUTER_BOUND('',#1812,.T.);
#1814=CARTESIAN_POINT('',(0.236762,0.079273,0.003));
#1815=DIRECTION('',(0.0,0.0,1.0));
#1816=DIRECTION('',(-0.544333105,-0.8388691619,0.0));
#1817=AXIS2_PLACEMENT_3D('',#1814,#1815,#1816);
#1818=PLANE('',#1817);
#1819=ADVANCED_FACE('no 7309',(#1813),#1818,.T.);
#1820=CARTESIAN_POINT('',(0.233959,-0.00664427,0.003));
#1821=VERTEX_POINT('',#1820);
#1822=CARTESIAN_POINT('',(0.236762,-0.011527,0.003));
#1823=DIRECTION('',(-0.4978610122,0.8672568319,0.0));
#1824=VECTOR('',#1823,1.0);
#1825=LINE('',#1822,#1824);
#1826=EDGE_CURVE('no 6063',#757,#1821,#1825,.T.);
#1827=ORIENTED_EDGE('no 6099',*,*,#1826,.F.);
#1828=ORIENTED_EDGE('no 6100',*,*,#1462,.T.);
#1829=CARTESIAN_POINT('',(0.233962,0.074273,0.003));
#1830=DIRECTION('',(-0.0000370749,-0.9999999993,0.0));
#1831=VECTOR('',#1830,1.0);
#1832=LINE('',#1829,#1831);
#1833=EDGE_CURVE('no 6098',#1451,#1821,#1832,.T.);
#1834=ORIENTED_EDGE('no 6101',*,*,#1833,.T.);
#1835=EDGE_LOOP('',(#1827,#1828,#1834));
#1836=FACE_OUTER_BOUND('',#1835,.T.);
#1837=CARTESIAN_POINT('',(0.233959,-0.00664427,0.003));
#1838=DIRECTION('',(-0.0,0.0,1.0));
#1839=DIRECTION('',(0.4978780344,-0.8672470599,0.0));
#1840=AXIS2_PLACEMENT_3D('',#1837,#1838,#1839);
#1841=PLANE('',#1840);
#1842=ADVANCED_FACE('no 6109',(#1836),#1841,.T.);
#1843=ORIENTED_EDGE('no 2106',*,*,#1480,.F.);
#1844=CARTESIAN_POINT('',(0.125518,0.0758286,-0.0));
#1845=VERTEX_POINT('',#1844);
#1846=CARTESIAN_POINT('',(0.236762,0.079273,-0.0));
#1847=DIRECTION('',(-0.999521004,-0.0309477378,0.0));
#1848=VECTOR('',#1847,1.0);
#1849=LINE('',#1846,#1848);
#1850=EDGE_CURVE('no 2099',#532,#1845,#1849,.T.);
#1851=ORIENTED_EDGE('no 2107',*,*,#1850,.T.);
#1852=CARTESIAN_POINT('',(0.125518,0.0758286,-0.0));
#1853=DIRECTION('',(-0.7933542749,0.608760211,0.0));
#1854=VECTOR('',#1853,1.0);
#1855=LINE('',#1852,#1854);
#1856=EDGE_CURVE('no 2105',#1845,#1475,#1855,.T.);
#1857=ORIENTED_EDGE('no 2108',*,*,#1856,.T.);
#1858=EDGE_LOOP('',(#1843,#1851,#1857));
#1859=FACE_OUTER_BOUND('',#1858,.T.);
#1860=CARTESIAN_POINT('',(0.125062,0.0761783,-0.0));
#1861=DIRECTION('',(0.0,0.0,-1.0));
#1862=DIRECTION('',(0.9996164113,0.0276953114,0.0));
#1863=AXIS2_PLACEMENT_3D('',#1860,#1861,#1862);
#1864=PLANE('',#1863);
#1865=ADVANCED_FACE('no 2116',(#1859),#1864,.T.);
#1866=ORIENTED_EDGE('no 290',*,*,#1509,.F.);
#1867=CARTESIAN_POINT('',(0.123393,-0.00440197,-0.0));
#1868=VERTEX_POINT('',#1867);
#1869=CARTESIAN_POINT('',(0.123393,0.072148,-0.0));
#1870=DIRECTION('',(0.0,-1.0,0.0));
#1871=VECTOR('',#1870,1.0);
#1872=LINE('',#1869,#1871);
#1873=EDGE_CURVE('no 283',#1498,#1868,#1872,.T.);
#1874=ORIENTED_EDGE('no 291',*,*,#1873,.T.);
#1875=CARTESIAN_POINT('',(0.123393,-0.00440197,-0.0));
#1876=DIRECTION('',(-0.9239824864,-0.3824347851,0.0));
#1877=VECTOR('',#1876,1.0);
#1878=LINE('',#1875,#1877);
#1879=EDGE_CURVE('no 289',#1868,#827,#1878,.T.);
#1880=ORIENTED_EDGE('no 292',*,*,#1879,.T.);
#1881=EDGE_LOOP('',(#1866,#1874,#1880));
#1882=FACE_OUTER_BOUND('',#1881,.T.);
#1883=CARTESIAN_POINT('',(0.122862,-0.00462175,-0.0));
#1884=DIRECTION('',(0.0,0.0,-1.0));
#1885=DIRECTION('',(0.0069114208,0.9999761158,0.0));
#1886=AXIS2_PLACEMENT_3D('',#1883,#1884,#1885);
#1887=PLANE('',#1886);
#1888=ADVANCED_FACE('no 300',(#1882),#1887,.T.);
#1889=CARTESIAN_POINT('',(0.122407,0.0727174,0.003));
#1890=VERTEX_POINT('',#1889);
#1891=CARTESIAN_POINT('',(0.122407,-0.00497137,0.003));
#1892=DIRECTION('',(0.0,1.0,0.0));
#1893=VECTOR('',#1892,1.0);
#1894=LINE('',#1891,#1893);
#1895=EDGE_CURVE('no 8179',#1165,#1890,#1894,.T.);
#1896=ORIENTED_EDGE('no 8215',*,*,#1895,.F.);
#1897=ORIENTED_EDGE('no 8216',*,*,#1524,.T.);
#1898=CARTESIAN_POINT('',(0.122862,-0.00462175,0.003));
#1899=DIRECTION('',(-0.0058830764,0.9999826946,0.0));
#1900=VECTOR('',#1899,1.0);
#1901=LINE('',#1898,#1900);
#1902=EDGE_CURVE('no 8214',#1141,#1890,#1901,.T.);
#1903=ORIENTED_EDGE('no 8217',*,*,#1902,.T.);
#1904=EDGE_LOOP('',(#1896,#1897,#1903));
#1905=FACE_OUTER_BOUND('',#1904,.T.);
#1906=CARTESIAN_POINT('',(0.122407,0.0727174,0.003));
#1907=DIRECTION('',(0.0,0.0,1.0));
#1908=DIRECTION('',(0.0,-1.0,0.0));
#1909=AXIS2_PLACEMENT_3D('',#1906,#1907,#1908);
#1910=PLANE('',#1909);
#1911=ADVANCED_FACE('no 8225',(#1905),#1910,.T.);
#1912=ORIENTED_EDGE('no 12491',*,*,#1541,.T.);
#1913=ORIENTED_EDGE('no 12492',*,*,#1879,.F.);
#1914=CARTESIAN_POINT('',(0.123393,-0.00440197,-0.0));
#1915=DIRECTION('',(0.0,0.0,1.0));
#1916=VECTOR('',#1915,1.0);
#1917=LINE('',#1914,#1916);
#1918=EDGE_CURVE('no 12490',#1868,#1536,#1917,.T.);
#1919=ORIENTED_EDGE('no 12493',*,*,#1918,.T.);
#1920=EDGE_LOOP('',(#1912,#1913,#1919));
#1921=FACE_OUTER_BOUND('',#1920,.T.);
#1922=CARTESIAN_POINT('',(0.123393,-0.00440197,0.003));
#1923=DIRECTION('',(0.3826820669,-0.9238800981,0.0000001265));
#1924=DIRECTION('',(-0.1737120593,-0.0719537246,-0.9821643355));
#1925=AXIS2_PLACEMENT_3D('',#1922,#1923,#1924);
#1926=PLANE('',#1925);
#1927=ADVANCED_FACE('no 12501',(#1921),#1926,.T.);
#1928=CARTESIAN_POINT('',(0.122862,0.0723677,0.003));
#1929=VERTEX_POINT('',#1928);
#1930=CARTESIAN_POINT('',(0.122862,-0.00462175,0.003));
#1931=DIRECTION('',(0.0,1.0,0.0));
#1932=VECTOR('',#1931,1.0);
#1933=LINE('',#1930,#1932);
#1934=EDGE_CURVE('no 8237',#1141,#1929,#1933,.T.);
#1935=ORIENTED_EDGE('no 8273',*,*,#1934,.F.);
#1936=ORIENTED_EDGE('no 8274',*,*,#1547,.T.);
#1937=CARTESIAN_POINT('',(0.123393,-0.00440197,0.003));
#1938=DIRECTION('',(-0.0069166286,0.9999760798,0.0));
#1939=VECTOR('',#1938,1.0);
#1940=LINE('',#1937,#1939);
#1941=EDGE_CURVE('no 8272',#1536,#1929,#1940,.T.);
#1942=ORIENTED_EDGE('no 8275',*,*,#1941,.T.);
#1943=EDGE_LOOP('',(#1935,#1936,#1942));
#1944=FACE_OUTER_BOUND('',#1943,.T.);
#1945=CARTESIAN_POINT('',(0.122862,0.0723677,0.003));
#1946=DIRECTION('',(0.0,0.0,1.0));
#1947=DIRECTION('',(0.0,-1.0,0.0));
#1948=AXIS2_PLACEMENT_3D('',#1945,#1946,#1947);
#1949=PLANE('',#1948);
#1950=ADVANCED_FACE('no 8283',(#1944),#1949,.T.);
#1951=ORIENTED_EDGE('no 8186',*,*,#1564,.F.);
#1952=ORIENTED_EDGE('no 8187',*,*,#1895,.T.);
#1953=CARTESIAN_POINT('',(0.122407,0.0727174,0.003));
#1954=DIRECTION('',(-0.608760211,0.7933542749,0.0));
#1955=VECTOR('',#1954,1.0);
#1956=LINE('',#1953,#1955);
#1957=EDGE_CURVE('no 8185',#1890,#1188,#1956,.T.);
#1958=ORIENTED_EDGE('no 8188',*,*,#1957,.T.);
#1959=EDGE_LOOP('',(#1951,#1952,#1958));
#1960=FACE_OUTER_BOUND('',#1959,.T.);
#1961=CARTESIAN_POINT('',(0.122057,0.073173,0.003));
#1962=DIRECTION('',(0.0,0.0,1.0));
#1963=DIRECTION('',(0.00447396,-0.9999899918,0.0));
#1964=AXIS2_PLACEMENT_3D('',#1961,#1962,#1963);
#1965=PLANE('',#1964);
#1966=ADVANCED_FACE('no 8196',(#1960),#1965,.T.);
#1967=ORIENTED_EDGE('no 6221',*,*,#1758,.F.);
#1968=ORIENTED_EDGE('no 6222',*,*,#1580,.T.);
#1969=CARTESIAN_POINT('',(0.122407,0.0758286,0.003));
#1970=DIRECTION('',(0.7933542749,0.608760211,0.0));
#1971=VECTOR('',#1970,1.0);
#1972=LINE('',#1969,#1971);
#1973=EDGE_CURVE('no 6220',#1575,#1753,#1972,.T.);
#1974=ORIENTED_EDGE('no 6223',*,*,#1973,.T.);
#1975=EDGE_LOOP('',(#1967,#1968,#1974));
#1976=FACE_OUTER_BOUND('',#1975,.T.);
#1977=CARTESIAN_POINT('',(0.122862,0.0761783,0.003));
#1978=DIRECTION('',(0.0,0.0,1.0));
#1979=DIRECTION('',(-0.7833366361,0.6215977112,0.0));
#1980=AXIS2_PLACEMENT_3D('',#1977,#1978,#1979);
#1981=PLANE('',#1980);
#1982=ADVANCED_FACE('no 6231',(#1976),#1981,.T.);
#1983=ORIENTED_EDGE('no 11985',*,*,#1734,.T.);
#1984=ORIENTED_EDGE('no 11986',*,*,#1652,.F.);
#1985=ORIENTED_EDGE('no 11987',*,*,#1697,.T.);
#1986=EDGE_LOOP('',(#1983,#1984,#1985));
#1987=FACE_OUTER_BOUND('',#1986,.T.);
#1988=CARTESIAN_POINT('',(0.123962,-0.008727,0.003));
#1989=DIRECTION('',(-0.1305259683,0.9914448909,-0.00000009));
#1990=DIRECTION('',(0.1864160599,0.0245420079,-0.9821643154));
#1991=AXIS2_PLACEMENT_3D('',#1988,#1989,#1990);
#1992=PLANE('',#1991);
#1993=ADVANCED_FACE('no 11995',(#1987),#1992,.T.);
#1994=ORIENTED_EDGE('no 3300',*,*,#1658,.F.);
#1995=CARTESIAN_POINT('',(0.125062,-0.00843226,-0.0));
#1996=VERTEX_POINT('',#1995);
#1997=CARTESIAN_POINT('',(0.124532,-0.00865204,-0.0));
#1998=DIRECTION('',(0.9237273736,0.3830505701,0.0));
#1999=VECTOR('',#1998,1.0);
#2000=LINE('',#1997,#1999);
#2001=EDGE_CURVE('no 3293',#1647,#1996,#2000,.T.);
#2002=ORIENTED_EDGE('no 3301',*,*,#2001,.T.);
#2003=CARTESIAN_POINT('',(0.125062,-0.00843226,-0.0));
#2004=DIRECTION('',(0.9996164146,-0.0276951916,0.0));
#2005=VECTOR('',#2004,1.0);
#2006=LINE('',#2003,#2005);
#2007=EDGE_CURVE('no 3299',#1996,#983,#2006,.T.);
#2008=ORIENTED_EDGE('no 3302',*,*,#2007,.T.);
#2009=EDGE_LOOP('',(#1994,#2002,#2008));
#2010=FACE_OUTER_BOUND('',#2009,.T.);
#2011=CARTESIAN_POINT('',(0.236762,-0.011527,-0.0));
#2012=DIRECTION('',(0.0,0.0,-1.0));
#2013=DIRECTION('',(-0.9996720562,0.0256082014,0.0));
#2014=AXIS2_PLACEMENT_3D('',#2011,#2012,#2013);
#2015=PLANE('',#2014);
#2016=ADVANCED_FACE('no 3310',(#2010),#2015,.T.);
#2017=CARTESIAN_POINT('',(0.233959,-0.00664427,-0.0));
#2018=VERTEX_POINT('',#2017);
#2019=CARTESIAN_POINT('',(0.233959,-0.00664427,-0.0));
#2020=DIRECTION('',(0.4978780344,-0.8672470599,0.0));
#2021=VECTOR('',#2020,1.0);
#2022=LINE('',#2019,#2021);
#2023=EDGE_CURVE('no 4255',#2018,#983,#2022,.T.);
#2024=ORIENTED_EDGE('no 4279',*,*,#2023,.F.);
#2025=CARTESIAN_POINT('',(0.233962,0.074273,-0.0));
#2026=DIRECTION('',(-0.0000386721,-0.9999999993,0.0));
#2027=VECTOR('',#2026,1.0);
#2028=LINE('',#2025,#2027);
#2029=EDGE_CURVE('no 1774',#1669,#2018,#2028,.T.);
#2030=ORIENTED_EDGE('no 4280',*,*,#2029,.F.);
#2031=ORIENTED_EDGE('no 4281',*,*,#1674,.T.);
#2032=EDGE_LOOP('',(#2024,#2030,#2031));
#2033=FACE_OUTER_BOUND('',#2032,.T.);
#2034=CARTESIAN_POINT('',(0.236762,-0.011527,-0.0));
#2035=DIRECTION('',(0.0,0.0,-1.0));
#2036=DIRECTION('',(-0.4978780344,0.8672470599,0.0));
#2037=AXIS2_PLACEMENT_3D('',#2034,#2035,#2036);
#2038=PLANE('',#2037);
#2039=ADVANCED_FACE('no 4289',(#2033),#2038,.T.);
#2040=CARTESIAN_POINT('',(0.233887,0.0748424,-0.0));
#2041=VERTEX_POINT('',#2040);
#2042=CARTESIAN_POINT('',(0.236762,0.079273,-0.0));
#2043=DIRECTION('',(-0.5443373275,-0.838866422,0.0));
#2044=VECTOR('',#2043,1.0);
#2045=LINE('',#2042,#2044);
#2046=EDGE_CURVE('no 2980',#532,#2041,#2045,.T.);
#2047=ORIENTED_EDGE('no 3016',*,*,#2046,.F.);
#2048=ORIENTED_EDGE('no 3017',*,*,#1680,.T.);
#2049=CARTESIAN_POINT('',(0.233962,0.074273,-0.0));
#2050=DIRECTION('',(-0.1305896347,0.9914365069,0.0));
#2051=VECTOR('',#2050,1.0);
#2052=LINE('',#2049,#2051);
#2053=EDGE_CURVE('no 3015',#1669,#2041,#2052,.T.);
#2054=ORIENTED_EDGE('no 3018',*,*,#2053,.T.);
#2055=EDGE_LOOP('',(#2047,#2048,#2054));
#2056=FACE_OUTER_BOUND('',#2055,.T.);
#2057=CARTESIAN_POINT('',(0.233887,0.0748424,-0.0));
#2058=DIRECTION('',(0.0,0.0,-1.0));
#2059=DIRECTION('',(0.544333105,0.8388691619,0.0));
#2060=AXIS2_PLACEMENT_3D('',#2057,#2058,#2059);
#2061=PLANE('',#2060);
#2062=ADVANCED_FACE('no 3026',(#2056),#2061,.T.);
#2063=ORIENTED_EDGE('no 5055',*,*,#1714,.F.);
#2064=CARTESIAN_POINT('',(0.125518,-0.00808264,0.003));
#2065=VERTEX_POINT('',#2064);
#2066=CARTESIAN_POINT('',(0.236762,-0.011527,0.003));
#2067=DIRECTION('',(-0.9995210152,0.0309473788,0.0));
#2068=VECTOR('',#2067,1.0);
#2069=LINE('',#2066,#2068);
#2070=EDGE_CURVE('no 5048',#757,#2065,#2069,.T.);
#2071=ORIENTED_EDGE('no 5056',*,*,#2070,.T.);
#2072=CARTESIAN_POINT('',(0.125518,-0.00808264,0.003));
#2073=DIRECTION('',(-0.7935895545,-0.608453465,0.0));
#2074=VECTOR('',#2073,1.0);
#2075=LINE('',#2072,#2074);
#2076=EDGE_CURVE('no 5054',#2065,#1709,#2075,.T.);
#2077=ORIENTED_EDGE('no 5057',*,*,#2076,.T.);
#2078=EDGE_LOOP('',(#2063,#2071,#2077));
#2079=FACE_OUTER_BOUND('',#2078,.T.);
#2080=CARTESIAN_POINT('',(0.125062,-0.00843226,0.003));
#2081=DIRECTION('',(-0.0,0.0,1.0));
#2082=DIRECTION('',(0.9996164141,-0.0276952115,0.0));
#2083=AXIS2_PLACEMENT_3D('',#2080,#2081,#2082);
#2084=PLANE('',#2083);
#2085=ADVANCED_FACE('no 5065',(#2079),#2084,.T.);
#2086=CARTESIAN_POINT('',(0.124532,-0.00865204,0.003));
#2087=DIRECTION('',(0.1735216194,0.0719558142,-0.9821978459));
#2088=VECTOR('',#2087,1.0);
#2089=LINE('',#2086,#2088);
#2090=EDGE_CURVE('no 11932',#1383,#1996,#2089,.T.);
#2091=ORIENTED_EDGE('no 11956',*,*,#2090,.F.);
#2092=ORIENTED_EDGE('no 11957',*,*,#1720,.F.);
#2093=CARTESIAN_POINT('',(0.125062,-0.00843226,-0.0));
#2094=DIRECTION('',(0.0,0.0,1.0));
#2095=VECTOR('',#2094,1.0);
#2096=LINE('',#2093,#2095);
#2097=EDGE_CURVE('no 11892',#1996,#1709,#2096,.T.);
#2098=ORIENTED_EDGE('no 11958',*,*,#2097,.F.);
#2099=EDGE_LOOP('',(#2091,#2092,#2098));
#2100=FACE_OUTER_BOUND('',#2099,.T.);
#2101=CARTESIAN_POINT('',(0.125062,-0.00843226,-0.0));
#2102=DIRECTION('',(-0.3826820669,0.9238800981,0.0000001265));
#2103=DIRECTION('',(-0.1737120593,-0.0719537246,0.9821643355));
#2104=AXIS2_PLACEMENT_3D('',#2101,#2102,#2103);
#2105=PLANE('',#2104);
#2106=ADVANCED_FACE('no 11966',(#2100),#2105,.T.);
#2107=ORIENTED_EDGE('no 11939',*,*,#2090,.T.);
#2108=ORIENTED_EDGE('no 11940',*,*,#2001,.F.);
#2109=ORIENTED_EDGE('no 11941',*,*,#1741,.T.);
#2110=EDGE_LOOP('',(#2107,#2108,#2109));
#2111=FACE_OUTER_BOUND('',#2110,.T.);
#2112=CARTESIAN_POINT('',(0.124532,-0.00865204,0.003));
#2113=DIRECTION('',(-0.3826820669,0.9238800981,0.0000001265));
#2114=DIRECTION('',(0.1737120593,0.0719537246,-0.9821643355));
#2115=AXIS2_PLACEMENT_3D('',#2112,#2113,#2114);
#2116=PLANE('',#2115);
#2117=ADVANCED_FACE('no 11949',(#2111),#2116,.T.);
#2118=ORIENTED_EDGE('no 6418',*,*,#1787,.F.);
#2119=CARTESIAN_POINT('',(0.125518,0.0758286,0.003));
#2120=VERTEX_POINT('',#2119);
#2121=CARTESIAN_POINT('',(0.125062,0.0761783,0.003));
#2122=DIRECTION('',(0.7933542749,-0.608760211,0.0));
#2123=VECTOR('',#2122,1.0);
#2124=LINE('',#2121,#2123);
#2125=EDGE_CURVE('no 6411',#1776,#2120,#2124,.T.);
#2126=ORIENTED_EDGE('no 6419',*,*,#2125,.T.);
#2127=CARTESIAN_POINT('',(0.125518,0.0758286,0.003));
#2128=DIRECTION('',(0.9995210176,0.0309473005,0.0));
#2129=VECTOR('',#2128,1.0);
#2130=LINE('',#2127,#2129);
#2131=EDGE_CURVE('no 6417',#2120,#781,#2130,.T.);
#2132=ORIENTED_EDGE('no 6420',*,*,#2131,.T.);
#2133=EDGE_LOOP('',(#2118,#2126,#2132));
#2134=FACE_OUTER_BOUND('',#2133,.T.);
#2135=CARTESIAN_POINT('',(0.236762,0.079273,0.003));
#2136=DIRECTION('',(0.0,0.0,1.0));
#2137=DIRECTION('',(-0.9996164113,-0.0276953114,0.0));
#2138=AXIS2_PLACEMENT_3D('',#2135,#2136,#2137);
#2139=PLANE('',#2138);
#2140=ADVANCED_FACE('no 6428',(#2134),#2139,.T.);
#2141=CARTESIAN_POINT('',(0.233668,0.075373,0.003));
#2142=VERTEX_POINT('',#2141);
#2143=CARTESIAN_POINT('',(0.233668,0.075373,0.003));
#2144=DIRECTION('',(0.6215970976,0.783337123,0.0));
#2145=VECTOR('',#2144,1.0);
#2146=LINE('',#2143,#2145);
#2147=EDGE_CURVE('no 7240',#2142,#781,#2146,.T.);
#2148=ORIENTED_EDGE('no 7270',*,*,#2147,.F.);
#2149=CARTESIAN_POINT('',(0.233668,0.075373,0.003));
#2150=DIRECTION('',(0.3826808374,-0.9238806074,0.0));
#2151=VECTOR('',#2150,1.0);
#2152=LINE('',#2149,#2151);
#2153=EDGE_CURVE('no 7263',#2142,#1798,#2152,.T.);
#2154=ORIENTED_EDGE('no 7271',*,*,#2153,.T.);
#2155=ORIENTED_EDGE('no 7272',*,*,#1803,.T.);
#2156=EDGE_LOOP('',(#2148,#2154,#2155));
#2157=FACE_OUTER_BOUND('',#2156,.T.);
#2158=CARTESIAN_POINT('',(0.236762,0.079273,0.003));
#2159=DIRECTION('',(0.0,0.0,1.0));
#2160=DIRECTION('',(-0.6215970976,-0.783337123,0.0));
#2161=AXIS2_PLACEMENT_3D('',#2158,#2159,#2160);
#2162=PLANE('',#2161);
#2163=ADVANCED_FACE('no 7280',(#2157),#2162,.T.);
#2164=CARTESIAN_POINT('',(0.233854,-0.00720887,0.003));
#2165=VERTEX_POINT('',#2164);
#2166=CARTESIAN_POINT('',(0.236762,-0.011527,0.003));
#2167=DIRECTION('',(-0.5585834159,0.8294483513,0.0));
#2168=VECTOR('',#2167,1.0);
#2169=LINE('',#2166,#2168);
#2170=EDGE_CURVE('no 6034',#757,#2165,#2169,.T.);
#2171=ORIENTED_EDGE('no 6070',*,*,#2170,.F.);
#2172=ORIENTED_EDGE('no 6071',*,*,#1826,.T.);
#2173=CARTESIAN_POINT('',(0.233959,-0.00664427,0.003));
#2174=DIRECTION('',(-0.1828374623,-0.9831431546,0.0));
#2175=VECTOR('',#2174,1.0);
#2176=LINE('',#2173,#2175);
#2177=EDGE_CURVE('no 6069',#1821,#2165,#2176,.T.);
#2178=ORIENTED_EDGE('no 6072',*,*,#2177,.T.);
#2179=EDGE_LOOP('',(#2171,#2172,#2178));
#2180=FACE_OUTER_BOUND('',#2179,.T.);
#2181=CARTESIAN_POINT('',(0.233854,-0.00720887,0.003));
#2182=DIRECTION('',(-0.0,0.0,1.0));
#2183=DIRECTION('',(0.5586269992,-0.8294189989,0.0));
#2184=AXIS2_PLACEMENT_3D('',#2181,#2182,#2183);
#2185=PLANE('',#2184);
#2186=ADVANCED_FACE('no 6080',(#2180),#2185,.T.);
#2187=CARTESIAN_POINT('',(0.233915,-0.00607168,0.003));
#2188=VERTEX_POINT('',#2187);
#2189=CARTESIAN_POINT('',(0.233915,-0.00607168,0.003));
#2190=DIRECTION('',(0.0005849795,0.9999998289,0.0));
#2191=VECTOR('',#2190,1.0);
#2192=LINE('',#2189,#2191);
#2193=EDGE_CURVE('no 7982',#2188,#1451,#2192,.T.);
#2194=ORIENTED_EDGE('no 8012',*,*,#2193,.F.);
#2195=CARTESIAN_POINT('',(0.233915,-0.00607168,0.003));
#2196=DIRECTION('',(0.0766179345,-0.9970605258,0.0));
#2197=VECTOR('',#2196,1.0);
#2198=LINE('',#2195,#2197);
#2199=EDGE_CURVE('no 8011',#2188,#1821,#2198,.T.);
#2200=ORIENTED_EDGE('no 8013',*,*,#2199,.T.);
#2201=ORIENTED_EDGE('no 8014',*,*,#1833,.F.);
#2202=EDGE_LOOP('',(#2194,#2200,#2201));
#2203=FACE_OUTER_BOUND('',#2202,.T.);
#2204=CARTESIAN_POINT('',(0.233962,0.074273,0.003));
#2205=DIRECTION('',(0.0,0.0,1.0));
#2206=DIRECTION('',(-0.0005929329,-0.9999998242,0.0));
#2207=AXIS2_PLACEMENT_3D('',#2204,#2205,#2206);
#2208=PLANE('',#2207);
#2209=ADVANCED_FACE('no 8022',(#2203),#2208,.T.);
#2210=ORIENTED_EDGE('no 2135',*,*,#1850,.F.);
#2211=CARTESIAN_POINT('',(0.125868,0.075373,-0.0));
#2212=VERTEX_POINT('',#2211);
#2213=CARTESIAN_POINT('',(0.236762,0.079273,-0.0));
#2214=DIRECTION('',(-0.9993821537,-0.0351469908,0.0));
#2215=VECTOR('',#2214,1.0);
#2216=LINE('',#2213,#2215);
#2217=EDGE_CURVE('no 2128',#532,#2212,#2216,.T.);
#2218=ORIENTED_EDGE('no 2136',*,*,#2217,.T.);
#2219=CARTESIAN_POINT('',(0.125868,0.075373,-0.0));
#2220=DIRECTION('',(-0.6087460865,0.7933651128,0.0));
#2221=VECTOR('',#2220,1.0);
#2222=LINE('',#2219,#2221);
#2223=EDGE_CURVE('no 2134',#2212,#1845,#2222,.T.);
#2224=ORIENTED_EDGE('no 2137',*,*,#2223,.T.);
#2225=EDGE_LOOP('',(#2210,#2218,#2224));
#2226=FACE_OUTER_BOUND('',#2225,.T.);
#2227=CARTESIAN_POINT('',(0.125518,0.0758286,-0.0));
#2228=DIRECTION('',(0.0,0.0,-1.0));
#2229=DIRECTION('',(0.9995210176,0.0309473005,0.0));
#2230=AXIS2_PLACEMENT_3D('',#2227,#2228,#2229);
#2231=PLANE('',#2230);
#2232=ADVANCED_FACE('no 2145',(#2226),#2231,.T.);
#2233=ORIENTED_EDGE('no 319',*,*,#1873,.F.);
#2234=CARTESIAN_POINT('',(0.123962,0.072073,-0.0));
#2235=VERTEX_POINT('',#2234);
#2236=CARTESIAN_POINT('',(0.123393,0.072148,-0.0));
#2237=DIRECTION('',(0.9914455527,-0.1305209411,0.0));
#2238=VECTOR('',#2237,1.0);
#2239=LINE('',#2236,#2238);
#2240=EDGE_CURVE('no 312',#1498,#2235,#2239,.T.);
#2241=ORIENTED_EDGE('no 320',*,*,#2240,.T.);
#2242=CARTESIAN_POINT('',(0.123962,0.072073,-0.0));
#2243=DIRECTION('',(-0.0074454121,-0.9999722825,0.0));
#2244=VECTOR('',#2243,1.0);
#2245=LINE('',#2242,#2244);
#2246=EDGE_CURVE('no 318',#2235,#1868,#2245,.T.);
#2247=ORIENTED_EDGE('no 321',*,*,#2246,.T.);
#2248=EDGE_LOOP('',(#2233,#2241,#2247));
#2249=FACE_OUTER_BOUND('',#2248,.T.);
#2250=CARTESIAN_POINT('',(0.123393,-0.00440197,-0.0));
#2251=DIRECTION('',(0.0,0.0,-1.0));
#2252=DIRECTION('',(0.0,1.0,0.0));
#2253=AXIS2_PLACEMENT_3D('',#2250,#2251,#2252);
#2254=PLANE('',#2253);
#2255=ADVANCED_FACE('no 329',(#2249),#2254,.T.);
#2256=ORIENTED_EDGE('no 8244',*,*,#1902,.F.);
#2257=ORIENTED_EDGE('no 8245',*,*,#1934,.T.);
#2258=CARTESIAN_POINT('',(0.122862,0.0723677,0.003));
#2259=DIRECTION('',(-0.7933542749,0.608760211,0.0));
#2260=VECTOR('',#2259,1.0);
#2261=LINE('',#2258,#2260);
#2262=EDGE_CURVE('no 8243',#1929,#1890,#2261,.T.);
#2263=ORIENTED_EDGE('no 8246',*,*,#2262,.T.);
#2264=EDGE_LOOP('',(#2256,#2257,#2263));
#2265=FACE_OUTER_BOUND('',#2264,.T.);
#2266=CARTESIAN_POINT('',(0.122407,0.0727174,0.003));
#2267=DIRECTION('',(0.0,0.0,1.0));
#2268=DIRECTION('',(0.0058912579,-0.9999826464,0.0));
#2269=AXIS2_PLACEMENT_3D('',#2266,#2267,#2268);
#2270=PLANE('',#2269);
#2271=ADVANCED_FACE('no 8254',(#2265),#2270,.T.);
#2272=CARTESIAN_POINT('',(0.123962,-0.004327,0.003));
#2273=VERTEX_POINT('',#2272);
#2274=CARTESIAN_POINT('',(0.123962,-0.004327,0.003));
#2275=DIRECTION('',(-0.1862884117,-0.0245448897,-0.9821884626));
#2276=VECTOR('',#2275,1.0);
#2277=LINE('',#2274,#2276);
#2278=EDGE_CURVE('no 12530',#2273,#1868,#2277,.T.);
#2279=ORIENTED_EDGE('no 12554',*,*,#2278,.F.);
#2280=CARTESIAN_POINT('',(0.123393,-0.00440197,0.003));
#2281=DIRECTION('',(0.9914313882,0.1306284906,0.0));
#2282=VECTOR('',#2281,1.0);
#2283=LINE('',#2280,#2282);
#2284=EDGE_CURVE('no 8324',#1536,#2273,#2283,.T.);
#2285=ORIENTED_EDGE('no 12555',*,*,#2284,.F.);
#2286=ORIENTED_EDGE('no 12556',*,*,#1918,.F.);
#2287=EDGE_LOOP('',(#2279,#2285,#2286));
#2288=FACE_OUTER_BOUND('',#2287,.T.);
#2289=CARTESIAN_POINT('',(0.123393,-0.00440197,-0.0));
#2290=DIRECTION('',(0.1305259683,-0.9914448909,-0.00000009));
#2291=DIRECTION('',(0.1864160599,0.0245420079,0.9821643154));
#2292=AXIS2_PLACEMENT_3D('',#2289,#2290,#2291);
#2293=PLANE('',#2292);
#2294=ADVANCED_FACE('no 12564',(#2288),#2293,.T.);
#2295=ORIENTED_EDGE('no 8302',*,*,#1941,.F.);
#2296=CARTESIAN_POINT('',(0.123393,0.072148,0.003));
#2297=VERTEX_POINT('',#2296);
#2298=CARTESIAN_POINT('',(0.123393,-0.00440197,0.003));
#2299=DIRECTION('',(0.0,1.0,0.0));
#2300=VECTOR('',#2299,1.0);
#2301=LINE('',#2298,#2300);
#2302=EDGE_CURVE('no 8295',#1536,#2297,#2301,.T.);
#2303=ORIENTED_EDGE('no 8303',*,*,#2302,.T.);
#2304=CARTESIAN_POINT('',(0.123393,0.072148,0.003));
#2305=DIRECTION('',(-0.9238780467,0.3826870194,0.0));
#2306=VECTOR('',#2305,1.0);
#2307=LINE('',#2304,#2306);
#2308=EDGE_CURVE('no 8301',#2297,#1929,#2307,.T.);
#2309=ORIENTED_EDGE('no 8304',*,*,#2308,.T.);
#2310=EDGE_LOOP('',(#2295,#2303,#2309));
#2311=FACE_OUTER_BOUND('',#2310,.T.);
#2312=CARTESIAN_POINT('',(0.122862,0.0723677,0.003));
#2313=DIRECTION('',(0.0,0.0,1.0));
#2314=DIRECTION('',(0.0069114208,-0.9999761158,0.0));
#2315=AXIS2_PLACEMENT_3D('',#2312,#2313,#2314);
#2316=PLANE('',#2315);
#2317=ADVANCED_FACE('no 8312',(#2311),#2316,.T.);
#2318=ORIENTED_EDGE('no 3329',*,*,#2007,.F.);
#2319=CARTESIAN_POINT('',(0.125518,-0.00808264,-0.0));
#2320=VERTEX_POINT('',#2319);
#2321=CARTESIAN_POINT('',(0.125062,-0.00843226,-0.0));
#2322=DIRECTION('',(0.7935895545,0.608453465,0.0));
#2323=VECTOR('',#2322,1.0);
#2324=LINE('',#2321,#2323);
#2325=EDGE_CURVE('no 3322',#1996,#2320,#2324,.T.);
#2326=ORIENTED_EDGE('no 3330',*,*,#2325,.T.);
#2327=CARTESIAN_POINT('',(0.125518,-0.00808264,-0.0));
#2328=DIRECTION('',(0.9995210152,-0.0309473788,0.0));
#2329=VECTOR('',#2328,1.0);
#2330=LINE('',#2327,#2329);
#2331=EDGE_CURVE('no 3328',#2320,#983,#2330,.T.);
#2332=ORIENTED_EDGE('no 3331',*,*,#2331,.T.);
#2333=EDGE_LOOP('',(#2318,#2326,#2332));
#2334=FACE_OUTER_BOUND('',#2333,.T.);
#2335=CARTESIAN_POINT('',(0.236762,-0.011527,-0.0));
#2336=DIRECTION('',(0.0,0.0,-1.0));
#2337=DIRECTION('',(-0.9996164141,0.0276952115,0.0));
#2338=AXIS2_PLACEMENT_3D('',#2335,#2336,#2337);
#2339=PLANE('',#2338);
#2340=ADVANCED_FACE('no 3339',(#2334),#2339,.T.);
#2341=CARTESIAN_POINT('',(0.233854,-0.00720887,-0.0));
#2342=VERTEX_POINT('',#2341);
#2343=CARTESIAN_POINT('',(0.233854,-0.00720887,-0.0));
#2344=DIRECTION('',(0.5585834159,-0.8294483513,0.0));
#2345=VECTOR('',#2344,1.0);
#2346=LINE('',#2343,#2345);
#2347=EDGE_CURVE('no 4226',#2342,#983,#2346,.T.);
#2348=ORIENTED_EDGE('no 4256',*,*,#2347,.F.);
#2349=CARTESIAN_POINT('',(0.233854,-0.00720887,-0.0));
#2350=DIRECTION('',(0.1828374623,0.9831431546,0.0));
#2351=VECTOR('',#2350,1.0);
#2352=LINE('',#2349,#2351);
#2353=EDGE_CURVE('no 4249',#2342,#2018,#2352,.T.);
#2354=ORIENTED_EDGE('no 4257',*,*,#2353,.T.);
#2355=ORIENTED_EDGE('no 4258',*,*,#2023,.T.);
#2356=EDGE_LOOP('',(#2348,#2354,#2355));
#2357=FACE_OUTER_BOUND('',#2356,.T.);
#2358=CARTESIAN_POINT('',(0.236762,-0.011527,-0.0));
#2359=DIRECTION('',(0.0,0.0,-1.0));
#2360=DIRECTION('',(-0.5586269992,0.8294189989,0.0));
#2361=AXIS2_PLACEMENT_3D('',#2358,#2359,#2360);
#2362=PLANE('',#2361);
#2363=ADVANCED_FACE('no 4266',(#2357),#2362,.T.);
#2364=CARTESIAN_POINT('',(0.233915,-0.00607168,-0.0));
#2365=VERTEX_POINT('',#2364);
#2366=CARTESIAN_POINT('',(0.233962,0.074273,-0.0));
#2367=DIRECTION('',(-0.0005929329,-0.9999998242,0.0));
#2368=VECTOR('',#2367,1.0);
#2369=LINE('',#2366,#2368);
#2370=EDGE_CURVE('no 1751',#1669,#2365,#2369,.T.);
#2371=ORIENTED_EDGE('no 1781',*,*,#2370,.F.);
#2372=ORIENTED_EDGE('no 1782',*,*,#2029,.T.);
#2373=CARTESIAN_POINT('',(0.233959,-0.00664427,-0.0));
#2374=DIRECTION('',(-0.0766179345,0.9970605258,0.0));
#2375=VECTOR('',#2374,1.0);
#2376=LINE('',#2373,#2375);
#2377=EDGE_CURVE('no 1780',#2018,#2365,#2376,.T.);
#2378=ORIENTED_EDGE('no 1783',*,*,#2377,.T.);
#2379=EDGE_LOOP('',(#2371,#2372,#2378));
#2380=FACE_OUTER_BOUND('',#2379,.T.);
#2381=CARTESIAN_POINT('',(0.233915,-0.00607168,-0.0));
#2382=DIRECTION('',(0.0,0.0,-1.0));
#2383=DIRECTION('',(0.0005929329,0.9999998242,0.0));
#2384=AXIS2_PLACEMENT_3D('',#2381,#2382,#2383);
#2385=PLANE('',#2384);
#2386=ADVANCED_FACE('no 1791',(#2380),#2385,.T.);
#2387=CARTESIAN_POINT('',(0.233668,0.075373,-0.0));
#2388=VERTEX_POINT('',#2387);
#2389=CARTESIAN_POINT('',(0.236762,0.079273,-0.0));
#2390=DIRECTION('',(-0.621505259,-0.7834099904,0.0));
#2391=VECTOR('',#2390,1.0);
#2392=LINE('',#2389,#2391);
#2393=EDGE_CURVE('no 2951',#532,#2388,#2392,.T.);
#2394=ORIENTED_EDGE('no 2987',*,*,#2393,.F.);
#2395=ORIENTED_EDGE('no 2988',*,*,#2046,.T.);
#2396=CARTESIAN_POINT('',(0.233887,0.0748424,-0.0));
#2397=DIRECTION('',(-0.3826808374,0.9238806074,0.0));
#2398=VECTOR('',#2397,1.0);
#2399=LINE('',#2396,#2398);
#2400=EDGE_CURVE('no 2986',#2041,#2388,#2399,.T.);
#2401=ORIENTED_EDGE('no 2989',*,*,#2400,.T.);
#2402=EDGE_LOOP('',(#2394,#2395,#2401));
#2403=FACE_OUTER_BOUND('',#2402,.T.);
#2404=CARTESIAN_POINT('',(0.233668,0.075373,-0.0));
#2405=DIRECTION('',(0.0,0.0,-1.0));
#2406=DIRECTION('',(0.6215970976,0.783337123,0.0));
#2407=AXIS2_PLACEMENT_3D('',#2404,#2405,#2406);
#2408=PLANE('',#2407);
#2409=ADVANCED_FACE('no 2997',(#2403),#2408,.T.);
#2410=ORIENTED_EDGE('no 5084',*,*,#2070,.F.);
#2411=CARTESIAN_POINT('',(0.125868,-0.007627,0.003));
#2412=VERTEX_POINT('',#2411);
#2413=CARTESIAN_POINT('',(0.236762,-0.011527,0.003));
#2414=DIRECTION('',(-0.9993821537,0.0351469908,0.0));
#2415=VECTOR('',#2414,1.0);
#2416=LINE('',#2413,#2415);
#2417=EDGE_CURVE('no 5077',#757,#2412,#2416,.T.);
#2418=ORIENTED_EDGE('no 5085',*,*,#2417,.T.);
#2419=CARTESIAN_POINT('',(0.125868,-0.007627,0.003));
#2420=DIRECTION('',(-0.609172297,-0.7930379011,0.0));
#2421=VECTOR('',#2420,1.0);
#2422=LINE('',#2419,#2421);
#2423=EDGE_CURVE('no 5083',#2412,#2065,#2422,.T.);
#2424=ORIENTED_EDGE('no 5086',*,*,#2423,.T.);
#2425=EDGE_LOOP('',(#2410,#2418,#2424));
#2426=FACE_OUTER_BOUND('',#2425,.T.);
#2427=CARTESIAN_POINT('',(0.125518,-0.00808264,0.003));
#2428=DIRECTION('',(-0.0,0.0,1.0));
#2429=DIRECTION('',(0.9995210176,-0.0309473005,0.0));
#2430=AXIS2_PLACEMENT_3D('',#2427,#2428,#2429);
#2431=PLANE('',#2430);
#2432=ADVANCED_FACE('no 5094',(#2426),#2431,.T.);
#2433=CARTESIAN_POINT('',(0.125062,-0.00843226,0.003));
#2434=DIRECTION('',(0.1492863366,0.1144594057,-0.9821469514));
#2435=VECTOR('',#2434,1.0);
#2436=LINE('',#2433,#2435);
#2437=EDGE_CURVE('no 11886',#1709,#2320,#2436,.T.);
#2438=ORIENTED_EDGE('no 11910',*,*,#2437,.F.);
#2439=ORIENTED_EDGE('no 11911',*,*,#2076,.F.);
#2440=CARTESIAN_POINT('',(0.125518,-0.00808264,-0.0));
#2441=DIRECTION('',(0.0,0.0,1.0));
#2442=VECTOR('',#2441,1.0);
#2443=LINE('',#2440,#2442);
#2444=EDGE_CURVE('no 11846',#2320,#2065,#2443,.T.);
#2445=ORIENTED_EDGE('no 11912',*,*,#2444,.F.);
#2446=EDGE_LOOP('',(#2438,#2439,#2445));
#2447=FACE_OUTER_BOUND('',#2446,.T.);
#2448=CARTESIAN_POINT('',(0.125518,-0.00808264,-0.0));
#2449=DIRECTION('',(-0.6087636855,0.7933516088,-0.0000000594));
#2450=DIRECTION('',(-0.1491689234,-0.1144619412,0.9821644955));
#2451=AXIS2_PLACEMENT_3D('',#2448,#2449,#2450);
#2452=PLANE('',#2451);
#2453=ADVANCED_FACE('no 11920',(#2447),#2452,.T.);
#2454=ORIENTED_EDGE('no 11893',*,*,#2437,.T.);
#2455=ORIENTED_EDGE('no 11894',*,*,#2325,.F.);
#2456=ORIENTED_EDGE('no 11895',*,*,#2097,.T.);
#2457=EDGE_LOOP('',(#2454,#2455,#2456));
#2458=FACE_OUTER_BOUND('',#2457,.T.);
#2459=CARTESIAN_POINT('',(0.125062,-0.00843226,0.003));
#2460=DIRECTION('',(-0.6087636855,0.7933516088,-0.0000000594));
#2461=DIRECTION('',(0.1491689234,0.1144619412,-0.9821644955));
#2462=AXIS2_PLACEMENT_3D('',#2459,#2460,#2461);
#2463=PLANE('',#2462);
#2464=ADVANCED_FACE('no 11903',(#2458),#2463,.T.);
#2465=ORIENTED_EDGE('no 6447',*,*,#2131,.F.);
#2466=CARTESIAN_POINT('',(0.125868,0.075373,0.003));
#2467=VERTEX_POINT('',#2466);
#2468=CARTESIAN_POINT('',(0.125518,0.0758286,0.003));
#2469=DIRECTION('',(0.6087460865,-0.7933651128,0.0));
#2470=VECTOR('',#2469,1.0);
#2471=LINE('',#2468,#2470);
#2472=EDGE_CURVE('no 6440',#2120,#2467,#2471,.T.);
#2473=ORIENTED_EDGE('no 6448',*,*,#2472,.T.);
#2474=CARTESIAN_POINT('',(0.125868,0.075373,0.003));
#2475=DIRECTION('',(0.9993821602,0.0351468056,0.0));
#2476=VECTOR('',#2475,1.0);
#2477=LINE('',#2474,#2476);
#2478=EDGE_CURVE('no 6446',#2467,#781,#2477,.T.);
#2479=ORIENTED_EDGE('no 6449',*,*,#2478,.T.);
#2480=EDGE_LOOP('',(#2465,#2473,#2479));
#2481=FACE_OUTER_BOUND('',#2480,.T.);
#2482=CARTESIAN_POINT('',(0.236762,0.079273,0.003));
#2483=DIRECTION('',(0.0,0.0,1.0));
#2484=DIRECTION('',(-0.9995210176,-0.0309473005,0.0));
#2485=AXIS2_PLACEMENT_3D('',#2482,#2483,#2484);
#2486=PLANE('',#2485);
#2487=ADVANCED_FACE('no 6457',(#2481),#2486,.T.);
#2488=CARTESIAN_POINT('',(0.233318,0.0758286,0.003));
#2489=VERTEX_POINT('',#2488);
#2490=CARTESIAN_POINT('',(0.233318,0.0758286,0.003));
#2491=DIRECTION('',(0.7071077812,0.7071057812,0.0));
#2492=VECTOR('',#2491,1.0);
#2493=LINE('',#2490,#2492);
#2494=EDGE_CURVE('no 7211',#2489,#781,#2493,.T.);
#2495=ORIENTED_EDGE('no 7241',*,*,#2494,.F.);
#2496=CARTESIAN_POINT('',(0.233318,0.0758286,0.003));
#2497=DIRECTION('',(0.6087619527,-0.7933529384,0.0));
#2498=VECTOR('',#2497,1.0);
#2499=LINE('',#2496,#2498);
#2500=EDGE_CURVE('no 7234',#2489,#2142,#2499,.T.);
#2501=ORIENTED_EDGE('no 7242',*,*,#2500,.T.);
#2502=ORIENTED_EDGE('no 7243',*,*,#2147,.T.);
#2503=EDGE_LOOP('',(#2495,#2501,#2502));
#2504=FACE_OUTER_BOUND('',#2503,.T.);
#2505=CARTESIAN_POINT('',(0.236762,0.079273,0.003));
#2506=DIRECTION('',(0.0,0.0,1.0));
#2507=DIRECTION('',(-0.7071077812,-0.7071057812,0.0));
#2508=AXIS2_PLACEMENT_3D('',#2505,#2506,#2507);
#2509=PLANE('',#2508);
#2510=ADVANCED_FACE('no 7251',(#2504),#2509,.T.);
#2511=CARTESIAN_POINT('',(0.233606,-0.007727,0.003));
#2512=VERTEX_POINT('',#2511);
#2513=CARTESIAN_POINT('',(0.236762,-0.011527,0.003));
#2514=DIRECTION('',(-0.6389091255,0.769282217,0.0));
#2515=VECTOR('',#2514,1.0);
#2516=LINE('',#2513,#2515);
#2517=EDGE_CURVE('no 6005',#757,#2512,#2516,.T.);
#2518=ORIENTED_EDGE('no 6041',*,*,#2517,.F.);
#2519=ORIENTED_EDGE('no 6042',*,*,#2170,.T.);
#2520=CARTESIAN_POINT('',(0.233854,-0.00720887,0.003));
#2521=DIRECTION('',(-0.4317369892,-0.9019995411,0.0));
#2522=VECTOR('',#2521,1.0);
#2523=LINE('',#2520,#2522);
#2524=EDGE_CURVE('no 6040',#2165,#2512,#2523,.T.);
#2525=ORIENTED_EDGE('no 6043',*,*,#2524,.T.);
#2526=EDGE_LOOP('',(#2518,#2519,#2525));
#2527=FACE_OUTER_BOUND('',#2526,.T.);
#2528=CARTESIAN_POINT('',(0.233606,-0.007727,0.003));
#2529=DIRECTION('',(-0.0,0.0,1.0));
#2530=DIRECTION('',(0.6389200911,-0.7692731096,0.0));
#2531=AXIS2_PLACEMENT_3D('',#2528,#2529,#2530);
#2532=PLANE('',#2531);
#2533=ADVANCED_FACE('no 6051',(#2527),#2532,.T.);
#2534=CARTESIAN_POINT('',(0.233959,-0.00664427,0.003));
#2535=DIRECTION('',(-0.0343758286,-0.1848437411,-0.9821665306));
#2536=VECTOR('',#2535,1.0);
#2537=LINE('',#2534,#2536);
#2538=EDGE_CURVE('no 12898',#1821,#2342,#2537,.T.);
#2539=ORIENTED_EDGE('no 12905',*,*,#2538,.T.);
#2540=CARTESIAN_POINT('',(0.233854,-0.00720887,-0.0));
#2541=DIRECTION('',(0.0,0.0,1.0));
#2542=VECTOR('',#2541,1.0);
#2543=LINE('',#2540,#2542);
#2544=EDGE_CURVE('no 12904',#2342,#2165,#2543,.T.);
#2545=ORIENTED_EDGE('no 12906',*,*,#2544,.T.);
#2546=ORIENTED_EDGE('no 12907',*,*,#2177,.F.);
#2547=EDGE_LOOP('',(#2539,#2545,#2546));
#2548=FACE_OUTER_BOUND('',#2547,.T.);
#2549=CARTESIAN_POINT('',(0.233959,-0.00664427,0.003));
#2550=DIRECTION('',(-0.9830795885,0.1831789364,0.0000000674));
#2551=DIRECTION('',(-0.0344420183,-0.184842098,-0.9821645209));
#2552=AXIS2_PLACEMENT_3D('',#2549,#2550,#2551);
#2553=PLANE('',#2552);
#2554=ADVANCED_FACE('no 12915',(#2548),#2553,.T.);
#2555=CARTESIAN_POINT('',(0.233887,0.0737036,0.003));
#2556=VERTEX_POINT('',#2555);
#2557=CARTESIAN_POINT('',(0.233915,-0.00607168,0.003));
#2558=DIRECTION('',(-0.0003509859,0.9999999384,0.0));
#2559=VECTOR('',#2558,1.0);
#2560=LINE('',#2557,#2559);
#2561=EDGE_CURVE('no 7959',#2188,#2556,#2560,.T.);
#2562=ORIENTED_EDGE('no 7989',*,*,#2561,.F.);
#2563=ORIENTED_EDGE('no 7990',*,*,#2193,.T.);
#2564=CARTESIAN_POINT('',(0.233962,0.074273,0.003));
#2565=DIRECTION('',(-0.1305896347,-0.9914365069,0.0));
#2566=VECTOR('',#2565,1.0);
#2567=LINE('',#2564,#2566);
#2568=EDGE_CURVE('no 7988',#1451,#2556,#2567,.T.);
#2569=ORIENTED_EDGE('no 7991',*,*,#2568,.T.);
#2570=EDGE_LOOP('',(#2562,#2563,#2569));
#2571=FACE_OUTER_BOUND('',#2570,.T.);
#2572=CARTESIAN_POINT('',(0.233887,0.0737036,0.003));
#2573=DIRECTION('',(-0.0,0.0,1.0));
#2574=DIRECTION('',(0.000342571,-0.9999999413,0.0));
#2575=AXIS2_PLACEMENT_3D('',#2572,#2573,#2574);
#2576=PLANE('',#2575);
#2577=ADVANCED_FACE('no 7999',(#2571),#2576,.T.);
#2578=CARTESIAN_POINT('',(0.233915,-0.00607168,0.003));
#2579=DIRECTION('',(0.0144051113,-0.1874596066,-0.9821666807));
#2580=VECTOR('',#2579,1.0);
#2581=LINE('',#2578,#2580);
#2582=EDGE_CURVE('no 12852',#2188,#2018,#2581,.T.);
#2583=ORIENTED_EDGE('no 12859',*,*,#2582,.T.);
#2584=CARTESIAN_POINT('',(0.233959,-0.00664427,-0.0));
#2585=DIRECTION('',(0.0,0.0,1.0));
#2586=VECTOR('',#2585,1.0);
#2587=LINE('',#2584,#2586);
#2588=EDGE_CURVE('no 12858',#2018,#1821,#2587,.T.);
#2589=ORIENTED_EDGE('no 12860',*,*,#2588,.T.);
#2590=ORIENTED_EDGE('no 12861',*,*,#2199,.F.);
#2591=EDGE_LOOP('',(#2583,#2589,#2590));
#2592=FACE_OUTER_BOUND('',#2591,.T.);
#2593=CARTESIAN_POINT('',(0.233915,-0.00607168,0.003));
#2594=DIRECTION('',(-0.9969923113,-0.0775005244,-0.0000000012));
#2595=DIRECTION('',(0.0145720048,-0.1874590616,-0.9821643228));
#2596=AXIS2_PLACEMENT_3D('',#2593,#2594,#2595);
#2597=PLANE('',#2596);
#2598=ADVANCED_FACE('no 12869',(#2592),#2597,.T.);
#2599=ORIENTED_EDGE('no 2164',*,*,#2217,.F.);
#2600=CARTESIAN_POINT('',(0.126087,0.0748424,-0.0));
#2601=VERTEX_POINT('',#2600);
#2602=CARTESIAN_POINT('',(0.236762,0.079273,-0.0));
#2603=DIRECTION('',(-0.9991996602,-0.040000488,0.0));
#2604=VECTOR('',#2603,1.0);
#2605=LINE('',#2602,#2604);
#2606=EDGE_CURVE('no 2157',#532,#2601,#2605,.T.);
#2607=ORIENTED_EDGE('no 2165',*,*,#2606,.T.);
#2608=CARTESIAN_POINT('',(0.126087,0.0748424,-0.0));
#2609=DIRECTION('',(-0.382703151,0.9238713645,0.0));
#2610=VECTOR('',#2609,1.0);
#2611=LINE('',#2608,#2610);
#2612=EDGE_CURVE('no 2163',#2601,#2212,#2611,.T.);
#2613=ORIENTED_EDGE('no 2166',*,*,#2612,.T.);
#2614=EDGE_LOOP('',(#2599,#2607,#2613));
#2615=FACE_OUTER_BOUND('',#2614,.T.);
#2616=CARTESIAN_POINT('',(0.125868,0.075373,-0.0));
#2617=DIRECTION('',(0.0,0.0,-1.0));
#2618=DIRECTION('',(0.9993821602,0.0351468056,0.0));
#2619=AXIS2_PLACEMENT_3D('',#2616,#2617,#2618);
#2620=PLANE('',#2619);
#2621=ADVANCED_FACE('no 2174',(#2615),#2620,.T.);
#2622=ORIENTED_EDGE('no 348',*,*,#2246,.F.);
#2623=CARTESIAN_POINT('',(0.123962,-0.004327,-0.0));
#2624=VERTEX_POINT('',#2623);
#2625=CARTESIAN_POINT('',(0.123962,0.072073,-0.0));
#2626=DIRECTION('',(0.0,-1.0,0.0));
#2627=VECTOR('',#2626,1.0);
#2628=LINE('',#2625,#2627);
#2629=EDGE_CURVE('no 341',#2235,#2624,#2628,.T.);
#2630=ORIENTED_EDGE('no 349',*,*,#2629,.T.);
#2631=CARTESIAN_POINT('',(0.123962,-0.004327,-0.0));
#2632=DIRECTION('',(-0.9914313882,-0.1306284906,0.0));
#2633=VECTOR('',#2632,1.0);
#2634=LINE('',#2631,#2633);
#2635=EDGE_CURVE('no 347',#2624,#1868,#2634,.T.);
#2636=ORIENTED_EDGE('no 350',*,*,#2635,.T.);
#2637=EDGE_LOOP('',(#2622,#2630,#2636));
#2638=FACE_OUTER_BOUND('',#2637,.T.);
#2639=CARTESIAN_POINT('',(0.123393,-0.00440197,-0.0));
#2640=DIRECTION('',(0.0,0.0,-1.0));
#2641=DIRECTION('',(0.0074454121,0.9999722825,0.0));
#2642=AXIS2_PLACEMENT_3D('',#2639,#2640,#2641);
#2643=PLANE('',#2642);
#2644=ADVANCED_FACE('no 358',(#2638),#2643,.T.);
#2645=ORIENTED_EDGE('no 12537',*,*,#2278,.T.);
#2646=ORIENTED_EDGE('no 12538',*,*,#2635,.F.);
#2647=CARTESIAN_POINT('',(0.123962,-0.004327,-0.0));
#2648=DIRECTION('',(0.0,0.0,1.0));
#2649=VECTOR('',#2648,1.0);
#2650=LINE('',#2647,#2649);
#2651=EDGE_CURVE('no 12536',#2624,#2273,#2650,.T.);
#2652=ORIENTED_EDGE('no 12539',*,*,#2651,.T.);
#2653=EDGE_LOOP('',(#2645,#2646,#2652));
#2654=FACE_OUTER_BOUND('',#2653,.T.);
#2655=CARTESIAN_POINT('',(0.123962,-0.004327,0.003));
#2656=DIRECTION('',(0.1305259683,-0.9914448909,-0.00000009));
#2657=DIRECTION('',(-0.1864160599,-0.0245420079,-0.9821643154));
#2658=AXIS2_PLACEMENT_3D('',#2655,#2656,#2657);
#2659=PLANE('',#2658);
#2660=ADVANCED_FACE('no 12547',(#2654),#2659,.T.);
#2661=ORIENTED_EDGE('no 8331',*,*,#2302,.F.);
#2662=ORIENTED_EDGE('no 8332',*,*,#2284,.T.);
#2663=CARTESIAN_POINT('',(0.123962,-0.004327,0.003));
#2664=DIRECTION('',(-0.007440134,0.9999723218,0.0));
#2665=VECTOR('',#2664,1.0);
#2666=LINE('',#2663,#2665);
#2667=EDGE_CURVE('no 8330',#2273,#2297,#2666,.T.);
#2668=ORIENTED_EDGE('no 8333',*,*,#2667,.T.);
#2669=EDGE_LOOP('',(#2661,#2662,#2668));
#2670=FACE_OUTER_BOUND('',#2669,.T.);
#2671=CARTESIAN_POINT('',(0.123393,0.072148,0.003));
#2672=DIRECTION('',(0.0,0.0,1.0));
#2673=DIRECTION('',(0.0,-1.0,0.0));
#2674=AXIS2_PLACEMENT_3D('',#2671,#2672,#2673);
#2675=PLANE('',#2674);
#2676=ADVANCED_FACE('no 8341',(#2670),#2675,.T.);
#2677=ORIENTED_EDGE('no 3358',*,*,#2331,.F.);
#2678=CARTESIAN_POINT('',(0.125868,-0.007627,-0.0));
#2679=VERTEX_POINT('',#2678);
#2680=CARTESIAN_POINT('',(0.125518,-0.00808264,-0.0));
#2681=DIRECTION('',(0.609172297,0.7930379011,0.0));
#2682=VECTOR('',#2681,1.0);
#2683=LINE('',#2680,#2682);
#2684=EDGE_CURVE('no 3351',#2320,#2679,#2683,.T.);
#2685=ORIENTED_EDGE('no 3359',*,*,#2684,.T.);
#2686=CARTESIAN_POINT('',(0.125868,-0.007627,-0.0));
#2687=DIRECTION('',(0.9993821537,-0.0351469908,0.0));
#2688=VECTOR('',#2687,1.0);
#2689=LINE('',#2686,#2688);
#2690=EDGE_CURVE('no 3357',#2679,#983,#2689,.T.);
#2691=ORIENTED_EDGE('no 3360',*,*,#2690,.T.);
#2692=EDGE_LOOP('',(#2677,#2685,#2691));
#2693=FACE_OUTER_BOUND('',#2692,.T.);
#2694=CARTESIAN_POINT('',(0.236762,-0.011527,-0.0));
#2695=DIRECTION('',(0.0,0.0,-1.0));
#2696=DIRECTION('',(-0.9995210176,0.0309473005,0.0));
#2697=AXIS2_PLACEMENT_3D('',#2694,#2695,#2696);
#2698=PLANE('',#2697);
#2699=ADVANCED_FACE('no 3368',(#2693),#2698,.T.);
#2700=CARTESIAN_POINT('',(0.233606,-0.007727,-0.0));
#2701=VERTEX_POINT('',#2700);
#2702=CARTESIAN_POINT('',(0.233606,-0.007727,-0.0));
#2703=DIRECTION('',(0.6389091255,-0.769282217,0.0));
#2704=VECTOR('',#2703,1.0);
#2705=LINE('',#2702,#2704);
#2706=EDGE_CURVE('no 4197',#2701,#983,#2705,.T.);
#2707=ORIENTED_EDGE('no 4227',*,*,#2706,.F.);
#2708=CARTESIAN_POINT('',(0.233606,-0.007727,-0.0));
#2709=DIRECTION('',(0.4313999073,0.9021608061,0.0));
#2710=VECTOR('',#2709,1.0);
#2711=LINE('',#2708,#2710);
#2712=EDGE_CURVE('no 4220',#2701,#2342,#2711,.T.);
#2713=ORIENTED_EDGE('no 4228',*,*,#2712,.T.);
#2714=ORIENTED_EDGE('no 4229',*,*,#2347,.T.);
#2715=EDGE_LOOP('',(#2707,#2713,#2714));
#2716=FACE_OUTER_BOUND('',#2715,.T.);
#2717=CARTESIAN_POINT('',(0.236762,-0.011527,-0.0));
#2718=DIRECTION('',(0.0,0.0,-1.0));
#2719=DIRECTION('',(-0.6389200911,0.7692731096,0.0));
#2720=AXIS2_PLACEMENT_3D('',#2717,#2718,#2719);
#2721=PLANE('',#2720);
#2722=ADVANCED_FACE('no 4237',(#2716),#2721,.T.);
#2723=ORIENTED_EDGE('no 12922',*,*,#2538,.F.);
#2724=ORIENTED_EDGE('no 12923',*,*,#2588,.F.);
#2725=ORIENTED_EDGE('no 12924',*,*,#2353,.F.);
#2726=EDGE_LOOP('',(#2723,#2724,#2725));
#2727=FACE_OUTER_BOUND('',#2726,.T.);
#2728=CARTESIAN_POINT('',(0.233854,-0.00720887,-0.0));
#2729=DIRECTION('',(-0.9830795885,0.1831789364,0.0000000674));
#2730=DIRECTION('',(0.0344420183,0.184842098,0.9821645209));
#2731=AXIS2_PLACEMENT_3D('',#2728,#2729,#2730);
#2732=PLANE('',#2731);
#2733=ADVANCED_FACE('no 12932',(#2727),#2732,.T.);
#2734=CARTESIAN_POINT('',(0.233887,0.0737036,-0.0));
#2735=VERTEX_POINT('',#2734);
#2736=CARTESIAN_POINT('',(0.233887,0.0737036,-0.0));
#2737=DIRECTION('',(0.000342571,-0.9999999413,0.0));
#2738=VECTOR('',#2737,1.0);
#2739=LINE('',#2736,#2738);
#2740=EDGE_CURVE('no 1716',#2735,#2365,#2739,.T.);
#2741=ORIENTED_EDGE('no 1752',*,*,#2740,.F.);
#2742=CARTESIAN_POINT('',(0.233887,0.0737036,-0.0));
#2743=DIRECTION('',(0.1305339784,0.9914438363,0.0));
#2744=VECTOR('',#2743,1.0);
#2745=LINE('',#2742,#2744);
#2746=EDGE_CURVE('no 1745',#2735,#1669,#2745,.T.);
#2747=ORIENTED_EDGE('no 1753',*,*,#2746,.T.);
#2748=ORIENTED_EDGE('no 1754',*,*,#2370,.T.);
#2749=EDGE_LOOP('',(#2741,#2747,#2748));
#2750=FACE_OUTER_BOUND('',#2749,.T.);
#2751=CARTESIAN_POINT('',(0.233915,-0.00607168,-0.0));
#2752=DIRECTION('',(0.0,0.0,-1.0));
#2753=DIRECTION('',(-0.000342571,0.9999999413,0.0));
#2754=AXIS2_PLACEMENT_3D('',#2751,#2752,#2753);
#2755=PLANE('',#2754);
#2756=ADVANCED_FACE('no 1762',(#2750),#2755,.T.);
#2757=ORIENTED_EDGE('no 12876',*,*,#2582,.F.);
#2758=CARTESIAN_POINT('',(0.233915,-0.00607168,-0.0));
#2759=DIRECTION('',(0.0,0.0,1.0));
#2760=VECTOR('',#2759,1.0);
#2761=LINE('',#2758,#2760);
#2762=EDGE_CURVE('no 12812',#2365,#2188,#2761,.T.);
#2763=ORIENTED_EDGE('no 12877',*,*,#2762,.F.);
#2764=ORIENTED_EDGE('no 12878',*,*,#2377,.F.);
#2765=EDGE_LOOP('',(#2757,#2763,#2764));
#2766=FACE_OUTER_BOUND('',#2765,.T.);
#2767=CARTESIAN_POINT('',(0.233959,-0.00664427,-0.0));
#2768=DIRECTION('',(-0.9969923113,-0.0775005244,-0.0000000012));
#2769=DIRECTION('',(-0.0145720048,0.1874590616,0.9821643228));
#2770=AXIS2_PLACEMENT_3D('',#2767,#2768,#2769);
#2771=PLANE('',#2770);
#2772=ADVANCED_FACE('no 12886',(#2766),#2771,.T.);
#2773=CARTESIAN_POINT('',(0.233318,0.0758286,-0.0));
#2774=VERTEX_POINT('',#2773);
#2775=CARTESIAN_POINT('',(0.236762,0.079273,-0.0));
#2776=DIRECTION('',(-0.7070657193,-0.7071478407,0.0));
#2777=VECTOR('',#2776,1.0);
#2778=LINE('',#2775,#2777);
#2779=EDGE_CURVE('no 2922',#532,#2774,#2778,.T.);
#2780=ORIENTED_EDGE('no 2958',*,*,#2779,.F.);
#2781=ORIENTED_EDGE('no 2959',*,*,#2393,.T.);
#2782=CARTESIAN_POINT('',(0.233668,0.075373,-0.0));
#2783=DIRECTION('',(-0.6087619527,0.7933529384,0.0));
#2784=VECTOR('',#2783,1.0);
#2785=LINE('',#2782,#2784);
#2786=EDGE_CURVE('no 2957',#2388,#2774,#2785,.T.);
#2787=ORIENTED_EDGE('no 2960',*,*,#2786,.T.);
#2788=EDGE_LOOP('',(#2780,#2781,#2787));
#2789=FACE_OUTER_BOUND('',#2788,.T.);
#2790=CARTESIAN_POINT('',(0.233318,0.0758286,-0.0));
#2791=DIRECTION('',(0.0,0.0,-1.0));
#2792=DIRECTION('',(0.7071077812,0.7071057812,0.0));
#2793=AXIS2_PLACEMENT_3D('',#2790,#2791,#2792);
#2794=PLANE('',#2793);
#2795=ADVANCED_FACE('no 2968',(#2789),#2794,.T.);
#2796=ORIENTED_EDGE('no 5113',*,*,#2417,.F.);
#2797=CARTESIAN_POINT('',(0.126087,-0.0070964,0.003));
#2798=VERTEX_POINT('',#2797);
#2799=CARTESIAN_POINT('',(0.236762,-0.011527,0.003));
#2800=DIRECTION('',(-0.9991996602,0.040000488,0.0));
#2801=VECTOR('',#2800,1.0);
#2802=LINE('',#2799,#2801);
#2803=EDGE_CURVE('no 5106',#757,#2798,#2802,.T.);
#2804=ORIENTED_EDGE('no 5114',*,*,#2803,.T.);
#2805=CARTESIAN_POINT('',(0.126087,-0.0070964,0.003));
#2806=DIRECTION('',(-0.3815207342,-0.9243602812,0.0));
#2807=VECTOR('',#2806,1.0);
#2808=LINE('',#2805,#2807);
#2809=EDGE_CURVE('no 5112',#2798,#2412,#2808,.T.);
#2810=ORIENTED_EDGE('no 5115',*,*,#2809,.T.);
#2811=EDGE_LOOP('',(#2796,#2804,#2810));
#2812=FACE_OUTER_BOUND('',#2811,.T.);
#2813=CARTESIAN_POINT('',(0.125868,-0.007627,0.003));
#2814=DIRECTION('',(-0.0,0.0,1.0));
#2815=DIRECTION('',(0.9993821602,-0.0351468056,0.0));
#2816=AXIS2_PLACEMENT_3D('',#2813,#2814,#2815);
#2817=PLANE('',#2816);
#2818=ADVANCED_FACE('no 5123',(#2812),#2817,.T.);
#2819=CARTESIAN_POINT('',(0.125868,-0.007627,0.003));
#2820=DIRECTION('',(-0.1145841938,-0.1491689773,-0.9821502323));
#2821=VECTOR('',#2820,1.0);
#2822=LINE('',#2819,#2821);
#2823=EDGE_CURVE('no 11840',#2412,#2320,#2822,.T.);
#2824=ORIENTED_EDGE('no 11847',*,*,#2823,.T.);
#2825=ORIENTED_EDGE('no 11848',*,*,#2444,.T.);
#2826=ORIENTED_EDGE('no 11849',*,*,#2423,.F.);
#2827=EDGE_LOOP('',(#2824,#2825,#2826));
#2828=FACE_OUTER_BOUND('',#2827,.T.);
#2829=CARTESIAN_POINT('',(0.125868,-0.007627,0.003));
#2830=DIRECTION('',(-0.7933615126,0.6087507785,0.0000006318));
#2831=DIRECTION('',(-0.1144589805,-0.1491689746,-0.9821648328));
#2832=AXIS2_PLACEMENT_3D('',#2829,#2830,#2831);
#2833=PLANE('',#2832);
#2834=ADVANCED_FACE('no 11857',(#2828),#2833,.T.);
#2835=ORIENTED_EDGE('no 6476',*,*,#2478,.F.);
#2836=CARTESIAN_POINT('',(0.126087,0.0748424,0.003));
#2837=VERTEX_POINT('',#2836);
#2838=CARTESIAN_POINT('',(0.125868,0.075373,0.003));
#2839=DIRECTION('',(0.382703151,-0.9238713645,0.0));
#2840=VECTOR('',#2839,1.0);
#2841=LINE('',#2838,#2840);
#2842=EDGE_CURVE('no 6469',#2467,#2837,#2841,.T.);
#2843=ORIENTED_EDGE('no 6477',*,*,#2842,.T.);
#2844=CARTESIAN_POINT('',(0.126087,0.0748424,0.003));
#2845=DIRECTION('',(0.9991996603,0.0400004864,0.0));
#2846=VECTOR('',#2845,1.0);
#2847=LINE('',#2844,#2846);
#2848=EDGE_CURVE('no 6475',#2837,#781,#2847,.T.);
#2849=ORIENTED_EDGE('no 6478',*,*,#2848,.T.);
#2850=EDGE_LOOP('',(#2835,#2843,#2849));
#2851=FACE_OUTER_BOUND('',#2850,.T.);
#2852=CARTESIAN_POINT('',(0.236762,0.079273,0.003));
#2853=DIRECTION('',(0.0,0.0,1.0));
#2854=DIRECTION('',(-0.9993821602,-0.0351468056,0.0));
#2855=AXIS2_PLACEMENT_3D('',#2852,#2853,#2854);
#2856=PLANE('',#2855);
#2857=ADVANCED_FACE('no 6486',(#2851),#2856,.T.);
#2858=CARTESIAN_POINT('',(0.232862,0.0761783,0.003));
#2859=VERTEX_POINT('',#2858);
#2860=CARTESIAN_POINT('',(0.232862,0.0761783,0.003));
#2861=DIRECTION('',(0.783337123,0.6215970976,0.0));
#2862=VECTOR('',#2861,1.0);
#2863=LINE('',#2860,#2862);
#2864=EDGE_CURVE('no 7182',#2859,#781,#2863,.T.);
#2865=ORIENTED_EDGE('no 7212',*,*,#2864,.F.);
#2866=CARTESIAN_POINT('',(0.232862,0.0761783,0.003));
#2867=DIRECTION('',(0.7933542749,-0.608760211,0.0));
#2868=VECTOR('',#2867,1.0);
#2869=LINE('',#2866,#2868);
#2870=EDGE_CURVE('no 7205',#2859,#2489,#2869,.T.);
#2871=ORIENTED_EDGE('no 7213',*,*,#2870,.T.);
#2872=ORIENTED_EDGE('no 7214',*,*,#2494,.T.);
#2873=EDGE_LOOP('',(#2865,#2871,#2872));
#2874=FACE_OUTER_BOUND('',#2873,.T.);
#2875=CARTESIAN_POINT('',(0.236762,0.079273,0.003));
#2876=DIRECTION('',(0.0,0.0,1.0));
#2877=DIRECTION('',(-0.783337123,-0.6215970976,0.0));
#2878=AXIS2_PLACEMENT_3D('',#2875,#2876,#2877);
#2879=PLANE('',#2878);
#2880=ADVANCED_FACE('no 7222',(#2874),#2879,.T.);
#2881=CARTESIAN_POINT('',(0.233233,-0.00816335,0.003));
#2882=VERTEX_POINT('',#2881);
#2883=CARTESIAN_POINT('',(0.236762,-0.011527,0.003));
#2884=DIRECTION('',(-0.7238615367,0.68994527,0.0));
#2885=VECTOR('',#2884,1.0);
#2886=LINE('',#2883,#2885);
#2887=EDGE_CURVE('no 5976',#757,#2882,#2886,.T.);
#2888=ORIENTED_EDGE('no 6012',*,*,#2887,.F.);
#2889=ORIENTED_EDGE('no 6013',*,*,#2517,.T.);
#2890=CARTESIAN_POINT('',(0.233606,-0.007727,0.003));
#2891=DIRECTION('',(-0.6497722204,-0.7601289769,0.0));
#2892=VECTOR('',#2891,1.0);
#2893=LINE('',#2890,#2892);
#2894=EDGE_CURVE('no 6011',#2512,#2882,#2893,.T.);
#2895=ORIENTED_EDGE('no 6014',*,*,#2894,.T.);
#2896=EDGE_LOOP('',(#2888,#2889,#2895));
#2897=FACE_OUTER_BOUND('',#2896,.T.);
#2898=CARTESIAN_POINT('',(0.233233,-0.00816335,0.003));
#2899=DIRECTION('',(-0.0,0.0,1.0));
#2900=DIRECTION('',(0.7239102102,-0.6898942003,0.0));
#2901=AXIS2_PLACEMENT_3D('',#2898,#2899,#2900);
#2902=PLANE('',#2901);
#2903=ADVANCED_FACE('no 6022',(#2897),#2902,.T.);
#2904=CARTESIAN_POINT('',(0.233854,-0.00720887,0.003));
#2905=DIRECTION('',(-0.0811917173,-0.1696284858,-0.9821578701));
#2906=VECTOR('',#2905,1.0);
#2907=LINE('',#2904,#2906);
#2908=EDGE_CURVE('no 12944',#2165,#2701,#2907,.T.);
#2909=ORIENTED_EDGE('no 12951',*,*,#2908,.T.);
#2910=CARTESIAN_POINT('',(0.233606,-0.007727,-0.0));
#2911=DIRECTION('',(0.0,0.0,1.0));
#2912=VECTOR('',#2911,1.0);
#2913=LINE('',#2910,#2912);
#2914=EDGE_CURVE('no 12950',#2701,#2512,#2913,.T.);
#2915=ORIENTED_EDGE('no 12952',*,*,#2914,.T.);
#2916=ORIENTED_EDGE('no 12953',*,*,#2524,.F.);
#2917=EDGE_LOOP('',(#2909,#2915,#2916));
#2918=FACE_OUTER_BOUND('',#2917,.T.);
#2919=CARTESIAN_POINT('',(0.233854,-0.00720887,0.003));
#2920=DIRECTION('',(-0.9021607966,0.4313999271,0.0000001151));
#2921=DIRECTION('',(-0.0811142148,-0.169629031,-0.9821641797));
#2922=AXIS2_PLACEMENT_3D('',#2919,#2920,#2921);
#2923=PLANE('',#2922);
#2924=ADVANCED_FACE('no 12961',(#2918),#2923,.T.);
#2925=ORIENTED_EDGE('no 12968',*,*,#2908,.F.);
#2926=ORIENTED_EDGE('no 12969',*,*,#2544,.F.);
#2927=ORIENTED_EDGE('no 12970',*,*,#2712,.F.);
#2928=EDGE_LOOP('',(#2925,#2926,#2927));
#2929=FACE_OUTER_BOUND('',#2928,.T.);
#2930=CARTESIAN_POINT('',(0.233606,-0.007727,-0.0));
#2931=DIRECTION('',(-0.9021607966,0.4313999271,0.0000001151));
#2932=DIRECTION('',(0.0811142148,0.169629031,0.9821641797));
#2933=AXIS2_PLACEMENT_3D('',#2930,#2931,#2932);
#2934=PLANE('',#2933);
#2935=ADVANCED_FACE('no 12978',(#2929),#2934,.T.);
#2936=CARTESIAN_POINT('',(0.233723,-0.00553012,0.003));
#2937=VERTEX_POINT('',#2936);
#2938=CARTESIAN_POINT('',(0.233723,-0.00553012,0.003));
#2939=DIRECTION('',(0.0020698214,0.9999978579,0.0));
#2940=VECTOR('',#2939,1.0);
#2941=LINE('',#2938,#2940);
#2942=EDGE_CURVE('no 7924',#2937,#2556,#2941,.T.);
#2943=ORIENTED_EDGE('no 7960',*,*,#2942,.F.);
#2944=CARTESIAN_POINT('',(0.233723,-0.00553012,0.003));
#2945=DIRECTION('',(0.3341525399,-0.9425190078,0.0));
#2946=VECTOR('',#2945,1.0);
#2947=LINE('',#2944,#2946);
#2948=EDGE_CURVE('no 7953',#2937,#2188,#2947,.T.);
#2949=ORIENTED_EDGE('no 7961',*,*,#2948,.T.);
#2950=ORIENTED_EDGE('no 7962',*,*,#2561,.T.);
#2951=EDGE_LOOP('',(#2943,#2949,#2950));
#2952=FACE_OUTER_BOUND('',#2951,.T.);
#2953=CARTESIAN_POINT('',(0.233887,0.0737036,0.003));
#2954=DIRECTION('',(0.0,0.0,1.0));
#2955=DIRECTION('',(-0.0020679697,-0.9999978617,0.0));
#2956=AXIS2_PLACEMENT_3D('',#2953,#2954,#2955);
#2957=PLANE('',#2956);
#2958=ADVANCED_FACE('no 7970',(#2952),#2957,.T.);
#2959=ORIENTED_EDGE('no 2193',*,*,#2606,.F.);
#2960=CARTESIAN_POINT('',(0.126162,0.074273,-0.0));
#2961=VERTEX_POINT('',#2960);
#2962=CARTESIAN_POINT('',(0.236762,0.079273,-0.0));
#2963=DIRECTION('',(-0.998979684,-0.0451618302,0.0));
#2964=VECTOR('',#2963,1.0);
#2965=LINE('',#2962,#2964);
#2966=EDGE_CURVE('no 2186',#532,#2961,#2965,.T.);
#2967=ORIENTED_EDGE('no 2194',*,*,#2966,.T.);
#2968=CARTESIAN_POINT('',(0.126162,0.074273,-0.0));
#2969=DIRECTION('',(-0.1305896347,0.9914365069,0.0));
#2970=VECTOR('',#2969,1.0);
#2971=LINE('',#2968,#2970);
#2972=EDGE_CURVE('no 2192',#2961,#2601,#2971,.T.);
#2973=ORIENTED_EDGE('no 2195',*,*,#2972,.T.);
#2974=EDGE_LOOP('',(#2959,#2967,#2973));
#2975=FACE_OUTER_BOUND('',#2974,.T.);
#2976=CARTESIAN_POINT('',(0.126087,0.0748424,-0.0));
#2977=DIRECTION('',(0.0,0.0,-1.0));
#2978=DIRECTION('',(0.9991996603,0.0400004864,0.0));
#2979=AXIS2_PLACEMENT_3D('',#2976,#2977,#2978);
#2980=PLANE('',#2979);
#2981=ADVANCED_FACE('no 2203',(#2975),#2980,.T.);
#2982=ORIENTED_EDGE('no 377',*,*,#2629,.F.);
#2983=CARTESIAN_POINT('',(0.124532,0.072148,-0.0));
#2984=VERTEX_POINT('',#2983);
#2985=CARTESIAN_POINT('',(0.123962,0.072073,-0.0));
#2986=DIRECTION('',(0.9914455527,0.1305209411,0.0));
#2987=VECTOR('',#2986,1.0);
#2988=LINE('',#2985,#2987);
#2989=EDGE_CURVE('no 370',#2235,#2984,#2988,.T.);
#2990=ORIENTED_EDGE('no 378',*,*,#2989,.T.);
#2991=CARTESIAN_POINT('',(0.124532,0.072148,-0.0));
#2992=DIRECTION('',(-0.0074454121,-0.9999722825,0.0));
#2993=VECTOR('',#2992,1.0);
#2994=LINE('',#2991,#2993);
#2995=EDGE_CURVE('no 376',#2984,#2624,#2994,.T.);
#2996=ORIENTED_EDGE('no 379',*,*,#2995,.T.);
#2997=EDGE_LOOP('',(#2982,#2990,#2996));
#2998=FACE_OUTER_BOUND('',#2997,.T.);
#2999=CARTESIAN_POINT('',(0.123962,-0.004327,-0.0));
#3000=DIRECTION('',(0.0,0.0,-1.0));
#3001=DIRECTION('',(0.0,1.0,0.0));
#3002=AXIS2_PLACEMENT_3D('',#2999,#3000,#3001);
#3003=PLANE('',#3002);
#3004=ADVANCED_FACE('no 387',(#2998),#3003,.T.);
#3005=CARTESIAN_POINT('',(0.124532,-0.00440197,0.003));
#3006=VERTEX_POINT('',#3005);
#3007=CARTESIAN_POINT('',(0.124532,-0.00440197,0.003));
#3008=DIRECTION('',(-0.1866044172,0.0245433915,-0.9821285117));
#3009=VECTOR('',#3008,1.0);
#3010=LINE('',#3007,#3009);
#3011=EDGE_CURVE('no 12576',#3006,#2624,#3010,.T.);
#3012=ORIENTED_EDGE('no 12594',*,*,#3011,.F.);
#3013=CARTESIAN_POINT('',(0.123962,-0.004327,0.003));
#3014=DIRECTION('',(0.9914610434,-0.1304032183,0.0));
#3015=VECTOR('',#3014,1.0);
#3016=LINE('',#3013,#3015);
#3017=EDGE_CURVE('no 8382',#2273,#3006,#3016,.T.);
#3018=ORIENTED_EDGE('no 12595',*,*,#3017,.F.);
#3019=ORIENTED_EDGE('no 12596',*,*,#2651,.F.);
#3020=EDGE_LOOP('',(#3012,#3018,#3019));
#3021=FACE_OUTER_BOUND('',#3020,.T.);
#3022=CARTESIAN_POINT('',(0.123962,-0.004327,-0.0));
#3023=DIRECTION('',(-0.1305259683,-0.9914448909,0.00000009));
#3024=DIRECTION('',(0.1864160599,-0.0245420079,0.9821643154));
#3025=AXIS2_PLACEMENT_3D('',#3022,#3023,#3024);
#3026=PLANE('',#3025);
#3027=ADVANCED_FACE('no 12604',(#3021),#3026,.T.);
#3028=ORIENTED_EDGE('no 8360',*,*,#2667,.F.);
#3029=CARTESIAN_POINT('',(0.123962,0.072073,0.003));
#3030=VERTEX_POINT('',#3029);
#3031=CARTESIAN_POINT('',(0.123962,-0.004327,0.003));
#3032=DIRECTION('',(0.0,1.0,0.0));
#3033=VECTOR('',#3032,1.0);
#3034=LINE('',#3031,#3033);
#3035=EDGE_CURVE('no 8353',#2273,#3030,#3034,.T.);
#3036=ORIENTED_EDGE('no 8361',*,*,#3035,.T.);
#3037=CARTESIAN_POINT('',(0.123962,0.072073,0.003));
#3038=DIRECTION('',(-0.9914455527,0.1305209411,0.0));
#3039=VECTOR('',#3038,1.0);
#3040=LINE('',#3037,#3039);
#3041=EDGE_CURVE('no 8359',#3030,#2297,#3040,.T.);
#3042=ORIENTED_EDGE('no 8362',*,*,#3041,.T.);
#3043=EDGE_LOOP('',(#3028,#3036,#3042));
#3044=FACE_OUTER_BOUND('',#3043,.T.);
#3045=CARTESIAN_POINT('',(0.123393,0.072148,0.003));
#3046=DIRECTION('',(0.0,0.0,1.0));
#3047=DIRECTION('',(0.0074454121,-0.9999722825,0.0));
#3048=AXIS2_PLACEMENT_3D('',#3045,#3046,#3047);
#3049=PLANE('',#3048);
#3050=ADVANCED_FACE('no 8370',(#3044),#3049,.T.);
#3051=ORIENTED_EDGE('no 11864',*,*,#2823,.F.);
#3052=CARTESIAN_POINT('',(0.125868,-0.007627,-0.0));
#3053=DIRECTION('',(0.0,0.0,1.0));
#3054=VECTOR('',#3053,1.0);
#3055=LINE('',#3052,#3054);
#3056=EDGE_CURVE('no 11800',#2679,#2412,#3055,.T.);
#3057=ORIENTED_EDGE('no 11865',*,*,#3056,.F.);
#3058=ORIENTED_EDGE('no 11866',*,*,#2684,.F.);
#3059=EDGE_LOOP('',(#3051,#3057,#3058));
#3060=FACE_OUTER_BOUND('',#3059,.T.);
#3061=CARTESIAN_POINT('',(0.125518,-0.00808264,-0.0));
#3062=DIRECTION('',(-0.7933615126,0.6087507785,0.0000006318));
#3063=DIRECTION('',(0.1144589805,0.1491689746,0.9821648328));
#3064=AXIS2_PLACEMENT_3D('',#3061,#3062,#3063);
#3065=PLANE('',#3064);
#3066=ADVANCED_FACE('no 11874',(#3060),#3065,.T.);
#3067=ORIENTED_EDGE('no 3387',*,*,#2690,.F.);
#3068=CARTESIAN_POINT('',(0.126087,-0.0070964,-0.0));
#3069=VERTEX_POINT('',#3068);
#3070=CARTESIAN_POINT('',(0.125868,-0.007627,-0.0));
#3071=DIRECTION('',(0.3826998833,0.9238727182,0.0));
#3072=VECTOR('',#3071,1.0);
#3073=LINE('',#3070,#3072);
#3074=EDGE_CURVE('no 3380',#2679,#3069,#3073,.T.);
#3075=ORIENTED_EDGE('no 3388',*,*,#3074,.T.);
#3076=CARTESIAN_POINT('',(0.126087,-0.0070964,-0.0));
#3077=DIRECTION('',(0.9991996602,-0.040000488,0.0));
#3078=VECTOR('',#3077,1.0);
#3079=LINE('',#3076,#3078);
#3080=EDGE_CURVE('no 3386',#3069,#983,#3079,.T.);
#3081=ORIENTED_EDGE('no 3389',*,*,#3080,.T.);
#3082=EDGE_LOOP('',(#3067,#3075,#3081));
#3083=FACE_OUTER_BOUND('',#3082,.T.);
#3084=CARTESIAN_POINT('',(0.236762,-0.011527,-0.0));
#3085=DIRECTION('',(0.0,0.0,-1.0));
#3086=DIRECTION('',(-0.9993821602,0.0351468056,0.0));
#3087=AXIS2_PLACEMENT_3D('',#3084,#3085,#3086);
#3088=PLANE('',#3087);
#3089=ADVANCED_FACE('no 3397',(#3083),#3088,.T.);
#3090=CARTESIAN_POINT('',(0.233233,-0.00816335,-0.0));
#3091=VERTEX_POINT('',#3090);
#3092=CARTESIAN_POINT('',(0.233233,-0.00816335,-0.0));
#3093=DIRECTION('',(0.7238615367,-0.68994527,0.0));
#3094=VECTOR('',#3093,1.0);
#3095=LINE('',#3092,#3094);
#3096=EDGE_CURVE('no 4168',#3091,#983,#3095,.T.);
#3097=ORIENTED_EDGE('no 4198',*,*,#3096,.F.);
#3098=CARTESIAN_POINT('',(0.233233,-0.00816335,-0.0));
#3099=DIRECTION('',(0.6497722204,0.7601289769,0.0));
#3100=VECTOR('',#3099,1.0);
#3101=LINE('',#3098,#3100);
#3102=EDGE_CURVE('no 4191',#3091,#2701,#3101,.T.);
#3103=ORIENTED_EDGE('no 4199',*,*,#3102,.T.);
#3104=ORIENTED_EDGE('no 4200',*,*,#2706,.T.);
#3105=EDGE_LOOP('',(#3097,#3103,#3104));
#3106=FACE_OUTER_BOUND('',#3105,.T.);
#3107=CARTESIAN_POINT('',(0.236762,-0.011527,-0.0));
#3108=DIRECTION('',(0.0,0.0,-1.0));
#3109=DIRECTION('',(-0.7239102102,0.6898942003,0.0));
#3110=AXIS2_PLACEMENT_3D('',#3107,#3108,#3109);
#3111=PLANE('',#3110);
#3112=ADVANCED_FACE('no 4208',(#3106),#3111,.T.);
#3113=CARTESIAN_POINT('',(0.233723,-0.00553012,-0.0));
#3114=VERTEX_POINT('',#3113);
#3115=CARTESIAN_POINT('',(0.233887,0.0737036,-0.0));
#3116=DIRECTION('',(-0.0020679697,-0.9999978617,0.0));
#3117=VECTOR('',#3116,1.0);
#3118=LINE('',#3115,#3117);
#3119=EDGE_CURVE('no 1693',#2735,#3114,#3118,.T.);
#3120=ORIENTED_EDGE('no 1723',*,*,#3119,.F.);
#3121=ORIENTED_EDGE('no 1724',*,*,#2740,.T.);
#3122=CARTESIAN_POINT('',(0.233915,-0.00607168,-0.0));
#3123=DIRECTION('',(-0.3341525399,0.9425190078,0.0));
#3124=VECTOR('',#3123,1.0);
#3125=LINE('',#3122,#3124);
#3126=EDGE_CURVE('no 1722',#2365,#3114,#3125,.T.);
#3127=ORIENTED_EDGE('no 1725',*,*,#3126,.T.);
#3128=EDGE_LOOP('',(#3120,#3121,#3127));
#3129=FACE_OUTER_BOUND('',#3128,.T.);
#3130=CARTESIAN_POINT('',(0.233723,-0.00553012,-0.0));
#3131=DIRECTION('',(0.0,0.0,-1.0));
#3132=DIRECTION('',(0.0020679697,0.9999978617,0.0));
#3133=AXIS2_PLACEMENT_3D('',#3130,#3131,#3132);
#3134=PLANE('',#3133);
#3135=ADVANCED_FACE('no 1733',(#3129),#3134,.T.);
#3136=CARTESIAN_POINT('',(0.233723,-0.00553012,0.003));
#3137=DIRECTION('',(0.0628574686,-0.1772973473,-0.9821479467));
#3138=VECTOR('',#3137,1.0);
#3139=LINE('',#3136,#3138);
#3140=EDGE_CURVE('no 12806',#2937,#2365,#3139,.T.);
#3141=ORIENTED_EDGE('no 12813',*,*,#3140,.T.);
#3142=ORIENTED_EDGE('no 12814',*,*,#2762,.T.);
#3143=ORIENTED_EDGE('no 12815',*,*,#2948,.F.);
#3144=EDGE_LOOP('',(#3141,#3142,#3143));
#3145=FACE_OUTER_BOUND('',#3144,.T.);
#3146=CARTESIAN_POINT('',(0.233723,-0.00553012,0.003));
#3147=DIRECTION('',(-0.9429667496,-0.3328869314,-0.0000000977));
#3148=DIRECTION('',(0.0625906696,-0.1772999137,-0.9821645222));
#3149=AXIS2_PLACEMENT_3D('',#3146,#3147,#3148);
#3150=PLANE('',#3149);
#3151=ADVANCED_FACE('no 12823',(#3145),#3150,.T.);
#3152=CARTESIAN_POINT('',(0.232862,0.0761783,-0.0));
#3153=VERTEX_POINT('',#3152);
#3154=CARTESIAN_POINT('',(0.236762,0.079273,-0.0));
#3155=DIRECTION('',(-0.7833415285,-0.6215915457,0.0));
#3156=VECTOR('',#3155,1.0);
#3157=LINE('',#3154,#3156);
#3158=EDGE_CURVE('no 2893',#532,#3153,#3157,.T.);
#3159=ORIENTED_EDGE('no 2929',*,*,#3158,.F.);
#3160=ORIENTED_EDGE('no 2930',*,*,#2779,.T.);
#3161=CARTESIAN_POINT('',(0.233318,0.0758286,-0.0));
#3162=DIRECTION('',(-0.7933542749,0.608760211,0.0));
#3163=VECTOR('',#3162,1.0);
#3164=LINE('',#3161,#3163);
#3165=EDGE_CURVE('no 2928',#2774,#3153,#3164,.T.);
#3166=ORIENTED_EDGE('no 2931',*,*,#3165,.T.);
#3167=EDGE_LOOP('',(#3159,#3160,#3166));
#3168=FACE_OUTER_BOUND('',#3167,.T.);
#3169=CARTESIAN_POINT('',(0.232862,0.0761783,-0.0));
#3170=DIRECTION('',(0.0,0.0,-1.0));
#3171=DIRECTION('',(0.783337123,0.6215970976,0.0));
#3172=AXIS2_PLACEMENT_3D('',#3169,#3170,#3171);
#3173=PLANE('',#3172);
#3174=ADVANCED_FACE('no 2939',(#3168),#3173,.T.);
#3175=ORIENTED_EDGE('no 5142',*,*,#2803,.F.);
#3176=CARTESIAN_POINT('',(0.126162,-0.006527,0.003));
#3177=VERTEX_POINT('',#3176);
#3178=CARTESIAN_POINT('',(0.236762,-0.011527,0.003));
#3179=DIRECTION('',(-0.998979684,0.0451618302,0.0));
#3180=VECTOR('',#3179,1.0);
#3181=LINE('',#3178,#3180);
#3182=EDGE_CURVE('no 5135',#757,#3177,#3181,.T.);
#3183=ORIENTED_EDGE('no 5143',*,*,#3182,.T.);
#3184=CARTESIAN_POINT('',(0.126162,-0.006527,0.003));
#3185=DIRECTION('',(-0.1305896347,-0.9914365069,0.0));
#3186=VECTOR('',#3185,1.0);
#3187=LINE('',#3184,#3186);
#3188=EDGE_CURVE('no 5141',#3177,#2798,#3187,.T.);
#3189=ORIENTED_EDGE('no 5144',*,*,#3188,.T.);
#3190=EDGE_LOOP('',(#3175,#3183,#3189));
#3191=FACE_OUTER_BOUND('',#3190,.T.);
#3192=CARTESIAN_POINT('',(0.126087,-0.0070964,0.003));
#3193=DIRECTION('',(-0.0,0.0,1.0));
#3194=DIRECTION('',(0.9991996603,-0.0400004864,0.0));
#3195=AXIS2_PLACEMENT_3D('',#3192,#3193,#3194);
#3196=PLANE('',#3195);
#3197=ADVANCED_FACE('no 5152',(#3191),#3196,.T.);
#3198=CARTESIAN_POINT('',(0.126087,-0.0070964,0.003));
#3199=DIRECTION('',(-0.0716993126,-0.1737153208,-0.9821823639));
#3200=VECTOR('',#3199,1.0);
#3201=LINE('',#3198,#3200);
#3202=EDGE_CURVE('no 11794',#2798,#2679,#3201,.T.);
#3203=ORIENTED_EDGE('no 11801',*,*,#3202,.T.);
#3204=ORIENTED_EDGE('no 11802',*,*,#3056,.T.);
#3205=ORIENTED_EDGE('no 11803',*,*,#2809,.F.);
#3206=EDGE_LOOP('',(#3203,#3204,#3205));
#3207=FACE_OUTER_BOUND('',#3206,.T.);
#3208=CARTESIAN_POINT('',(0.126087,-0.0070964,0.003));
#3209=DIRECTION('',(-0.9238727308,0.3826998527,-0.0000001726));
#3210=DIRECTION('',(-0.0719573059,-0.1737120143,-0.9821640811));
#3211=AXIS2_PLACEMENT_3D('',#3208,#3209,#3210);
#3212=PLANE('',#3211);
#3213=ADVANCED_FACE('no 11811',(#3207),#3212,.T.);
#3214=ORIENTED_EDGE('no 6505',*,*,#2848,.F.);
#3215=CARTESIAN_POINT('',(0.126162,0.074273,0.003));
#3216=VERTEX_POINT('',#3215);
#3217=CARTESIAN_POINT('',(0.126087,0.0748424,0.003));
#3218=DIRECTION('',(0.1305080332,-0.9914472519,0.0));
#3219=VECTOR('',#3218,1.0);
#3220=LINE('',#3217,#3219);
#3221=EDGE_CURVE('no 6498',#2837,#3216,#3220,.T.);
#3222=ORIENTED_EDGE('no 6506',*,*,#3221,.T.);
#3223=CARTESIAN_POINT('',(0.126162,0.074273,0.003));
#3224=DIRECTION('',(0.9989796815,0.0451618856,0.0));
#3225=VECTOR('',#3224,1.0);
#3226=LINE('',#3223,#3225);
#3227=EDGE_CURVE('no 6504',#3216,#781,#3226,.T.);
#3228=ORIENTED_EDGE('no 6507',*,*,#3227,.T.);
#3229=EDGE_LOOP('',(#3214,#3222,#3228));
#3230=FACE_OUTER_BOUND('',#3229,.T.);
#3231=CARTESIAN_POINT('',(0.236762,0.079273,0.003));
#3232=DIRECTION('',(0.0,0.0,1.0));
#3233=DIRECTION('',(-0.9991996603,-0.0400004864,0.0));
#3234=AXIS2_PLACEMENT_3D('',#3231,#3232,#3233);
#3235=PLANE('',#3234);
#3236=ADVANCED_FACE('no 6515',(#3230),#3235,.T.);
#3237=CARTESIAN_POINT('',(0.232332,0.076398,0.003));
#3238=VERTEX_POINT('',#3237);
#3239=CARTESIAN_POINT('',(0.232332,0.076398,0.003));
#3240=DIRECTION('',(0.8388699148,0.5443319447,0.0));
#3241=VECTOR('',#3240,1.0);
#3242=LINE('',#3239,#3241);
#3243=EDGE_CURVE('no 7153',#3238,#781,#3242,.T.);
#3244=ORIENTED_EDGE('no 7183',*,*,#3243,.F.);
#3245=CARTESIAN_POINT('',(0.232332,0.076398,0.003));
#3246=DIRECTION('',(0.9238780467,-0.3826870194,0.0));
#3247=VECTOR('',#3246,1.0);
#3248=LINE('',#3245,#3247);
#3249=EDGE_CURVE('no 7176',#3238,#2859,#3248,.T.);
#3250=ORIENTED_EDGE('no 7184',*,*,#3249,.T.);
#3251=ORIENTED_EDGE('no 7185',*,*,#2864,.T.);
#3252=EDGE_LOOP('',(#3244,#3250,#3251));
#3253=FACE_OUTER_BOUND('',#3252,.T.);
#3254=CARTESIAN_POINT('',(0.236762,0.079273,0.003));
#3255=DIRECTION('',(0.0,0.0,1.0));
#3256=DIRECTION('',(-0.8388699148,-0.5443319447,0.0));
#3257=AXIS2_PLACEMENT_3D('',#3254,#3255,#3256);
#3258=PLANE('',#3257);
#3259=ADVANCED_FACE('no 7193',(#3253),#3258,.T.);
#3260=CARTESIAN_POINT('',(0.232759,-0.00848818,0.003));
#3261=VERTEX_POINT('',#3260);
#3262=CARTESIAN_POINT('',(0.236762,-0.011527,0.003));
#3263=DIRECTION('',(-0.7964937318,0.6046467855,0.0));
#3264=VECTOR('',#3263,1.0);
#3265=LINE('',#3262,#3264);
#3266=EDGE_CURVE('no 5947',#757,#3261,#3265,.T.);
#3267=ORIENTED_EDGE('no 5983',*,*,#3266,.F.);
#3268=ORIENTED_EDGE('no 5984',*,*,#2887,.T.);
#3269=CARTESIAN_POINT('',(0.233233,-0.00816335,0.003));
#3270=DIRECTION('',(-0.8248899942,-0.5652932844,0.0));
#3271=VECTOR('',#3270,1.0);
#3272=LINE('',#3269,#3271);
#3273=EDGE_CURVE('no 5982',#2882,#3261,#3272,.T.);
#3274=ORIENTED_EDGE('no 5985',*,*,#3273,.T.);
#3275=EDGE_LOOP('',(#3267,#3268,#3274));
#3276=FACE_OUTER_BOUND('',#3275,.T.);
#3277=CARTESIAN_POINT('',(0.232759,-0.00848818,0.003));
#3278=DIRECTION('',(-0.0,0.0,1.0));
#3279=DIRECTION('',(0.796502796,-0.6046348451,0.0));
#3280=AXIS2_PLACEMENT_3D('',#3277,#3278,#3279);
#3281=PLANE('',#3280);
#3282=ADVANCED_FACE('no 5993',(#3276),#3281,.T.);
#3283=CARTESIAN_POINT('',(0.233606,-0.007727,0.003));
#3284=DIRECTION('',(-0.1221177915,-0.1428581725,-0.9821806288));
#3285=VECTOR('',#3284,1.0);
#3286=LINE('',#3283,#3285);
#3287=EDGE_CURVE('no 12990',#2512,#3091,#3286,.T.);
#3288=ORIENTED_EDGE('no 12997',*,*,#3287,.T.);
#3289=CARTESIAN_POINT('',(0.233233,-0.00816335,-0.0));
#3290=DIRECTION('',(0.0,0.0,1.0));
#3291=VECTOR('',#3290,1.0);
#3292=LINE('',#3289,#3291);
#3293=EDGE_CURVE('no 12996',#3091,#2882,#3292,.T.);
#3294=ORIENTED_EDGE('no 12998',*,*,#3293,.T.);
#3295=ORIENTED_EDGE('no 12999',*,*,#2894,.F.);
#3296=EDGE_LOOP('',(#3288,#3294,#3295));
#3297=FACE_OUTER_BOUND('',#3296,.T.);
#3298=CARTESIAN_POINT('',(0.233606,-0.007727,0.003));
#3299=DIRECTION('',(-0.7597792087,0.6501811702,-0.0000000334));
#3300=DIRECTION('',(-0.1222489546,-0.142855947,-0.9821646356));
#3301=AXIS2_PLACEMENT_3D('',#3298,#3299,#3300);
#3302=PLANE('',#3301);
#3303=ADVANCED_FACE('no 13007',(#3297),#3302,.T.);
#3304=ORIENTED_EDGE('no 13014',*,*,#3287,.F.);
#3305=ORIENTED_EDGE('no 13015',*,*,#2914,.F.);
#3306=ORIENTED_EDGE('no 13016',*,*,#3102,.F.);
#3307=EDGE_LOOP('',(#3304,#3305,#3306));
#3308=FACE_OUTER_BOUND('',#3307,.T.);
#3309=CARTESIAN_POINT('',(0.233233,-0.00816335,-0.0));
#3310=DIRECTION('',(-0.7597792087,0.6501811702,-0.0000000334));
#3311=DIRECTION('',(0.1222489546,0.142855947,0.9821646356));
#3312=AXIS2_PLACEMENT_3D('',#3309,#3310,#3311);
#3313=PLANE('',#3312);
#3314=ADVANCED_FACE('no 13024',(#3308),#3313,.T.);
#3315=CARTESIAN_POINT('',(0.233668,0.073173,0.003));
#3316=VERTEX_POINT('',#3315);
#3317=CARTESIAN_POINT('',(0.233723,-0.00553012,0.003));
#3318=DIRECTION('',(-0.0006988285,0.9999997558,0.0));
#3319=VECTOR('',#3318,1.0);
#3320=LINE('',#3317,#3319);
#3321=EDGE_CURVE('no 7901',#2937,#3316,#3320,.T.);
#3322=ORIENTED_EDGE('no 7931',*,*,#3321,.F.);
#3323=ORIENTED_EDGE('no 7932',*,*,#2942,.T.);
#3324=CARTESIAN_POINT('',(0.233887,0.0737036,0.003));
#3325=DIRECTION('',(-0.382676216,-0.9238825216,0.0));
#3326=VECTOR('',#3325,1.0);
#3327=LINE('',#3324,#3326);
#3328=EDGE_CURVE('no 7930',#2556,#3316,#3327,.T.);
#3329=ORIENTED_EDGE('no 7933',*,*,#3328,.T.);
#3330=EDGE_LOOP('',(#3322,#3323,#3329));
#3331=FACE_OUTER_BOUND('',#3330,.T.);
#3332=CARTESIAN_POINT('',(0.233668,0.073173,0.003));
#3333=DIRECTION('',(-0.0,0.0,1.0));
#3334=DIRECTION('',(0.0007105698,-0.9999997475,0.0));
#3335=AXIS2_PLACEMENT_3D('',#3332,#3333,#3334);
#3336=PLANE('',#3335);
#3337=ADVANCED_FACE('no 7941',(#3331),#3336,.T.);
#3338=ORIENTED_EDGE('no 2222',*,*,#2966,.F.);
#3339=CARTESIAN_POINT('',(0.133666,0.069273,-0.0));
#3340=VERTEX_POINT('',#3339);
#3341=CARTESIAN_POINT('',(0.236762,0.079273,-0.0));
#3342=DIRECTION('',(-0.9953287298,-0.0965438746,0.0));
#3343=VECTOR('',#3342,1.0);
#3344=LINE('',#3341,#3343);
#3345=EDGE_CURVE('no 2215',#532,#3340,#3344,.T.);
#3346=ORIENTED_EDGE('no 2223',*,*,#3345,.T.);
#3347=CARTESIAN_POINT('',(0.133666,0.069273,-0.0));
#3348=DIRECTION('',(-0.8321867603,0.5544954427,0.0));
#3349=VECTOR('',#3348,1.0);
#3350=LINE('',#3347,#3349);
#3351=EDGE_CURVE('no 2221',#3340,#2961,#3350,.T.);
#3352=ORIENTED_EDGE('no 2224',*,*,#3351,.T.);
#3353=EDGE_LOOP('',(#3338,#3346,#3352));
#3354=FACE_OUTER_BOUND('',#3353,.T.);
#3355=CARTESIAN_POINT('',(0.126162,0.074273,-0.0));
#3356=DIRECTION('',(0.0,0.0,-1.0));
#3357=DIRECTION('',(0.9989796815,0.0451618856,0.0));
#3358=AXIS2_PLACEMENT_3D('',#3355,#3356,#3357);
#3359=PLANE('',#3358);
#3360=ADVANCED_FACE('no 2232',(#3354),#3359,.T.);
#3361=ORIENTED_EDGE('no 406',*,*,#2995,.F.);
#3362=CARTESIAN_POINT('',(0.124532,-0.00440197,-0.0));
#3363=VERTEX_POINT('',#3362);
#3364=CARTESIAN_POINT('',(0.124532,0.072148,-0.0));
#3365=DIRECTION('',(0.0,-1.0,0.0));
#3366=VECTOR('',#3365,1.0);
#3367=LINE('',#3364,#3366);
#3368=EDGE_CURVE('no 399',#2984,#3363,#3367,.T.);
#3369=ORIENTED_EDGE('no 407',*,*,#3368,.T.);
#3370=CARTESIAN_POINT('',(0.124532,-0.00440197,-0.0));
#3371=DIRECTION('',(-0.9914610434,0.1304032183,0.0));
#3372=VECTOR('',#3371,1.0);
#3373=LINE('',#3370,#3372);
#3374=EDGE_CURVE('no 405',#3363,#2624,#3373,.T.);
#3375=ORIENTED_EDGE('no 408',*,*,#3374,.T.);
#3376=EDGE_LOOP('',(#3361,#3369,#3375));
#3377=FACE_OUTER_BOUND('',#3376,.T.);
#3378=CARTESIAN_POINT('',(0.123962,-0.004327,-0.0));
#3379=DIRECTION('',(0.0,0.0,-1.0));
#3380=DIRECTION('',(0.0074454121,0.9999722825,0.0));
#3381=AXIS2_PLACEMENT_3D('',#3378,#3379,#3380);
#3382=PLANE('',#3381);
#3383=ADVANCED_FACE('no 416',(#3377),#3382,.T.);
#3384=ORIENTED_EDGE('no 12577',*,*,#3011,.T.);
#3385=ORIENTED_EDGE('no 12578',*,*,#3374,.F.);
#3386=CARTESIAN_POINT('',(0.124532,-0.00440197,0.003));
#3387=DIRECTION('',(0.0,0.0,-1.0));
#3388=VECTOR('',#3387,1.0);
#3389=LINE('',#3386,#3388);
#3390=EDGE_CURVE('no 11541',#3006,#3363,#3389,.T.);
#3391=ORIENTED_EDGE('no 12579',*,*,#3390,.F.);
#3392=EDGE_LOOP('',(#3384,#3385,#3391));
#3393=FACE_OUTER_BOUND('',#3392,.T.);
#3394=CARTESIAN_POINT('',(0.124532,-0.00440197,0.003));
#3395=DIRECTION('',(-0.1305259683,-0.9914448909,0.00000009));
#3396=DIRECTION('',(-0.1864160599,0.0245420079,-0.9821643154));
#3397=AXIS2_PLACEMENT_3D('',#3394,#3395,#3396);
#3398=PLANE('',#3397);
#3399=ADVANCED_FACE('no 12587',(#3393),#3398,.T.);
#3400=ORIENTED_EDGE('no 8389',*,*,#3035,.F.);
#3401=ORIENTED_EDGE('no 8390',*,*,#3017,.T.);
#3402=CARTESIAN_POINT('',(0.124532,-0.00440197,0.003));
#3403=DIRECTION('',(-0.007453212,0.9999722244,0.0));
#3404=VECTOR('',#3403,1.0);
#3405=LINE('',#3402,#3404);
#3406=EDGE_CURVE('no 8388',#3006,#3030,#3405,.T.);
#3407=ORIENTED_EDGE('no 8391',*,*,#3406,.T.);
#3408=EDGE_LOOP('',(#3400,#3401,#3407));
#3409=FACE_OUTER_BOUND('',#3408,.T.);
#3410=CARTESIAN_POINT('',(0.123962,0.072073,0.003));
#3411=DIRECTION('',(0.0,0.0,1.0));
#3412=DIRECTION('',(0.0,-1.0,0.0));
#3413=AXIS2_PLACEMENT_3D('',#3410,#3411,#3412);
#3414=PLANE('',#3413);
#3415=ADVANCED_FACE('no 8399',(#3409),#3414,.T.);
#3416=ORIENTED_EDGE('no 11818',*,*,#3202,.F.);
#3417=CARTESIAN_POINT('',(0.126087,-0.0070964,-0.0));
#3418=DIRECTION('',(0.0,0.0,1.0));
#3419=VECTOR('',#3418,1.0);
#3420=LINE('',#3417,#3419);
#3421=EDGE_CURVE('no 11754',#3069,#2798,#3420,.T.);
#3422=ORIENTED_EDGE('no 11819',*,*,#3421,.F.);
#3423=ORIENTED_EDGE('no 11820',*,*,#3074,.F.);
#3424=EDGE_LOOP('',(#3416,#3422,#3423));
#3425=FACE_OUTER_BOUND('',#3424,.T.);
#3426=CARTESIAN_POINT('',(0.125868,-0.007627,-0.0));
#3427=DIRECTION('',(-0.9238727308,0.3826998527,-0.0000001726));
#3428=DIRECTION('',(0.0719573059,0.1737120143,0.9821640811));
#3429=AXIS2_PLACEMENT_3D('',#3426,#3427,#3428);
#3430=PLANE('',#3429);
#3431=ADVANCED_FACE('no 11828',(#3425),#3430,.T.);
#3432=ORIENTED_EDGE('no 3416',*,*,#3080,.F.);
#3433=CARTESIAN_POINT('',(0.126162,-0.006527,-0.0));
#3434=VERTEX_POINT('',#3433);
#3435=CARTESIAN_POINT('',(0.126087,-0.0070964,-0.0));
#3436=DIRECTION('',(0.1305896347,0.9914365069,0.0));
#3437=VECTOR('',#3436,1.0);
#3438=LINE('',#3435,#3437);
#3439=EDGE_CURVE('no 3409',#3069,#3434,#3438,.T.);
#3440=ORIENTED_EDGE('no 3417',*,*,#3439,.T.);
#3441=CARTESIAN_POINT('',(0.126162,-0.006527,-0.0));
#3442=DIRECTION('',(0.998979684,-0.0451618302,0.0));
#3443=VECTOR('',#3442,1.0);
#3444=LINE('',#3441,#3443);
#3445=EDGE_CURVE('no 3415',#3434,#983,#3444,.T.);
#3446=ORIENTED_EDGE('no 3418',*,*,#3445,.T.);
#3447=EDGE_LOOP('',(#3432,#3440,#3446));
#3448=FACE_OUTER_BOUND('',#3447,.T.);
#3449=CARTESIAN_POINT('',(0.236762,-0.011527,-0.0));
#3450=DIRECTION('',(0.0,0.0,-1.0));
#3451=DIRECTION('',(-0.9991996603,0.0400004864,0.0));
#3452=AXIS2_PLACEMENT_3D('',#3449,#3450,#3451);
#3453=PLANE('',#3452);
#3454=ADVANCED_FACE('no 3426',(#3448),#3453,.T.);
#3455=CARTESIAN_POINT('',(0.232759,-0.00848818,-0.0));
#3456=VERTEX_POINT('',#3455);
#3457=CARTESIAN_POINT('',(0.232759,-0.00848818,-0.0));
#3458=DIRECTION('',(0.7964937318,-0.6046467855,0.0));
#3459=VECTOR('',#3458,1.0);
#3460=LINE('',#3457,#3459);
#3461=EDGE_CURVE('no 4139',#3456,#983,#3460,.T.);
#3462=ORIENTED_EDGE('no 4169',*,*,#3461,.F.);
#3463=CARTESIAN_POINT('',(0.232759,-0.00848818,-0.0));
#3464=DIRECTION('',(0.8248899942,0.5652932844,0.0));
#3465=VECTOR('',#3464,1.0);
#3466=LINE('',#3463,#3465);
#3467=EDGE_CURVE('no 4162',#3456,#3091,#3466,.T.);
#3468=ORIENTED_EDGE('no 4170',*,*,#3467,.T.);
#3469=ORIENTED_EDGE('no 4171',*,*,#3096,.T.);
#3470=EDGE_LOOP('',(#3462,#3468,#3469));
#3471=FACE_OUTER_BOUND('',#3470,.T.);
#3472=CARTESIAN_POINT('',(0.236762,-0.011527,-0.0));
#3473=DIRECTION('',(0.0,0.0,-1.0));
#3474=DIRECTION('',(-0.796502796,0.6046348451,0.0));
#3475=AXIS2_PLACEMENT_3D('',#3472,#3473,#3474);
#3476=PLANE('',#3475);
#3477=ADVANCED_FACE('no 4179',(#3471),#3476,.T.);
#3478=CARTESIAN_POINT('',(0.233668,0.073173,-0.0));
#3479=VERTEX_POINT('',#3478);
#3480=CARTESIAN_POINT('',(0.233668,0.073173,-0.0));
#3481=DIRECTION('',(0.0007105698,-0.9999997475,0.0));
#3482=VECTOR('',#3481,1.0);
#3483=LINE('',#3480,#3482);
#3484=EDGE_CURVE('no 1658',#3479,#3114,#3483,.T.);
#3485=ORIENTED_EDGE('no 1694',*,*,#3484,.F.);
#3486=CARTESIAN_POINT('',(0.233668,0.073173,-0.0));
#3487=DIRECTION('',(0.382676216,0.9238825216,0.0));
#3488=VECTOR('',#3487,1.0);
#3489=LINE('',#3486,#3488);
#3490=EDGE_CURVE('no 1687',#3479,#2735,#3489,.T.);
#3491=ORIENTED_EDGE('no 1695',*,*,#3490,.T.);
#3492=ORIENTED_EDGE('no 1696',*,*,#3119,.T.);
#3493=EDGE_LOOP('',(#3485,#3491,#3492));
#3494=FACE_OUTER_BOUND('',#3493,.T.);
#3495=CARTESIAN_POINT('',(0.233723,-0.00553012,-0.0));
#3496=DIRECTION('',(0.0,0.0,-1.0));
#3497=DIRECTION('',(-0.0007105698,0.9999997475,0.0));
#3498=AXIS2_PLACEMENT_3D('',#3495,#3496,#3497);
#3499=PLANE('',#3498);
#3500=ADVANCED_FACE('no 1704',(#3494),#3499,.T.);
#3501=ORIENTED_EDGE('no 12830',*,*,#3140,.F.);
#3502=CARTESIAN_POINT('',(0.233723,-0.00553012,-0.0));
#3503=DIRECTION('',(0.0,0.0,1.0));
#3504=VECTOR('',#3503,1.0);
#3505=LINE('',#3502,#3504);
#3506=EDGE_CURVE('no 12766',#3114,#2937,#3505,.T.);
#3507=ORIENTED_EDGE('no 12831',*,*,#3506,.F.);
#3508=ORIENTED_EDGE('no 12832',*,*,#3126,.F.);
#3509=EDGE_LOOP('',(#3501,#3507,#3508));
#3510=FACE_OUTER_BOUND('',#3509,.T.);
#3511=CARTESIAN_POINT('',(0.233915,-0.00607168,-0.0));
#3512=DIRECTION('',(-0.9429667496,-0.3328869314,-0.0000000977));
#3513=DIRECTION('',(-0.0625906696,0.1772999137,0.9821645222));
#3514=AXIS2_PLACEMENT_3D('',#3511,#3512,#3513);
#3515=PLANE('',#3514);
#3516=ADVANCED_FACE('no 12840',(#3510),#3515,.T.);
#3517=CARTESIAN_POINT('',(0.232332,0.076398,-0.0));
#3518=VERTEX_POINT('',#3517);
#3519=CARTESIAN_POINT('',(0.236762,0.079273,-0.0));
#3520=DIRECTION('',(-0.8388327569,-0.5443892045,0.0));
#3521=VECTOR('',#3520,1.0);
#3522=LINE('',#3519,#3521);
#3523=EDGE_CURVE('no 2864',#532,#3518,#3522,.T.);
#3524=ORIENTED_EDGE('no 2900',*,*,#3523,.F.);
#3525=ORIENTED_EDGE('no 2901',*,*,#3158,.T.);
#3526=CARTESIAN_POINT('',(0.232862,0.0761783,-0.0));
#3527=DIRECTION('',(-0.9238780467,0.3826870194,0.0));
#3528=VECTOR('',#3527,1.0);
#3529=LINE('',#3526,#3528);
#3530=EDGE_CURVE('no 2899',#3153,#3518,#3529,.T.);
#3531=ORIENTED_EDGE('no 2902',*,*,#3530,.T.);
#3532=EDGE_LOOP('',(#3524,#3525,#3531));
#3533=FACE_OUTER_BOUND('',#3532,.T.);
#3534=CARTESIAN_POINT('',(0.232332,0.076398,-0.0));
#3535=DIRECTION('',(0.0,0.0,-1.0));
#3536=DIRECTION('',(0.8388699148,0.5443319447,0.0));
#3537=AXIS2_PLACEMENT_3D('',#3534,#3535,#3536);
#3538=PLANE('',#3537);
#3539=ADVANCED_FACE('no 2910',(#3533),#3538,.T.);
#3540=ORIENTED_EDGE('no 5171',*,*,#3182,.F.);
#3541=CARTESIAN_POINT('',(0.132361,0.00531596,0.003));
#3542=VERTEX_POINT('',#3541);
#3543=CARTESIAN_POINT('',(0.236762,-0.011527,0.003));
#3544=DIRECTION('',(-0.9872350416,0.159270125,0.0));
#3545=VECTOR('',#3544,1.0);
#3546=LINE('',#3543,#3545);
#3547=EDGE_CURVE('no 5164',#757,#3542,#3546,.T.);
#3548=ORIENTED_EDGE('no 5172',*,*,#3547,.T.);
#3549=CARTESIAN_POINT('',(0.132361,0.00531596,0.003));
#3550=DIRECTION('',(-0.4637040743,-0.8859901419,0.0));
#3551=VECTOR('',#3550,1.0);
#3552=LINE('',#3549,#3551);
#3553=EDGE_CURVE('no 5170',#3542,#3177,#3552,.T.);
#3554=ORIENTED_EDGE('no 5173',*,*,#3553,.T.);
#3555=EDGE_LOOP('',(#3540,#3548,#3554));
#3556=FACE_OUTER_BOUND('',#3555,.T.);
#3557=CARTESIAN_POINT('',(0.126162,-0.006527,0.003));
#3558=DIRECTION('',(-0.0,0.0,1.0));
#3559=DIRECTION('',(0.998979686,-0.0451617858,0.0));
#3560=AXIS2_PLACEMENT_3D('',#3557,#3558,#3559);
#3561=PLANE('',#3560);
#3562=ADVANCED_FACE('no 5181',(#3556),#3561,.T.);
#3563=CARTESIAN_POINT('',(0.126162,-0.006527,0.003));
#3564=DIRECTION('',(-0.0245541064,-0.1864147759,-0.9821642567));
#3565=VECTOR('',#3564,1.0);
#3566=LINE('',#3563,#3565);
#3567=EDGE_CURVE('no 11748',#3177,#3069,#3566,.T.);
#3568=ORIENTED_EDGE('no 11755',*,*,#3567,.T.);
#3569=ORIENTED_EDGE('no 11756',*,*,#3421,.T.);
#3570=ORIENTED_EDGE('no 11757',*,*,#3188,.F.);
#3571=EDGE_LOOP('',(#3568,#3569,#3570));
#3572=FACE_OUTER_BOUND('',#3571,.T.);
#3573=CARTESIAN_POINT('',(0.126162,-0.006527,0.003));
#3574=DIRECTION('',(-0.9914471229,0.1305090134,-0.0000000145));
#3575=DIRECTION('',(-0.0245386903,-0.1864149266,-0.9821646134));
#3576=AXIS2_PLACEMENT_3D('',#3573,#3574,#3575);
#3577=PLANE('',#3576);
#3578=ADVANCED_FACE('no 11765',(#3572),#3577,.T.);
#3579=ORIENTED_EDGE('no 6534',*,*,#3227,.F.);
#3580=CARTESIAN_POINT('',(0.133666,0.069273,0.003));
#3581=VERTEX_POINT('',#3580);
#3582=CARTESIAN_POINT('',(0.126162,0.074273,0.003));
#3583=DIRECTION('',(0.8321770418,-0.5545100279,0.0));
#3584=VECTOR('',#3583,1.0);
#3585=LINE('',#3582,#3584);
#3586=EDGE_CURVE('no 6527',#3216,#3581,#3585,.T.);
#3587=ORIENTED_EDGE('no 6535',*,*,#3586,.T.);
#3588=CARTESIAN_POINT('',(0.133666,0.069273,0.003));
#3589=DIRECTION('',(0.9953287491,0.0965436757,0.0));
#3590=VECTOR('',#3589,1.0);
#3591=LINE('',#3588,#3590);
#3592=EDGE_CURVE('no 6533',#3581,#781,#3591,.T.);
#3593=ORIENTED_EDGE('no 6536',*,*,#3592,.T.);
#3594=EDGE_LOOP('',(#3579,#3587,#3593));
#3595=FACE_OUTER_BOUND('',#3594,.T.);
#3596=CARTESIAN_POINT('',(0.236762,0.079273,0.003));
#3597=DIRECTION('',(0.0,0.0,1.0));
#3598=DIRECTION('',(-0.9989796815,-0.0451618856,0.0));
#3599=AXIS2_PLACEMENT_3D('',#3596,#3597,#3598);
#3600=PLANE('',#3599);
#3601=ADVANCED_FACE('no 6544',(#3595),#3600,.T.);
#3602=CARTESIAN_POINT('',(0.231762,0.076473,0.003));
#3603=VERTEX_POINT('',#3602);
#3604=CARTESIAN_POINT('',(0.231762,0.076473,0.003));
#3605=DIRECTION('',(0.8725061694,0.4886030949,0.0));
#3606=VECTOR('',#3605,1.0);
#3607=LINE('',#3604,#3606);
#3608=EDGE_CURVE('no 7124',#3603,#781,#3607,.T.);
#3609=ORIENTED_EDGE('no 7154',*,*,#3608,.F.);
#3610=CARTESIAN_POINT('',(0.231762,0.076473,0.003));
#3611=DIRECTION('',(0.9914455527,-0.1305209411,0.0));
#3612=VECTOR('',#3611,1.0);
#3613=LINE('',#3610,#3612);
#3614=EDGE_CURVE('no 7147',#3603,#3238,#3613,.T.);
#3615=ORIENTED_EDGE('no 7155',*,*,#3614,.T.);
#3616=ORIENTED_EDGE('no 7156',*,*,#3243,.T.);
#3617=EDGE_LOOP('',(#3609,#3615,#3616));
#3618=FACE_OUTER_BOUND('',#3617,.T.);
#3619=CARTESIAN_POINT('',(0.236762,0.079273,0.003));
#3620=DIRECTION('',(0.0,0.0,1.0));
#3621=DIRECTION('',(-0.8725061694,-0.4886030949,0.0));
#3622=AXIS2_PLACEMENT_3D('',#3619,#3620,#3621);
#3623=PLANE('',#3622);
#3624=ADVANCED_FACE('no 7164',(#3618),#3623,.T.);
#3625=CARTESIAN_POINT('',(0.232218,-0.00867937,0.003));
#3626=VERTEX_POINT('',#3625);
#3627=CARTESIAN_POINT('',(0.236762,-0.011527,0.003));
#3628=DIRECTION('',(-0.8473582122,0.5310217134,0.0));
#3629=VECTOR('',#3628,1.0);
#3630=LINE('',#3627,#3629);
#3631=EDGE_CURVE('no 5918',#757,#3626,#3630,.T.);
#3632=ORIENTED_EDGE('no 5954',*,*,#3631,.F.);
#3633=ORIENTED_EDGE('no 5955',*,*,#3266,.T.);
#3634=CARTESIAN_POINT('',(0.232759,-0.00848818,0.003));
#3635=DIRECTION('',(-0.9428541556,-0.3332057043,0.0));
#3636=VECTOR('',#3635,1.0);
#3637=LINE('',#3634,#3636);
#3638=EDGE_CURVE('no 5953',#3261,#3626,#3637,.T.);
#3639=ORIENTED_EDGE('no 5956',*,*,#3638,.T.);
#3640=EDGE_LOOP('',(#3632,#3633,#3639));
#3641=FACE_OUTER_BOUND('',#3640,.T.);
#3642=CARTESIAN_POINT('',(0.232218,-0.00867937,0.003));
#3643=DIRECTION('',(-0.0,0.0,1.0));
#3644=DIRECTION('',(0.8473942709,-0.5309641698,0.0));
#3645=AXIS2_PLACEMENT_3D('',#3642,#3643,#3644);
#3646=PLANE('',#3645);
#3647=ADVANCED_FACE('no 5964',(#3641),#3646,.T.);
#3648=CARTESIAN_POINT('',(0.232759,-0.00848818,0.003));
#3649=DIRECTION('',(0.1551790488,0.1063434819,-0.9821458785));
#3650=VECTOR('',#3649,1.0);
#3651=LINE('',#3648,#3650);
#3652=EDGE_CURVE('no 13036',#3261,#3091,#3651,.T.);
#3653=ORIENTED_EDGE('no 13060',*,*,#3652,.F.);
#3654=ORIENTED_EDGE('no 13061',*,*,#3273,.F.);
#3655=ORIENTED_EDGE('no 13062',*,*,#3293,.F.);
#3656=EDGE_LOOP('',(#3653,#3654,#3655));
#3657=FACE_OUTER_BOUND('',#3656,.T.);
#3658=CARTESIAN_POINT('',(0.233233,-0.00816335,-0.0));
#3659=DIRECTION('',(-0.5656111241,0.8246720902,0.0000002682));
#3660=DIRECTION('',(-0.155056949,-0.106347965,0.9821646771));
#3661=AXIS2_PLACEMENT_3D('',#3658,#3659,#3660);
#3662=PLANE('',#3661);
#3663=ADVANCED_FACE('no 13070',(#3657),#3662,.T.);
#3664=CARTESIAN_POINT('',(0.233399,-0.0050565,0.003));
#3665=VERTEX_POINT('',#3664);
#3666=CARTESIAN_POINT('',(0.233399,-0.0050565,0.003));
#3667=DIRECTION('',(0.0034385802,0.9999940881,0.0));
#3668=VECTOR('',#3667,1.0);
#3669=LINE('',#3666,#3668);
#3670=EDGE_CURVE('no 7866',#3665,#3316,#3669,.T.);
#3671=ORIENTED_EDGE('no 7902',*,*,#3670,.F.);
#3672=CARTESIAN_POINT('',(0.233399,-0.0050565,0.003));
#3673=DIRECTION('',(0.5646176932,-0.8253525674,0.0));
#3674=VECTOR('',#3673,1.0);
#3675=LINE('',#3672,#3674);
#3676=EDGE_CURVE('no 7895',#3665,#2937,#3675,.T.);
#3677=ORIENTED_EDGE('no 7903',*,*,#3676,.T.);
#3678=ORIENTED_EDGE('no 7904',*,*,#3321,.T.);
#3679=EDGE_LOOP('',(#3671,#3677,#3678));
#3680=FACE_OUTER_BOUND('',#3679,.T.);
#3681=CARTESIAN_POINT('',(0.233668,0.073173,0.003));
#3682=DIRECTION('',(0.0,0.0,1.0));
#3683=DIRECTION('',(-0.0034373803,-0.9999940922,0.0));
#3684=AXIS2_PLACEMENT_3D('',#3681,#3682,#3683);
#3685=PLANE('',#3684);
#3686=ADVANCED_FACE('no 7912',(#3680),#3685,.T.);
#3687=ORIENTED_EDGE('no 2297',*,*,#3345,.F.);
#3688=CARTESIAN_POINT('',(0.156666,0.069273,-0.0));
#3689=VERTEX_POINT('',#3688);
#3690=CARTESIAN_POINT('',(0.236762,0.079273,-0.0));
#3691=DIRECTION('',(-0.9922961633,-0.1238883544,0.0));
#3692=VECTOR('',#3691,1.0);
#3693=LINE('',#3690,#3692);
#3694=EDGE_CURVE('no 2290',#532,#3689,#3693,.T.);
#3695=ORIENTED_EDGE('no 2298',*,*,#3694,.T.);
#3696=CARTESIAN_POINT('',(0.156666,0.069273,-0.0));
#3697=DIRECTION('',(-1.0,0.0,0.0));
#3698=VECTOR('',#3697,1.0);
#3699=LINE('',#3696,#3698);
#3700=EDGE_CURVE('no 2296',#3689,#3340,#3699,.T.);
#3701=ORIENTED_EDGE('no 2299',*,*,#3700,.T.);
#3702=EDGE_LOOP('',(#3687,#3695,#3701));
#3703=FACE_OUTER_BOUND('',#3702,.T.);
#3704=CARTESIAN_POINT('',(0.133666,0.069273,-0.0));
#3705=DIRECTION('',(0.0,0.0,-1.0));
#3706=DIRECTION('',(0.9953287491,0.0965436757,0.0));
#3707=AXIS2_PLACEMENT_3D('',#3704,#3705,#3706);
#3708=PLANE('',#3707);
#3709=ADVANCED_FACE('no 2307',(#3703),#3708,.T.);
#3710=ORIENTED_EDGE('no 2245',*,*,#3351,.F.);
#3711=CARTESIAN_POINT('',(0.133666,0.069273,-0.0));
#3712=DIRECTION('',(-0.0985120856,-0.9951358545,0.0));
#3713=VECTOR('',#3712,1.0);
#3714=LINE('',#3711,#3713);
#3715=EDGE_CURVE('no 2244',#3340,#3434,#3714,.T.);
#3716=ORIENTED_EDGE('no 2246',*,*,#3715,.T.);
#3717=CARTESIAN_POINT('',(0.126162,0.074273,-0.0));
#3718=DIRECTION('',(0.0,-1.0,0.0));
#3719=VECTOR('',#3718,1.0);
#3720=LINE('',#3717,#3719);
#3721=EDGE_CURVE('no 689',#2961,#3434,#3720,.T.);
#3722=ORIENTED_EDGE('no 2247',*,*,#3721,.F.);
#3723=EDGE_LOOP('',(#3710,#3716,#3722));
#3724=FACE_OUTER_BOUND('',#3723,.T.);
#3725=CARTESIAN_POINT('',(0.126162,0.074273,-0.0));
#3726=DIRECTION('',(0.0,0.0,-1.0));
#3727=DIRECTION('',(0.8321770418,-0.5545100279,0.0));
#3728=AXIS2_PLACEMENT_3D('',#3725,#3726,#3727);
#3729=PLANE('',#3728);
#3730=ADVANCED_FACE('no 2255',(#3724),#3729,.T.);
#3731=ORIENTED_EDGE('no 435',*,*,#3368,.F.);
#3732=CARTESIAN_POINT('',(0.125062,0.0723677,-0.0));
#3733=VERTEX_POINT('',#3732);
#3734=CARTESIAN_POINT('',(0.124532,0.072148,-0.0));
#3735=DIRECTION('',(0.9238780467,0.3826870194,0.0));
#3736=VECTOR('',#3735,1.0);
#3737=LINE('',#3734,#3736);
#3738=EDGE_CURVE('no 428',#2984,#3733,#3737,.T.);
#3739=ORIENTED_EDGE('no 436',*,*,#3738,.T.);
#3740=CARTESIAN_POINT('',(0.125062,0.0723677,-0.0));
#3741=DIRECTION('',(-0.0069114208,-0.9999761158,0.0));
#3742=VECTOR('',#3741,1.0);
#3743=LINE('',#3740,#3742);
#3744=EDGE_CURVE('no 434',#3733,#3363,#3743,.T.);
#3745=ORIENTED_EDGE('no 437',*,*,#3744,.T.);
#3746=EDGE_LOOP('',(#3731,#3739,#3745));
#3747=FACE_OUTER_BOUND('',#3746,.T.);
#3748=CARTESIAN_POINT('',(0.124532,-0.00440197,-0.0));
#3749=DIRECTION('',(0.0,0.0,-1.0));
#3750=DIRECTION('',(0.0,1.0,0.0));
#3751=AXIS2_PLACEMENT_3D('',#3748,#3749,#3750);
#3752=PLANE('',#3751);
#3753=ADVANCED_FACE('no 445',(#3747),#3752,.T.);
#3754=CARTESIAN_POINT('',(0.125062,-0.00462175,0.003));
#3755=VERTEX_POINT('',#3754);
#3756=CARTESIAN_POINT('',(0.125062,-0.00462175,0.003));
#3757=DIRECTION('',(-0.1735216194,0.0719558142,-0.9821978459));
#3758=VECTOR('',#3757,1.0);
#3759=LINE('',#3756,#3758);
#3760=EDGE_CURVE('no 11512',#3755,#3363,#3759,.T.);
#3761=ORIENTED_EDGE('no 11542',*,*,#3760,.F.);
#3762=CARTESIAN_POINT('',(0.124532,-0.00440197,0.003));
#3763=DIRECTION('',(0.9237273736,-0.3830505701,0.0));
#3764=VECTOR('',#3763,1.0);
#3765=LINE('',#3762,#3764);
#3766=EDGE_CURVE('no 8440',#3006,#3755,#3765,.T.);
#3767=ORIENTED_EDGE('no 11543',*,*,#3766,.F.);
#3768=ORIENTED_EDGE('no 11544',*,*,#3390,.T.);
#3769=EDGE_LOOP('',(#3761,#3767,#3768));
#3770=FACE_OUTER_BOUND('',#3769,.T.);
#3771=CARTESIAN_POINT('',(0.124532,-0.00440197,-0.0));
#3772=DIRECTION('',(-0.3826820669,-0.9238800981,-0.0000001265));
#3773=DIRECTION('',(0.1737120593,-0.0719537246,0.9821643355));
#3774=AXIS2_PLACEMENT_3D('',#3771,#3772,#3773);
#3775=PLANE('',#3774);
#3776=ADVANCED_FACE('no 11552',(#3770),#3775,.T.);
#3777=ORIENTED_EDGE('no 8418',*,*,#3406,.F.);
#3778=CARTESIAN_POINT('',(0.124532,0.072148,0.003));
#3779=VERTEX_POINT('',#3778);
#3780=CARTESIAN_POINT('',(0.124532,-0.00440197,0.003));
#3781=DIRECTION('',(0.0,1.0,0.0));
#3782=VECTOR('',#3781,1.0);
#3783=LINE('',#3780,#3782);
#3784=EDGE_CURVE('no 8411',#3006,#3779,#3783,.T.);
#3785=ORIENTED_EDGE('no 8419',*,*,#3784,.T.);
#3786=CARTESIAN_POINT('',(0.124532,0.072148,0.003));
#3787=DIRECTION('',(-0.9914455527,-0.1305209411,0.0));
#3788=VECTOR('',#3787,1.0);
#3789=LINE('',#3786,#3788);
#3790=EDGE_CURVE('no 8417',#3779,#3030,#3789,.T.);
#3791=ORIENTED_EDGE('no 8420',*,*,#3790,.T.);
#3792=EDGE_LOOP('',(#3777,#3785,#3791));
#3793=FACE_OUTER_BOUND('',#3792,.T.);
#3794=CARTESIAN_POINT('',(0.123962,0.072073,0.003));
#3795=DIRECTION('',(-0.0,0.0,1.0));
#3796=DIRECTION('',(0.0074454121,-0.9999722825,0.0));
#3797=AXIS2_PLACEMENT_3D('',#3794,#3795,#3796);
#3798=PLANE('',#3797);
#3799=ADVANCED_FACE('no 8428',(#3793),#3798,.T.);
#3800=ORIENTED_EDGE('no 11772',*,*,#3567,.F.);
#3801=CARTESIAN_POINT('',(0.126162,-0.006527,-0.0));
#3802=DIRECTION('',(0.0,0.0,1.0));
#3803=VECTOR('',#3802,1.0);
#3804=LINE('',#3801,#3803);
#3805=EDGE_CURVE('no 11708',#3434,#3177,#3804,.T.);
#3806=ORIENTED_EDGE('no 11773',*,*,#3805,.F.);
#3807=ORIENTED_EDGE('no 11774',*,*,#3439,.F.);
#3808=EDGE_LOOP('',(#3800,#3806,#3807));
#3809=FACE_OUTER_BOUND('',#3808,.T.);
#3810=CARTESIAN_POINT('',(0.126087,-0.0070964,-0.0));
#3811=DIRECTION('',(-0.9914471229,0.1305090134,-0.0000000145));
#3812=DIRECTION('',(0.0245386903,0.1864149266,0.9821646134));
#3813=AXIS2_PLACEMENT_3D('',#3810,#3811,#3812);
#3814=PLANE('',#3813);
#3815=ADVANCED_FACE('no 11782',(#3809),#3814,.T.);
#3816=ORIENTED_EDGE('no 3445',*,*,#3445,.F.);
#3817=CARTESIAN_POINT('',(0.132361,0.00531596,-0.0));
#3818=VERTEX_POINT('',#3817);
#3819=CARTESIAN_POINT('',(0.126162,-0.006527,-0.0));
#3820=DIRECTION('',(0.4637454386,0.8859684916,0.0));
#3821=VECTOR('',#3820,1.0);
#3822=LINE('',#3819,#3821);
#3823=EDGE_CURVE('no 3438',#3434,#3818,#3822,.T.);
#3824=ORIENTED_EDGE('no 3446',*,*,#3823,.T.);
#3825=CARTESIAN_POINT('',(0.132361,0.00531596,-0.0));
#3826=DIRECTION('',(0.9872352174,-0.1592690351,0.0));
#3827=VECTOR('',#3826,1.0);
#3828=LINE('',#3825,#3827);
#3829=EDGE_CURVE('no 3444',#3818,#983,#3828,.T.);
#3830=ORIENTED_EDGE('no 3447',*,*,#3829,.T.);
#3831=EDGE_LOOP('',(#3816,#3824,#3830));
#3832=FACE_OUTER_BOUND('',#3831,.T.);
#3833=CARTESIAN_POINT('',(0.236762,-0.011527,-0.0));
#3834=DIRECTION('',(0.0,0.0,-1.0));
#3835=DIRECTION('',(-0.998979686,0.0451617858,0.0));
#3836=AXIS2_PLACEMENT_3D('',#3833,#3834,#3835);
#3837=PLANE('',#3836);
#3838=ADVANCED_FACE('no 3455',(#3832),#3837,.T.);
#3839=CARTESIAN_POINT('',(0.232218,-0.00867937,-0.0));
#3840=VERTEX_POINT('',#3839);
#3841=CARTESIAN_POINT('',(0.232218,-0.00867937,-0.0));
#3842=DIRECTION('',(0.8473582122,-0.5310217134,0.0));
#3843=VECTOR('',#3842,1.0);
#3844=LINE('',#3841,#3843);
#3845=EDGE_CURVE('no 4110',#3840,#983,#3844,.T.);
#3846=ORIENTED_EDGE('no 4140',*,*,#3845,.F.);
#3847=CARTESIAN_POINT('',(0.232218,-0.00867937,-0.0));
#3848=DIRECTION('',(0.9428541556,0.3332057043,0.0));
#3849=VECTOR('',#3848,1.0);
#3850=LINE('',#3847,#3849);
#3851=EDGE_CURVE('no 4133',#3840,#3456,#3850,.T.);
#3852=ORIENTED_EDGE('no 4141',*,*,#3851,.T.);
#3853=ORIENTED_EDGE('no 4142',*,*,#3461,.T.);
#3854=EDGE_LOOP('',(#3846,#3852,#3853));
#3855=FACE_OUTER_BOUND('',#3854,.T.);
#3856=CARTESIAN_POINT('',(0.236762,-0.011527,-0.0));
#3857=DIRECTION('',(0.0,0.0,-1.0));
#3858=DIRECTION('',(-0.8473942709,0.5309641698,0.0));
#3859=AXIS2_PLACEMENT_3D('',#3856,#3857,#3858);
#3860=PLANE('',#3859);
#3861=ADVANCED_FACE('no 4150',(#3855),#3860,.T.);
#3862=ORIENTED_EDGE('no 13043',*,*,#3652,.T.);
#3863=ORIENTED_EDGE('no 13044',*,*,#3467,.F.);
#3864=CARTESIAN_POINT('',(0.232759,-0.00848818,-0.0));
#3865=DIRECTION('',(0.0,0.0,1.0));
#3866=VECTOR('',#3865,1.0);
#3867=LINE('',#3864,#3866);
#3868=EDGE_CURVE('no 13042',#3456,#3261,#3867,.T.);
#3869=ORIENTED_EDGE('no 13045',*,*,#3868,.T.);
#3870=EDGE_LOOP('',(#3862,#3863,#3869));
#3871=FACE_OUTER_BOUND('',#3870,.T.);
#3872=CARTESIAN_POINT('',(0.232759,-0.00848818,0.003));
#3873=DIRECTION('',(-0.5656111241,0.8246720902,0.0000002682));
#3874=DIRECTION('',(0.155056949,0.106347965,-0.9821646771));
#3875=AXIS2_PLACEMENT_3D('',#3872,#3873,#3874);
#3876=PLANE('',#3875);
#3877=ADVANCED_FACE('no 13053',(#3871),#3876,.T.);
#3878=CARTESIAN_POINT('',(0.233399,-0.0050565,-0.0));
#3879=VERTEX_POINT('',#3878);
#3880=CARTESIAN_POINT('',(0.233668,0.073173,-0.0));
#3881=DIRECTION('',(-0.0034373803,-0.9999940922,0.0));
#3882=VECTOR('',#3881,1.0);
#3883=LINE('',#3880,#3882);
#3884=EDGE_CURVE('no 1635',#3479,#3879,#3883,.T.);
#3885=ORIENTED_EDGE('no 1665',*,*,#3884,.F.);
#3886=ORIENTED_EDGE('no 1666',*,*,#3484,.T.);
#3887=CARTESIAN_POINT('',(0.233723,-0.00553012,-0.0));
#3888=DIRECTION('',(-0.5646176932,0.8253525674,0.0));
#3889=VECTOR('',#3888,1.0);
#3890=LINE('',#3887,#3889);
#3891=EDGE_CURVE('no 1664',#3114,#3879,#3890,.T.);
#3892=ORIENTED_EDGE('no 1667',*,*,#3891,.T.);
#3893=EDGE_LOOP('',(#3885,#3886,#3892));
#3894=FACE_OUTER_BOUND('',#3893,.T.);
#3895=CARTESIAN_POINT('',(0.233399,-0.0050565,-0.0));
#3896=DIRECTION('',(0.0,0.0,-1.0));
#3897=DIRECTION('',(0.0034373803,0.9999940922,0.0));
#3898=AXIS2_PLACEMENT_3D('',#3895,#3896,#3897);
#3899=PLANE('',#3898);
#3900=ADVANCED_FACE('no 1675',(#3894),#3899,.T.);
#3901=CARTESIAN_POINT('',(0.233399,-0.0050565,0.003));
#3902=DIRECTION('',(0.1060768633,-0.1550621111,-0.9821931789));
#3903=VECTOR('',#3902,1.0);
#3904=LINE('',#3901,#3903);
#3905=EDGE_CURVE('no 12760',#3665,#3114,#3904,.T.);
#3906=ORIENTED_EDGE('no 12767',*,*,#3905,.T.);
#3907=ORIENTED_EDGE('no 12768',*,*,#3506,.T.);
#3908=ORIENTED_EDGE('no 12769',*,*,#3676,.F.);
#3909=EDGE_LOOP('',(#3906,#3907,#3908));
#3910=FACE_OUTER_BOUND('',#3909,.T.);
#3911=CARTESIAN_POINT('',(0.233399,-0.0050565,0.003));
#3912=DIRECTION('',(-0.824679744,-0.5655999645,-0.0000006035));
#3913=DIRECTION('',(0.1063459712,-0.155057958,-0.9821647337));
#3914=AXIS2_PLACEMENT_3D('',#3911,#3912,#3913);
#3915=PLANE('',#3914);
#3916=ADVANCED_FACE('no 12777',(#3910),#3915,.T.);
#3917=CARTESIAN_POINT('',(0.231762,0.076473,-0.0));
#3918=VERTEX_POINT('',#3917);
#3919=CARTESIAN_POINT('',(0.236762,0.079273,-0.0));
#3920=DIRECTION('',(-0.8725060159,-0.4886033689,0.0));
#3921=VECTOR('',#3920,1.0);
#3922=LINE('',#3919,#3921);
#3923=EDGE_CURVE('no 2835',#532,#3918,#3922,.T.);
#3924=ORIENTED_EDGE('no 2871',*,*,#3923,.F.);
#3925=ORIENTED_EDGE('no 2872',*,*,#3523,.T.);
#3926=CARTESIAN_POINT('',(0.232332,0.076398,-0.0));
#3927=DIRECTION('',(-0.9914455527,0.1305209411,0.0));
#3928=VECTOR('',#3927,1.0);
#3929=LINE('',#3926,#3928);
#3930=EDGE_CURVE('no 2870',#3518,#3918,#3929,.T.);
#3931=ORIENTED_EDGE('no 2873',*,*,#3930,.T.);
#3932=EDGE_LOOP('',(#3924,#3925,#3931));
#3933=FACE_OUTER_BOUND('',#3932,.T.);
#3934=CARTESIAN_POINT('',(0.231762,0.076473,-0.0));
#3935=DIRECTION('',(0.0,0.0,-1.0));
#3936=DIRECTION('',(0.8725061694,0.4886030949,0.0));
#3937=AXIS2_PLACEMENT_3D('',#3934,#3935,#3936);
#3938=PLANE('',#3937);
#3939=ADVANCED_FACE('no 2881',(#3933),#3938,.T.);
#3940=ORIENTED_EDGE('no 5229',*,*,#3547,.F.);
#3941=CARTESIAN_POINT('',(0.157361,0.00531596,0.003));
#3942=VERTEX_POINT('',#3941);
#3943=CARTESIAN_POINT('',(0.236762,-0.011527,0.003));
#3944=DIRECTION('',(-0.9782333157,0.2075080239,0.0));
#3945=VECTOR('',#3944,1.0);
#3946=LINE('',#3943,#3945);
#3947=EDGE_CURVE('no 5222',#757,#3942,#3946,.T.);
#3948=ORIENTED_EDGE('no 5230',*,*,#3947,.T.);
#3949=CARTESIAN_POINT('',(0.157361,0.00531596,0.003));
#3950=DIRECTION('',(-1.0,0.0,0.0));
#3951=VECTOR('',#3950,1.0);
#3952=LINE('',#3949,#3951);
#3953=EDGE_CURVE('no 5228',#3942,#3542,#3952,.T.);
#3954=ORIENTED_EDGE('no 5231',*,*,#3953,.T.);
#3955=EDGE_LOOP('',(#3940,#3948,#3954));
#3956=FACE_OUTER_BOUND('',#3955,.T.);
#3957=CARTESIAN_POINT('',(0.132361,0.00531596,0.003));
#3958=DIRECTION('',(-0.0,0.0,1.0));
#3959=DIRECTION('',(0.9872352174,-0.1592690351,0.0));
#3960=AXIS2_PLACEMENT_3D('',#3957,#3958,#3959);
#3961=PLANE('',#3960);
#3962=ADVANCED_FACE('no 5239',(#3956),#3961,.T.);
#3963=ORIENTED_EDGE('no 5200',*,*,#3553,.F.);
#3964=CARTESIAN_POINT('',(0.132361,0.00531596,0.003));
#3965=DIRECTION('',(-0.0895254581,0.9959845342,0.0));
#3966=VECTOR('',#3965,1.0);
#3967=LINE('',#3964,#3966);
#3968=EDGE_CURVE('no 5193',#3542,#3216,#3967,.T.);
#3969=ORIENTED_EDGE('no 5201',*,*,#3968,.T.);
#3970=CARTESIAN_POINT('',(0.126162,0.074273,0.003));
#3971=DIRECTION('',(0.0,-1.0,0.0));
#3972=VECTOR('',#3971,1.0);
#3973=LINE('',#3970,#3972);
#3974=EDGE_CURVE('no 5199',#3216,#3177,#3973,.T.);
#3975=ORIENTED_EDGE('no 5202',*,*,#3974,.T.);
#3976=EDGE_LOOP('',(#3963,#3969,#3975));
#3977=FACE_OUTER_BOUND('',#3976,.T.);
#3978=CARTESIAN_POINT('',(0.126162,-0.006527,0.003));
#3979=DIRECTION('',(0.0,-0.0,1.0));
#3980=DIRECTION('',(0.4637040743,0.8859901419,0.0));
#3981=AXIS2_PLACEMENT_3D('',#3978,#3979,#3980);
#3982=PLANE('',#3981);
#3983=ADVANCED_FACE('no 5210',(#3977),#3982,.T.);
#3984=ORIENTED_EDGE('no 6563',*,*,#3586,.F.);
#3985=CARTESIAN_POINT('',(0.132361,0.024316,0.003));
#3986=VERTEX_POINT('',#3985);
#3987=CARTESIAN_POINT('',(0.126162,0.074273,0.003));
#3988=DIRECTION('',(0.1231289601,-0.9923906787,0.0));
#3989=VECTOR('',#3988,1.0);
#3990=LINE('',#3987,#3989);
#3991=EDGE_CURVE('no 6556',#3216,#3986,#3990,.T.);
#3992=ORIENTED_EDGE('no 6564',*,*,#3991,.T.);
#3993=CARTESIAN_POINT('',(0.132361,0.024316,0.003));
#3994=DIRECTION('',(0.0290246911,0.9995786949,0.0));
#3995=VECTOR('',#3994,1.0);
#3996=LINE('',#3993,#3995);
#3997=EDGE_CURVE('no 6562',#3986,#3581,#3996,.T.);
#3998=ORIENTED_EDGE('no 6565',*,*,#3997,.T.);
#3999=EDGE_LOOP('',(#3984,#3992,#3998));
#4000=FACE_OUTER_BOUND('',#3999,.T.);
#4001=CARTESIAN_POINT('',(0.133666,0.069273,0.003));
#4002=DIRECTION('',(0.0,0.0,1.0));
#4003=DIRECTION('',(-0.8321770418,0.5545100279,0.0));
#4004=AXIS2_PLACEMENT_3D('',#4001,#4002,#4003);
#4005=PLANE('',#4004);
#4006=ADVANCED_FACE('no 6573',(#4000),#4005,.T.);
#4007=ORIENTED_EDGE('no 6644',*,*,#3592,.F.);
#4008=CARTESIAN_POINT('',(0.156666,0.069273,0.003));
#4009=VERTEX_POINT('',#4008);
#4010=CARTESIAN_POINT('',(0.133666,0.069273,0.003));
#4011=DIRECTION('',(1.0,0.0,0.0));
#4012=VECTOR('',#4011,1.0);
#4013=LINE('',#4010,#4012);
#4014=EDGE_CURVE('no 6637',#3581,#4009,#4013,.T.);
#4015=ORIENTED_EDGE('no 6645',*,*,#4014,.T.);
#4016=CARTESIAN_POINT('',(0.156666,0.069273,0.003));
#4017=DIRECTION('',(0.9922961633,0.1238883544,0.0));
#4018=VECTOR('',#4017,1.0);
#4019=LINE('',#4016,#4018);
#4020=EDGE_CURVE('no 6643',#4009,#781,#4019,.T.);
#4021=ORIENTED_EDGE('no 6646',*,*,#4020,.T.);
#4022=EDGE_LOOP('',(#4007,#4015,#4021));
#4023=FACE_OUTER_BOUND('',#4022,.T.);
#4024=CARTESIAN_POINT('',(0.236762,0.079273,0.003));
#4025=DIRECTION('',(0.0,0.0,1.0));
#4026=DIRECTION('',(-0.9953287491,-0.0965436757,0.0));
#4027=AXIS2_PLACEMENT_3D('',#4024,#4025,#4026);
#4028=PLANE('',#4027);
#4029=ADVANCED_FACE('no 6654',(#4023),#4028,.T.);
#4030=CARTESIAN_POINT('',(0.231193,0.076398,0.003));
#4031=VERTEX_POINT('',#4030);
#4032=CARTESIAN_POINT('',(0.231193,0.076398,0.003));
#4033=DIRECTION('',(0.8885927968,0.4586968951,0.0));
#4034=VECTOR('',#4033,1.0);
#4035=LINE('',#4032,#4034);
#4036=EDGE_CURVE('no 7095',#4031,#781,#4035,.T.);
#4037=ORIENTED_EDGE('no 7125',*,*,#4036,.F.);
#4038=CARTESIAN_POINT('',(0.231193,0.076398,0.003));
#4039=DIRECTION('',(0.9914455527,0.1305209411,0.0));
#4040=VECTOR('',#4039,1.0);
#4041=LINE('',#4038,#4040);
#4042=EDGE_CURVE('no 7118',#4031,#3603,#4041,.T.);
#4043=ORIENTED_EDGE('no 7126',*,*,#4042,.T.);
#4044=ORIENTED_EDGE('no 7127',*,*,#3608,.T.);
#4045=EDGE_LOOP('',(#4037,#4043,#4044));
#4046=FACE_OUTER_BOUND('',#4045,.T.);
#4047=CARTESIAN_POINT('',(0.236762,0.079273,0.003));
#4048=DIRECTION('',(0.0,0.0,1.0));
#4049=DIRECTION('',(-0.8885927968,-0.4586968951,0.0));
#4050=AXIS2_PLACEMENT_3D('',#4047,#4048,#4049);
#4051=PLANE('',#4050);
#4052=ADVANCED_FACE('no 7135',(#4046),#4051,.T.);
#4053=CARTESIAN_POINT('',(0.231645,-0.00872388,0.003));
#4054=VERTEX_POINT('',#4053);
#4055=CARTESIAN_POINT('',(0.236762,-0.011527,0.003));
#4056=DIRECTION('',(-0.8770274228,0.4804403184,0.0));
#4057=VECTOR('',#4056,1.0);
#4058=LINE('',#4055,#4057);
#4059=EDGE_CURVE('no 5889',#757,#4054,#4058,.T.);
#4060=ORIENTED_EDGE('no 5925',*,*,#4059,.F.);
#4061=ORIENTED_EDGE('no 5926',*,*,#3631,.T.);
#4062=CARTESIAN_POINT('',(0.232218,-0.00867937,0.003));
#4063=DIRECTION('',(-0.9969965807,-0.0774455808,0.0));
#4064=VECTOR('',#4063,1.0);
#4065=LINE('',#4062,#4064);
#4066=EDGE_CURVE('no 5924',#3626,#4054,#4065,.T.);
#4067=ORIENTED_EDGE('no 5927',*,*,#4066,.T.);
#4068=EDGE_LOOP('',(#4060,#4061,#4067));
#4069=FACE_OUTER_BOUND('',#4068,.T.);
#4070=CARTESIAN_POINT('',(0.231645,-0.00872388,0.003));
#4071=DIRECTION('',(-0.0,0.0,1.0));
#4072=DIRECTION('',(0.8770373519,-0.4804221928,0.0));
#4073=AXIS2_PLACEMENT_3D('',#4070,#4071,#4072);
#4074=PLANE('',#4073);
#4075=ADVANCED_FACE('no 5935',(#4069),#4074,.T.);
#4076=CARTESIAN_POINT('',(0.232218,-0.00867937,0.003));
#4077=DIRECTION('',(0.1771227138,0.0625953635,-0.9821961946));
#4078=VECTOR('',#4077,1.0);
#4079=LINE('',#4076,#4078);
#4080=EDGE_CURVE('no 13082',#3626,#3456,#4079,.T.);
#4081=ORIENTED_EDGE('no 13106',*,*,#4080,.F.);
#4082=ORIENTED_EDGE('no 13107',*,*,#3638,.F.);
#4083=ORIENTED_EDGE('no 13108',*,*,#3868,.F.);
#4084=EDGE_LOOP('',(#4081,#4082,#4083));
#4085=FACE_OUTER_BOUND('',#4084,.T.);
#4086=CARTESIAN_POINT('',(0.232759,-0.00848818,-0.0));
#4087=DIRECTION('',(-0.3328881156,0.9429663316,-0.0000000074));
#4088=DIRECTION('',(-0.1773029803,-0.062591893,0.9821638907));
#4089=AXIS2_PLACEMENT_3D('',#4086,#4087,#4088);
#4090=PLANE('',#4089);
#4091=ADVANCED_FACE('no 13116',(#4085),#4090,.T.);
#4092=CARTESIAN_POINT('',(0.233318,0.0727174,0.003));
#4093=VERTEX_POINT('',#4092);
#4094=CARTESIAN_POINT('',(0.233399,-0.0050565,0.003));
#4095=DIRECTION('',(-0.0010414799,0.9999994577,0.0));
#4096=VECTOR('',#4095,1.0);
#4097=LINE('',#4094,#4096);
#4098=EDGE_CURVE('no 7843',#3665,#4093,#4097,.T.);
#4099=ORIENTED_EDGE('no 7873',*,*,#4098,.F.);
#4100=ORIENTED_EDGE('no 7874',*,*,#3670,.T.);
#4101=CARTESIAN_POINT('',(0.233668,0.073173,0.003));
#4102=DIRECTION('',(-0.6087687734,-0.7933477047,0.0));
#4103=VECTOR('',#4102,1.0);
#4104=LINE('',#4101,#4103);
#4105=EDGE_CURVE('no 7872',#3316,#4093,#4104,.T.);
#4106=ORIENTED_EDGE('no 7875',*,*,#4105,.T.);
#4107=EDGE_LOOP('',(#4099,#4100,#4106));
#4108=FACE_OUTER_BOUND('',#4107,.T.);
#4109=CARTESIAN_POINT('',(0.233318,0.0727174,0.003));
#4110=DIRECTION('',(-0.0,0.0,1.0));
#4111=DIRECTION('',(0.0010378805,-0.9999994614,0.0));
#4112=AXIS2_PLACEMENT_3D('',#4109,#4110,#4111);
#4113=PLANE('',#4112);
#4114=ADVANCED_FACE('no 7883',(#4108),#4113,.T.);
#4115=ORIENTED_EDGE('no 2326',*,*,#3694,.F.);
#4116=CARTESIAN_POINT('',(0.171365,0.0661264,-0.0));
#4117=VERTEX_POINT('',#4116);
#4118=CARTESIAN_POINT('',(0.236762,0.079273,-0.0));
#4119=DIRECTION('',(-0.9803864634,-0.1970847085,0.0));
#4120=VECTOR('',#4119,1.0);
#4121=LINE('',#4118,#4120);
#4122=EDGE_CURVE('no 2319',#532,#4117,#4121,.T.);
#4123=ORIENTED_EDGE('no 2327',*,*,#4122,.T.);
#4124=CARTESIAN_POINT('',(0.171365,0.0661264,-0.0));
#4125=DIRECTION('',(-0.9778480494,0.2093160106,0.0));
#4126=VECTOR('',#4125,1.0);
#4127=LINE('',#4124,#4126);
#4128=EDGE_CURVE('no 2325',#4117,#3689,#4127,.T.);
#4129=ORIENTED_EDGE('no 2328',*,*,#4128,.T.);
#4130=EDGE_LOOP('',(#4115,#4123,#4129));
#4131=FACE_OUTER_BOUND('',#4130,.T.);
#4132=CARTESIAN_POINT('',(0.156666,0.069273,-0.0));
#4133=DIRECTION('',(0.0,0.0,-1.0));
#4134=DIRECTION('',(0.9922962043,0.1238880255,0.0));
#4135=AXIS2_PLACEMENT_3D('',#4132,#4133,#4134);
#4136=PLANE('',#4135);
#4137=ADVANCED_FACE('no 2336',(#4131),#4136,.T.);
#4138=CARTESIAN_POINT('',(0.156666,0.069273,0.003));
#4139=DIRECTION('',(-0.9916004112,0.0,-0.1293391841));
#4140=VECTOR('',#4139,1.0);
#4141=LINE('',#4138,#4140);
#4142=EDGE_CURVE('no 11380',#4009,#3340,#4141,.T.);
#4143=ORIENTED_EDGE('no 11387',*,*,#4142,.T.);
#4144=ORIENTED_EDGE('no 11388',*,*,#3700,.F.);
#4145=CARTESIAN_POINT('',(0.156666,0.069273,-0.0));
#4146=DIRECTION('',(0.0,0.0,1.0));
#4147=VECTOR('',#4146,1.0);
#4148=LINE('',#4145,#4147);
#4149=EDGE_CURVE('no 11386',#3689,#4009,#4148,.T.);
#4150=ORIENTED_EDGE('no 11389',*,*,#4149,.T.);
#4151=EDGE_LOOP('',(#4143,#4144,#4150));
#4152=FACE_OUTER_BOUND('',#4151,.T.);
#4153=CARTESIAN_POINT('',(0.156666,0.069273,0.003));
#4154=DIRECTION('',(0.0,-1.0,-0.0));
#4155=DIRECTION('',(-0.9916004279,0.0,-0.1293390558));
#4156=AXIS2_PLACEMENT_3D('',#4153,#4154,#4155);
#4157=PLANE('',#4156);
#4158=ADVANCED_FACE('no 11397',(#4152),#4157,.T.);
#4159=ORIENTED_EDGE('no 2268',*,*,#3715,.F.);
#4160=CARTESIAN_POINT('',(0.132361,0.024316,-0.0));
#4161=VERTEX_POINT('',#4160);
#4162=CARTESIAN_POINT('',(0.132361,0.024316,-0.0));
#4163=DIRECTION('',(0.0290246911,0.9995786949,0.0));
#4164=VECTOR('',#4163,1.0);
#4165=LINE('',#4162,#4164);
#4166=EDGE_CURVE('no 875',#4161,#3340,#4165,.T.);
#4167=ORIENTED_EDGE('no 2269',*,*,#4166,.F.);
#4168=CARTESIAN_POINT('',(0.132361,0.024316,-0.0));
#4169=DIRECTION('',(-0.1970451942,-0.9803944061,0.0));
#4170=VECTOR('',#4169,1.0);
#4171=LINE('',#4168,#4170);
#4172=EDGE_CURVE('no 2267',#4161,#3434,#4171,.T.);
#4173=ORIENTED_EDGE('no 2270',*,*,#4172,.T.);
#4174=EDGE_LOOP('',(#4159,#4167,#4173));
#4175=FACE_OUTER_BOUND('',#4174,.T.);
#4176=CARTESIAN_POINT('',(0.126162,-0.006527,-0.0));
#4177=DIRECTION('',(0.0,0.0,-1.0));
#4178=DIRECTION('',(0.0985120856,0.9951358545,0.0));
#4179=AXIS2_PLACEMENT_3D('',#4176,#4177,#4178);
#4180=PLANE('',#4179);
#4181=ADVANCED_FACE('no 2278',(#4175),#4180,.T.);
#4182=CARTESIAN_POINT('',(0.126087,-0.0059576,-0.0));
#4183=VERTEX_POINT('',#4182);
#4184=CARTESIAN_POINT('',(0.126162,0.074273,-0.0));
#4185=DIRECTION('',(-0.0009342166,-0.9999995636,0.0));
#4186=VECTOR('',#4185,1.0);
#4187=LINE('',#4184,#4186);
#4188=EDGE_CURVE('no 666',#2961,#4183,#4187,.T.);
#4189=ORIENTED_EDGE('no 696',*,*,#4188,.F.);
#4190=ORIENTED_EDGE('no 697',*,*,#3721,.T.);
#4191=CARTESIAN_POINT('',(0.126162,-0.006527,-0.0));
#4192=DIRECTION('',(-0.1305896347,0.9914365069,0.0));
#4193=VECTOR('',#4192,1.0);
#4194=LINE('',#4191,#4193);
#4195=EDGE_CURVE('no 695',#3434,#4183,#4194,.T.);
#4196=ORIENTED_EDGE('no 698',*,*,#4195,.T.);
#4197=EDGE_LOOP('',(#4189,#4190,#4196));
#4198=FACE_OUTER_BOUND('',#4197,.T.);
#4199=CARTESIAN_POINT('',(0.126087,-0.0059576,-0.0));
#4200=DIRECTION('',(0.0,0.0,-1.0));
#4201=DIRECTION('',(0.0009342166,0.9999995636,0.0));
#4202=AXIS2_PLACEMENT_3D('',#4199,#4200,#4201);
#4203=PLANE('',#4202);
#4204=ADVANCED_FACE('no 706',(#4198),#4203,.T.);
#4205=ORIENTED_EDGE('no 464',*,*,#3744,.F.);
#4206=CARTESIAN_POINT('',(0.125062,-0.00462175,-0.0));
#4207=VERTEX_POINT('',#4206);
#4208=CARTESIAN_POINT('',(0.125062,0.0723677,-0.0));
#4209=DIRECTION('',(0.0,-1.0,0.0));
#4210=VECTOR('',#4209,1.0);
#4211=LINE('',#4208,#4210);
#4212=EDGE_CURVE('no 457',#3733,#4207,#4211,.T.);
#4213=ORIENTED_EDGE('no 465',*,*,#4212,.T.);
#4214=CARTESIAN_POINT('',(0.125062,-0.00462175,-0.0));
#4215=DIRECTION('',(-0.9237273736,0.3830505701,0.0));
#4216=VECTOR('',#4215,1.0);
#4217=LINE('',#4214,#4216);
#4218=EDGE_CURVE('no 463',#4207,#3363,#4217,.T.);
#4219=ORIENTED_EDGE('no 466',*,*,#4218,.T.);
#4220=EDGE_LOOP('',(#4205,#4213,#4219));
#4221=FACE_OUTER_BOUND('',#4220,.T.);
#4222=CARTESIAN_POINT('',(0.124532,-0.00440197,-0.0));
#4223=DIRECTION('',(0.0,0.0,-1.0));
#4224=DIRECTION('',(0.0069114208,0.9999761158,0.0));
#4225=AXIS2_PLACEMENT_3D('',#4222,#4223,#4224);
#4226=PLANE('',#4225);
#4227=ADVANCED_FACE('no 474',(#4221),#4226,.T.);
#4228=ORIENTED_EDGE('no 11519',*,*,#3760,.T.);
#4229=ORIENTED_EDGE('no 11520',*,*,#4218,.F.);
#4230=CARTESIAN_POINT('',(0.125062,-0.00462175,-0.0));
#4231=DIRECTION('',(0.0,0.0,1.0));
#4232=VECTOR('',#4231,1.0);
#4233=LINE('',#4230,#4232);
#4234=EDGE_CURVE('no 11518',#4207,#3755,#4233,.T.);
#4235=ORIENTED_EDGE('no 11521',*,*,#4234,.T.);
#4236=EDGE_LOOP('',(#4228,#4229,#4235));
#4237=FACE_OUTER_BOUND('',#4236,.T.);
#4238=CARTESIAN_POINT('',(0.125062,-0.00462175,0.003));
#4239=DIRECTION('',(-0.3826820669,-0.9238800981,-0.0000001265));
#4240=DIRECTION('',(-0.1737120593,0.0719537246,-0.9821643355));
#4241=AXIS2_PLACEMENT_3D('',#4238,#4239,#4240);
#4242=PLANE('',#4241);
#4243=ADVANCED_FACE('no 11529',(#4237),#4242,.T.);
#4244=ORIENTED_EDGE('no 8447',*,*,#3784,.F.);
#4245=ORIENTED_EDGE('no 8448',*,*,#3766,.T.);
#4246=CARTESIAN_POINT('',(0.125062,-0.00462175,0.003));
#4247=DIRECTION('',(-0.0069035964,0.9999761699,0.0));
#4248=VECTOR('',#4247,1.0);
#4249=LINE('',#4246,#4248);
#4250=EDGE_CURVE('no 8446',#3755,#3779,#4249,.T.);
#4251=ORIENTED_EDGE('no 8449',*,*,#4250,.T.);
#4252=EDGE_LOOP('',(#4244,#4245,#4251));
#4253=FACE_OUTER_BOUND('',#4252,.T.);
#4254=CARTESIAN_POINT('',(0.124532,0.072148,0.003));
#4255=DIRECTION('',(0.0,0.0,1.0));
#4256=DIRECTION('',(0.0,-1.0,0.0));
#4257=AXIS2_PLACEMENT_3D('',#4254,#4255,#4256);
#4258=PLANE('',#4257);
#4259=ADVANCED_FACE('no 8457',(#4253),#4258,.T.);
#4260=CARTESIAN_POINT('',(0.126087,-0.0059576,0.003));
#4261=VERTEX_POINT('',#4260);
#4262=CARTESIAN_POINT('',(0.126087,-0.0059576,0.003));
#4263=DIRECTION('',(0.0245541064,-0.1864147759,-0.9821642567));
#4264=VECTOR('',#4263,1.0);
#4265=LINE('',#4262,#4264);
#4266=EDGE_CURVE('no 11702',#4261,#3434,#4265,.T.);
#4267=ORIENTED_EDGE('no 11709',*,*,#4266,.T.);
#4268=ORIENTED_EDGE('no 11710',*,*,#3805,.T.);
#4269=CARTESIAN_POINT('',(0.126087,-0.0059576,0.003));
#4270=DIRECTION('',(0.1305896347,-0.9914365069,0.0));
#4271=VECTOR('',#4270,1.0);
#4272=LINE('',#4269,#4271);
#4273=EDGE_CURVE('no 8672',#4261,#3177,#4272,.T.);
#4274=ORIENTED_EDGE('no 11711',*,*,#4273,.F.);
#4275=EDGE_LOOP('',(#4267,#4268,#4274));
#4276=FACE_OUTER_BOUND('',#4275,.T.);
#4277=CARTESIAN_POINT('',(0.126087,-0.0059576,0.003));
#4278=DIRECTION('',(-0.9914472509,-0.1305080408,-0.0000000404));
#4279=DIRECTION('',(0.0245387099,-0.186416075,-0.982164395));
#4280=AXIS2_PLACEMENT_3D('',#4277,#4278,#4279);
#4281=PLANE('',#4280);
#4282=ADVANCED_FACE('no 11719',(#4276),#4281,.T.);
#4283=ORIENTED_EDGE('no 3468',*,*,#3823,.F.);
#4284=ORIENTED_EDGE('no 3469',*,*,#4172,.F.);
#4285=CARTESIAN_POINT('',(0.132361,0.024316,-0.0));
#4286=DIRECTION('',(0.0,-1.0,0.0));
#4287=VECTOR('',#4286,1.0);
#4288=LINE('',#4285,#4287);
#4289=EDGE_CURVE('no 3467',#4161,#3818,#4288,.T.);
#4290=ORIENTED_EDGE('no 3470',*,*,#4289,.T.);
#4291=EDGE_LOOP('',(#4283,#4284,#4290));
#4292=FACE_OUTER_BOUND('',#4291,.T.);
#4293=CARTESIAN_POINT('',(0.132361,0.00531596,-0.0));
#4294=DIRECTION('',(-0.0,0.0,-1.0));
#4295=DIRECTION('',(-0.4637040743,-0.8859901419,0.0));
#4296=AXIS2_PLACEMENT_3D('',#4293,#4294,#4295);
#4297=PLANE('',#4296);
#4298=ADVANCED_FACE('no 3478',(#4292),#4297,.T.);
#4299=ORIENTED_EDGE('no 3497',*,*,#3829,.F.);
#4300=CARTESIAN_POINT('',(0.157361,0.00531596,-0.0));
#4301=VERTEX_POINT('',#4300);
#4302=CARTESIAN_POINT('',(0.132361,0.00531596,-0.0));
#4303=DIRECTION('',(1.0,0.0,0.0));
#4304=VECTOR('',#4303,1.0);
#4305=LINE('',#4302,#4304);
#4306=EDGE_CURVE('no 3490',#3818,#4301,#4305,.T.);
#4307=ORIENTED_EDGE('no 3498',*,*,#4306,.T.);
#4308=CARTESIAN_POINT('',(0.157361,0.00531596,-0.0));
#4309=DIRECTION('',(0.9782333157,-0.2075080239,0.0));
#4310=VECTOR('',#4309,1.0);
#4311=LINE('',#4308,#4310);
#4312=EDGE_CURVE('no 3496',#4301,#983,#4311,.T.);
#4313=ORIENTED_EDGE('no 3499',*,*,#4312,.T.);
#4314=EDGE_LOOP('',(#4299,#4307,#4313));
#4315=FACE_OUTER_BOUND('',#4314,.T.);
#4316=CARTESIAN_POINT('',(0.236762,-0.011527,-0.0));
#4317=DIRECTION('',(0.0,0.0,-1.0));
#4318=DIRECTION('',(-0.9872352174,0.1592690351,0.0));
#4319=AXIS2_PLACEMENT_3D('',#4316,#4317,#4318);
#4320=PLANE('',#4319);
#4321=ADVANCED_FACE('no 3507',(#4315),#4320,.T.);
#4322=CARTESIAN_POINT('',(0.231645,-0.00872388,-0.0));
#4323=VERTEX_POINT('',#4322);
#4324=CARTESIAN_POINT('',(0.231645,-0.00872388,-0.0));
#4325=DIRECTION('',(0.8770274228,-0.4804403184,0.0));
#4326=VECTOR('',#4325,1.0);
#4327=LINE('',#4324,#4326);
#4328=EDGE_CURVE('no 4081',#4323,#983,#4327,.T.);
#4329=ORIENTED_EDGE('no 4111',*,*,#4328,.F.);
#4330=CARTESIAN_POINT('',(0.231645,-0.00872388,-0.0));
#4331=DIRECTION('',(0.9969965807,0.0774455808,0.0));
#4332=VECTOR('',#4331,1.0);
#4333=LINE('',#4330,#4332);
#4334=EDGE_CURVE('no 4104',#4323,#3840,#4333,.T.);
#4335=ORIENTED_EDGE('no 4112',*,*,#4334,.T.);
#4336=ORIENTED_EDGE('no 4113',*,*,#3845,.T.);
#4337=EDGE_LOOP('',(#4329,#4335,#4336));
#4338=FACE_OUTER_BOUND('',#4337,.T.);
#4339=CARTESIAN_POINT('',(0.236762,-0.011527,-0.0));
#4340=DIRECTION('',(0.0,0.0,-1.0));
#4341=DIRECTION('',(-0.8770373519,0.4804221928,0.0));
#4342=AXIS2_PLACEMENT_3D('',#4339,#4340,#4341);
#4343=PLANE('',#4342);
#4344=ADVANCED_FACE('no 4121',(#4338),#4343,.T.);
#4345=ORIENTED_EDGE('no 13089',*,*,#4080,.T.);
#4346=ORIENTED_EDGE('no 13090',*,*,#3851,.F.);
#4347=CARTESIAN_POINT('',(0.232218,-0.00867937,-0.0));
#4348=DIRECTION('',(0.0,0.0,1.0));
#4349=VECTOR('',#4348,1.0);
#4350=LINE('',#4347,#4349);
#4351=EDGE_CURVE('no 13088',#3840,#3626,#4350,.T.);
#4352=ORIENTED_EDGE('no 13091',*,*,#4351,.T.);
#4353=EDGE_LOOP('',(#4345,#4346,#4352));
#4354=FACE_OUTER_BOUND('',#4353,.T.);
#4355=CARTESIAN_POINT('',(0.232218,-0.00867937,0.003));
#4356=DIRECTION('',(-0.3328881156,0.9429663316,-0.0000000074));
#4357=DIRECTION('',(0.1773029803,0.062591893,-0.9821638907));
#4358=AXIS2_PLACEMENT_3D('',#4355,#4356,#4357);
#4359=PLANE('',#4358);
#4360=ADVANCED_FACE('no 13099',(#4354),#4359,.T.);
#4361=CARTESIAN_POINT('',(0.233318,0.0727174,-0.0));
#4362=VERTEX_POINT('',#4361);
#4363=CARTESIAN_POINT('',(0.233318,0.0727174,-0.0));
#4364=DIRECTION('',(0.0010378805,-0.9999994614,0.0));
#4365=VECTOR('',#4364,1.0);
#4366=LINE('',#4363,#4365);
#4367=EDGE_CURVE('no 1600',#4362,#3879,#4366,.T.);
#4368=ORIENTED_EDGE('no 1636',*,*,#4367,.F.);
#4369=CARTESIAN_POINT('',(0.233318,0.0727174,-0.0));
#4370=DIRECTION('',(0.6087687734,0.7933477047,0.0));
#4371=VECTOR('',#4370,1.0);
#4372=LINE('',#4369,#4371);
#4373=EDGE_CURVE('no 1629',#4362,#3479,#4372,.T.);
#4374=ORIENTED_EDGE('no 1637',*,*,#4373,.T.);
#4375=ORIENTED_EDGE('no 1638',*,*,#3884,.T.);
#4376=EDGE_LOOP('',(#4368,#4374,#4375));
#4377=FACE_OUTER_BOUND('',#4376,.T.);
#4378=CARTESIAN_POINT('',(0.233399,-0.0050565,-0.0));
#4379=DIRECTION('',(0.0,0.0,-1.0));
#4380=DIRECTION('',(-0.0010378805,0.9999994614,0.0));
#4381=AXIS2_PLACEMENT_3D('',#4378,#4379,#4380);
#4382=PLANE('',#4381);
#4383=ADVANCED_FACE('no 1646',(#4377),#4382,.T.);
#4384=ORIENTED_EDGE('no 12784',*,*,#3905,.F.);
#4385=CARTESIAN_POINT('',(0.233399,-0.0050565,-0.0));
#4386=DIRECTION('',(0.0,0.0,1.0));
#4387=VECTOR('',#4386,1.0);
#4388=LINE('',#4385,#4387);
#4389=EDGE_CURVE('no 12720',#3879,#3665,#4388,.T.);
#4390=ORIENTED_EDGE('no 12785',*,*,#4389,.F.);
#4391=ORIENTED_EDGE('no 12786',*,*,#3891,.F.);
#4392=EDGE_LOOP('',(#4384,#4390,#4391));
#4393=FACE_OUTER_BOUND('',#4392,.T.);
#4394=CARTESIAN_POINT('',(0.233723,-0.00553012,-0.0));
#4395=DIRECTION('',(-0.824679744,-0.5655999645,-0.0000006035));
#4396=DIRECTION('',(-0.1063459712,0.155057958,0.9821647337));
#4397=AXIS2_PLACEMENT_3D('',#4394,#4395,#4396);
#4398=PLANE('',#4397);
#4399=ADVANCED_FACE('no 12794',(#4393),#4398,.T.);
#4400=CARTESIAN_POINT('',(0.231193,0.076398,-0.0));
#4401=VERTEX_POINT('',#4400);
#4402=CARTESIAN_POINT('',(0.236762,0.079273,-0.0));
#4403=DIRECTION('',(-0.8885766009,-0.4587282685,0.0));
#4404=VECTOR('',#4403,1.0);
#4405=LINE('',#4402,#4404);
#4406=EDGE_CURVE('no 2806',#532,#4401,#4405,.T.);
#4407=ORIENTED_EDGE('no 2842',*,*,#4406,.F.);
#4408=ORIENTED_EDGE('no 2843',*,*,#3923,.T.);
#4409=CARTESIAN_POINT('',(0.231762,0.076473,-0.0));
#4410=DIRECTION('',(-0.9914455527,-0.1305209411,0.0));
#4411=VECTOR('',#4410,1.0);
#4412=LINE('',#4409,#4411);
#4413=EDGE_CURVE('no 2841',#3918,#4401,#4412,.T.);
#4414=ORIENTED_EDGE('no 2844',*,*,#4413,.T.);
#4415=EDGE_LOOP('',(#4407,#4408,#4414));
#4416=FACE_OUTER_BOUND('',#4415,.T.);
#4417=CARTESIAN_POINT('',(0.231193,0.076398,-0.0));
#4418=DIRECTION('',(0.0,0.0,-1.0));
#4419=DIRECTION('',(0.8885927968,0.4586968951,0.0));
#4420=AXIS2_PLACEMENT_3D('',#4417,#4418,#4419);
#4421=PLANE('',#4420);
#4422=ADVANCED_FACE('no 2852',(#4416),#4421,.T.);
#4423=ORIENTED_EDGE('no 5258',*,*,#3947,.F.);
#4424=CARTESIAN_POINT('',(0.163012,0.00444882,0.003));
#4425=VERTEX_POINT('',#4424);
#4426=CARTESIAN_POINT('',(0.236762,-0.011527,0.003));
#4427=DIRECTION('',(-0.9773323174,0.2117109855,0.0));
#4428=VECTOR('',#4427,1.0);
#4429=LINE('',#4426,#4428);
#4430=EDGE_CURVE('no 5251',#757,#4425,#4429,.T.);
#4431=ORIENTED_EDGE('no 5259',*,*,#4430,.T.);
#4432=CARTESIAN_POINT('',(0.163012,0.00444882,0.003));
#4433=DIRECTION('',(-0.9884342497,0.1516500383,0.0));
#4434=VECTOR('',#4433,1.0);
#4435=LINE('',#4432,#4434);
#4436=EDGE_CURVE('no 5257',#4425,#3942,#4435,.T.);
#4437=ORIENTED_EDGE('no 5260',*,*,#4436,.T.);
#4438=EDGE_LOOP('',(#4423,#4431,#4437));
#4439=FACE_OUTER_BOUND('',#4438,.T.);
#4440=CARTESIAN_POINT('',(0.157361,0.00531596,0.003));
#4441=DIRECTION('',(0.0,0.0,1.0));
#4442=DIRECTION('',(0.978233756,-0.2075059482,0.0));
#4443=AXIS2_PLACEMENT_3D('',#4440,#4441,#4442);
#4444=PLANE('',#4443);
#4445=ADVANCED_FACE('no 5268',(#4439),#4444,.T.);
#4446=CARTESIAN_POINT('',(0.132361,0.00531596,0.003));
#4447=DIRECTION('',(0.9928768385,0.0,-0.1191452206));
#4448=VECTOR('',#4447,1.0);
#4449=LINE('',#4446,#4448);
#4450=EDGE_CURVE('no 10092',#3542,#4301,#4449,.T.);
#4451=ORIENTED_EDGE('no 10116',*,*,#4450,.F.);
#4452=ORIENTED_EDGE('no 10117',*,*,#3953,.F.);
#4453=CARTESIAN_POINT('',(0.157361,0.00531596,-0.0));
#4454=DIRECTION('',(0.0,0.0,1.0));
#4455=VECTOR('',#4454,1.0);
#4456=LINE('',#4453,#4455);
#4457=EDGE_CURVE('no 10046',#4301,#3942,#4456,.T.);
#4458=ORIENTED_EDGE('no 10118',*,*,#4457,.F.);
#4459=EDGE_LOOP('',(#4451,#4452,#4458));
#4460=FACE_OUTER_BOUND('',#4459,.T.);
#4461=CARTESIAN_POINT('',(0.157361,0.00531596,-0.0));
#4462=DIRECTION('',(0.0,1.0,-0.0));
#4463=DIRECTION('',(-0.9928768669,0.0,0.119144984));
#4464=AXIS2_PLACEMENT_3D('',#4461,#4462,#4463);
#4465=PLANE('',#4464);
#4466=ADVANCED_FACE('no 10126',(#4460),#4465,.T.);
#4467=ORIENTED_EDGE('no 6586',*,*,#3991,.F.);
#4468=ORIENTED_EDGE('no 6587',*,*,#3968,.F.);
#4469=CARTESIAN_POINT('',(0.132361,0.00531596,0.003));
#4470=DIRECTION('',(0.0,1.0,0.0));
#4471=VECTOR('',#4470,1.0);
#4472=LINE('',#4469,#4471);
#4473=EDGE_CURVE('no 6585',#3542,#3986,#4472,.T.);
#4474=ORIENTED_EDGE('no 6588',*,*,#4473,.T.);
#4475=EDGE_LOOP('',(#4467,#4468,#4474));
#4476=FACE_OUTER_BOUND('',#4475,.T.);
#4477=CARTESIAN_POINT('',(0.132361,0.024316,0.003));
#4478=DIRECTION('',(0.0,0.0,1.0));
#4479=DIRECTION('',(-0.1231289601,0.9923906787,0.0));
#4480=AXIS2_PLACEMENT_3D('',#4477,#4478,#4479);
#4481=PLANE('',#4480);
#4482=ADVANCED_FACE('no 6596',(#4476),#4481,.T.);
#4483=CARTESIAN_POINT('',(0.126087,0.0737036,0.003));
#4484=VERTEX_POINT('',#4483);
#4485=CARTESIAN_POINT('',(0.126162,-0.006527,0.003));
#4486=DIRECTION('',(-0.000934805,0.9999995631,0.0));
#4487=VECTOR('',#4486,1.0);
#4488=LINE('',#4485,#4487);
#4489=EDGE_CURVE('no 8678',#3177,#4484,#4488,.T.);
#4490=ORIENTED_EDGE('no 8702',*,*,#4489,.F.);
#4491=ORIENTED_EDGE('no 8703',*,*,#3974,.F.);
#4492=CARTESIAN_POINT('',(0.126162,0.074273,0.003));
#4493=DIRECTION('',(-0.1305080332,-0.9914472519,0.0));
#4494=VECTOR('',#4493,1.0);
#4495=LINE('',#4492,#4494);
#4496=EDGE_CURVE('no 8701',#3216,#4484,#4495,.T.);
#4497=ORIENTED_EDGE('no 8704',*,*,#4496,.T.);
#4498=EDGE_LOOP('',(#4490,#4491,#4497));
#4499=FACE_OUTER_BOUND('',#4498,.T.);
#4500=CARTESIAN_POINT('',(0.126087,0.0737036,0.003));
#4501=DIRECTION('',(-0.0,0.0,1.0));
#4502=DIRECTION('',(0.0009342166,-0.9999995636,0.0));
#4503=AXIS2_PLACEMENT_3D('',#4500,#4501,#4502);
#4504=PLANE('',#4503);
#4505=ADVANCED_FACE('no 8712',(#4499),#4504,.T.);
#4506=ORIENTED_EDGE('no 6615',*,*,#3997,.F.);
#4507=CARTESIAN_POINT('',(0.133666,0.046273,0.003));
#4508=VERTEX_POINT('',#4507);
#4509=CARTESIAN_POINT('',(0.132361,0.024316,0.003));
#4510=DIRECTION('',(0.0593296521,0.9982384447,0.0));
#4511=VECTOR('',#4510,1.0);
#4512=LINE('',#4509,#4511);
#4513=EDGE_CURVE('no 6608',#3986,#4508,#4512,.T.);
#4514=ORIENTED_EDGE('no 6616',*,*,#4513,.T.);
#4515=CARTESIAN_POINT('',(0.133666,0.046273,0.003));
#4516=DIRECTION('',(0.0,1.0,0.0));
#4517=VECTOR('',#4516,1.0);
#4518=LINE('',#4515,#4517);
#4519=EDGE_CURVE('no 6614',#4508,#3581,#4518,.T.);
#4520=ORIENTED_EDGE('no 6617',*,*,#4519,.T.);
#4521=EDGE_LOOP('',(#4506,#4514,#4520));
#4522=FACE_OUTER_BOUND('',#4521,.T.);
#4523=CARTESIAN_POINT('',(0.133666,0.069273,0.003));
#4524=DIRECTION('',(0.0,0.0,1.0));
#4525=DIRECTION('',(-0.0290246911,-0.9995786949,0.0));
#4526=AXIS2_PLACEMENT_3D('',#4523,#4524,#4525);
#4527=PLANE('',#4526);
#4528=ADVANCED_FACE('no 6625',(#4522),#4527,.T.);
#4529=ORIENTED_EDGE('no 11404',*,*,#4142,.F.);
#4530=ORIENTED_EDGE('no 11405',*,*,#4014,.F.);
#4531=CARTESIAN_POINT('',(0.133666,0.069273,-0.0));
#4532=DIRECTION('',(0.0,0.0,1.0));
#4533=VECTOR('',#4532,1.0);
#4534=LINE('',#4531,#4533);
#4535=EDGE_CURVE('no 11357',#3340,#3581,#4534,.T.);
#4536=ORIENTED_EDGE('no 11406',*,*,#4535,.F.);
#4537=EDGE_LOOP('',(#4529,#4530,#4536));
#4538=FACE_OUTER_BOUND('',#4537,.T.);
#4539=CARTESIAN_POINT('',(0.133666,0.069273,-0.0));
#4540=DIRECTION('',(0.0,-1.0,0.0));
#4541=DIRECTION('',(0.9916004279,0.0,0.1293390558));
#4542=AXIS2_PLACEMENT_3D('',#4539,#4540,#4541);
#4543=PLANE('',#4542);
#4544=ADVANCED_FACE('no 11414',(#4538),#4543,.T.);
#4545=ORIENTED_EDGE('no 6673',*,*,#4020,.F.);
#4546=CARTESIAN_POINT('',(0.171365,0.0661264,0.003));
#4547=VERTEX_POINT('',#4546);
#4548=CARTESIAN_POINT('',(0.156666,0.069273,0.003));
#4549=DIRECTION('',(0.9778458126,-0.2093264599,0.0));
#4550=VECTOR('',#4549,1.0);
#4551=LINE('',#4548,#4550);
#4552=EDGE_CURVE('no 6666',#4009,#4547,#4551,.T.);
#4553=ORIENTED_EDGE('no 6674',*,*,#4552,.T.);
#4554=CARTESIAN_POINT('',(0.171365,0.0661264,0.003));
#4555=DIRECTION('',(0.9803863891,0.1970850782,0.0));
#4556=VECTOR('',#4555,1.0);
#4557=LINE('',#4554,#4556);
#4558=EDGE_CURVE('no 6672',#4547,#781,#4557,.T.);
#4559=ORIENTED_EDGE('no 6675',*,*,#4558,.T.);
#4560=EDGE_LOOP('',(#4545,#4553,#4559));
#4561=FACE_OUTER_BOUND('',#4560,.T.);
#4562=CARTESIAN_POINT('',(0.236762,0.079273,0.003));
#4563=DIRECTION('',(0.0,0.0,1.0));
#4564=DIRECTION('',(-0.9922962043,-0.1238880255,0.0));
#4565=AXIS2_PLACEMENT_3D('',#4562,#4563,#4564);
#4566=PLANE('',#4565);
#4567=ADVANCED_FACE('no 6683',(#4561),#4566,.T.);
#4568=CARTESIAN_POINT('',(0.230662,0.0761783,0.003));
#4569=VERTEX_POINT('',#4568);
#4570=CARTESIAN_POINT('',(0.230662,0.0761783,0.003));
#4571=DIRECTION('',(0.8917948771,0.4524399376,0.0));
#4572=VECTOR('',#4571,1.0);
#4573=LINE('',#4570,#4572);
#4574=EDGE_CURVE('no 6869',#4569,#781,#4573,.T.);
#4575=ORIENTED_EDGE('no 7096',*,*,#4574,.F.);
#4576=CARTESIAN_POINT('',(0.230662,0.0761783,0.003));
#4577=DIRECTION('',(0.9238739253,0.3826969691,0.0));
#4578=VECTOR('',#4577,1.0);
#4579=LINE('',#4576,#4578);
#4580=EDGE_CURVE('no 7089',#4569,#4031,#4579,.T.);
#4581=ORIENTED_EDGE('no 7097',*,*,#4580,.T.);
#4582=ORIENTED_EDGE('no 7098',*,*,#4036,.T.);
#4583=EDGE_LOOP('',(#4575,#4581,#4582));
#4584=FACE_OUTER_BOUND('',#4583,.T.);
#4585=CARTESIAN_POINT('',(0.236762,0.079273,0.003));
#4586=DIRECTION('',(0.0,0.0,1.0));
#4587=DIRECTION('',(-0.8917948771,-0.4524399376,0.0));
#4588=AXIS2_PLACEMENT_3D('',#4585,#4586,#4587);
#4589=PLANE('',#4588);
#4590=ADVANCED_FACE('no 7106',(#4584),#4589,.T.);
#4591=CARTESIAN_POINT('',(0.23108,-0.00861867,0.003));
#4592=VERTEX_POINT('',#4591);
#4593=CARTESIAN_POINT('',(0.236762,-0.011527,0.003));
#4594=DIRECTION('',(-0.8901680925,0.4556322718,0.0));
#4595=VECTOR('',#4594,1.0);
#4596=LINE('',#4593,#4595);
#4597=EDGE_CURVE('no 5860',#757,#4592,#4596,.T.);
#4598=ORIENTED_EDGE('no 5896',*,*,#4597,.F.);
#4599=ORIENTED_EDGE('no 5897',*,*,#4059,.T.);
#4600=CARTESIAN_POINT('',(0.231645,-0.00872388,0.003));
#4601=DIRECTION('',(-0.9831007124,0.1830655327,0.0));
#4602=VECTOR('',#4601,1.0);
#4603=LINE('',#4600,#4602);
#4604=EDGE_CURVE('no 5895',#4054,#4592,#4603,.T.);
#4605=ORIENTED_EDGE('no 5898',*,*,#4604,.T.);
#4606=EDGE_LOOP('',(#4598,#4599,#4605));
#4607=FACE_OUTER_BOUND('',#4606,.T.);
#4608=CARTESIAN_POINT('',(0.23108,-0.00861867,0.003));
#4609=DIRECTION('',(0.0,0.0,1.0));
#4610=DIRECTION('',(0.8901637028,-0.4556408479,0.0));
#4611=AXIS2_PLACEMENT_3D('',#4608,#4609,#4610);
#4612=PLANE('',#4611);
#4613=ADVANCED_FACE('no 5906',(#4607),#4612,.T.);
#4614=CARTESIAN_POINT('',(0.231645,-0.00872388,0.003));
#4615=DIRECTION('',(0.1875886604,0.0145716776,-0.9821395831));
#4616=VECTOR('',#4615,1.0);
#4617=LINE('',#4614,#4616);
#4618=EDGE_CURVE('no 13128',#4054,#3840,#4617,.T.);
#4619=ORIENTED_EDGE('no 13152',*,*,#4618,.F.);
#4620=ORIENTED_EDGE('no 13153',*,*,#4066,.F.);
#4621=ORIENTED_EDGE('no 13154',*,*,#4351,.F.);
#4622=EDGE_LOOP('',(#4619,#4620,#4621));
#4623=FACE_OUTER_BOUND('',#4622,.T.);
#4624=CARTESIAN_POINT('',(0.232218,-0.00867937,-0.0));
#4625=DIRECTION('',(-0.0774955853,0.9969926952,0.0000000471));
#4626=DIRECTION('',(-0.1874550213,-0.0145708017,0.9821651117));
#4627=AXIS2_PLACEMENT_3D('',#4624,#4625,#4626);
#4628=PLANE('',#4627);
#4629=ADVANCED_FACE('no 13162',(#4623),#4628,.T.);
#4630=CARTESIAN_POINT('',(0.232962,-0.00468309,0.003));
#4631=VERTEX_POINT('',#4630);
#4632=CARTESIAN_POINT('',(0.232962,-0.00468309,0.003));
#4633=DIRECTION('',(0.0045994054,0.9999894227,0.0));
#4634=VECTOR('',#4633,1.0);
#4635=LINE('',#4632,#4634);
#4636=EDGE_CURVE('no 7808',#4631,#4093,#4635,.T.);
#4637=ORIENTED_EDGE('no 7844',*,*,#4636,.F.);
#4638=CARTESIAN_POINT('',(0.232962,-0.00468309,0.003));
#4639=DIRECTION('',(0.7602540989,-0.6496258193,0.0));
#4640=VECTOR('',#4639,1.0);
#4641=LINE('',#4638,#4640);
#4642=EDGE_CURVE('no 7837',#4631,#3665,#4641,.T.);
#4643=ORIENTED_EDGE('no 7845',*,*,#4642,.T.);
#4644=ORIENTED_EDGE('no 7846',*,*,#4098,.T.);
#4645=EDGE_LOOP('',(#4637,#4643,#4644));
#4646=FACE_OUTER_BOUND('',#4645,.T.);
#4647=CARTESIAN_POINT('',(0.233318,0.0727174,0.003));
#4648=DIRECTION('',(0.0,0.0,1.0));
#4649=DIRECTION('',(-0.004594642,-0.9999894446,0.0));
#4650=AXIS2_PLACEMENT_3D('',#4647,#4648,#4649);
#4651=PLANE('',#4650);
#4652=ADVANCED_FACE('no 7854',(#4646),#4651,.T.);
#4653=ORIENTED_EDGE('no 2494',*,*,#4122,.F.);
#4654=CARTESIAN_POINT('',(0.230662,0.0761783,-0.0));
#4655=VERTEX_POINT('',#4654);
#4656=CARTESIAN_POINT('',(0.236762,0.079273,-0.0));
#4657=DIRECTION('',(-0.8917979206,-0.4524339385,0.0));
#4658=VECTOR('',#4657,1.0);
#4659=LINE('',#4656,#4658);
#4660=EDGE_CURVE('no 2487',#532,#4655,#4659,.T.);
#4661=ORIENTED_EDGE('no 2495',*,*,#4660,.T.);
#4662=CARTESIAN_POINT('',(0.230662,0.0761783,-0.0));
#4663=DIRECTION('',(-0.985934349,-0.1671330592,0.0));
#4664=VECTOR('',#4663,1.0);
#4665=LINE('',#4662,#4664);
#4666=EDGE_CURVE('no 2493',#4655,#4117,#4665,.T.);
#4667=ORIENTED_EDGE('no 2496',*,*,#4666,.T.);
#4668=EDGE_LOOP('',(#4653,#4661,#4667));
#4669=FACE_OUTER_BOUND('',#4668,.T.);
#4670=CARTESIAN_POINT('',(0.171365,0.0661264,-0.0));
#4671=DIRECTION('',(0.0,0.0,-1.0));
#4672=DIRECTION('',(0.9803863891,0.1970850782,0.0));
#4673=AXIS2_PLACEMENT_3D('',#4670,#4671,#4672);
#4674=PLANE('',#4673);
#4675=ADVANCED_FACE('no 2504',(#4669),#4674,.T.);
#4676=ORIENTED_EDGE('no 2355',*,*,#4128,.F.);
#4677=CARTESIAN_POINT('',(0.156666,0.046273,-0.0));
#4678=VERTEX_POINT('',#4677);
#4679=CARTESIAN_POINT('',(0.171365,0.0661264,-0.0));
#4680=DIRECTION('',(-0.5950387516,-0.8036970101,0.0));
#4681=VECTOR('',#4680,1.0);
#4682=LINE('',#4679,#4681);
#4683=EDGE_CURVE('no 2348',#4117,#4678,#4682,.T.);
#4684=ORIENTED_EDGE('no 2356',*,*,#4683,.T.);
#4685=CARTESIAN_POINT('',(0.156666,0.046273,-0.0));
#4686=DIRECTION('',(0.0,1.0,0.0));
#4687=VECTOR('',#4686,1.0);
#4688=LINE('',#4685,#4687);
#4689=EDGE_CURVE('no 2354',#4678,#3689,#4688,.T.);
#4690=ORIENTED_EDGE('no 2357',*,*,#4689,.T.);
#4691=EDGE_LOOP('',(#4676,#4684,#4690));
#4692=FACE_OUTER_BOUND('',#4691,.T.);
#4693=CARTESIAN_POINT('',(0.156666,0.069273,-0.0));
#4694=DIRECTION('',(0.0,0.0,-1.0));
#4695=DIRECTION('',(0.9778480494,-0.2093160106,0.0));
#4696=AXIS2_PLACEMENT_3D('',#4693,#4694,#4695);
#4697=PLANE('',#4696);
#4698=ADVANCED_FACE('no 2365',(#4692),#4697,.T.);
#4699=CARTESIAN_POINT('',(0.156666,0.069273,0.003));
#4700=DIRECTION('',(0.0,-0.9916004112,-0.1293391841));
#4701=VECTOR('',#4700,1.0);
#4702=LINE('',#4699,#4701);
#4703=EDGE_CURVE('no 11426',#4009,#4678,#4702,.T.);
#4704=ORIENTED_EDGE('no 11450',*,*,#4703,.F.);
#4705=ORIENTED_EDGE('no 11451',*,*,#4149,.F.);
#4706=ORIENTED_EDGE('no 11452',*,*,#4689,.F.);
#4707=EDGE_LOOP('',(#4704,#4705,#4706));
#4708=FACE_OUTER_BOUND('',#4707,.T.);
#4709=CARTESIAN_POINT('',(0.156666,0.046273,-0.0));
#4710=DIRECTION('',(-1.0,0.0,0.0));
#4711=DIRECTION('',(0.0,0.9916004279,0.1293390558));
#4712=AXIS2_PLACEMENT_3D('',#4709,#4710,#4711);
#4713=PLANE('',#4712);
#4714=ADVANCED_FACE('no 11460',(#4708),#4713,.T.);
#4715=CARTESIAN_POINT('',(0.133666,0.046273,-0.0));
#4716=VERTEX_POINT('',#4715);
#4717=CARTESIAN_POINT('',(0.132361,0.024316,-0.0));
#4718=DIRECTION('',(0.0593484196,0.998237329,0.0));
#4719=VECTOR('',#4718,1.0);
#4720=LINE('',#4717,#4719);
#4721=EDGE_CURVE('no 846',#4161,#4716,#4720,.T.);
#4722=ORIENTED_EDGE('no 882',*,*,#4721,.F.);
#4723=ORIENTED_EDGE('no 883',*,*,#4166,.T.);
#4724=CARTESIAN_POINT('',(0.133666,0.069273,-0.0));
#4725=DIRECTION('',(0.0,-1.0,0.0));
#4726=VECTOR('',#4725,1.0);
#4727=LINE('',#4724,#4726);
#4728=EDGE_CURVE('no 881',#3340,#4716,#4727,.T.);
#4729=ORIENTED_EDGE('no 884',*,*,#4728,.T.);
#4730=EDGE_LOOP('',(#4722,#4723,#4729));
#4731=FACE_OUTER_BOUND('',#4730,.T.);
#4732=CARTESIAN_POINT('',(0.133666,0.046273,-0.0));
#4733=DIRECTION('',(-0.0,0.0,-1.0));
#4734=DIRECTION('',(-0.0593484196,-0.998237329,0.0));
#4735=AXIS2_PLACEMENT_3D('',#4732,#4733,#4734);
#4736=PLANE('',#4735);
#4737=ADVANCED_FACE('no 892',(#4731),#4736,.T.);
#4738=CARTESIAN_POINT('',(0.126087,0.0737036,-0.0));
#4739=VERTEX_POINT('',#4738);
#4740=CARTESIAN_POINT('',(0.126087,0.0737036,-0.0));
#4741=DIRECTION('',(0.0,-1.0,0.0));
#4742=VECTOR('',#4741,1.0);
#4743=LINE('',#4740,#4742);
#4744=EDGE_CURVE('no 631',#4739,#4183,#4743,.T.);
#4745=ORIENTED_EDGE('no 667',*,*,#4744,.F.);
#4746=CARTESIAN_POINT('',(0.126087,0.0737036,-0.0));
#4747=DIRECTION('',(0.1305080332,0.9914472519,0.0));
#4748=VECTOR('',#4747,1.0);
#4749=LINE('',#4746,#4748);
#4750=EDGE_CURVE('no 660',#4739,#2961,#4749,.T.);
#4751=ORIENTED_EDGE('no 668',*,*,#4750,.T.);
#4752=ORIENTED_EDGE('no 669',*,*,#4188,.T.);
#4753=EDGE_LOOP('',(#4745,#4751,#4752));
#4754=FACE_OUTER_BOUND('',#4753,.T.);
#4755=CARTESIAN_POINT('',(0.126087,-0.0059576,-0.0));
#4756=DIRECTION('',(0.0,0.0,-1.0));
#4757=DIRECTION('',(0.0,1.0,0.0));
#4758=AXIS2_PLACEMENT_3D('',#4755,#4756,#4757);
#4759=PLANE('',#4758);
#4760=ADVANCED_FACE('no 677',(#4754),#4759,.T.);
#4761=ORIENTED_EDGE('no 11726',*,*,#4266,.F.);
#4762=CARTESIAN_POINT('',(0.126087,-0.0059576,-0.0));
#4763=DIRECTION('',(0.0,0.0,1.0));
#4764=VECTOR('',#4763,1.0);
#4765=LINE('',#4762,#4764);
#4766=EDGE_CURVE('no 11662',#4183,#4261,#4765,.T.);
#4767=ORIENTED_EDGE('no 11727',*,*,#4766,.F.);
#4768=ORIENTED_EDGE('no 11728',*,*,#4195,.F.);
#4769=EDGE_LOOP('',(#4761,#4767,#4768));
#4770=FACE_OUTER_BOUND('',#4769,.T.);
#4771=CARTESIAN_POINT('',(0.126162,-0.006527,-0.0));
#4772=DIRECTION('',(-0.9914472509,-0.1305080408,-0.0000000404));
#4773=DIRECTION('',(-0.0245387099,0.186416075,0.982164395));
#4774=AXIS2_PLACEMENT_3D('',#4771,#4772,#4773);
#4775=PLANE('',#4774);
#4776=ADVANCED_FACE('no 11736',(#4770),#4775,.T.);
#4777=ORIENTED_EDGE('no 493',*,*,#4212,.F.);
#4778=CARTESIAN_POINT('',(0.125518,0.0727174,-0.0));
#4779=VERTEX_POINT('',#4778);
#4780=CARTESIAN_POINT('',(0.125062,0.0723677,-0.0));
#4781=DIRECTION('',(0.7933542749,0.608760211,0.0));
#4782=VECTOR('',#4781,1.0);
#4783=LINE('',#4780,#4782);
#4784=EDGE_CURVE('no 486',#3733,#4779,#4783,.T.);
#4785=ORIENTED_EDGE('no 494',*,*,#4784,.T.);
#4786=CARTESIAN_POINT('',(0.125518,0.0727174,-0.0));
#4787=DIRECTION('',(-0.0058912579,-0.9999826464,0.0));
#4788=VECTOR('',#4787,1.0);
#4789=LINE('',#4786,#4788);
#4790=EDGE_CURVE('no 492',#4779,#4207,#4789,.T.);
#4791=ORIENTED_EDGE('no 495',*,*,#4790,.T.);
#4792=EDGE_LOOP('',(#4777,#4785,#4791));
#4793=FACE_OUTER_BOUND('',#4792,.T.);
#4794=CARTESIAN_POINT('',(0.125062,-0.00462175,-0.0));
#4795=DIRECTION('',(0.0,0.0,-1.0));
#4796=DIRECTION('',(0.0,1.0,0.0));
#4797=AXIS2_PLACEMENT_3D('',#4794,#4795,#4796);
#4798=PLANE('',#4797);
#4799=ADVANCED_FACE('no 503',(#4793),#4798,.T.);
#4800=CARTESIAN_POINT('',(0.125518,-0.00497137,0.003));
#4801=VERTEX_POINT('',#4800);
#4802=CARTESIAN_POINT('',(0.125518,-0.00497137,0.003));
#4803=DIRECTION('',(-0.1492863366,0.1144594057,-0.9821469514));
#4804=VECTOR('',#4803,1.0);
#4805=LINE('',#4802,#4804);
#4806=EDGE_CURVE('no 11564',#4801,#4207,#4805,.T.);
#4807=ORIENTED_EDGE('no 11588',*,*,#4806,.F.);
#4808=CARTESIAN_POINT('',(0.125062,-0.00462175,0.003));
#4809=DIRECTION('',(0.7935895545,-0.608453465,0.0));
#4810=VECTOR('',#4809,1.0);
#4811=LINE('',#4808,#4810);
#4812=EDGE_CURVE('no 8498',#3755,#4801,#4811,.T.);
#4813=ORIENTED_EDGE('no 11589',*,*,#4812,.F.);
#4814=ORIENTED_EDGE('no 11590',*,*,#4234,.F.);
#4815=EDGE_LOOP('',(#4807,#4813,#4814));
#4816=FACE_OUTER_BOUND('',#4815,.T.);
#4817=CARTESIAN_POINT('',(0.125062,-0.00462175,-0.0));
#4818=DIRECTION('',(-0.6087630783,-0.7933520747,-0.0000000871));
#4819=DIRECTION('',(0.1491689234,-0.1144619412,0.9821644955));
#4820=AXIS2_PLACEMENT_3D('',#4817,#4818,#4819);
#4821=PLANE('',#4820);
#4822=ADVANCED_FACE('no 11598',(#4816),#4821,.T.);
#4823=ORIENTED_EDGE('no 8476',*,*,#4250,.F.);
#4824=CARTESIAN_POINT('',(0.125062,0.0723677,0.003));
#4825=VERTEX_POINT('',#4824);
#4826=CARTESIAN_POINT('',(0.125062,-0.00462175,0.003));
#4827=DIRECTION('',(0.0,1.0,0.0));
#4828=VECTOR('',#4827,1.0);
#4829=LINE('',#4826,#4828);
#4830=EDGE_CURVE('no 8469',#3755,#4825,#4829,.T.);
#4831=ORIENTED_EDGE('no 8477',*,*,#4830,.T.);
#4832=CARTESIAN_POINT('',(0.125062,0.0723677,0.003));
#4833=DIRECTION('',(-0.9238780467,-0.3826870194,0.0));
#4834=VECTOR('',#4833,1.0);
#4835=LINE('',#4832,#4834);
#4836=EDGE_CURVE('no 8475',#4825,#3779,#4835,.T.);
#4837=ORIENTED_EDGE('no 8478',*,*,#4836,.T.);
#4838=EDGE_LOOP('',(#4823,#4831,#4837));
#4839=FACE_OUTER_BOUND('',#4838,.T.);
#4840=CARTESIAN_POINT('',(0.124532,0.072148,0.003));
#4841=DIRECTION('',(-0.0,0.0,1.0));
#4842=DIRECTION('',(0.0069114208,-0.9999761158,0.0));
#4843=AXIS2_PLACEMENT_3D('',#4840,#4841,#4842);
#4844=PLANE('',#4843);
#4845=ADVANCED_FACE('no 8486',(#4839),#4844,.T.);
#4846=CARTESIAN_POINT('',(0.126087,-0.0059576,0.003));
#4847=DIRECTION('',(0.0,1.0,0.0));
#4848=VECTOR('',#4847,1.0);
#4849=LINE('',#4846,#4848);
#4850=EDGE_CURVE('no 8643',#4261,#4484,#4849,.T.);
#4851=ORIENTED_EDGE('no 8679',*,*,#4850,.F.);
#4852=ORIENTED_EDGE('no 8680',*,*,#4273,.T.);
#4853=ORIENTED_EDGE('no 8681',*,*,#4489,.T.);
#4854=EDGE_LOOP('',(#4851,#4852,#4853));
#4855=FACE_OUTER_BOUND('',#4854,.T.);
#4856=CARTESIAN_POINT('',(0.126087,0.0737036,0.003));
#4857=DIRECTION('',(0.0,0.0,1.0));
#4858=DIRECTION('',(0.0,-1.0,0.0));
#4859=AXIS2_PLACEMENT_3D('',#4856,#4857,#4858);
#4860=PLANE('',#4859);
#4861=ADVANCED_FACE('no 8689',(#4855),#4860,.T.);
#4862=CARTESIAN_POINT('',(0.132361,0.024316,-0.0));
#4863=DIRECTION('',(0.0,-0.9877630159,0.1559622531));
#4864=VECTOR('',#4863,1.0);
#4865=LINE('',#4862,#4864);
#4866=EDGE_CURVE('no 10138',#4161,#3542,#4865,.T.);
#4867=ORIENTED_EDGE('no 10139',*,*,#4866,.T.);
#4868=CARTESIAN_POINT('',(0.132361,0.00531596,-0.0));
#4869=DIRECTION('',(0.0,0.0,1.0));
#4870=VECTOR('',#4869,1.0);
#4871=LINE('',#4868,#4870);
#4872=EDGE_CURVE('no 10098',#3818,#3542,#4871,.T.);
#4873=ORIENTED_EDGE('no 10140',*,*,#4872,.F.);
#4874=ORIENTED_EDGE('no 10141',*,*,#4289,.F.);
#4875=EDGE_LOOP('',(#4867,#4873,#4874));
#4876=FACE_OUTER_BOUND('',#4875,.T.);
#4877=CARTESIAN_POINT('',(0.132361,0.024316,-0.0));
#4878=DIRECTION('',(1.0,0.0,0.0));
#4879=DIRECTION('',(0.0,-0.9877629005,0.1559629843));
#4880=AXIS2_PLACEMENT_3D('',#4877,#4878,#4879);
#4881=PLANE('',#4880);
#4882=ADVANCED_FACE('no 10149',(#4876),#4881,.T.);
#4883=ORIENTED_EDGE('no 10099',*,*,#4450,.T.);
#4884=ORIENTED_EDGE('no 10100',*,*,#4306,.F.);
#4885=ORIENTED_EDGE('no 10101',*,*,#4872,.T.);
#4886=EDGE_LOOP('',(#4883,#4884,#4885));
#4887=FACE_OUTER_BOUND('',#4886,.T.);
#4888=CARTESIAN_POINT('',(0.132361,0.00531596,0.003));
#4889=DIRECTION('',(0.0,1.0,0.0));
#4890=DIRECTION('',(0.9928768669,0.0,-0.119144984));
#4891=AXIS2_PLACEMENT_3D('',#4888,#4889,#4890);
#4892=PLANE('',#4891);
#4893=ADVANCED_FACE('no 10109',(#4887),#4892,.T.);
#4894=ORIENTED_EDGE('no 3526',*,*,#4312,.F.);
#4895=CARTESIAN_POINT('',(0.163012,0.00444882,-0.0));
#4896=VERTEX_POINT('',#4895);
#4897=CARTESIAN_POINT('',(0.157361,0.00531596,-0.0));
#4898=DIRECTION('',(0.9884306284,-0.1516736392,0.0));
#4899=VECTOR('',#4898,1.0);
#4900=LINE('',#4897,#4899);
#4901=EDGE_CURVE('no 3519',#4301,#4896,#4900,.T.);
#4902=ORIENTED_EDGE('no 3527',*,*,#4901,.T.);
#4903=CARTESIAN_POINT('',(0.163012,0.00444882,-0.0));
#4904=DIRECTION('',(0.9773320933,-0.2117120202,0.0));
#4905=VECTOR('',#4904,1.0);
#4906=LINE('',#4903,#4905);
#4907=EDGE_CURVE('no 3525',#4896,#983,#4906,.T.);
#4908=ORIENTED_EDGE('no 3528',*,*,#4907,.T.);
#4909=EDGE_LOOP('',(#4894,#4902,#4908));
#4910=FACE_OUTER_BOUND('',#4909,.T.);
#4911=CARTESIAN_POINT('',(0.236762,-0.011527,-0.0));
#4912=DIRECTION('',(0.0,0.0,-1.0));
#4913=DIRECTION('',(-0.978233756,0.2075059482,0.0));
#4914=AXIS2_PLACEMENT_3D('',#4911,#4912,#4913);
#4915=PLANE('',#4914);
#4916=ADVANCED_FACE('no 3536',(#4910),#4915,.T.);
#4917=CARTESIAN_POINT('',(0.23108,-0.00861867,-0.0));
#4918=VERTEX_POINT('',#4917);
#4919=CARTESIAN_POINT('',(0.23108,-0.00861867,-0.0));
#4920=DIRECTION('',(0.8901680925,-0.4556322718,0.0));
#4921=VECTOR('',#4920,1.0);
#4922=LINE('',#4919,#4921);
#4923=EDGE_CURVE('no 4052',#4918,#983,#4922,.T.);
#4924=ORIENTED_EDGE('no 4082',*,*,#4923,.F.);
#4925=CARTESIAN_POINT('',(0.23108,-0.00861867,-0.0));
#4926=DIRECTION('',(0.9831007124,-0.1830655327,0.0));
#4927=VECTOR('',#4926,1.0);
#4928=LINE('',#4925,#4927);
#4929=EDGE_CURVE('no 4075',#4918,#4323,#4928,.T.);
#4930=ORIENTED_EDGE('no 4083',*,*,#4929,.T.);
#4931=ORIENTED_EDGE('no 4084',*,*,#4328,.T.);
#4932=EDGE_LOOP('',(#4924,#4930,#4931));
#4933=FACE_OUTER_BOUND('',#4932,.T.);
#4934=CARTESIAN_POINT('',(0.236762,-0.011527,-0.0));
#4935=DIRECTION('',(0.0,0.0,-1.0));
#4936=DIRECTION('',(-0.8901637028,0.4556408479,0.0));
#4937=AXIS2_PLACEMENT_3D('',#4934,#4935,#4936);
#4938=PLANE('',#4937);
#4939=ADVANCED_FACE('no 4092',(#4933),#4938,.T.);
#4940=ORIENTED_EDGE('no 13135',*,*,#4618,.T.);
#4941=ORIENTED_EDGE('no 13136',*,*,#4334,.F.);
#4942=CARTESIAN_POINT('',(0.231645,-0.00872388,-0.0));
#4943=DIRECTION('',(0.0,0.0,1.0));
#4944=VECTOR('',#4943,1.0);
#4945=LINE('',#4942,#4944);
#4946=EDGE_CURVE('no 13134',#4323,#4054,#4945,.T.);
#4947=ORIENTED_EDGE('no 13137',*,*,#4946,.T.);
#4948=EDGE_LOOP('',(#4940,#4941,#4947));
#4949=FACE_OUTER_BOUND('',#4948,.T.);
#4950=CARTESIAN_POINT('',(0.231645,-0.00872388,0.003));
#4951=DIRECTION('',(-0.0774955853,0.9969926952,0.0000000471));
#4952=DIRECTION('',(0.1874550213,0.0145708017,-0.9821651117));
#4953=AXIS2_PLACEMENT_3D('',#4950,#4951,#4952);
#4954=PLANE('',#4953);
#4955=ADVANCED_FACE('no 13145',(#4949),#4954,.T.);
#4956=CARTESIAN_POINT('',(0.232962,-0.00468309,-0.0));
#4957=VERTEX_POINT('',#4956);
#4958=CARTESIAN_POINT('',(0.233318,0.0727174,-0.0));
#4959=DIRECTION('',(-0.004594642,-0.9999894446,0.0));
#4960=VECTOR('',#4959,1.0);
#4961=LINE('',#4958,#4960);
#4962=EDGE_CURVE('no 1577',#4362,#4957,#4961,.T.);
#4963=ORIENTED_EDGE('no 1607',*,*,#4962,.F.);
#4964=ORIENTED_EDGE('no 1608',*,*,#4367,.T.);
#4965=CARTESIAN_POINT('',(0.233399,-0.0050565,-0.0));
#4966=DIRECTION('',(-0.7602540989,0.6496258193,0.0));
#4967=VECTOR('',#4966,1.0);
#4968=LINE('',#4965,#4967);
#4969=EDGE_CURVE('no 1606',#3879,#4957,#4968,.T.);
#4970=ORIENTED_EDGE('no 1609',*,*,#4969,.T.);
#4971=EDGE_LOOP('',(#4963,#4964,#4970));
#4972=FACE_OUTER_BOUND('',#4971,.T.);
#4973=CARTESIAN_POINT('',(0.232962,-0.00468309,-0.0));
#4974=DIRECTION('',(0.0,0.0,-1.0));
#4975=DIRECTION('',(0.004594642,0.9999894446,0.0));
#4976=AXIS2_PLACEMENT_3D('',#4973,#4974,#4975);
#4977=PLANE('',#4976);
#4978=ADVANCED_FACE('no 1617',(#4972),#4977,.T.);
#4979=CARTESIAN_POINT('',(0.233399,-0.0050565,0.003));
#4980=DIRECTION('',(-0.1430642795,0.1222462988,-0.9821346417));
#4981=VECTOR('',#4980,1.0);
#4982=LINE('',#4979,#4981);
#4983=EDGE_CURVE('no 12714',#3665,#4957,#4982,.T.);
#4984=ORIENTED_EDGE('no 12721',*,*,#4983,.T.);
#4985=ORIENTED_EDGE('no 12722',*,*,#4969,.F.);
#4986=ORIENTED_EDGE('no 12723',*,*,#4389,.T.);
#4987=EDGE_LOOP('',(#4984,#4985,#4986));
#4988=FACE_OUTER_BOUND('',#4987,.T.);
#4989=CARTESIAN_POINT('',(0.233399,-0.0050565,0.003));
#4990=DIRECTION('',(-0.6501849357,-0.7597759863,0.0000002086));
#4991=DIRECTION('',(-0.1428560698,0.1222500598,-0.9821644802));
#4992=AXIS2_PLACEMENT_3D('',#4989,#4990,#4991);
#4993=PLANE('',#4992);
#4994=ADVANCED_FACE('no 12731',(#4988),#4993,.T.);
#4995=ORIENTED_EDGE('no 2813',*,*,#4660,.F.);
#4996=ORIENTED_EDGE('no 2814',*,*,#4406,.T.);
#4997=CARTESIAN_POINT('',(0.231193,0.076398,-0.0));
#4998=DIRECTION('',(-0.9238739253,-0.3826969691,0.0));
#4999=VECTOR('',#4998,1.0);
#5000=LINE('',#4997,#4999);
#5001=EDGE_CURVE('no 2812',#4401,#4655,#5000,.T.);
#5002=ORIENTED_EDGE('no 2815',*,*,#5001,.T.);
#5003=EDGE_LOOP('',(#4995,#4996,#5002));
#5004=FACE_OUTER_BOUND('',#5003,.T.);
#5005=CARTESIAN_POINT('',(0.230662,0.0761783,-0.0));
#5006=DIRECTION('',(0.0,0.0,-1.0));
#5007=DIRECTION('',(0.8917948771,0.4524399376,0.0));
#5008=AXIS2_PLACEMENT_3D('',#5005,#5006,#5007);
#5009=PLANE('',#5008);
#5010=ADVANCED_FACE('no 2823',(#5004),#5009,.T.);
#5011=ORIENTED_EDGE('no 5316',*,*,#4430,.F.);
#5012=CARTESIAN_POINT('',(0.180012,0.00444882,0.003));
#5013=VERTEX_POINT('',#5012);
#5014=CARTESIAN_POINT('',(0.236762,-0.011527,0.003));
#5015=DIRECTION('',(-0.9625851188,0.2709794994,0.0));
#5016=VECTOR('',#5015,1.0);
#5017=LINE('',#5014,#5016);
#5018=EDGE_CURVE('no 5309',#757,#5013,#5017,.T.);
#5019=ORIENTED_EDGE('no 5317',*,*,#5018,.T.);
#5020=CARTESIAN_POINT('',(0.180012,0.00444882,0.003));
#5021=DIRECTION('',(-1.0,0.0,0.0));
#5022=VECTOR('',#5021,1.0);
#5023=LINE('',#5020,#5022);
#5024=EDGE_CURVE('no 5315',#5013,#4425,#5023,.T.);
#5025=ORIENTED_EDGE('no 5318',*,*,#5024,.T.);
#5026=EDGE_LOOP('',(#5011,#5019,#5025));
#5027=FACE_OUTER_BOUND('',#5026,.T.);
#5028=CARTESIAN_POINT('',(0.163012,0.00444882,0.003));
#5029=DIRECTION('',(-0.0,0.0,1.0));
#5030=DIRECTION('',(0.9773320933,-0.2117120202,0.0));
#5031=AXIS2_PLACEMENT_3D('',#5028,#5029,#5030);
#5032=PLANE('',#5031);
#5033=ADVANCED_FACE('no 5326',(#5027),#5032,.T.);
#5034=ORIENTED_EDGE('no 5287',*,*,#4436,.F.);
#5035=CARTESIAN_POINT('',(0.157361,0.024316,0.003));
#5036=VERTEX_POINT('',#5035);
#5037=CARTESIAN_POINT('',(0.163012,0.00444882,0.003));
#5038=DIRECTION('',(-0.2736278942,0.9618356281,0.0));
#5039=VECTOR('',#5038,1.0);
#5040=LINE('',#5037,#5039);
#5041=EDGE_CURVE('no 5280',#4425,#5036,#5040,.T.);
#5042=ORIENTED_EDGE('no 5288',*,*,#5041,.T.);
#5043=CARTESIAN_POINT('',(0.157361,0.024316,0.003));
#5044=DIRECTION('',(0.0,-1.0,0.0));
#5045=VECTOR('',#5044,1.0);
#5046=LINE('',#5043,#5045);
#5047=EDGE_CURVE('no 5286',#5036,#3942,#5046,.T.);
#5048=ORIENTED_EDGE('no 5289',*,*,#5047,.T.);
#5049=EDGE_LOOP('',(#5034,#5042,#5048));
#5050=FACE_OUTER_BOUND('',#5049,.T.);
#5051=CARTESIAN_POINT('',(0.157361,0.00531596,0.003));
#5052=DIRECTION('',(-0.0,0.0,1.0));
#5053=DIRECTION('',(0.9884342497,-0.1516500383,0.0));
#5054=AXIS2_PLACEMENT_3D('',#5051,#5052,#5053);
#5055=PLANE('',#5054);
#5056=ADVANCED_FACE('no 5297',(#5050),#5055,.T.);
#5057=CARTESIAN_POINT('',(0.157361,0.024316,0.003));
#5058=DIRECTION('',(0.0,-0.9877630159,-0.1559622531));
#5059=VECTOR('',#5058,1.0);
#5060=LINE('',#5057,#5059);
#5061=EDGE_CURVE('no 10040',#5036,#4301,#5060,.T.);
#5062=ORIENTED_EDGE('no 10047',*,*,#5061,.T.);
#5063=ORIENTED_EDGE('no 10048',*,*,#4457,.T.);
#5064=ORIENTED_EDGE('no 10049',*,*,#5047,.F.);
#5065=EDGE_LOOP('',(#5062,#5063,#5064));
#5066=FACE_OUTER_BOUND('',#5065,.T.);
#5067=CARTESIAN_POINT('',(0.157361,0.024316,0.003));
#5068=DIRECTION('',(-1.0,-0.0,0.0));
#5069=DIRECTION('',(0.0,-0.9877629005,-0.1559629843));
#5070=AXIS2_PLACEMENT_3D('',#5067,#5068,#5069);
#5071=PLANE('',#5070);
#5072=ADVANCED_FACE('no 10057',(#5066),#5071,.T.);
#5073=ORIENTED_EDGE('no 10162',*,*,#4866,.F.);
#5074=CARTESIAN_POINT('',(0.132361,0.024316,-0.0));
#5075=DIRECTION('',(0.0,0.0,1.0));
#5076=VECTOR('',#5075,1.0);
#5077=LINE('',#5074,#5076);
#5078=EDGE_CURVE('no 10161',#4161,#3986,#5077,.T.);
#5079=ORIENTED_EDGE('no 10163',*,*,#5078,.T.);
#5080=ORIENTED_EDGE('no 10164',*,*,#4473,.F.);
#5081=EDGE_LOOP('',(#5073,#5079,#5080));
#5082=FACE_OUTER_BOUND('',#5081,.T.);
#5083=CARTESIAN_POINT('',(0.132361,0.00531596,0.003));
#5084=DIRECTION('',(1.0,-0.0,0.0));
#5085=DIRECTION('',(0.0,0.9877629005,-0.1559629843));
#5086=AXIS2_PLACEMENT_3D('',#5083,#5084,#5085);
#5087=PLANE('',#5086);
#5088=ADVANCED_FACE('no 10172',(#5082),#5087,.T.);
#5089=CARTESIAN_POINT('',(0.135225,0.0261854,0.003));
#5090=VERTEX_POINT('',#5089);
#5091=CARTESIAN_POINT('',(0.132361,0.024316,0.003));
#5092=DIRECTION('',(0.8373999685,0.546590608,0.0));
#5093=VECTOR('',#5092,1.0);
#5094=LINE('',#5091,#5093);
#5095=EDGE_CURVE('no 9135',#3986,#5090,#5094,.T.);
#5096=ORIENTED_EDGE('no 9142',*,*,#5095,.T.);
#5097=CARTESIAN_POINT('',(0.135225,0.0261854,0.003));
#5098=DIRECTION('',(-0.0773773833,0.9970018759,0.0));
#5099=VECTOR('',#5098,1.0);
#5100=LINE('',#5097,#5099);
#5101=EDGE_CURVE('no 9141',#5090,#4508,#5100,.T.);
#5102=ORIENTED_EDGE('no 9143',*,*,#5101,.T.);
#5103=ORIENTED_EDGE('no 9144',*,*,#4513,.F.);
#5104=EDGE_LOOP('',(#5096,#5102,#5103));
#5105=FACE_OUTER_BOUND('',#5104,.T.);
#5106=CARTESIAN_POINT('',(0.132361,0.024316,0.003));
#5107=DIRECTION('',(0.0,-0.0,1.0));
#5108=DIRECTION('',(0.8374258739,0.5465509177,0.0));
#5109=AXIS2_PLACEMENT_3D('',#5106,#5107,#5108);
#5110=PLANE('',#5109);
#5111=ADVANCED_FACE('no 9152',(#5105),#5110,.T.);
#5112=CARTESIAN_POINT('',(0.133666,0.069273,-0.0));
#5113=DIRECTION('',(0.0,-0.9916004112,0.1293391841));
#5114=VECTOR('',#5113,1.0);
#5115=LINE('',#5112,#5114);
#5116=EDGE_CURVE('no 11328',#3340,#4508,#5115,.T.);
#5117=ORIENTED_EDGE('no 11358',*,*,#5116,.F.);
#5118=ORIENTED_EDGE('no 11359',*,*,#4535,.T.);
#5119=ORIENTED_EDGE('no 11360',*,*,#4519,.F.);
#5120=EDGE_LOOP('',(#5117,#5118,#5119));
#5121=FACE_OUTER_BOUND('',#5120,.T.);
#5122=CARTESIAN_POINT('',(0.133666,0.046273,0.003));
#5123=DIRECTION('',(1.0,-0.0,0.0));
#5124=DIRECTION('',(0.0,0.9916004279,-0.1293390558));
#5125=AXIS2_PLACEMENT_3D('',#5122,#5123,#5124);
#5126=PLANE('',#5125);
#5127=ADVANCED_FACE('no 11368',(#5121),#5126,.T.);
#5128=ORIENTED_EDGE('no 6702',*,*,#4552,.F.);
#5129=CARTESIAN_POINT('',(0.156666,0.069273,0.003));
#5130=DIRECTION('',(0.0154573696,-0.9998805277,0.0));
#5131=VECTOR('',#5130,1.0);
#5132=LINE('',#5129,#5131);
#5133=EDGE_CURVE('no 6695',#4009,#5036,#5132,.T.);
#5134=ORIENTED_EDGE('no 6703',*,*,#5133,.T.);
#5135=CARTESIAN_POINT('',(0.157361,0.024316,0.003));
#5136=DIRECTION('',(0.3176170269,0.9482190803,0.0));
#5137=VECTOR('',#5136,1.0);
#5138=LINE('',#5135,#5137);
#5139=EDGE_CURVE('no 6701',#5036,#4547,#5138,.T.);
#5140=ORIENTED_EDGE('no 6704',*,*,#5139,.T.);
#5141=EDGE_LOOP('',(#5128,#5134,#5140));
#5142=FACE_OUTER_BOUND('',#5141,.T.);
#5143=CARTESIAN_POINT('',(0.171365,0.0661264,0.003));
#5144=DIRECTION('',(0.0,0.0,1.0));
#5145=DIRECTION('',(-0.9778480494,0.2093160106,0.0));
#5146=AXIS2_PLACEMENT_3D('',#5143,#5144,#5145);
#5147=PLANE('',#5146);
#5148=ADVANCED_FACE('no 6712',(#5142),#5147,.T.);
#5149=ORIENTED_EDGE('no 6870',*,*,#4558,.F.);
#5150=CARTESIAN_POINT('',(0.171365,0.0661264,0.003));
#5151=DIRECTION('',(0.985934349,0.1671330592,0.0));
#5152=VECTOR('',#5151,1.0);
#5153=LINE('',#5150,#5152);
#5154=EDGE_CURVE('no 6863',#4547,#4569,#5153,.T.);
#5155=ORIENTED_EDGE('no 6871',*,*,#5154,.T.);
#5156=ORIENTED_EDGE('no 6872',*,*,#4574,.T.);
#5157=EDGE_LOOP('',(#5149,#5155,#5156));
#5158=FACE_OUTER_BOUND('',#5157,.T.);
#5159=CARTESIAN_POINT('',(0.236762,0.079273,0.003));
#5160=DIRECTION('',(0.0,0.0,1.0));
#5161=DIRECTION('',(-0.9803863891,-0.1970850782,0.0));
#5162=AXIS2_PLACEMENT_3D('',#5159,#5160,#5161);
#5163=PLANE('',#5162);
#5164=ADVANCED_FACE('no 6880',(#5158),#5163,.T.);
#5165=CARTESIAN_POINT('',(0.230562,-0.00837092,0.003));
#5166=VERTEX_POINT('',#5165);
#5167=CARTESIAN_POINT('',(0.236762,-0.011527,0.003));
#5168=DIRECTION('',(-0.8911795984,0.4536506624,0.0));
#5169=VECTOR('',#5168,1.0);
#5170=LINE('',#5167,#5169);
#5171=EDGE_CURVE('no 5628',#757,#5166,#5170,.T.);
#5172=ORIENTED_EDGE('no 5867',*,*,#5171,.F.);
#5173=ORIENTED_EDGE('no 5868',*,*,#4597,.T.);
#5174=CARTESIAN_POINT('',(0.23108,-0.00861867,0.003));
#5175=DIRECTION('',(-0.9021268534,0.4314709033,0.0));
#5176=VECTOR('',#5175,1.0);
#5177=LINE('',#5174,#5176);
#5178=EDGE_CURVE('no 5866',#4592,#5166,#5177,.T.);
#5179=ORIENTED_EDGE('no 5869',*,*,#5178,.T.);
#5180=EDGE_LOOP('',(#5172,#5173,#5179));
#5181=FACE_OUTER_BOUND('',#5180,.T.);
#5182=CARTESIAN_POINT('',(0.230562,-0.00837092,0.003));
#5183=DIRECTION('',(0.0,0.0,1.0));
#5184=DIRECTION('',(0.8911793387,-0.4536511724,0.0));
#5185=AXIS2_PLACEMENT_3D('',#5182,#5183,#5184);
#5186=PLANE('',#5185);
#5187=ADVANCED_FACE('no 5877',(#5181),#5186,.T.);
#5188=CARTESIAN_POINT('',(0.23108,-0.00861867,0.003));
#5189=DIRECTION('',(0.18496978,-0.0344436647,-0.982140425));
#5190=VECTOR('',#5189,1.0);
#5191=LINE('',#5188,#5190);
#5192=EDGE_CURVE('no 13174',#4592,#4323,#5191,.T.);
#5193=ORIENTED_EDGE('no 13198',*,*,#5192,.F.);
#5194=ORIENTED_EDGE('no 13199',*,*,#4604,.F.);
#5195=ORIENTED_EDGE('no 13200',*,*,#4946,.F.);
#5196=EDGE_LOOP('',(#5193,#5194,#5195));
#5197=FACE_OUTER_BOUND('',#5196,.T.);
#5198=CARTESIAN_POINT('',(0.231645,-0.00872388,-0.0));
#5199=DIRECTION('',(0.1831860353,0.9830782657,0.0000000728));
#5200=DIRECTION('',(-0.1848449841,0.034443797,0.9821639154));
#5201=AXIS2_PLACEMENT_3D('',#5198,#5199,#5200);
#5202=PLANE('',#5201);
#5203=ADVANCED_FACE('no 13208',(#5197),#5202,.T.);
#5204=CARTESIAN_POINT('',(0.232862,0.0723677,0.003));
#5205=VERTEX_POINT('',#5204);
#5206=CARTESIAN_POINT('',(0.232962,-0.00468309,0.003));
#5207=DIRECTION('',(-0.0012978441,0.9999991578,0.0));
#5208=VECTOR('',#5207,1.0);
#5209=LINE('',#5206,#5208);
#5210=EDGE_CURVE('no 7785',#4631,#5205,#5209,.T.);
#5211=ORIENTED_EDGE('no 7815',*,*,#5210,.F.);
#5212=ORIENTED_EDGE('no 7816',*,*,#4636,.T.);
#5213=CARTESIAN_POINT('',(0.233318,0.0727174,0.003));
#5214=DIRECTION('',(-0.7933542749,-0.608760211,0.0));
#5215=VECTOR('',#5214,1.0);
#5216=LINE('',#5213,#5215);
#5217=EDGE_CURVE('no 7814',#4093,#5205,#5216,.T.);
#5218=ORIENTED_EDGE('no 7817',*,*,#5217,.T.);
#5219=EDGE_LOOP('',(#5211,#5212,#5218));
#5220=FACE_OUTER_BOUND('',#5219,.T.);
#5221=CARTESIAN_POINT('',(0.232862,0.0723677,0.003));
#5222=DIRECTION('',(-0.0,0.0,1.0));
#5223=DIRECTION('',(0.0012978702,-0.9999991578,0.0));
#5224=AXIS2_PLACEMENT_3D('',#5221,#5222,#5223);
#5225=PLANE('',#5224);
#5226=ADVANCED_FACE('no 7825',(#5220),#5225,.T.);
#5227=ORIENTED_EDGE('no 12738',*,*,#4983,.F.);
#5228=ORIENTED_EDGE('no 12739',*,*,#4642,.F.);
#5229=CARTESIAN_POINT('',(0.232962,-0.00468309,-0.0));
#5230=DIRECTION('',(0.0,0.0,1.0));
#5231=VECTOR('',#5230,1.0);
#5232=LINE('',#5229,#5231);
#5233=EDGE_CURVE('no 12674',#4957,#4631,#5232,.T.);
#5234=ORIENTED_EDGE('no 12740',*,*,#5233,.F.);
#5235=EDGE_LOOP('',(#5227,#5228,#5234));
#5236=FACE_OUTER_BOUND('',#5235,.T.);
#5237=CARTESIAN_POINT('',(0.232962,-0.00468309,-0.0));
#5238=DIRECTION('',(-0.6501849357,-0.7597759863,0.0000002086));
#5239=DIRECTION('',(0.1428560698,-0.1222500598,0.9821644802));
#5240=AXIS2_PLACEMENT_3D('',#5237,#5238,#5239);
#5241=PLANE('',#5240);
#5242=ADVANCED_FACE('no 12748',(#5236),#5241,.T.);
#5243=ORIENTED_EDGE('no 2523',*,*,#4666,.F.);
#5244=CARTESIAN_POINT('',(0.212366,0.0661264,-0.0));
#5245=VERTEX_POINT('',#5244);
#5246=CARTESIAN_POINT('',(0.230662,0.0761783,-0.0));
#5247=DIRECTION('',(-0.8764467236,-0.4814988481,0.0));
#5248=VECTOR('',#5247,1.0);
#5249=LINE('',#5246,#5248);
#5250=EDGE_CURVE('no 2516',#4655,#5245,#5249,.T.);
#5251=ORIENTED_EDGE('no 2524',*,*,#5250,.T.);
#5252=CARTESIAN_POINT('',(0.212366,0.0661264,-0.0));
#5253=DIRECTION('',(-1.0,0.0,0.0));
#5254=VECTOR('',#5253,1.0);
#5255=LINE('',#5252,#5254);
#5256=EDGE_CURVE('no 2522',#5245,#4117,#5255,.T.);
#5257=ORIENTED_EDGE('no 2525',*,*,#5256,.T.);
#5258=EDGE_LOOP('',(#5243,#5251,#5257));
#5259=FACE_OUTER_BOUND('',#5258,.T.);
#5260=CARTESIAN_POINT('',(0.171365,0.0661264,-0.0));
#5261=DIRECTION('',(0.0,0.0,-1.0));
#5262=DIRECTION('',(0.985934349,0.1671330592,0.0));
#5263=AXIS2_PLACEMENT_3D('',#5260,#5261,#5262);
#5264=PLANE('',#5263);
#5265=ADVANCED_FACE('no 2533',(#5259),#5264,.T.);
#5266=ORIENTED_EDGE('no 2378',*,*,#4683,.F.);
#5267=CARTESIAN_POINT('',(0.157361,0.024316,-0.0));
#5268=VERTEX_POINT('',#5267);
#5269=CARTESIAN_POINT('',(0.171365,0.0661264,-0.0));
#5270=DIRECTION('',(-0.3175990716,-0.9482250944,0.0));
#5271=VECTOR('',#5270,1.0);
#5272=LINE('',#5269,#5271);
#5273=EDGE_CURVE('no 2377',#4117,#5268,#5272,.T.);
#5274=ORIENTED_EDGE('no 2379',*,*,#5273,.T.);
#5275=CARTESIAN_POINT('',(0.156666,0.046273,-0.0));
#5276=DIRECTION('',(0.0316369314,-0.999499427,0.0));
#5277=VECTOR('',#5276,1.0);
#5278=LINE('',#5275,#5277);
#5279=EDGE_CURVE('no 956',#4678,#5268,#5278,.T.);
#5280=ORIENTED_EDGE('no 2380',*,*,#5279,.F.);
#5281=EDGE_LOOP('',(#5266,#5274,#5280));
#5282=FACE_OUTER_BOUND('',#5281,.T.);
#5283=CARTESIAN_POINT('',(0.156666,0.046273,-0.0));
#5284=DIRECTION('',(0.0,0.0,-1.0));
#5285=DIRECTION('',(0.595050972,0.8036879622,0.0));
#5286=AXIS2_PLACEMENT_3D('',#5283,#5284,#5285);
#5287=PLANE('',#5286);
#5288=ADVANCED_FACE('no 2388',(#5282),#5287,.T.);
#5289=ORIENTED_EDGE('no 11433',*,*,#4703,.T.);
#5290=CARTESIAN_POINT('',(0.156666,0.046273,0.003));
#5291=VERTEX_POINT('',#5290);
#5292=CARTESIAN_POINT('',(0.156666,0.046273,-0.0));
#5293=DIRECTION('',(0.0,0.0,1.0));
#5294=VECTOR('',#5293,1.0);
#5295=LINE('',#5292,#5294);
#5296=EDGE_CURVE('no 11432',#4678,#5291,#5295,.T.);
#5297=ORIENTED_EDGE('no 11434',*,*,#5296,.T.);
#5298=CARTESIAN_POINT('',(0.156666,0.069273,0.003));
#5299=DIRECTION('',(0.0,-1.0,0.0));
#5300=VECTOR('',#5299,1.0);
#5301=LINE('',#5298,#5300);
#5302=EDGE_CURVE('no 9280',#4009,#5291,#5301,.T.);
#5303=ORIENTED_EDGE('no 11435',*,*,#5302,.F.);
#5304=EDGE_LOOP('',(#5289,#5297,#5303));
#5305=FACE_OUTER_BOUND('',#5304,.T.);
#5306=CARTESIAN_POINT('',(0.156666,0.069273,0.003));
#5307=DIRECTION('',(-1.0,-0.0,0.0));
#5308=DIRECTION('',(0.0,-0.9916004279,-0.1293390558));
#5309=AXIS2_PLACEMENT_3D('',#5306,#5307,#5308);
#5310=PLANE('',#5309);
#5311=ADVANCED_FACE('no 11443',(#5305),#5310,.T.);
#5312=CARTESIAN_POINT('',(0.135225,0.0261854,-0.0));
#5313=VERTEX_POINT('',#5312);
#5314=CARTESIAN_POINT('',(0.132361,0.024316,-0.0));
#5315=DIRECTION('',(0.8374258739,0.5465509177,0.0));
#5316=VECTOR('',#5315,1.0);
#5317=LINE('',#5314,#5316);
#5318=EDGE_CURVE('no 811',#4161,#5313,#5317,.T.);
#5319=ORIENTED_EDGE('no 853',*,*,#5318,.F.);
#5320=ORIENTED_EDGE('no 854',*,*,#4721,.T.);
#5321=CARTESIAN_POINT('',(0.133666,0.046273,-0.0));
#5322=DIRECTION('',(0.0773761975,-0.9970019679,0.0));
#5323=VECTOR('',#5322,1.0);
#5324=LINE('',#5321,#5323);
#5325=EDGE_CURVE('no 852',#4716,#5313,#5324,.T.);
#5326=ORIENTED_EDGE('no 855',*,*,#5325,.T.);
#5327=EDGE_LOOP('',(#5319,#5320,#5326));
#5328=FACE_OUTER_BOUND('',#5327,.T.);
#5329=CARTESIAN_POINT('',(0.135225,0.0261854,-0.0));
#5330=DIRECTION('',(-0.0,0.0,-1.0));
#5331=DIRECTION('',(-0.8374258739,-0.5465509177,0.0));
#5332=AXIS2_PLACEMENT_3D('',#5329,#5330,#5331);
#5333=PLANE('',#5332);
#5334=ADVANCED_FACE('no 863',(#5328),#5333,.T.);
#5335=ORIENTED_EDGE('no 11335',*,*,#5116,.T.);
#5336=CARTESIAN_POINT('',(0.133666,0.046273,0.003));
#5337=DIRECTION('',(0.0,0.0,-1.0));
#5338=VECTOR('',#5337,1.0);
#5339=LINE('',#5336,#5338);
#5340=EDGE_CURVE('no 11334',#4508,#4716,#5339,.T.);
#5341=ORIENTED_EDGE('no 11336',*,*,#5340,.T.);
#5342=ORIENTED_EDGE('no 11337',*,*,#4728,.F.);
#5343=EDGE_LOOP('',(#5335,#5341,#5342));
#5344=FACE_OUTER_BOUND('',#5343,.T.);
#5345=CARTESIAN_POINT('',(0.133666,0.069273,-0.0));
#5346=DIRECTION('',(1.0,0.0,0.0));
#5347=DIRECTION('',(0.0,-0.9916004279,0.1293390558));
#5348=AXIS2_PLACEMENT_3D('',#5345,#5346,#5347);
#5349=PLANE('',#5348);
#5350=ADVANCED_FACE('no 11345',(#5344),#5349,.T.);
#5351=CARTESIAN_POINT('',(0.125868,-0.005427,-0.0));
#5352=VERTEX_POINT('',#5351);
#5353=CARTESIAN_POINT('',(0.126087,0.0737036,-0.0));
#5354=DIRECTION('',(-0.0027775804,-0.9999961425,0.0));
#5355=VECTOR('',#5354,1.0);
#5356=LINE('',#5353,#5355);
#5357=EDGE_CURVE('no 608',#4739,#5352,#5356,.T.);
#5358=ORIENTED_EDGE('no 638',*,*,#5357,.F.);
#5359=ORIENTED_EDGE('no 639',*,*,#4744,.T.);
#5360=CARTESIAN_POINT('',(0.126087,-0.0059576,-0.0));
#5361=DIRECTION('',(-0.3815207342,0.9243602812,0.0));
#5362=VECTOR('',#5361,1.0);
#5363=LINE('',#5360,#5362);
#5364=EDGE_CURVE('no 637',#4183,#5352,#5363,.T.);
#5365=ORIENTED_EDGE('no 640',*,*,#5364,.T.);
#5366=EDGE_LOOP('',(#5358,#5359,#5365));
#5367=FACE_OUTER_BOUND('',#5366,.T.);
#5368=CARTESIAN_POINT('',(0.125868,-0.005427,-0.0));
#5369=DIRECTION('',(0.0,0.0,-1.0));
#5370=DIRECTION('',(0.0027775804,0.9999961425,0.0));
#5371=AXIS2_PLACEMENT_3D('',#5368,#5369,#5370);
#5372=PLANE('',#5371);
#5373=ADVANCED_FACE('no 648',(#5367),#5372,.T.);
#5374=CARTESIAN_POINT('',(0.125868,-0.005427,0.003));
#5375=VERTEX_POINT('',#5374);
#5376=CARTESIAN_POINT('',(0.125868,-0.005427,0.003));
#5377=DIRECTION('',(0.0716993126,-0.1737153208,-0.9821823639));
#5378=VECTOR('',#5377,1.0);
#5379=LINE('',#5376,#5378);
#5380=EDGE_CURVE('no 11656',#5375,#4183,#5379,.T.);
#5381=ORIENTED_EDGE('no 11663',*,*,#5380,.T.);
#5382=ORIENTED_EDGE('no 11664',*,*,#4766,.T.);
#5383=CARTESIAN_POINT('',(0.125868,-0.005427,0.003));
#5384=DIRECTION('',(0.3815207342,-0.9243602812,0.0));
#5385=VECTOR('',#5384,1.0);
#5386=LINE('',#5383,#5385);
#5387=EDGE_CURVE('no 8614',#5375,#4261,#5386,.T.);
#5388=ORIENTED_EDGE('no 11665',*,*,#5387,.F.);
#5389=EDGE_LOOP('',(#5381,#5382,#5388));
#5390=FACE_OUTER_BOUND('',#5389,.T.);
#5391=CARTESIAN_POINT('',(0.125868,-0.005427,0.003));
#5392=DIRECTION('',(-0.9238727033,-0.3826999192,-0.0000002032));
#5393=DIRECTION('',(0.0719573184,-0.1737110445,-0.9821642517));
#5394=AXIS2_PLACEMENT_3D('',#5391,#5392,#5393);
#5395=PLANE('',#5394);
#5396=ADVANCED_FACE('no 11673',(#5390),#5395,.T.);
#5397=ORIENTED_EDGE('no 522',*,*,#4790,.F.);
#5398=CARTESIAN_POINT('',(0.125518,-0.00497137,-0.0));
#5399=VERTEX_POINT('',#5398);
#5400=CARTESIAN_POINT('',(0.125518,0.0727174,-0.0));
#5401=DIRECTION('',(0.0,-1.0,0.0));
#5402=VECTOR('',#5401,1.0);
#5403=LINE('',#5400,#5402);
#5404=EDGE_CURVE('no 515',#4779,#5399,#5403,.T.);
#5405=ORIENTED_EDGE('no 523',*,*,#5404,.T.);
#5406=CARTESIAN_POINT('',(0.125518,-0.00497137,-0.0));
#5407=DIRECTION('',(-0.7935895545,0.608453465,0.0));
#5408=VECTOR('',#5407,1.0);
#5409=LINE('',#5406,#5408);
#5410=EDGE_CURVE('no 521',#5399,#4207,#5409,.T.);
#5411=ORIENTED_EDGE('no 524',*,*,#5410,.T.);
#5412=EDGE_LOOP('',(#5397,#5405,#5411));
#5413=FACE_OUTER_BOUND('',#5412,.T.);
#5414=CARTESIAN_POINT('',(0.125062,-0.00462175,-0.0));
#5415=DIRECTION('',(0.0,0.0,-1.0));
#5416=DIRECTION('',(0.0058912579,0.9999826464,0.0));
#5417=AXIS2_PLACEMENT_3D('',#5414,#5415,#5416);
#5418=PLANE('',#5417);
#5419=ADVANCED_FACE('no 532',(#5413),#5418,.T.);
#5420=ORIENTED_EDGE('no 11571',*,*,#4806,.T.);
#5421=ORIENTED_EDGE('no 11572',*,*,#5410,.F.);
#5422=CARTESIAN_POINT('',(0.125518,-0.00497137,-0.0));
#5423=DIRECTION('',(0.0,0.0,1.0));
#5424=VECTOR('',#5423,1.0);
#5425=LINE('',#5422,#5424);
#5426=EDGE_CURVE('no 11570',#5399,#4801,#5425,.T.);
#5427=ORIENTED_EDGE('no 11573',*,*,#5426,.T.);
#5428=EDGE_LOOP('',(#5420,#5421,#5427));
#5429=FACE_OUTER_BOUND('',#5428,.T.);
#5430=CARTESIAN_POINT('',(0.125518,-0.00497137,0.003));
#5431=DIRECTION('',(-0.6087630783,-0.7933520747,-0.0000000871));
#5432=DIRECTION('',(-0.1491689234,0.1144619412,-0.9821644955));
#5433=AXIS2_PLACEMENT_3D('',#5430,#5431,#5432);
#5434=PLANE('',#5433);
#5435=ADVANCED_FACE('no 11581',(#5429),#5434,.T.);
#5436=ORIENTED_EDGE('no 8505',*,*,#4830,.F.);
#5437=ORIENTED_EDGE('no 8506',*,*,#4812,.T.);
#5438=CARTESIAN_POINT('',(0.125518,-0.00497137,0.003));
#5439=DIRECTION('',(-0.0058960119,0.9999826184,0.0));
#5440=VECTOR('',#5439,1.0);
#5441=LINE('',#5438,#5440);
#5442=EDGE_CURVE('no 8504',#4801,#4825,#5441,.T.);
#5443=ORIENTED_EDGE('no 8507',*,*,#5442,.T.);
#5444=EDGE_LOOP('',(#5436,#5437,#5443));
#5445=FACE_OUTER_BOUND('',#5444,.T.);
#5446=CARTESIAN_POINT('',(0.125062,0.0723677,0.003));
#5447=DIRECTION('',(0.0,0.0,1.0));
#5448=DIRECTION('',(0.0,-1.0,0.0));
#5449=AXIS2_PLACEMENT_3D('',#5446,#5447,#5448);
#5450=PLANE('',#5449);
#5451=ADVANCED_FACE('no 8515',(#5445),#5450,.T.);
#5452=CARTESIAN_POINT('',(0.125868,0.073173,0.003));
#5453=VERTEX_POINT('',#5452);
#5454=CARTESIAN_POINT('',(0.126087,-0.0059576,0.003));
#5455=DIRECTION('',(-0.002767566,0.9999961703,0.0));
#5456=VECTOR('',#5455,1.0);
#5457=LINE('',#5454,#5456);
#5458=EDGE_CURVE('no 8620',#4261,#5453,#5457,.T.);
#5459=ORIENTED_EDGE('no 8650',*,*,#5458,.F.);
#5460=ORIENTED_EDGE('no 8651',*,*,#4850,.T.);
#5461=CARTESIAN_POINT('',(0.126087,0.0737036,0.003));
#5462=DIRECTION('',(-0.3826990297,-0.9238730717,0.0));
#5463=VECTOR('',#5462,1.0);
#5464=LINE('',#5461,#5463);
#5465=EDGE_CURVE('no 8649',#4484,#5453,#5464,.T.);
#5466=ORIENTED_EDGE('no 8652',*,*,#5465,.T.);
#5467=EDGE_LOOP('',(#5459,#5460,#5466));
#5468=FACE_OUTER_BOUND('',#5467,.T.);
#5469=CARTESIAN_POINT('',(0.125868,0.073173,0.003));
#5470=DIRECTION('',(-0.0,0.0,1.0));
#5471=DIRECTION('',(0.0027775804,-0.9999961425,0.0));
#5472=AXIS2_PLACEMENT_3D('',#5469,#5470,#5471);
#5473=PLANE('',#5472);
#5474=ADVANCED_FACE('no 8660',(#5468),#5473,.T.);
#5475=ORIENTED_EDGE('no 3549',*,*,#4901,.F.);
#5476=CARTESIAN_POINT('',(0.163012,0.0214488,-0.0));
#5477=VERTEX_POINT('',#5476);
#5478=CARTESIAN_POINT('',(0.163012,0.0214488,-0.0));
#5479=DIRECTION('',(-0.3305852496,-0.9437761349,0.0));
#5480=VECTOR('',#5479,1.0);
#5481=LINE('',#5478,#5480);
#5482=EDGE_CURVE('no 2464',#5477,#4301,#5481,.T.);
#5483=ORIENTED_EDGE('no 3550',*,*,#5482,.F.);
#5484=CARTESIAN_POINT('',(0.163012,0.0214488,-0.0));
#5485=DIRECTION('',(0.0,-1.0,0.0));
#5486=VECTOR('',#5485,1.0);
#5487=LINE('',#5484,#5486);
#5488=EDGE_CURVE('no 3548',#5477,#4896,#5487,.T.);
#5489=ORIENTED_EDGE('no 3551',*,*,#5488,.T.);
#5490=EDGE_LOOP('',(#5475,#5483,#5489));
#5491=FACE_OUTER_BOUND('',#5490,.T.);
#5492=CARTESIAN_POINT('',(0.163012,0.00444882,-0.0));
#5493=DIRECTION('',(0.0,0.0,-1.0));
#5494=DIRECTION('',(-0.9884342497,0.1516500383,0.0));
#5495=AXIS2_PLACEMENT_3D('',#5492,#5493,#5494);
#5496=PLANE('',#5495);
#5497=ADVANCED_FACE('no 3559',(#5491),#5496,.T.);
#5498=ORIENTED_EDGE('no 3578',*,*,#4907,.F.);
#5499=CARTESIAN_POINT('',(0.180012,0.00444882,-0.0));
#5500=VERTEX_POINT('',#5499);
#5501=CARTESIAN_POINT('',(0.163012,0.00444882,-0.0));
#5502=DIRECTION('',(1.0,0.0,0.0));
#5503=VECTOR('',#5502,1.0);
#5504=LINE('',#5501,#5503);
#5505=EDGE_CURVE('no 3571',#4896,#5500,#5504,.T.);
#5506=ORIENTED_EDGE('no 3579',*,*,#5505,.T.);
#5507=CARTESIAN_POINT('',(0.180012,0.00444882,-0.0));
#5508=DIRECTION('',(0.9625851188,-0.2709794994,0.0));
#5509=VECTOR('',#5508,1.0);
#5510=LINE('',#5507,#5509);
#5511=EDGE_CURVE('no 3577',#5500,#983,#5510,.T.);
#5512=ORIENTED_EDGE('no 3580',*,*,#5511,.T.);
#5513=EDGE_LOOP('',(#5498,#5506,#5512));
#5514=FACE_OUTER_BOUND('',#5513,.T.);
#5515=CARTESIAN_POINT('',(0.236762,-0.011527,-0.0));
#5516=DIRECTION('',(0.0,0.0,-1.0));
#5517=DIRECTION('',(-0.9773320933,0.2117120202,0.0));
#5518=AXIS2_PLACEMENT_3D('',#5515,#5516,#5517);
#5519=PLANE('',#5518);
#5520=ADVANCED_FACE('no 3588',(#5514),#5519,.T.);
#5521=CARTESIAN_POINT('',(0.230562,-0.00837092,-0.0));
#5522=VERTEX_POINT('',#5521);
#5523=CARTESIAN_POINT('',(0.230562,-0.00837092,-0.0));
#5524=DIRECTION('',(0.8911793387,-0.4536511724,0.0));
#5525=VECTOR('',#5524,1.0);
#5526=LINE('',#5523,#5525);
#5527=EDGE_CURVE('no 3861',#5522,#983,#5526,.T.);
#5528=ORIENTED_EDGE('no 4053',*,*,#5527,.F.);
#5529=CARTESIAN_POINT('',(0.230562,-0.00837092,-0.0));
#5530=DIRECTION('',(0.9021675574,-0.4313857884,0.0));
#5531=VECTOR('',#5530,1.0);
#5532=LINE('',#5529,#5531);
#5533=EDGE_CURVE('no 4046',#5522,#4918,#5532,.T.);
#5534=ORIENTED_EDGE('no 4054',*,*,#5533,.T.);
#5535=ORIENTED_EDGE('no 4055',*,*,#4923,.T.);
#5536=EDGE_LOOP('',(#5528,#5534,#5535));
#5537=FACE_OUTER_BOUND('',#5536,.T.);
#5538=CARTESIAN_POINT('',(0.236762,-0.011527,-0.0));
#5539=DIRECTION('',(0.0,0.0,-1.0));
#5540=DIRECTION('',(-0.8911793387,0.4536511724,0.0));
#5541=AXIS2_PLACEMENT_3D('',#5538,#5539,#5540);
#5542=PLANE('',#5541);
#5543=ADVANCED_FACE('no 4063',(#5537),#5542,.T.);
#5544=ORIENTED_EDGE('no 13181',*,*,#5192,.T.);
#5545=ORIENTED_EDGE('no 13182',*,*,#4929,.F.);
#5546=CARTESIAN_POINT('',(0.23108,-0.00861867,-0.0));
#5547=DIRECTION('',(0.0,0.0,1.0));
#5548=VECTOR('',#5547,1.0);
#5549=LINE('',#5546,#5548);
#5550=EDGE_CURVE('no 13180',#4918,#4592,#5549,.T.);
#5551=ORIENTED_EDGE('no 13183',*,*,#5550,.T.);
#5552=EDGE_LOOP('',(#5544,#5545,#5551));
#5553=FACE_OUTER_BOUND('',#5552,.T.);
#5554=CARTESIAN_POINT('',(0.23108,-0.00861867,0.003));
#5555=DIRECTION('',(0.1831860353,0.9830782657,0.0000000728));
#5556=DIRECTION('',(0.1848449841,-0.034443797,-0.9821639154));
#5557=AXIS2_PLACEMENT_3D('',#5554,#5555,#5556);
#5558=PLANE('',#5557);
#5559=ADVANCED_FACE('no 13191',(#5553),#5558,.T.);
#5560=CARTESIAN_POINT('',(0.232862,0.0723677,-0.0));
#5561=VERTEX_POINT('',#5560);
#5562=CARTESIAN_POINT('',(0.232862,0.0723677,-0.0));
#5563=DIRECTION('',(0.0012978702,-0.9999991578,0.0));
#5564=VECTOR('',#5563,1.0);
#5565=LINE('',#5562,#5564);
#5566=EDGE_CURVE('no 1542',#5561,#4957,#5565,.T.);
#5567=ORIENTED_EDGE('no 1578',*,*,#5566,.F.);
#5568=CARTESIAN_POINT('',(0.232862,0.0723677,-0.0));
#5569=DIRECTION('',(0.7933542749,0.608760211,0.0));
#5570=VECTOR('',#5569,1.0);
#5571=LINE('',#5568,#5570);
#5572=EDGE_CURVE('no 1571',#5561,#4362,#5571,.T.);
#5573=ORIENTED_EDGE('no 1579',*,*,#5572,.T.);
#5574=ORIENTED_EDGE('no 1580',*,*,#4962,.T.);
#5575=EDGE_LOOP('',(#5567,#5573,#5574));
#5576=FACE_OUTER_BOUND('',#5575,.T.);
#5577=CARTESIAN_POINT('',(0.232962,-0.00468309,-0.0));
#5578=DIRECTION('',(0.0,0.0,-1.0));
#5579=DIRECTION('',(-0.0012978702,0.9999991578,0.0));
#5580=AXIS2_PLACEMENT_3D('',#5577,#5578,#5579);
#5581=PLANE('',#5580);
#5582=ADVANCED_FACE('no 1588',(#5576),#5581,.T.);
#5583=ORIENTED_EDGE('no 5345',*,*,#5018,.F.);
#5584=CARTESIAN_POINT('',(0.182092,0.004259,0.003));
#5585=VERTEX_POINT('',#5584);
#5586=CARTESIAN_POINT('',(0.236762,-0.011527,0.003));
#5587=DIRECTION('',(-0.9607495786,0.2774170998,0.0));
#5588=VECTOR('',#5587,1.0);
#5589=LINE('',#5586,#5588);
#5590=EDGE_CURVE('no 5338',#757,#5585,#5589,.T.);
#5591=ORIENTED_EDGE('no 5346',*,*,#5590,.T.);
#5592=CARTESIAN_POINT('',(0.182092,0.004259,0.003));
#5593=DIRECTION('',(-0.9958592383,0.0909086218,0.0));
#5594=VECTOR('',#5593,1.0);
#5595=LINE('',#5592,#5594);
#5596=EDGE_CURVE('no 5344',#5585,#5013,#5595,.T.);
#5597=ORIENTED_EDGE('no 5347',*,*,#5596,.T.);
#5598=EDGE_LOOP('',(#5583,#5591,#5597));
#5599=FACE_OUTER_BOUND('',#5598,.T.);
#5600=CARTESIAN_POINT('',(0.180012,0.00444882,0.003));
#5601=DIRECTION('',(0.0,0.0,1.0));
#5602=DIRECTION('',(0.9625849795,-0.2709799942,0.0));
#5603=AXIS2_PLACEMENT_3D('',#5600,#5601,#5602);
#5604=PLANE('',#5603);
#5605=ADVANCED_FACE('no 5355',(#5599),#5604,.T.);
#5606=CARTESIAN_POINT('',(0.163012,0.00444882,0.003));
#5607=DIRECTION('',(0.9847835588,0.0,-0.1737853339));
#5608=VECTOR('',#5607,1.0);
#5609=LINE('',#5606,#5608);
#5610=EDGE_CURVE('no 10828',#4425,#5500,#5609,.T.);
#5611=ORIENTED_EDGE('no 10852',*,*,#5610,.F.);
#5612=ORIENTED_EDGE('no 10853',*,*,#5024,.F.);
#5613=CARTESIAN_POINT('',(0.180012,0.00444882,-0.0));
#5614=DIRECTION('',(0.0,0.0,1.0));
#5615=VECTOR('',#5614,1.0);
#5616=LINE('',#5613,#5615);
#5617=EDGE_CURVE('no 10782',#5500,#5013,#5616,.T.);
#5618=ORIENTED_EDGE('no 10854',*,*,#5617,.F.);
#5619=EDGE_LOOP('',(#5611,#5612,#5618));
#5620=FACE_OUTER_BOUND('',#5619,.T.);
#5621=CARTESIAN_POINT('',(0.180012,0.00444882,-0.0));
#5622=DIRECTION('',(0.0,1.0,-0.0));
#5623=DIRECTION('',(-0.9847836293,0.0,0.1737849346));
#5624=AXIS2_PLACEMENT_3D('',#5621,#5622,#5623);
#5625=PLANE('',#5624);
#5626=ADVANCED_FACE('no 10862',(#5620),#5625,.T.);
#5627=CARTESIAN_POINT('',(0.163012,0.0214488,0.003));
#5628=VERTEX_POINT('',#5627);
#5629=CARTESIAN_POINT('',(0.157361,0.024316,0.003));
#5630=DIRECTION('',(0.8918124783,-0.4524052426,0.0));
#5631=VECTOR('',#5630,1.0);
#5632=LINE('',#5629,#5631);
#5633=EDGE_CURVE('no 6753',#5036,#5628,#5632,.T.);
#5634=ORIENTED_EDGE('no 6783',*,*,#5633,.F.);
#5635=ORIENTED_EDGE('no 6784',*,*,#5041,.F.);
#5636=CARTESIAN_POINT('',(0.163012,0.00444882,0.003));
#5637=DIRECTION('',(0.0,1.0,0.0));
#5638=VECTOR('',#5637,1.0);
#5639=LINE('',#5636,#5638);
#5640=EDGE_CURVE('no 6782',#4425,#5628,#5639,.T.);
#5641=ORIENTED_EDGE('no 6785',*,*,#5640,.T.);
#5642=EDGE_LOOP('',(#5634,#5635,#5641));
#5643=FACE_OUTER_BOUND('',#5642,.T.);
#5644=CARTESIAN_POINT('',(0.163012,0.0214488,0.003));
#5645=DIRECTION('',(0.0,0.0,1.0));
#5646=DIRECTION('',(-0.8918124783,0.4524052426,0.0));
#5647=AXIS2_PLACEMENT_3D('',#5644,#5645,#5646);
#5648=PLANE('',#5647);
#5649=ADVANCED_FACE('no 6793',(#5643),#5648,.T.);
#5650=ORIENTED_EDGE('no 10070',*,*,#5061,.F.);
#5651=CARTESIAN_POINT('',(0.157361,0.024316,0.003));
#5652=DIRECTION('',(0.0,0.0,-1.0));
#5653=VECTOR('',#5652,1.0);
#5654=LINE('',#5651,#5653);
#5655=EDGE_CURVE('no 10069',#5036,#5268,#5654,.T.);
#5656=ORIENTED_EDGE('no 10071',*,*,#5655,.T.);
#5657=CARTESIAN_POINT('',(0.157361,0.00531596,-0.0));
#5658=DIRECTION('',(0.0,1.0,0.0));
#5659=VECTOR('',#5658,1.0);
#5660=LINE('',#5657,#5659);
#5661=EDGE_CURVE('no 2435',#4301,#5268,#5660,.T.);
#5662=ORIENTED_EDGE('no 10072',*,*,#5661,.F.);
#5663=EDGE_LOOP('',(#5650,#5656,#5662));
#5664=FACE_OUTER_BOUND('',#5663,.T.);
#5665=CARTESIAN_POINT('',(0.157361,0.00531596,-0.0));
#5666=DIRECTION('',(-1.0,0.0,0.0));
#5667=DIRECTION('',(0.0,0.9877629005,0.1559629843));
#5668=AXIS2_PLACEMENT_3D('',#5665,#5666,#5667);
#5669=PLANE('',#5668);
#5670=ADVANCED_FACE('no 10080',(#5664),#5669,.T.);
#5671=CARTESIAN_POINT('',(0.157361,0.024316,0.003));
#5672=DIRECTION('',(-0.9928768385,0.0,-0.1191452206));
#5673=VECTOR('',#5672,1.0);
#5674=LINE('',#5671,#5673);
#5675=EDGE_CURVE('no 10184',#5036,#4161,#5674,.T.);
#5676=ORIENTED_EDGE('no 10202',*,*,#5675,.F.);
#5677=CARTESIAN_POINT('',(0.132361,0.024316,0.003));
#5678=DIRECTION('',(1.0,0.0,0.0));
#5679=VECTOR('',#5678,1.0);
#5680=LINE('',#5677,#5679);
#5681=EDGE_CURVE('no 9164',#3986,#5036,#5680,.T.);
#5682=ORIENTED_EDGE('no 10203',*,*,#5681,.F.);
#5683=ORIENTED_EDGE('no 10204',*,*,#5078,.F.);
#5684=EDGE_LOOP('',(#5676,#5682,#5683));
#5685=FACE_OUTER_BOUND('',#5684,.T.);
#5686=CARTESIAN_POINT('',(0.132361,0.024316,-0.0));
#5687=DIRECTION('',(0.0,-1.0,0.0));
#5688=DIRECTION('',(0.9928768669,0.0,0.119144984));
#5689=AXIS2_PLACEMENT_3D('',#5686,#5687,#5688);
#5690=PLANE('',#5689);
#5691=ADVANCED_FACE('no 10212',(#5685),#5690,.T.);
#5692=ORIENTED_EDGE('no 9171',*,*,#5095,.F.);
#5693=ORIENTED_EDGE('no 9172',*,*,#5681,.T.);
#5694=CARTESIAN_POINT('',(0.157361,0.024316,0.003));
#5695=DIRECTION('',(-0.9964530037,0.0841511224,0.0));
#5696=VECTOR('',#5695,1.0);
#5697=LINE('',#5694,#5696);
#5698=EDGE_CURVE('no 9170',#5036,#5090,#5697,.T.);
#5699=ORIENTED_EDGE('no 9173',*,*,#5698,.T.);
#5700=EDGE_LOOP('',(#5692,#5693,#5699));
#5701=FACE_OUTER_BOUND('',#5700,.T.);
#5702=CARTESIAN_POINT('',(0.135225,0.0261854,0.003));
#5703=DIRECTION('',(0.0,0.0,1.0));
#5704=DIRECTION('',(-0.8374258739,-0.5465509177,0.0));
#5705=AXIS2_PLACEMENT_3D('',#5702,#5703,#5704);
#5706=PLANE('',#5705);
#5707=ADVANCED_FACE('no 9181',(#5701),#5706,.T.);
#5708=CARTESIAN_POINT('',(0.135225,0.0421854,0.003));
#5709=VERTEX_POINT('',#5708);
#5710=CARTESIAN_POINT('',(0.133666,0.046273,0.003));
#5711=DIRECTION('',(0.3563584057,-0.9343493387,0.0));
#5712=VECTOR('',#5711,1.0);
#5713=LINE('',#5710,#5712);
#5714=EDGE_CURVE('no 9407',#4508,#5709,#5713,.T.);
#5715=ORIENTED_EDGE('no 9443',*,*,#5714,.F.);
#5716=ORIENTED_EDGE('no 9444',*,*,#5101,.F.);
#5717=CARTESIAN_POINT('',(0.135225,0.0261854,0.003));
#5718=DIRECTION('',(0.0,1.0,0.0));
#5719=VECTOR('',#5718,1.0);
#5720=LINE('',#5717,#5719);
#5721=EDGE_CURVE('no 9442',#5090,#5709,#5720,.T.);
#5722=ORIENTED_EDGE('no 9445',*,*,#5721,.T.);
#5723=EDGE_LOOP('',(#5715,#5716,#5722));
#5724=FACE_OUTER_BOUND('',#5723,.T.);
#5725=CARTESIAN_POINT('',(0.135225,0.0421854,0.003));
#5726=DIRECTION('',(0.0,0.0,1.0));
#5727=DIRECTION('',(-0.3563552123,0.9343505566,0.0));
#5728=AXIS2_PLACEMENT_3D('',#5725,#5726,#5727);
#5729=PLANE('',#5728);
#5730=ADVANCED_FACE('no 9453',(#5724),#5729,.T.);
#5731=CARTESIAN_POINT('',(0.157361,0.024316,0.003));
#5732=DIRECTION('',(-0.0316369314,0.999499427,0.0));
#5733=VECTOR('',#5732,1.0);
#5734=LINE('',#5731,#5733);
#5735=EDGE_CURVE('no 9251',#5036,#5291,#5734,.T.);
#5736=ORIENTED_EDGE('no 9281',*,*,#5735,.F.);
#5737=ORIENTED_EDGE('no 9282',*,*,#5133,.F.);
#5738=ORIENTED_EDGE('no 9283',*,*,#5302,.T.);
#5739=EDGE_LOOP('',(#5736,#5737,#5738));
#5740=FACE_OUTER_BOUND('',#5739,.T.);
#5741=CARTESIAN_POINT('',(0.156666,0.046273,0.003));
#5742=DIRECTION('',(-0.0,0.0,1.0));
#5743=DIRECTION('',(0.0316188,-0.9995000007,0.0));
#5744=AXIS2_PLACEMENT_3D('',#5741,#5742,#5743);
#5745=PLANE('',#5744);
#5746=ADVANCED_FACE('no 9291',(#5740),#5745,.T.);
#5747=ORIENTED_EDGE('no 6731',*,*,#5139,.F.);
#5748=CARTESIAN_POINT('',(0.163317,0.040727,0.003));
#5749=VERTEX_POINT('',#5748);
#5750=CARTESIAN_POINT('',(0.157361,0.024316,0.003));
#5751=DIRECTION('',(0.341163049,0.9400041351,0.0));
#5752=VECTOR('',#5751,1.0);
#5753=LINE('',#5750,#5752);
#5754=EDGE_CURVE('no 6724',#5036,#5749,#5753,.T.);
#5755=ORIENTED_EDGE('no 6732',*,*,#5754,.T.);
#5756=CARTESIAN_POINT('',(0.163317,0.040727,0.003));
#5757=DIRECTION('',(0.302081984,0.9532819494,0.0));
#5758=VECTOR('',#5757,1.0);
#5759=LINE('',#5756,#5758);
#5760=EDGE_CURVE('no 6730',#5749,#4547,#5759,.T.);
#5761=ORIENTED_EDGE('no 6733',*,*,#5760,.T.);
#5762=EDGE_LOOP('',(#5747,#5755,#5761));
#5763=FACE_OUTER_BOUND('',#5762,.T.);
#5764=CARTESIAN_POINT('',(0.171365,0.0661264,0.003));
#5765=DIRECTION('',(0.0,0.0,1.0));
#5766=DIRECTION('',(-0.3176170269,-0.9482190803,0.0));
#5767=AXIS2_PLACEMENT_3D('',#5764,#5765,#5766);
#5768=PLANE('',#5767);
#5769=ADVANCED_FACE('no 6741',(#5763),#5768,.T.);
#5770=ORIENTED_EDGE('no 6899',*,*,#5154,.F.);
#5771=CARTESIAN_POINT('',(0.212366,0.0661264,0.003));
#5772=VERTEX_POINT('',#5771);
#5773=CARTESIAN_POINT('',(0.171365,0.0661264,0.003));
#5774=DIRECTION('',(1.0,0.0,0.0));
#5775=VECTOR('',#5774,1.0);
#5776=LINE('',#5773,#5775);
#5777=EDGE_CURVE('no 6892',#4547,#5772,#5776,.T.);
#5778=ORIENTED_EDGE('no 6900',*,*,#5777,.T.);
#5779=CARTESIAN_POINT('',(0.212366,0.0661264,0.003));
#5780=DIRECTION('',(0.8764363003,0.4815178206,0.0));
#5781=VECTOR('',#5780,1.0);
#5782=LINE('',#5779,#5781);
#5783=EDGE_CURVE('no 6898',#5772,#4569,#5782,.T.);
#5784=ORIENTED_EDGE('no 6901',*,*,#5783,.T.);
#5785=EDGE_LOOP('',(#5770,#5778,#5784));
#5786=FACE_OUTER_BOUND('',#5785,.T.);
#5787=CARTESIAN_POINT('',(0.230662,0.0761783,0.003));
#5788=DIRECTION('',(0.0,0.0,1.0));
#5789=DIRECTION('',(-0.985934349,-0.1671330592,0.0));
#5790=AXIS2_PLACEMENT_3D('',#5787,#5788,#5789);
#5791=PLANE('',#5790);
#5792=ADVANCED_FACE('no 6909',(#5786),#5791,.T.);
#5793=CARTESIAN_POINT('',(0.201409,0.00411476,0.003));
#5794=VERTEX_POINT('',#5793);
#5795=CARTESIAN_POINT('',(0.236762,-0.011527,0.003));
#5796=DIRECTION('',(-0.914488862,0.4046110741,0.0));
#5797=VECTOR('',#5796,1.0);
#5798=LINE('',#5795,#5797);
#5799=EDGE_CURVE('no 5483',#757,#5794,#5798,.T.);
#5800=ORIENTED_EDGE('no 5635',*,*,#5799,.F.);
#5801=ORIENTED_EDGE('no 5636',*,*,#5171,.T.);
#5802=CARTESIAN_POINT('',(0.230562,-0.00837092,0.003));
#5803=DIRECTION('',(-0.9192423468,0.3936921485,0.0));
#5804=VECTOR('',#5803,1.0);
#5805=LINE('',#5802,#5804);
#5806=EDGE_CURVE('no 5634',#5166,#5794,#5805,.T.);
#5807=ORIENTED_EDGE('no 5637',*,*,#5806,.T.);
#5808=EDGE_LOOP('',(#5800,#5801,#5807));
#5809=FACE_OUTER_BOUND('',#5808,.T.);
#5810=CARTESIAN_POINT('',(0.201409,0.00411476,0.003));
#5811=DIRECTION('',(0.0,0.0,1.0));
#5812=DIRECTION('',(0.9144894457,-0.4046097548,0.0));
#5813=AXIS2_PLACEMENT_3D('',#5810,#5811,#5812);
#5814=PLANE('',#5813);
#5815=ADVANCED_FACE('no 5645',(#5809),#5814,.T.);
#5816=CARTESIAN_POINT('',(0.230562,-0.00837092,0.003));
#5817=DIRECTION('',(0.1695882762,-0.081110995,-0.9821714835));
#5818=VECTOR('',#5817,1.0);
#5819=LINE('',#5816,#5818);
#5820=EDGE_CURVE('no 13220',#5166,#4918,#5819,.T.);
#5821=ORIENTED_EDGE('no 13244',*,*,#5820,.F.);
#5822=ORIENTED_EDGE('no 13245',*,*,#5178,.F.);
#5823=ORIENTED_EDGE('no 13246',*,*,#5550,.F.);
#5824=EDGE_LOOP('',(#5821,#5822,#5823));
#5825=FACE_OUTER_BOUND('',#5824,.T.);
#5826=CARTESIAN_POINT('',(0.23108,-0.00861867,-0.0));
#5827=DIRECTION('',(0.4313858024,0.9021675507,-0.0000000812));
#5828=DIRECTION('',(-0.1696290764,0.0811109366,0.9821644426));
#5829=AXIS2_PLACEMENT_3D('',#5826,#5827,#5828);
#5830=PLANE('',#5829);
#5831=ADVANCED_FACE('no 13254',(#5825),#5830,.T.);
#5832=CARTESIAN_POINT('',(0.232444,-0.00443534,0.003));
#5833=VERTEX_POINT('',#5832);
#5834=CARTESIAN_POINT('',(0.232444,-0.00443534,0.003));
#5835=DIRECTION('',(0.0054424123,0.99998519,0.0));
#5836=VECTOR('',#5835,1.0);
#5837=LINE('',#5834,#5836);
#5838=EDGE_CURVE('no 7750',#5833,#5205,#5837,.T.);
#5839=ORIENTED_EDGE('no 7786',*,*,#5838,.F.);
#5840=CARTESIAN_POINT('',(0.232444,-0.00443534,0.003));
#5841=DIRECTION('',(0.9021268534,-0.4314709033,0.0));
#5842=VECTOR('',#5841,1.0);
#5843=LINE('',#5840,#5842);
#5844=EDGE_CURVE('no 7779',#5833,#4631,#5843,.T.);
#5845=ORIENTED_EDGE('no 7787',*,*,#5844,.T.);
#5846=ORIENTED_EDGE('no 7788',*,*,#5210,.T.);
#5847=EDGE_LOOP('',(#5839,#5845,#5846));
#5848=FACE_OUTER_BOUND('',#5847,.T.);
#5849=CARTESIAN_POINT('',(0.232862,0.0723677,0.003));
#5850=DIRECTION('',(0.0,0.0,1.0));
#5851=DIRECTION('',(-0.005444251,-0.99998518,0.0));
#5852=AXIS2_PLACEMENT_3D('',#5849,#5850,#5851);
#5853=PLANE('',#5852);
#5854=ADVANCED_FACE('no 7796',(#5848),#5853,.T.);
#5855=CARTESIAN_POINT('',(0.232444,-0.00443534,-0.0));
#5856=VERTEX_POINT('',#5855);
#5857=CARTESIAN_POINT('',(0.232962,-0.00468309,0.003));
#5858=DIRECTION('',(-0.1695882762,0.081110995,-0.9821714835));
#5859=VECTOR('',#5858,1.0);
#5860=LINE('',#5857,#5859);
#5861=EDGE_CURVE('no 12668',#4631,#5856,#5860,.T.);
#5862=ORIENTED_EDGE('no 12675',*,*,#5861,.T.);
#5863=CARTESIAN_POINT('',(0.232962,-0.00468309,-0.0));
#5864=DIRECTION('',(-0.9021268534,0.4314709033,0.0));
#5865=VECTOR('',#5864,1.0);
#5866=LINE('',#5863,#5865);
#5867=EDGE_CURVE('no 1548',#4957,#5856,#5866,.T.);
#5868=ORIENTED_EDGE('no 12676',*,*,#5867,.F.);
#5869=ORIENTED_EDGE('no 12677',*,*,#5233,.T.);
#5870=EDGE_LOOP('',(#5862,#5868,#5869));
#5871=FACE_OUTER_BOUND('',#5870,.T.);
#5872=CARTESIAN_POINT('',(0.232962,-0.00468309,0.003));
#5873=DIRECTION('',(-0.431374877,-0.9021727747,0.0000000721));
#5874=DIRECTION('',(-0.1696339367,0.0811105697,-0.9821636335));
#5875=AXIS2_PLACEMENT_3D('',#5872,#5873,#5874);
#5876=PLANE('',#5875);
#5877=ADVANCED_FACE('no 12685',(#5871),#5876,.T.);
#5878=ORIENTED_EDGE('no 2552',*,*,#5250,.F.);
#5879=CARTESIAN_POINT('',(0.230207,0.0758286,-0.0));
#5880=VERTEX_POINT('',#5879);
#5881=CARTESIAN_POINT('',(0.230662,0.0761783,-0.0));
#5882=DIRECTION('',(-0.7933542749,-0.608760211,0.0));
#5883=VECTOR('',#5882,1.0);
#5884=LINE('',#5881,#5883);
#5885=EDGE_CURVE('no 2545',#4655,#5880,#5884,.T.);
#5886=ORIENTED_EDGE('no 2553',*,*,#5885,.T.);
#5887=CARTESIAN_POINT('',(0.230207,0.0758286,-0.0));
#5888=DIRECTION('',(-0.8785022808,-0.4777381527,0.0));
#5889=VECTOR('',#5888,1.0);
#5890=LINE('',#5887,#5889);
#5891=EDGE_CURVE('no 2551',#5880,#5245,#5890,.T.);
#5892=ORIENTED_EDGE('no 2554',*,*,#5891,.T.);
#5893=EDGE_LOOP('',(#5878,#5886,#5892));
#5894=FACE_OUTER_BOUND('',#5893,.T.);
#5895=CARTESIAN_POINT('',(0.212366,0.0661264,-0.0));
#5896=DIRECTION('',(0.0,0.0,-1.0));
#5897=DIRECTION('',(0.8764467236,0.4814988481,0.0));
#5898=AXIS2_PLACEMENT_3D('',#5895,#5896,#5897);
#5899=PLANE('',#5898);
#5900=ADVANCED_FACE('no 2562',(#5894),#5899,.T.);
#5901=CARTESIAN_POINT('',(0.212366,0.0661264,0.003));
#5902=DIRECTION('',(-0.9973338531,0.0,-0.0729738679));
#5903=VECTOR('',#5902,1.0);
#5904=LINE('',#5901,#5903);
#5905=EDGE_CURVE('no 9770',#5772,#4117,#5904,.T.);
#5906=ORIENTED_EDGE('no 9777',*,*,#5905,.T.);
#5907=ORIENTED_EDGE('no 9778',*,*,#5256,.F.);
#5908=CARTESIAN_POINT('',(0.212366,0.0661264,-0.0));
#5909=DIRECTION('',(0.0,0.0,1.0));
#5910=VECTOR('',#5909,1.0);
#5911=LINE('',#5908,#5910);
#5912=EDGE_CURVE('no 9776',#5245,#5772,#5911,.T.);
#5913=ORIENTED_EDGE('no 9779',*,*,#5912,.T.);
#5914=EDGE_LOOP('',(#5906,#5907,#5913));
#5915=FACE_OUTER_BOUND('',#5914,.T.);
#5916=CARTESIAN_POINT('',(0.212366,0.0661264,0.003));
#5917=DIRECTION('',(0.0,-1.0,-0.0));
#5918=DIRECTION('',(-0.9973337279,0.0,-0.0729755801));
#5919=AXIS2_PLACEMENT_3D('',#5916,#5917,#5918);
#5920=PLANE('',#5919);
#5921=ADVANCED_FACE('no 9787',(#5915),#5920,.T.);
#5922=ORIENTED_EDGE('no 2407',*,*,#5273,.F.);
#5923=CARTESIAN_POINT('',(0.163317,0.040727,-0.0));
#5924=VERTEX_POINT('',#5923);
#5925=CARTESIAN_POINT('',(0.171365,0.0661264,-0.0));
#5926=DIRECTION('',(-0.302081984,-0.9532819494,0.0));
#5927=VECTOR('',#5926,1.0);
#5928=LINE('',#5925,#5927);
#5929=EDGE_CURVE('no 2400',#4117,#5924,#5928,.T.);
#5930=ORIENTED_EDGE('no 2408',*,*,#5929,.T.);
#5931=CARTESIAN_POINT('',(0.163317,0.040727,-0.0));
#5932=DIRECTION('',(-0.3411543174,-0.9400073041,0.0));
#5933=VECTOR('',#5932,1.0);
#5934=LINE('',#5931,#5933);
#5935=EDGE_CURVE('no 2406',#5924,#5268,#5934,.T.);
#5936=ORIENTED_EDGE('no 2409',*,*,#5935,.T.);
#5937=EDGE_LOOP('',(#5922,#5930,#5936));
#5938=FACE_OUTER_BOUND('',#5937,.T.);
#5939=CARTESIAN_POINT('',(0.157361,0.024316,-0.0));
#5940=DIRECTION('',(0.0,0.0,-1.0));
#5941=DIRECTION('',(0.3176170269,0.9482190803,0.0));
#5942=AXIS2_PLACEMENT_3D('',#5939,#5940,#5941);
#5943=PLANE('',#5942);
#5944=ADVANCED_FACE('no 2417',(#5938),#5943,.T.);
#5945=CARTESIAN_POINT('',(0.155225,0.0261854,-0.0));
#5946=VERTEX_POINT('',#5945);
#5947=CARTESIAN_POINT('',(0.155225,0.0261854,-0.0));
#5948=DIRECTION('',(0.7524380409,-0.6586630358,0.0));
#5949=VECTOR('',#5948,1.0);
#5950=LINE('',#5947,#5949);
#5951=EDGE_CURVE('no 933',#5946,#5268,#5950,.T.);
#5952=ORIENTED_EDGE('no 957',*,*,#5951,.F.);
#5953=CARTESIAN_POINT('',(0.156666,0.046273,-0.0));
#5954=DIRECTION('',(-0.0715528862,-0.9974368073,0.0));
#5955=VECTOR('',#5954,1.0);
#5956=LINE('',#5953,#5955);
#5957=EDGE_CURVE('no 782',#4678,#5946,#5956,.T.);
#5958=ORIENTED_EDGE('no 958',*,*,#5957,.F.);
#5959=ORIENTED_EDGE('no 959',*,*,#5279,.T.);
#5960=EDGE_LOOP('',(#5952,#5958,#5959));
#5961=FACE_OUTER_BOUND('',#5960,.T.);
#5962=CARTESIAN_POINT('',(0.157361,0.024316,-0.0));
#5963=DIRECTION('',(0.0,0.0,-1.0));
#5964=DIRECTION('',(-0.7524380409,0.6586630358,0.0));
#5965=AXIS2_PLACEMENT_3D('',#5962,#5963,#5964);
#5966=PLANE('',#5965);
#5967=ADVANCED_FACE('no 967',(#5961),#5966,.T.);
#5968=CARTESIAN_POINT('',(0.133666,0.046273,0.003));
#5969=DIRECTION('',(0.9916004112,0.0,-0.1293391841));
#5970=VECTOR('',#5969,1.0);
#5971=LINE('',#5968,#5970);
#5972=EDGE_CURVE('no 11472',#4508,#4678,#5971,.T.);
#5973=ORIENTED_EDGE('no 11490',*,*,#5972,.F.);
#5974=CARTESIAN_POINT('',(0.156666,0.046273,0.003));
#5975=DIRECTION('',(-1.0,0.0,0.0));
#5976=VECTOR('',#5975,1.0);
#5977=LINE('',#5974,#5976);
#5978=EDGE_CURVE('no 9419',#5291,#4508,#5977,.T.);
#5979=ORIENTED_EDGE('no 11491',*,*,#5978,.F.);
#5980=ORIENTED_EDGE('no 11492',*,*,#5296,.F.);
#5981=EDGE_LOOP('',(#5973,#5979,#5980));
#5982=FACE_OUTER_BOUND('',#5981,.T.);
#5983=CARTESIAN_POINT('',(0.156666,0.046273,-0.0));
#5984=DIRECTION('',(0.0,1.0,-0.0));
#5985=DIRECTION('',(-0.9916004279,0.0,0.1293390558));
#5986=AXIS2_PLACEMENT_3D('',#5983,#5984,#5985);
#5987=PLANE('',#5986);
#5988=ADVANCED_FACE('no 11500',(#5982),#5987,.T.);
#5989=ORIENTED_EDGE('no 824',*,*,#5318,.T.);
#5990=CARTESIAN_POINT('',(0.135225,0.0261854,-0.0));
#5991=DIRECTION('',(0.996452645,-0.08415537,0.0));
#5992=VECTOR('',#5991,1.0);
#5993=LINE('',#5990,#5992);
#5994=EDGE_CURVE('no 817',#5313,#5268,#5993,.T.);
#5995=ORIENTED_EDGE('no 825',*,*,#5994,.T.);
#5996=CARTESIAN_POINT('',(0.157361,0.024316,-0.0));
#5997=DIRECTION('',(-1.0,0.0,0.0));
#5998=VECTOR('',#5997,1.0);
#5999=LINE('',#5996,#5998);
#6000=EDGE_CURVE('no 823',#5268,#4161,#5999,.T.);
#6001=ORIENTED_EDGE('no 826',*,*,#6000,.T.);
#6002=EDGE_LOOP('',(#5989,#5995,#6001));
#6003=FACE_OUTER_BOUND('',#6002,.T.);
#6004=CARTESIAN_POINT('',(0.132361,0.024316,-0.0));
#6005=DIRECTION('',(0.0,0.0,-1.0));
#6006=DIRECTION('',(0.8374258739,0.5465509177,0.0));
#6007=AXIS2_PLACEMENT_3D('',#6004,#6005,#6006);
#6008=PLANE('',#6007);
#6009=ADVANCED_FACE('no 834',(#6003),#6008,.T.);
#6010=ORIENTED_EDGE('no 905',*,*,#5325,.F.);
#6011=CARTESIAN_POINT('',(0.135225,0.0421854,-0.0));
#6012=VERTEX_POINT('',#6011);
#6013=CARTESIAN_POINT('',(0.135225,0.0421854,-0.0));
#6014=DIRECTION('',(-0.3563552123,0.9343505566,0.0));
#6015=VECTOR('',#6014,1.0);
#6016=LINE('',#6013,#6015);
#6017=EDGE_CURVE('no 724',#6012,#4716,#6016,.T.);
#6018=ORIENTED_EDGE('no 906',*,*,#6017,.F.);
#6019=CARTESIAN_POINT('',(0.135225,0.0421854,-0.0));
#6020=DIRECTION('',(0.0,-1.0,0.0));
#6021=VECTOR('',#6020,1.0);
#6022=LINE('',#6019,#6021);
#6023=EDGE_CURVE('no 904',#6012,#5313,#6022,.T.);
#6024=ORIENTED_EDGE('no 907',*,*,#6023,.T.);
#6025=EDGE_LOOP('',(#6010,#6018,#6024));
#6026=FACE_OUTER_BOUND('',#6025,.T.);
#6027=CARTESIAN_POINT('',(0.135225,0.0261854,-0.0));
#6028=DIRECTION('',(0.0,0.0,-1.0));
#6029=DIRECTION('',(-0.0773761975,0.9970019679,0.0));
#6030=AXIS2_PLACEMENT_3D('',#6027,#6028,#6029);
#6031=PLANE('',#6030);
#6032=ADVANCED_FACE('no 915',(#6026),#6031,.T.);
#6033=ORIENTED_EDGE('no 11473',*,*,#5972,.T.);
#6034=CARTESIAN_POINT('',(0.133666,0.046273,-0.0));
#6035=DIRECTION('',(1.0,0.0,0.0));
#6036=VECTOR('',#6035,1.0);
#6037=LINE('',#6034,#6036);
#6038=EDGE_CURVE('no 730',#4716,#4678,#6037,.T.);
#6039=ORIENTED_EDGE('no 11474',*,*,#6038,.F.);
#6040=ORIENTED_EDGE('no 11475',*,*,#5340,.F.);
#6041=EDGE_LOOP('',(#6033,#6039,#6040));
#6042=FACE_OUTER_BOUND('',#6041,.T.);
#6043=CARTESIAN_POINT('',(0.133666,0.046273,0.003));
#6044=DIRECTION('',(0.0,1.0,0.0));
#6045=DIRECTION('',(0.9916004279,0.0,-0.1293390558));
#6046=AXIS2_PLACEMENT_3D('',#6043,#6044,#6045);
#6047=PLANE('',#6046);
#6048=ADVANCED_FACE('no 11483',(#6042),#6047,.T.);
#6049=CARTESIAN_POINT('',(0.125868,0.073173,-0.0));
#6050=VERTEX_POINT('',#6049);
#6051=CARTESIAN_POINT('',(0.125868,0.073173,-0.0));
#6052=DIRECTION('',(0.0,-1.0,0.0));
#6053=VECTOR('',#6052,1.0);
#6054=LINE('',#6051,#6053);
#6055=EDGE_CURVE('no 579',#6050,#5352,#6054,.T.);
#6056=ORIENTED_EDGE('no 609',*,*,#6055,.F.);
#6057=CARTESIAN_POINT('',(0.125868,0.073173,-0.0));
#6058=DIRECTION('',(0.3826990297,0.9238730717,0.0));
#6059=VECTOR('',#6058,1.0);
#6060=LINE('',#6057,#6059);
#6061=EDGE_CURVE('no 602',#6050,#4739,#6060,.T.);
#6062=ORIENTED_EDGE('no 610',*,*,#6061,.T.);
#6063=ORIENTED_EDGE('no 611',*,*,#5357,.T.);
#6064=EDGE_LOOP('',(#6056,#6062,#6063));
#6065=FACE_OUTER_BOUND('',#6064,.T.);
#6066=CARTESIAN_POINT('',(0.125868,-0.005427,-0.0));
#6067=DIRECTION('',(0.0,0.0,-1.0));
#6068=DIRECTION('',(0.0,1.0,0.0));
#6069=AXIS2_PLACEMENT_3D('',#6066,#6067,#6068);
#6070=PLANE('',#6069);
#6071=ADVANCED_FACE('no 619',(#6065),#6070,.T.);
#6072=ORIENTED_EDGE('no 11680',*,*,#5380,.F.);
#6073=CARTESIAN_POINT('',(0.125868,-0.005427,-0.0));
#6074=DIRECTION('',(0.0,0.0,1.0));
#6075=VECTOR('',#6074,1.0);
#6076=LINE('',#6073,#6075);
#6077=EDGE_CURVE('no 11616',#5352,#5375,#6076,.T.);
#6078=ORIENTED_EDGE('no 11681',*,*,#6077,.F.);
#6079=ORIENTED_EDGE('no 11682',*,*,#5364,.F.);
#6080=EDGE_LOOP('',(#6072,#6078,#6079));
#6081=FACE_OUTER_BOUND('',#6080,.T.);
#6082=CARTESIAN_POINT('',(0.126087,-0.0059576,-0.0));
#6083=DIRECTION('',(-0.9238727033,-0.3826999192,-0.0000002032));
#6084=DIRECTION('',(-0.0719573184,0.1737110445,0.9821642517));
#6085=AXIS2_PLACEMENT_3D('',#6082,#6083,#6084);
#6086=PLANE('',#6085);
#6087=ADVANCED_FACE('no 11690',(#6081),#6086,.T.);
#6088=CARTESIAN_POINT('',(0.125868,-0.005427,0.003));
#6089=DIRECTION('',(0.0,1.0,0.0));
#6090=VECTOR('',#6089,1.0);
#6091=LINE('',#6088,#6090);
#6092=EDGE_CURVE('no 8585',#5375,#5453,#6091,.T.);
#6093=ORIENTED_EDGE('no 8621',*,*,#6092,.F.);
#6094=ORIENTED_EDGE('no 8622',*,*,#5387,.T.);
#6095=ORIENTED_EDGE('no 8623',*,*,#5458,.T.);
#6096=EDGE_LOOP('',(#6093,#6094,#6095));
#6097=FACE_OUTER_BOUND('',#6096,.T.);
#6098=CARTESIAN_POINT('',(0.125868,0.073173,0.003));
#6099=DIRECTION('',(0.0,0.0,1.0));
#6100=DIRECTION('',(0.0,-1.0,0.0));
#6101=AXIS2_PLACEMENT_3D('',#6098,#6099,#6100);
#6102=PLANE('',#6101);
#6103=ADVANCED_FACE('no 8631',(#6097),#6102,.T.);
#6104=ORIENTED_EDGE('no 551',*,*,#5404,.F.);
#6105=CARTESIAN_POINT('',(0.125518,0.0727174,-0.0));
#6106=DIRECTION('',(0.00447387,-0.9999899922,0.0));
#6107=VECTOR('',#6106,1.0);
#6108=LINE('',#6105,#6107);
#6109=EDGE_CURVE('no 544',#4779,#5352,#6108,.T.);
#6110=ORIENTED_EDGE('no 552',*,*,#6109,.T.);
#6111=CARTESIAN_POINT('',(0.125868,-0.005427,-0.0));
#6112=DIRECTION('',(-0.6091807053,0.7930314422,0.0));
#6113=VECTOR('',#6112,1.0);
#6114=LINE('',#6111,#6113);
#6115=EDGE_CURVE('no 550',#5352,#5399,#6114,.T.);
#6116=ORIENTED_EDGE('no 553',*,*,#6115,.T.);
#6117=EDGE_LOOP('',(#6104,#6110,#6116));
#6118=FACE_OUTER_BOUND('',#6117,.T.);
#6119=CARTESIAN_POINT('',(0.125518,-0.00497137,-0.0));
#6120=DIRECTION('',(0.0,0.0,-1.0));
#6121=DIRECTION('',(0.0,1.0,0.0));
#6122=AXIS2_PLACEMENT_3D('',#6119,#6120,#6121);
#6123=PLANE('',#6122);
#6124=ADVANCED_FACE('no 561',(#6118),#6123,.T.);
#6125=CARTESIAN_POINT('',(0.125518,-0.00497137,0.003));
#6126=DIRECTION('',(0.1145842497,-0.1491657763,-0.9821507119));
#6127=VECTOR('',#6126,1.0);
#6128=LINE('',#6125,#6127);
#6129=EDGE_CURVE('no 11610',#4801,#5352,#6128,.T.);
#6130=ORIENTED_EDGE('no 11634',*,*,#6129,.F.);
#6131=ORIENTED_EDGE('no 11635',*,*,#5426,.F.);
#6132=ORIENTED_EDGE('no 11636',*,*,#6115,.F.);
#6133=EDGE_LOOP('',(#6130,#6131,#6132));
#6134=FACE_OUTER_BOUND('',#6133,.T.);
#6135=CARTESIAN_POINT('',(0.125868,-0.005427,-0.0));
#6136=DIRECTION('',(-0.7933620482,-0.6087500805,-0.0000001804));
#6137=DIRECTION('',(-0.1144589634,0.1491699524,0.9821646863));
#6138=AXIS2_PLACEMENT_3D('',#6135,#6136,#6137);
#6139=PLANE('',#6138);
#6140=ADVANCED_FACE('no 11644',(#6134),#6139,.T.);
#6141=ORIENTED_EDGE('no 8534',*,*,#5442,.F.);
#6142=CARTESIAN_POINT('',(0.125518,0.0727174,0.003));
#6143=VERTEX_POINT('',#6142);
#6144=CARTESIAN_POINT('',(0.125518,-0.00497137,0.003));
#6145=DIRECTION('',(0.0,1.0,0.0));
#6146=VECTOR('',#6145,1.0);
#6147=LINE('',#6144,#6146);
#6148=EDGE_CURVE('no 8527',#4801,#6143,#6147,.T.);
#6149=ORIENTED_EDGE('no 8535',*,*,#6148,.T.);
#6150=CARTESIAN_POINT('',(0.125518,0.0727174,0.003));
#6151=DIRECTION('',(-0.7933542749,-0.608760211,0.0));
#6152=VECTOR('',#6151,1.0);
#6153=LINE('',#6150,#6152);
#6154=EDGE_CURVE('no 8533',#6143,#4825,#6153,.T.);
#6155=ORIENTED_EDGE('no 8536',*,*,#6154,.T.);
#6156=EDGE_LOOP('',(#6141,#6149,#6155));
#6157=FACE_OUTER_BOUND('',#6156,.T.);
#6158=CARTESIAN_POINT('',(0.125062,0.0723677,0.003));
#6159=DIRECTION('',(-0.0,0.0,1.0));
#6160=DIRECTION('',(0.0058912579,-0.9999826464,0.0));
#6161=AXIS2_PLACEMENT_3D('',#6158,#6159,#6160);
#6162=PLANE('',#6161);
#6163=ADVANCED_FACE('no 8544',(#6157),#6162,.T.);
#6164=CARTESIAN_POINT('',(0.163317,0.040727,-0.0));
#6165=DIRECTION('',(-0.1658663217,-0.9861482461,0.0));
#6166=VECTOR('',#6165,1.0);
#6167=LINE('',#6164,#6166);
#6168=EDGE_CURVE('no 2429',#5924,#4301,#6167,.T.);
#6169=ORIENTED_EDGE('no 2465',*,*,#6168,.F.);
#6170=CARTESIAN_POINT('',(0.163317,0.040727,-0.0));
#6171=DIRECTION('',(-0.0158189995,-0.9998748718,0.0));
#6172=VECTOR('',#6171,1.0);
#6173=LINE('',#6170,#6172);
#6174=EDGE_CURVE('no 2458',#5924,#5477,#6173,.T.);
#6175=ORIENTED_EDGE('no 2466',*,*,#6174,.T.);
#6176=ORIENTED_EDGE('no 2467',*,*,#5482,.T.);
#6177=EDGE_LOOP('',(#6169,#6175,#6176));
#6178=FACE_OUTER_BOUND('',#6177,.T.);
#6179=CARTESIAN_POINT('',(0.157361,0.00531596,-0.0));
#6180=DIRECTION('',(0.0,0.0,-1.0));
#6181=DIRECTION('',(0.1658710751,0.9861474466,0.0));
#6182=AXIS2_PLACEMENT_3D('',#6179,#6180,#6181);
#6183=PLANE('',#6182);
#6184=ADVANCED_FACE('no 2475',(#6178),#6183,.T.);
#6185=CARTESIAN_POINT('',(0.163012,0.0214488,-0.0));
#6186=DIRECTION('',(0.0,-0.9847835238,0.1737855322));
#6187=VECTOR('',#6186,1.0);
#6188=LINE('',#6185,#6187);
#6189=EDGE_CURVE('no 10874',#5477,#4425,#6188,.T.);
#6190=ORIENTED_EDGE('no 10875',*,*,#6189,.T.);
#6191=CARTESIAN_POINT('',(0.163012,0.00444882,-0.0));
#6192=DIRECTION('',(0.0,0.0,1.0));
#6193=VECTOR('',#6192,1.0);
#6194=LINE('',#6191,#6193);
#6195=EDGE_CURVE('no 10834',#4896,#4425,#6194,.T.);
#6196=ORIENTED_EDGE('no 10876',*,*,#6195,.F.);
#6197=ORIENTED_EDGE('no 10877',*,*,#5488,.F.);
#6198=EDGE_LOOP('',(#6190,#6196,#6197));
#6199=FACE_OUTER_BOUND('',#6198,.T.);
#6200=CARTESIAN_POINT('',(0.163012,0.0214488,-0.0));
#6201=DIRECTION('',(1.0,0.0,0.0));
#6202=DIRECTION('',(0.0,-0.9847836293,0.1737849346));
#6203=AXIS2_PLACEMENT_3D('',#6200,#6201,#6202);
#6204=PLANE('',#6203);
#6205=ADVANCED_FACE('no 10885',(#6199),#6204,.T.);
#6206=ORIENTED_EDGE('no 10835',*,*,#5610,.T.);
#6207=ORIENTED_EDGE('no 10836',*,*,#5505,.F.);
#6208=ORIENTED_EDGE('no 10837',*,*,#6195,.T.);
#6209=EDGE_LOOP('',(#6206,#6207,#6208));
#6210=FACE_OUTER_BOUND('',#6209,.T.);
#6211=CARTESIAN_POINT('',(0.163012,0.00444882,0.003));
#6212=DIRECTION('',(0.0,1.0,0.0));
#6213=DIRECTION('',(0.9847836293,0.0,-0.1737849346));
#6214=AXIS2_PLACEMENT_3D('',#6211,#6212,#6213);
#6215=PLANE('',#6214);
#6216=ADVANCED_FACE('no 10845',(#6210),#6215,.T.);
#6217=ORIENTED_EDGE('no 3607',*,*,#5511,.F.);
#6218=CARTESIAN_POINT('',(0.182092,0.004259,-0.0));
#6219=VERTEX_POINT('',#6218);
#6220=CARTESIAN_POINT('',(0.180012,0.00444882,-0.0));
#6221=DIRECTION('',(0.9958616724,-0.0908819532,0.0));
#6222=VECTOR('',#6221,1.0);
#6223=LINE('',#6220,#6222);
#6224=EDGE_CURVE('no 3600',#5500,#6219,#6223,.T.);
#6225=ORIENTED_EDGE('no 3608',*,*,#6224,.T.);
#6226=CARTESIAN_POINT('',(0.182092,0.004259,-0.0));
#6227=DIRECTION('',(0.9607501707,-0.2774150493,0.0));
#6228=VECTOR('',#6227,1.0);
#6229=LINE('',#6226,#6228);
#6230=EDGE_CURVE('no 3606',#6219,#983,#6229,.T.);
#6231=ORIENTED_EDGE('no 3609',*,*,#6230,.T.);
#6232=EDGE_LOOP('',(#6217,#6225,#6231));
#6233=FACE_OUTER_BOUND('',#6232,.T.);
#6234=CARTESIAN_POINT('',(0.236762,-0.011527,-0.0));
#6235=DIRECTION('',(0.0,0.0,-1.0));
#6236=DIRECTION('',(-0.9625849795,0.2709799942,0.0));
#6237=AXIS2_PLACEMENT_3D('',#6234,#6235,#6236);
#6238=PLANE('',#6237);
#6239=ADVANCED_FACE('no 3617',(#6233),#6238,.T.);
#6240=CARTESIAN_POINT('',(0.201409,0.00411476,-0.0));
#6241=VERTEX_POINT('',#6240);
#6242=CARTESIAN_POINT('',(0.201409,0.00411476,-0.0));
#6243=DIRECTION('',(0.9144894457,-0.4046097548,0.0));
#6244=VECTOR('',#6243,1.0);
#6245=LINE('',#6242,#6244);
#6246=EDGE_CURVE('no 3722',#6241,#983,#6245,.T.);
#6247=ORIENTED_EDGE('no 3862',*,*,#6246,.F.);
#6248=CARTESIAN_POINT('',(0.201409,0.00411476,-0.0));
#6249=DIRECTION('',(0.9192423468,-0.3936921485,0.0));
#6250=VECTOR('',#6249,1.0);
#6251=LINE('',#6248,#6250);
#6252=EDGE_CURVE('no 3855',#6241,#5522,#6251,.T.);
#6253=ORIENTED_EDGE('no 3863',*,*,#6252,.T.);
#6254=ORIENTED_EDGE('no 3864',*,*,#5527,.T.);
#6255=EDGE_LOOP('',(#6247,#6253,#6254));
#6256=FACE_OUTER_BOUND('',#6255,.T.);
#6257=CARTESIAN_POINT('',(0.236762,-0.011527,-0.0));
#6258=DIRECTION('',(0.0,0.0,-1.0));
#6259=DIRECTION('',(-0.9144894457,0.4046097548,0.0));
#6260=AXIS2_PLACEMENT_3D('',#6257,#6258,#6259);
#6261=PLANE('',#6260);
#6262=ADVANCED_FACE('no 3872',(#6256),#6261,.T.);
#6263=ORIENTED_EDGE('no 13227',*,*,#5820,.T.);
#6264=ORIENTED_EDGE('no 13228',*,*,#5533,.F.);
#6265=CARTESIAN_POINT('',(0.230562,-0.00837092,-0.0));
#6266=DIRECTION('',(0.0,0.0,1.0));
#6267=VECTOR('',#6266,1.0);
#6268=LINE('',#6265,#6267);
#6269=EDGE_CURVE('no 13226',#5522,#5166,#6268,.T.);
#6270=ORIENTED_EDGE('no 13229',*,*,#6269,.T.);
#6271=EDGE_LOOP('',(#6263,#6264,#6270));
#6272=FACE_OUTER_BOUND('',#6271,.T.);
#6273=CARTESIAN_POINT('',(0.230562,-0.00837092,0.003));
#6274=DIRECTION('',(0.4313858024,0.9021675507,-0.0000000812));
#6275=DIRECTION('',(0.1696290764,-0.0811109366,-0.9821644426));
#6276=AXIS2_PLACEMENT_3D('',#6273,#6274,#6275);
#6277=PLANE('',#6276);
#6278=ADVANCED_FACE('no 13237',(#6272),#6277,.T.);
#6279=CARTESIAN_POINT('',(0.232862,0.0723677,-0.0));
#6280=DIRECTION('',(-0.005444251,-0.99998518,0.0));
#6281=VECTOR('',#6280,1.0);
#6282=LINE('',#6279,#6281);
#6283=EDGE_CURVE('no 1519',#5561,#5856,#6282,.T.);
#6284=ORIENTED_EDGE('no 1549',*,*,#6283,.F.);
#6285=ORIENTED_EDGE('no 1550',*,*,#5566,.T.);
#6286=ORIENTED_EDGE('no 1551',*,*,#5867,.T.);
#6287=EDGE_LOOP('',(#6284,#6285,#6286));
#6288=FACE_OUTER_BOUND('',#6287,.T.);
#6289=CARTESIAN_POINT('',(0.232444,-0.00443534,-0.0));
#6290=DIRECTION('',(0.0,0.0,-1.0));
#6291=DIRECTION('',(0.005444251,0.99998518,0.0));
#6292=AXIS2_PLACEMENT_3D('',#6289,#6290,#6291);
#6293=PLANE('',#6292);
#6294=ADVANCED_FACE('no 1559',(#6288),#6293,.T.);
#6295=ORIENTED_EDGE('no 5461',*,*,#5590,.F.);
#6296=CARTESIAN_POINT('',(0.199092,0.004259,0.003));
#6297=VERTEX_POINT('',#6296);
#6298=CARTESIAN_POINT('',(0.236762,-0.011527,0.003));
#6299=DIRECTION('',(-0.9222912466,0.3864956098,0.0));
#6300=VECTOR('',#6299,1.0);
#6301=LINE('',#6298,#6300);
#6302=EDGE_CURVE('no 5454',#757,#6297,#6301,.T.);
#6303=ORIENTED_EDGE('no 5462',*,*,#6302,.T.);
#6304=CARTESIAN_POINT('',(0.199092,0.004259,0.003));
#6305=DIRECTION('',(-1.0,0.0,0.0));
#6306=VECTOR('',#6305,1.0);
#6307=LINE('',#6304,#6306);
#6308=EDGE_CURVE('no 5460',#6297,#5585,#6307,.T.);
#6309=ORIENTED_EDGE('no 5463',*,*,#6308,.T.);
#6310=EDGE_LOOP('',(#6295,#6303,#6309));
#6311=FACE_OUTER_BOUND('',#6310,.T.);
#6312=CARTESIAN_POINT('',(0.182092,0.004259,0.003));
#6313=DIRECTION('',(-0.0,0.0,1.0));
#6314=DIRECTION('',(0.9607501707,-0.2774150493,0.0));
#6315=AXIS2_PLACEMENT_3D('',#6312,#6313,#6314);
#6316=PLANE('',#6315);
#6317=ADVANCED_FACE('no 5471',(#6311),#6316,.T.);
#6318=ORIENTED_EDGE('no 5374',*,*,#5596,.F.);
#6319=CARTESIAN_POINT('',(0.180012,0.0214488,0.003));
#6320=VERTEX_POINT('',#6319);
#6321=CARTESIAN_POINT('',(0.182092,0.004259,0.003));
#6322=DIRECTION('',(-0.1200870443,0.9927633665,0.0));
#6323=VECTOR('',#6322,1.0);
#6324=LINE('',#6321,#6323);
#6325=EDGE_CURVE('no 5367',#5585,#6320,#6324,.T.);
#6326=ORIENTED_EDGE('no 5375',*,*,#6325,.T.);
#6327=CARTESIAN_POINT('',(0.180012,0.0214488,0.003));
#6328=DIRECTION('',(0.0,-1.0,0.0));
#6329=VECTOR('',#6328,1.0);
#6330=LINE('',#6327,#6329);
#6331=EDGE_CURVE('no 5373',#6320,#5013,#6330,.T.);
#6332=ORIENTED_EDGE('no 5376',*,*,#6331,.T.);
#6333=EDGE_LOOP('',(#6318,#6326,#6332));
#6334=FACE_OUTER_BOUND('',#6333,.T.);
#6335=CARTESIAN_POINT('',(0.180012,0.00444882,0.003));
#6336=DIRECTION('',(-0.0,0.0,1.0));
#6337=DIRECTION('',(0.9958592383,-0.0909086218,0.0));
#6338=AXIS2_PLACEMENT_3D('',#6335,#6336,#6337);
#6339=PLANE('',#6338);
#6340=ADVANCED_FACE('no 5384',(#6334),#6339,.T.);
#6341=CARTESIAN_POINT('',(0.180012,0.0214488,0.003));
#6342=DIRECTION('',(0.0,-0.9847835238,-0.1737855322));
#6343=VECTOR('',#6342,1.0);
#6344=LINE('',#6341,#6343);
#6345=EDGE_CURVE('no 10776',#6320,#5500,#6344,.T.);
#6346=ORIENTED_EDGE('no 10783',*,*,#6345,.T.);
#6347=ORIENTED_EDGE('no 10784',*,*,#5617,.T.);
#6348=ORIENTED_EDGE('no 10785',*,*,#6331,.F.);
#6349=EDGE_LOOP('',(#6346,#6347,#6348));
#6350=FACE_OUTER_BOUND('',#6349,.T.);
#6351=CARTESIAN_POINT('',(0.180012,0.0214488,0.003));
#6352=DIRECTION('',(-1.0,-0.0,0.0));
#6353=DIRECTION('',(0.0,-0.9847836293,-0.1737849346));
#6354=AXIS2_PLACEMENT_3D('',#6351,#6352,#6353);
#6355=PLANE('',#6354);
#6356=ADVANCED_FACE('no 10793',(#6350),#6355,.T.);
#6357=ORIENTED_EDGE('no 6760',*,*,#5754,.F.);
#6358=ORIENTED_EDGE('no 6761',*,*,#5633,.T.);
#6359=CARTESIAN_POINT('',(0.163012,0.0214488,0.003));
#6360=DIRECTION('',(0.0157818073,0.9998754595,0.0));
#6361=VECTOR('',#6360,1.0);
#6362=LINE('',#6359,#6361);
#6363=EDGE_CURVE('no 6759',#5628,#5749,#6362,.T.);
#6364=ORIENTED_EDGE('no 6762',*,*,#6363,.T.);
#6365=EDGE_LOOP('',(#6357,#6358,#6364));
#6366=FACE_OUTER_BOUND('',#6365,.T.);
#6367=CARTESIAN_POINT('',(0.163317,0.040727,0.003));
#6368=DIRECTION('',(0.0,0.0,1.0));
#6369=DIRECTION('',(-0.341163049,-0.9400041351,0.0));
#6370=AXIS2_PLACEMENT_3D('',#6367,#6368,#6369);
#6371=PLANE('',#6370);
#6372=ADVANCED_FACE('no 6770',(#6366),#6371,.T.);
#6373=ORIENTED_EDGE('no 10898',*,*,#6189,.F.);
#6374=CARTESIAN_POINT('',(0.163012,0.0214488,-0.0));
#6375=DIRECTION('',(0.0,0.0,1.0));
#6376=VECTOR('',#6375,1.0);
#6377=LINE('',#6374,#6376);
#6378=EDGE_CURVE('no 10897',#5477,#5628,#6377,.T.);
#6379=ORIENTED_EDGE('no 10899',*,*,#6378,.T.);
#6380=ORIENTED_EDGE('no 10900',*,*,#5640,.F.);
#6381=EDGE_LOOP('',(#6373,#6379,#6380));
#6382=FACE_OUTER_BOUND('',#6381,.T.);
#6383=CARTESIAN_POINT('',(0.163012,0.00444882,0.003));
#6384=DIRECTION('',(1.0,-0.0,0.0));
#6385=DIRECTION('',(0.0,0.9847836293,-0.1737849346));
#6386=AXIS2_PLACEMENT_3D('',#6383,#6384,#6385);
#6387=PLANE('',#6386);
#6388=ADVANCED_FACE('no 10908',(#6382),#6387,.T.);
#6389=ORIENTED_EDGE('no 10185',*,*,#5675,.T.);
#6390=ORIENTED_EDGE('no 10186',*,*,#6000,.F.);
#6391=ORIENTED_EDGE('no 10187',*,*,#5655,.F.);
#6392=EDGE_LOOP('',(#6389,#6390,#6391));
#6393=FACE_OUTER_BOUND('',#6392,.T.);
#6394=CARTESIAN_POINT('',(0.157361,0.024316,0.003));
#6395=DIRECTION('',(0.0,-1.0,-0.0));
#6396=DIRECTION('',(-0.9928768669,0.0,-0.119144984));
#6397=AXIS2_PLACEMENT_3D('',#6394,#6395,#6396);
#6398=PLANE('',#6397);
#6399=ADVANCED_FACE('no 10195',(#6393),#6398,.T.);
#6400=ORIENTED_EDGE('no 2436',*,*,#5935,.F.);
#6401=ORIENTED_EDGE('no 2437',*,*,#6168,.T.);
#6402=ORIENTED_EDGE('no 2438',*,*,#5661,.T.);
#6403=EDGE_LOOP('',(#6400,#6401,#6402));
#6404=FACE_OUTER_BOUND('',#6403,.T.);
#6405=CARTESIAN_POINT('',(0.157361,0.024316,-0.0));
#6406=DIRECTION('',(0.0,0.0,-1.0));
#6407=DIRECTION('',(0.341163049,0.9400041351,0.0));
#6408=AXIS2_PLACEMENT_3D('',#6405,#6406,#6407);
#6409=PLANE('',#6408);
#6410=ADVANCED_FACE('no 2446',(#6404),#6409,.T.);
#6411=ORIENTED_EDGE('no 9200',*,*,#5698,.F.);
#6412=CARTESIAN_POINT('',(0.155225,0.0261854,0.003));
#6413=VERTEX_POINT('',#6412);
#6414=CARTESIAN_POINT('',(0.157361,0.024316,0.003));
#6415=DIRECTION('',(-0.7525068546,0.6585844166,0.0));
#6416=VECTOR('',#6415,1.0);
#6417=LINE('',#6414,#6416);
#6418=EDGE_CURVE('no 9193',#5036,#6413,#6417,.T.);
#6419=ORIENTED_EDGE('no 9201',*,*,#6418,.T.);
#6420=CARTESIAN_POINT('',(0.155225,0.0261854,0.003));
#6421=DIRECTION('',(-1.0,0.0,0.0));
#6422=VECTOR('',#6421,1.0);
#6423=LINE('',#6420,#6422);
#6424=EDGE_CURVE('no 9199',#6413,#5090,#6423,.T.);
#6425=ORIENTED_EDGE('no 9202',*,*,#6424,.T.);
#6426=EDGE_LOOP('',(#6411,#6419,#6425));
#6427=FACE_OUTER_BOUND('',#6426,.T.);
#6428=CARTESIAN_POINT('',(0.135225,0.0261854,0.003));
#6429=DIRECTION('',(-0.0,0.0,1.0));
#6430=DIRECTION('',(0.996452645,-0.08415537,0.0));
#6431=AXIS2_PLACEMENT_3D('',#6428,#6429,#6430);
#6432=PLANE('',#6431);
#6433=ADVANCED_FACE('no 9210',(#6427),#6432,.T.);
#6434=ORIENTED_EDGE('no 9420',*,*,#5714,.T.);
#6435=CARTESIAN_POINT('',(0.135225,0.0421854,0.003));
#6436=DIRECTION('',(0.9823082378,0.1872712631,0.0));
#6437=VECTOR('',#6436,1.0);
#6438=LINE('',#6435,#6437);
#6439=EDGE_CURVE('no 9413',#5709,#5291,#6438,.T.);
#6440=ORIENTED_EDGE('no 9421',*,*,#6439,.T.);
#6441=ORIENTED_EDGE('no 9422',*,*,#5978,.T.);
#6442=EDGE_LOOP('',(#6434,#6440,#6441));
#6443=FACE_OUTER_BOUND('',#6442,.T.);
#6444=CARTESIAN_POINT('',(0.133666,0.046273,0.003));
#6445=DIRECTION('',(-0.0,0.0,1.0));
#6446=DIRECTION('',(0.3563552123,-0.9343505566,0.0));
#6447=AXIS2_PLACEMENT_3D('',#6444,#6445,#6446);
#6448=PLANE('',#6447);
#6449=ADVANCED_FACE('no 9430',(#6443),#6448,.T.);
#6450=CARTESIAN_POINT('',(0.135225,0.0421854,-0.0));
#6451=DIRECTION('',(0.0,-0.9828721869,0.1842885351));
#6452=VECTOR('',#6451,1.0);
#6453=LINE('',#6450,#6452);
#6454=EDGE_CURVE('no 9954',#6012,#5090,#6453,.T.);
#6455=ORIENTED_EDGE('no 9978',*,*,#6454,.F.);
#6456=CARTESIAN_POINT('',(0.135225,0.0421854,-0.0));
#6457=DIRECTION('',(0.0,0.0,1.0));
#6458=VECTOR('',#6457,1.0);
#6459=LINE('',#6456,#6458);
#6460=EDGE_CURVE('no 9977',#6012,#5709,#6459,.T.);
#6461=ORIENTED_EDGE('no 9979',*,*,#6460,.T.);
#6462=ORIENTED_EDGE('no 9980',*,*,#5721,.F.);
#6463=EDGE_LOOP('',(#6455,#6461,#6462));
#6464=FACE_OUTER_BOUND('',#6463,.T.);
#6465=CARTESIAN_POINT('',(0.135225,0.0261854,0.003));
#6466=DIRECTION('',(1.0,-0.0,0.0));
#6467=DIRECTION('',(0.0,0.9828720964,-0.1842890181));
#6468=AXIS2_PLACEMENT_3D('',#6465,#6466,#6467);
#6469=PLANE('',#6468);
#6470=ADVANCED_FACE('no 9988',(#6464),#6469,.T.);
#6471=CARTESIAN_POINT('',(0.155225,0.0421854,0.003));
#6472=VERTEX_POINT('',#6471);
#6473=CARTESIAN_POINT('',(0.157361,0.024316,0.003));
#6474=DIRECTION('',(-0.1186890233,0.9929314759,0.0));
#6475=VECTOR('',#6474,1.0);
#6476=LINE('',#6473,#6475);
#6477=EDGE_CURVE('no 9222',#5036,#6472,#6476,.T.);
#6478=ORIENTED_EDGE('no 9258',*,*,#6477,.F.);
#6479=ORIENTED_EDGE('no 9259',*,*,#5735,.T.);
#6480=CARTESIAN_POINT('',(0.156666,0.046273,0.003));
#6481=DIRECTION('',(-0.3324749306,-0.9431120933,0.0));
#6482=VECTOR('',#6481,1.0);
#6483=LINE('',#6480,#6482);
#6484=EDGE_CURVE('no 9257',#5291,#6472,#6483,.T.);
#6485=ORIENTED_EDGE('no 9260',*,*,#6484,.T.);
#6486=EDGE_LOOP('',(#6478,#6479,#6485));
#6487=FACE_OUTER_BOUND('',#6486,.T.);
#6488=CARTESIAN_POINT('',(0.155225,0.0421854,0.003));
#6489=DIRECTION('',(-0.0,0.0,1.0));
#6490=DIRECTION('',(0.1186679987,-0.9929339888,0.0));
#6491=AXIS2_PLACEMENT_3D('',#6488,#6489,#6490);
#6492=PLANE('',#6491);
#6493=ADVANCED_FACE('no 9268',(#6487),#6492,.T.);
#6494=ORIENTED_EDGE('no 6841',*,*,#5760,.F.);
#6495=CARTESIAN_POINT('',(0.171365,0.0491264,0.003));
#6496=VERTEX_POINT('',#6495);
#6497=CARTESIAN_POINT('',(0.163317,0.040727,0.003));
#6498=DIRECTION('',(0.6918720883,0.7220200921,0.0));
#6499=VECTOR('',#6498,1.0);
#6500=LINE('',#6497,#6499);
#6501=EDGE_CURVE('no 6834',#5749,#6496,#6500,.T.);
#6502=ORIENTED_EDGE('no 6842',*,*,#6501,.T.);
#6503=CARTESIAN_POINT('',(0.171365,0.0491264,0.003));
#6504=DIRECTION('',(0.0,1.0,0.0));
#6505=VECTOR('',#6504,1.0);
#6506=LINE('',#6503,#6505);
#6507=EDGE_CURVE('no 6840',#6496,#4547,#6506,.T.);
#6508=ORIENTED_EDGE('no 6843',*,*,#6507,.T.);
#6509=EDGE_LOOP('',(#6494,#6502,#6508));
#6510=FACE_OUTER_BOUND('',#6509,.T.);
#6511=CARTESIAN_POINT('',(0.171365,0.0661264,0.003));
#6512=DIRECTION('',(0.0,0.0,1.0));
#6513=DIRECTION('',(-0.302081984,-0.9532819494,0.0));
#6514=AXIS2_PLACEMENT_3D('',#6511,#6512,#6513);
#6515=PLANE('',#6514);
#6516=ADVANCED_FACE('no 6851',(#6510),#6515,.T.);
#6517=ORIENTED_EDGE('no 9794',*,*,#5905,.F.);
#6518=ORIENTED_EDGE('no 9795',*,*,#5777,.F.);
#6519=CARTESIAN_POINT('',(0.171365,0.0661264,-0.0));
#6520=DIRECTION('',(0.0,0.0,1.0));
#6521=VECTOR('',#6520,1.0);
#6522=LINE('',#6519,#6521);
#6523=EDGE_CURVE('no 9747',#4117,#4547,#6522,.T.);
#6524=ORIENTED_EDGE('no 9796',*,*,#6523,.F.);
#6525=EDGE_LOOP('',(#6517,#6518,#6524));
#6526=FACE_OUTER_BOUND('',#6525,.T.);
#6527=CARTESIAN_POINT('',(0.171365,0.0661264,-0.0));
#6528=DIRECTION('',(0.0,-1.0,0.0));
#6529=DIRECTION('',(0.9973337279,0.0,0.0729755801));
#6530=AXIS2_PLACEMENT_3D('',#6527,#6528,#6529);
#6531=PLANE('',#6530);
#6532=ADVANCED_FACE('no 9804',(#6526),#6531,.T.);
#6533=ORIENTED_EDGE('no 6928',*,*,#5783,.F.);
#6534=CARTESIAN_POINT('',(0.230207,0.0758286,0.003));
#6535=VERTEX_POINT('',#6534);
#6536=CARTESIAN_POINT('',(0.212366,0.0661264,0.003));
#6537=DIRECTION('',(0.8785004354,0.4777415461,0.0));
#6538=VECTOR('',#6537,1.0);
#6539=LINE('',#6536,#6538);
#6540=EDGE_CURVE('no 6921',#5772,#6535,#6539,.T.);
#6541=ORIENTED_EDGE('no 6929',*,*,#6540,.T.);
#6542=CARTESIAN_POINT('',(0.230207,0.0758286,0.003));
#6543=DIRECTION('',(0.7933542749,0.608760211,0.0));
#6544=VECTOR('',#6543,1.0);
#6545=LINE('',#6542,#6544);
#6546=EDGE_CURVE('no 6927',#6535,#4569,#6545,.T.);
#6547=ORIENTED_EDGE('no 6930',*,*,#6546,.T.);
#6548=EDGE_LOOP('',(#6533,#6541,#6547));
#6549=FACE_OUTER_BOUND('',#6548,.T.);
#6550=CARTESIAN_POINT('',(0.230662,0.0761783,0.003));
#6551=DIRECTION('',(0.0,0.0,1.0));
#6552=DIRECTION('',(-0.8764467236,-0.4814988481,0.0));
#6553=AXIS2_PLACEMENT_3D('',#6550,#6551,#6552);
#6554=PLANE('',#6553);
#6555=ADVANCED_FACE('no 6938',(#6549),#6554,.T.);
#6556=ORIENTED_EDGE('no 5490',*,*,#6302,.F.);
#6557=ORIENTED_EDGE('no 5491',*,*,#5799,.T.);
#6558=CARTESIAN_POINT('',(0.201409,0.00411476,0.003));
#6559=DIRECTION('',(-0.9980683007,0.0621262187,0.0));
#6560=VECTOR('',#6559,1.0);
#6561=LINE('',#6558,#6560);
#6562=EDGE_CURVE('no 5489',#5794,#6297,#6561,.T.);
#6563=ORIENTED_EDGE('no 5492',*,*,#6562,.T.);
#6564=EDGE_LOOP('',(#6556,#6557,#6563));
#6565=FACE_OUTER_BOUND('',#6564,.T.);
#6566=CARTESIAN_POINT('',(0.199092,0.004259,0.003));
#6567=DIRECTION('',(0.0,0.0,1.0));
#6568=DIRECTION('',(0.9222927953,-0.3864919142,0.0));
#6569=AXIS2_PLACEMENT_3D('',#6566,#6567,#6568);
#6570=PLANE('',#6569);
#6571=ADVANCED_FACE('no 5500',(#6565),#6570,.T.);
#6572=ORIENTED_EDGE('no 5664',*,*,#5806,.F.);
#6573=CARTESIAN_POINT('',(0.230126,-0.00799751,0.003));
#6574=VERTEX_POINT('',#6573);
#6575=CARTESIAN_POINT('',(0.230562,-0.00837092,0.003));
#6576=DIRECTION('',(-0.7597759603,0.6501849661,0.0));
#6577=VECTOR('',#6576,1.0);
#6578=LINE('',#6575,#6577);
#6579=EDGE_CURVE('no 5657',#5166,#6574,#6578,.T.);
#6580=ORIENTED_EDGE('no 5665',*,*,#6579,.T.);
#6581=CARTESIAN_POINT('',(0.230126,-0.00799751,0.003));
#6582=DIRECTION('',(-0.9213953486,0.388626571,0.0));
#6583=VECTOR('',#6582,1.0);
#6584=LINE('',#6581,#6583);
#6585=EDGE_CURVE('no 5663',#6574,#5794,#6584,.T.);
#6586=ORIENTED_EDGE('no 5666',*,*,#6585,.T.);
#6587=EDGE_LOOP('',(#6572,#6580,#6586));
#6588=FACE_OUTER_BOUND('',#6587,.T.);
#6589=CARTESIAN_POINT('',(0.201409,0.00411476,0.003));
#6590=DIRECTION('',(0.0,0.0,1.0));
#6591=DIRECTION('',(0.9192423468,-0.3936921485,0.0));
#6592=AXIS2_PLACEMENT_3D('',#6589,#6590,#6591);
#6593=PLANE('',#6592);
#6594=ADVANCED_FACE('no 5674',(#6588),#6593,.T.);
#6595=CARTESIAN_POINT('',(0.232332,0.072148,0.003));
#6596=VERTEX_POINT('',#6595);
#6597=CARTESIAN_POINT('',(0.232444,-0.00443534,0.003));
#6598=DIRECTION('',(-0.0014624575,0.9999989306,0.0));
#6599=VECTOR('',#6598,1.0);
#6600=LINE('',#6597,#6599);
#6601=EDGE_CURVE('no 7727',#5833,#6596,#6600,.T.);
#6602=ORIENTED_EDGE('no 7757',*,*,#6601,.F.);
#6603=ORIENTED_EDGE('no 7758',*,*,#5838,.T.);
#6604=CARTESIAN_POINT('',(0.232862,0.0723677,0.003));
#6605=DIRECTION('',(-0.9238780467,-0.3826870194,0.0));
#6606=VECTOR('',#6605,1.0);
#6607=LINE('',#6604,#6606);
#6608=EDGE_CURVE('no 7756',#5205,#6596,#6607,.T.);
#6609=ORIENTED_EDGE('no 7759',*,*,#6608,.T.);
#6610=EDGE_LOOP('',(#6602,#6603,#6609));
#6611=FACE_OUTER_BOUND('',#6610,.T.);
#6612=CARTESIAN_POINT('',(0.232332,0.072148,0.003));
#6613=DIRECTION('',(-0.0,0.0,1.0));
#6614=DIRECTION('',(0.0014684499,-0.9999989218,0.0));
#6615=AXIS2_PLACEMENT_3D('',#6612,#6613,#6614);
#6616=PLANE('',#6615);
#6617=ADVANCED_FACE('no 7767',(#6611),#6616,.T.);
#6618=ORIENTED_EDGE('no 12692',*,*,#5861,.F.);
#6619=ORIENTED_EDGE('no 12693',*,*,#5844,.F.);
#6620=CARTESIAN_POINT('',(0.232444,-0.00443534,-0.0));
#6621=DIRECTION('',(0.0,0.0,1.0));
#6622=VECTOR('',#6621,1.0);
#6623=LINE('',#6620,#6622);
#6624=EDGE_CURVE('no 12622',#5856,#5833,#6623,.T.);
#6625=ORIENTED_EDGE('no 12694',*,*,#6624,.F.);
#6626=EDGE_LOOP('',(#6618,#6619,#6625));
#6627=FACE_OUTER_BOUND('',#6626,.T.);
#6628=CARTESIAN_POINT('',(0.232444,-0.00443534,-0.0));
#6629=DIRECTION('',(-0.431374877,-0.9021727747,0.0000000721));
#6630=DIRECTION('',(0.1696339367,-0.0811105697,0.9821636335));
#6631=AXIS2_PLACEMENT_3D('',#6628,#6629,#6630);
#6632=PLANE('',#6631);
#6633=ADVANCED_FACE('no 12702',(#6627),#6632,.T.);
#6634=ORIENTED_EDGE('no 2581',*,*,#5891,.F.);
#6635=CARTESIAN_POINT('',(0.229857,0.075373,-0.0));
#6636=VERTEX_POINT('',#6635);
#6637=CARTESIAN_POINT('',(0.230207,0.0758286,-0.0));
#6638=DIRECTION('',(-0.6087619527,-0.7933529384,0.0));
#6639=VECTOR('',#6638,1.0);
#6640=LINE('',#6637,#6639);
#6641=EDGE_CURVE('no 2574',#5880,#6636,#6640,.T.);
#6642=ORIENTED_EDGE('no 2582',*,*,#6641,.T.);
#6643=CARTESIAN_POINT('',(0.229857,0.075373,-0.0));
#6644=DIRECTION('',(-0.8840733437,-0.4673481817,0.0));
#6645=VECTOR('',#6644,1.0);
#6646=LINE('',#6643,#6645);
#6647=EDGE_CURVE('no 2580',#6636,#5245,#6646,.T.);
#6648=ORIENTED_EDGE('no 2583',*,*,#6647,.T.);
#6649=EDGE_LOOP('',(#6634,#6642,#6648));
#6650=FACE_OUTER_BOUND('',#6649,.T.);
#6651=CARTESIAN_POINT('',(0.212366,0.0661264,-0.0));
#6652=DIRECTION('',(0.0,0.0,-1.0));
#6653=DIRECTION('',(0.8785022808,0.4777381527,0.0));
#6654=AXIS2_PLACEMENT_3D('',#6651,#6652,#6653);
#6655=PLANE('',#6654);
#6656=ADVANCED_FACE('no 2591',(#6650),#6655,.T.);
#6657=CARTESIAN_POINT('',(0.212366,0.0491264,-0.0));
#6658=VERTEX_POINT('',#6657);
#6659=CARTESIAN_POINT('',(0.212366,0.0661264,0.003));
#6660=DIRECTION('',(0.0,-0.9847835588,-0.1737853339));
#6661=VECTOR('',#6660,1.0);
#6662=LINE('',#6659,#6661);
#6663=EDGE_CURVE('no 9816',#5772,#6658,#6662,.T.);
#6664=ORIENTED_EDGE('no 9834',*,*,#6663,.F.);
#6665=ORIENTED_EDGE('no 9835',*,*,#5912,.F.);
#6666=CARTESIAN_POINT('',(0.212366,0.0491264,-0.0));
#6667=DIRECTION('',(0.0,1.0,0.0));
#6668=VECTOR('',#6667,1.0);
#6669=LINE('',#6666,#6668);
#6670=EDGE_CURVE('no 2609',#6658,#5245,#6669,.T.);
#6671=ORIENTED_EDGE('no 9836',*,*,#6670,.F.);
#6672=EDGE_LOOP('',(#6664,#6665,#6671));
#6673=FACE_OUTER_BOUND('',#6672,.T.);
#6674=CARTESIAN_POINT('',(0.212366,0.0491264,-0.0));
#6675=DIRECTION('',(-1.0,0.0,0.0));
#6676=DIRECTION('',(0.0,0.9847836293,0.1737849346));
#6677=AXIS2_PLACEMENT_3D('',#6674,#6675,#6676);
#6678=PLANE('',#6677);
#6679=ADVANCED_FACE('no 9844',(#6673),#6678,.T.);
#6680=CARTESIAN_POINT('',(0.171365,0.0491264,-0.0));
#6681=VERTEX_POINT('',#6680);
#6682=CARTESIAN_POINT('',(0.163317,0.040727,-0.0));
#6683=DIRECTION('',(0.6918720883,0.7220200921,0.0));
#6684=VECTOR('',#6683,1.0);
#6685=LINE('',#6682,#6684);
#6686=EDGE_CURVE('no 4376',#5924,#6681,#6685,.T.);
#6687=ORIENTED_EDGE('no 4412',*,*,#6686,.F.);
#6688=ORIENTED_EDGE('no 4413',*,*,#5929,.F.);
#6689=CARTESIAN_POINT('',(0.171365,0.0661264,-0.0));
#6690=DIRECTION('',(0.0,-1.0,0.0));
#6691=VECTOR('',#6690,1.0);
#6692=LINE('',#6689,#6691);
#6693=EDGE_CURVE('no 4411',#4117,#6681,#6692,.T.);
#6694=ORIENTED_EDGE('no 4414',*,*,#6693,.T.);
#6695=EDGE_LOOP('',(#6687,#6688,#6694));
#6696=FACE_OUTER_BOUND('',#6695,.T.);
#6697=CARTESIAN_POINT('',(0.171365,0.0491264,-0.0));
#6698=DIRECTION('',(-0.0,0.0,-1.0));
#6699=DIRECTION('',(-0.6918720883,-0.7220200921,0.0));
#6700=AXIS2_PLACEMENT_3D('',#6697,#6698,#6699);
#6701=PLANE('',#6700);
#6702=ADVANCED_FACE('no 4422',(#6696),#6701,.T.);
#6703=ORIENTED_EDGE('no 934',*,*,#5994,.F.);
#6704=CARTESIAN_POINT('',(0.135225,0.0261854,-0.0));
#6705=DIRECTION('',(1.0,0.0,0.0));
#6706=VECTOR('',#6705,1.0);
#6707=LINE('',#6704,#6706);
#6708=EDGE_CURVE('no 927',#5313,#5946,#6707,.T.);
#6709=ORIENTED_EDGE('no 935',*,*,#6708,.T.);
#6710=ORIENTED_EDGE('no 936',*,*,#5951,.T.);
#6711=EDGE_LOOP('',(#6703,#6709,#6710));
#6712=FACE_OUTER_BOUND('',#6711,.T.);
#6713=CARTESIAN_POINT('',(0.157361,0.024316,-0.0));
#6714=DIRECTION('',(0.0,0.0,-1.0));
#6715=DIRECTION('',(-0.996452645,0.08415537,0.0));
#6716=AXIS2_PLACEMENT_3D('',#6713,#6714,#6715);
#6717=PLANE('',#6716);
#6718=ADVANCED_FACE('no 944',(#6712),#6717,.T.);
#6719=CARTESIAN_POINT('',(0.155225,0.0421854,-0.0));
#6720=VERTEX_POINT('',#6719);
#6721=CARTESIAN_POINT('',(0.156666,0.046273,-0.0));
#6722=DIRECTION('',(-0.332480096,-0.9431102723,0.0));
#6723=VECTOR('',#6722,1.0);
#6724=LINE('',#6721,#6723);
#6725=EDGE_CURVE('no 753',#4678,#6720,#6724,.T.);
#6726=ORIENTED_EDGE('no 789',*,*,#6725,.F.);
#6727=ORIENTED_EDGE('no 790',*,*,#5957,.T.);
#6728=CARTESIAN_POINT('',(0.155225,0.0261854,-0.0));
#6729=DIRECTION('',(0.0,1.0,0.0));
#6730=VECTOR('',#6729,1.0);
#6731=LINE('',#6728,#6730);
#6732=EDGE_CURVE('no 788',#5946,#6720,#6731,.T.);
#6733=ORIENTED_EDGE('no 791',*,*,#6732,.T.);
#6734=EDGE_LOOP('',(#6726,#6727,#6733));
#6735=FACE_OUTER_BOUND('',#6734,.T.);
#6736=CARTESIAN_POINT('',(0.155225,0.0421854,-0.0));
#6737=DIRECTION('',(0.0,0.0,-1.0));
#6738=DIRECTION('',(0.332480096,0.9431102723,0.0));
#6739=AXIS2_PLACEMENT_3D('',#6736,#6737,#6738);
#6740=PLANE('',#6739);
#6741=ADVANCED_FACE('no 799',(#6735),#6740,.T.);
#6742=CARTESIAN_POINT('',(0.156666,0.046273,-0.0));
#6743=DIRECTION('',(-0.9823084969,-0.1872699041,0.0));
#6744=VECTOR('',#6743,1.0);
#6745=LINE('',#6742,#6744);
#6746=EDGE_CURVE('no 718',#4678,#6012,#6745,.T.);
#6747=ORIENTED_EDGE('no 731',*,*,#6746,.T.);
#6748=ORIENTED_EDGE('no 732',*,*,#6017,.T.);
#6749=ORIENTED_EDGE('no 733',*,*,#6038,.T.);
#6750=EDGE_LOOP('',(#6747,#6748,#6749));
#6751=FACE_OUTER_BOUND('',#6750,.T.);
#6752=CARTESIAN_POINT('',(0.156666,0.046273,-0.0));
#6753=DIRECTION('',(-0.0,0.0,-1.0));
#6754=DIRECTION('',(-0.9823084969,-0.1872699041,0.0));
#6755=AXIS2_PLACEMENT_3D('',#6752,#6753,#6754);
#6756=PLANE('',#6755);
#6757=ADVANCED_FACE('no 741',(#6751),#6756,.T.);
#6758=ORIENTED_EDGE('no 9955',*,*,#6454,.T.);
#6759=CARTESIAN_POINT('',(0.135225,0.0261854,-0.0));
#6760=DIRECTION('',(0.0,0.0,1.0));
#6761=VECTOR('',#6760,1.0);
#6762=LINE('',#6759,#6761);
#6763=EDGE_CURVE('no 9914',#5313,#5090,#6762,.T.);
#6764=ORIENTED_EDGE('no 9956',*,*,#6763,.F.);
#6765=ORIENTED_EDGE('no 9957',*,*,#6023,.F.);
#6766=EDGE_LOOP('',(#6758,#6764,#6765));
#6767=FACE_OUTER_BOUND('',#6766,.T.);
#6768=CARTESIAN_POINT('',(0.135225,0.0421854,-0.0));
#6769=DIRECTION('',(1.0,0.0,0.0));
#6770=DIRECTION('',(0.0,-0.9828720964,0.1842890181));
#6771=AXIS2_PLACEMENT_3D('',#6768,#6769,#6770);
#6772=PLANE('',#6771);
#6773=ADVANCED_FACE('no 9965',(#6767),#6772,.T.);
#6774=ORIENTED_EDGE('no 580',*,*,#6109,.F.);
#6775=CARTESIAN_POINT('',(0.125518,0.0727174,-0.0));
#6776=DIRECTION('',(0.6087522779,0.7933603621,0.0));
#6777=VECTOR('',#6776,1.0);
#6778=LINE('',#6775,#6777);
#6779=EDGE_CURVE('no 573',#4779,#6050,#6778,.T.);
#6780=ORIENTED_EDGE('no 581',*,*,#6779,.T.);
#6781=ORIENTED_EDGE('no 582',*,*,#6055,.T.);
#6782=EDGE_LOOP('',(#6774,#6780,#6781));
#6783=FACE_OUTER_BOUND('',#6782,.T.);
#6784=CARTESIAN_POINT('',(0.125868,-0.005427,-0.0));
#6785=DIRECTION('',(0.0,0.0,-1.0));
#6786=DIRECTION('',(-0.00447387,0.9999899922,0.0));
#6787=AXIS2_PLACEMENT_3D('',#6784,#6785,#6786);
#6788=PLANE('',#6787);
#6789=ADVANCED_FACE('no 590',(#6783),#6788,.T.);
#6790=ORIENTED_EDGE('no 11617',*,*,#6129,.T.);
#6791=ORIENTED_EDGE('no 11618',*,*,#6077,.T.);
#6792=CARTESIAN_POINT('',(0.125518,-0.00497137,0.003));
#6793=DIRECTION('',(0.6091807053,-0.7930314422,0.0));
#6794=VECTOR('',#6793,1.0);
#6795=LINE('',#6792,#6794);
#6796=EDGE_CURVE('no 8556',#4801,#5375,#6795,.T.);
#6797=ORIENTED_EDGE('no 11619',*,*,#6796,.F.);
#6798=EDGE_LOOP('',(#6790,#6791,#6797));
#6799=FACE_OUTER_BOUND('',#6798,.T.);
#6800=CARTESIAN_POINT('',(0.125518,-0.00497137,0.003));
#6801=DIRECTION('',(-0.7933620482,-0.6087500805,-0.0000001804));
#6802=DIRECTION('',(0.1144589634,-0.1491699524,-0.9821646863));
#6803=AXIS2_PLACEMENT_3D('',#6800,#6801,#6802);
#6804=PLANE('',#6803);
#6805=ADVANCED_FACE('no 11627',(#6799),#6804,.T.);
#6806=CARTESIAN_POINT('',(0.125868,-0.005427,0.003));
#6807=DIRECTION('',(-0.0044788429,0.9999899699,0.0));
#6808=VECTOR('',#6807,1.0);
#6809=LINE('',#6806,#6808);
#6810=EDGE_CURVE('no 8562',#5375,#6143,#6809,.T.);
#6811=ORIENTED_EDGE('no 8592',*,*,#6810,.F.);
#6812=ORIENTED_EDGE('no 8593',*,*,#6092,.T.);
#6813=CARTESIAN_POINT('',(0.125868,0.073173,0.003));
#6814=DIRECTION('',(-0.6087522779,-0.7933603621,0.0));
#6815=VECTOR('',#6814,1.0);
#6816=LINE('',#6813,#6815);
#6817=EDGE_CURVE('no 8591',#5453,#6143,#6816,.T.);
#6818=ORIENTED_EDGE('no 8594',*,*,#6817,.T.);
#6819=EDGE_LOOP('',(#6811,#6812,#6818));
#6820=FACE_OUTER_BOUND('',#6819,.T.);
#6821=CARTESIAN_POINT('',(0.125518,0.0727174,0.003));
#6822=DIRECTION('',(-0.0,0.0,1.0));
#6823=DIRECTION('',(0.00447387,-0.9999899922,0.0));
#6824=AXIS2_PLACEMENT_3D('',#6821,#6822,#6823);
#6825=PLANE('',#6824);
#6826=ADVANCED_FACE('no 8602',(#6820),#6825,.T.);
#6827=ORIENTED_EDGE('no 8563',*,*,#6148,.F.);
#6828=ORIENTED_EDGE('no 8564',*,*,#6796,.T.);
#6829=ORIENTED_EDGE('no 8565',*,*,#6810,.T.);
#6830=EDGE_LOOP('',(#6827,#6828,#6829));
#6831=FACE_OUTER_BOUND('',#6830,.T.);
#6832=CARTESIAN_POINT('',(0.125518,0.0727174,0.003));
#6833=DIRECTION('',(0.0,0.0,1.0));
#6834=DIRECTION('',(0.0,-1.0,0.0));
#6835=AXIS2_PLACEMENT_3D('',#6832,#6833,#6834);
#6836=PLANE('',#6835);
#6837=ADVANCED_FACE('no 8573',(#6831),#6836,.T.);
#6838=CARTESIAN_POINT('',(0.163317,0.023727,-0.0));
#6839=VERTEX_POINT('',#6838);
#6840=CARTESIAN_POINT('',(0.163012,0.0214488,-0.0));
#6841=DIRECTION('',(0.1323879962,0.9911979714,0.0));
#6842=VECTOR('',#6841,1.0);
#6843=LINE('',#6840,#6842);
#6844=EDGE_CURVE('no 4642',#5477,#6839,#6843,.T.);
#6845=ORIENTED_EDGE('no 4678',*,*,#6844,.F.);
#6846=ORIENTED_EDGE('no 4679',*,*,#6174,.F.);
#6847=CARTESIAN_POINT('',(0.163317,0.040727,-0.0));
#6848=DIRECTION('',(0.0,-1.0,0.0));
#6849=VECTOR('',#6848,1.0);
#6850=LINE('',#6847,#6849);
#6851=EDGE_CURVE('no 4677',#5924,#6839,#6850,.T.);
#6852=ORIENTED_EDGE('no 4680',*,*,#6851,.T.);
#6853=EDGE_LOOP('',(#6845,#6846,#6852));
#6854=FACE_OUTER_BOUND('',#6853,.T.);
#6855=CARTESIAN_POINT('',(0.163317,0.023727,-0.0));
#6856=DIRECTION('',(-0.0,0.0,-1.0));
#6857=DIRECTION('',(-0.1323879962,-0.9911979714,0.0));
#6858=AXIS2_PLACEMENT_3D('',#6855,#6856,#6857);
#6859=PLANE('',#6858);
#6860=ADVANCED_FACE('no 4688',(#6854),#6859,.T.);
#6861=ORIENTED_EDGE('no 3636',*,*,#6224,.F.);
#6862=CARTESIAN_POINT('',(0.180317,0.023727,-0.0));
#6863=VERTEX_POINT('',#6862);
#6864=CARTESIAN_POINT('',(0.180012,0.00444882,-0.0));
#6865=DIRECTION('',(0.0158190159,0.9998748715,0.0));
#6866=VECTOR('',#6865,1.0);
#6867=LINE('',#6864,#6866);
#6868=EDGE_CURVE('no 3629',#5500,#6863,#6867,.T.);
#6869=ORIENTED_EDGE('no 3637',*,*,#6868,.T.);
#6870=CARTESIAN_POINT('',(0.180317,0.023727,-0.0));
#6871=DIRECTION('',(0.0907986417,-0.9958692719,0.0));
#6872=VECTOR('',#6871,1.0);
#6873=LINE('',#6870,#6872);
#6874=EDGE_CURVE('no 3635',#6863,#6219,#6873,.T.);
#6875=ORIENTED_EDGE('no 3638',*,*,#6874,.T.);
#6876=EDGE_LOOP('',(#6861,#6869,#6875));
#6877=FACE_OUTER_BOUND('',#6876,.T.);
#6878=CARTESIAN_POINT('',(0.182092,0.004259,-0.0));
#6879=DIRECTION('',(0.0,0.0,-1.0));
#6880=DIRECTION('',(-0.9958592383,0.0909086218,0.0));
#6881=AXIS2_PLACEMENT_3D('',#6878,#6879,#6880);
#6882=PLANE('',#6881);
#6883=ADVANCED_FACE('no 3646',(#6877),#6882,.T.);
#6884=ORIENTED_EDGE('no 3694',*,*,#6230,.F.);
#6885=CARTESIAN_POINT('',(0.199092,0.004259,-0.0));
#6886=VERTEX_POINT('',#6885);
#6887=CARTESIAN_POINT('',(0.182092,0.004259,-0.0));
#6888=DIRECTION('',(1.0,0.0,0.0));
#6889=VECTOR('',#6888,1.0);
#6890=LINE('',#6887,#6889);
#6891=EDGE_CURVE('no 3687',#6219,#6886,#6890,.T.);
#6892=ORIENTED_EDGE('no 3695',*,*,#6891,.T.);
#6893=CARTESIAN_POINT('',(0.199092,0.004259,-0.0));
#6894=DIRECTION('',(0.9222927953,-0.3864919142,0.0));
#6895=VECTOR('',#6894,1.0);
#6896=LINE('',#6893,#6895);
#6897=EDGE_CURVE('no 3693',#6886,#983,#6896,.T.);
#6898=ORIENTED_EDGE('no 3696',*,*,#6897,.T.);
#6899=EDGE_LOOP('',(#6884,#6892,#6898));
#6900=FACE_OUTER_BOUND('',#6899,.T.);
#6901=CARTESIAN_POINT('',(0.236762,-0.011527,-0.0));
#6902=DIRECTION('',(0.0,0.0,-1.0));
#6903=DIRECTION('',(-0.9607501707,0.2774150493,0.0));
#6904=AXIS2_PLACEMENT_3D('',#6901,#6902,#6903);
#6905=PLANE('',#6904);
#6906=ADVANCED_FACE('no 3704',(#6900),#6905,.T.);
#6907=ORIENTED_EDGE('no 3723',*,*,#6897,.F.);
#6908=CARTESIAN_POINT('',(0.199092,0.004259,-0.0));
#6909=DIRECTION('',(0.9980683007,-0.0621262187,0.0));
#6910=VECTOR('',#6909,1.0);
#6911=LINE('',#6908,#6910);
#6912=EDGE_CURVE('no 3716',#6886,#6241,#6911,.T.);
#6913=ORIENTED_EDGE('no 3724',*,*,#6912,.T.);
#6914=ORIENTED_EDGE('no 3725',*,*,#6246,.T.);
#6915=EDGE_LOOP('',(#6907,#6913,#6914));
#6916=FACE_OUTER_BOUND('',#6915,.T.);
#6917=CARTESIAN_POINT('',(0.236762,-0.011527,-0.0));
#6918=DIRECTION('',(0.0,0.0,-1.0));
#6919=DIRECTION('',(-0.9222927953,0.3864919142,0.0));
#6920=AXIS2_PLACEMENT_3D('',#6917,#6918,#6919);
#6921=PLANE('',#6920);
#6922=ADVANCED_FACE('no 3733',(#6916),#6921,.T.);
#6923=ORIENTED_EDGE('no 3891',*,*,#6252,.F.);
#6924=CARTESIAN_POINT('',(0.230126,-0.00799751,-0.0));
#6925=VERTEX_POINT('',#6924);
#6926=CARTESIAN_POINT('',(0.201409,0.00411476,-0.0));
#6927=DIRECTION('',(0.9213944261,-0.3886287579,0.0));
#6928=VECTOR('',#6927,1.0);
#6929=LINE('',#6926,#6928);
#6930=EDGE_CURVE('no 3884',#6241,#6925,#6929,.T.);
#6931=ORIENTED_EDGE('no 3892',*,*,#6930,.T.);
#6932=CARTESIAN_POINT('',(0.230126,-0.00799751,-0.0));
#6933=DIRECTION('',(0.7595184579,-0.6504857509,0.0));
#6934=VECTOR('',#6933,1.0);
#6935=LINE('',#6932,#6934);
#6936=EDGE_CURVE('no 3890',#6925,#5522,#6935,.T.);
#6937=ORIENTED_EDGE('no 3893',*,*,#6936,.T.);
#6938=EDGE_LOOP('',(#6923,#6931,#6937));
#6939=FACE_OUTER_BOUND('',#6938,.T.);
#6940=CARTESIAN_POINT('',(0.230562,-0.00837092,-0.0));
#6941=DIRECTION('',(0.0,0.0,-1.0));
#6942=DIRECTION('',(-0.9192423468,0.3936921485,0.0));
#6943=AXIS2_PLACEMENT_3D('',#6940,#6941,#6942);
#6944=PLANE('',#6943);
#6945=ADVANCED_FACE('no 3901',(#6939),#6944,.T.);
#6946=CARTESIAN_POINT('',(0.230126,-0.00799751,0.003));
#6947=DIRECTION('',(0.1427435793,-0.1222520182,-0.9821805916));
#6948=VECTOR('',#6947,1.0);
#6949=LINE('',#6946,#6948);
#6950=EDGE_CURVE('no 13266',#6574,#5522,#6949,.T.);
#6951=ORIENTED_EDGE('no 13290',*,*,#6950,.F.);
#6952=ORIENTED_EDGE('no 13291',*,*,#6579,.F.);
#6953=ORIENTED_EDGE('no 13292',*,*,#6269,.F.);
#6954=EDGE_LOOP('',(#6951,#6952,#6953));
#6955=FACE_OUTER_BOUND('',#6954,.T.);
#6956=CARTESIAN_POINT('',(0.230562,-0.00837092,-0.0));
#6957=DIRECTION('',(0.6501849357,0.7597759863,0.0000002086));
#6958=DIRECTION('',(-0.1428560698,0.1222500598,0.9821644802));
#6959=AXIS2_PLACEMENT_3D('',#6956,#6957,#6958);
#6960=PLANE('',#6959);
#6961=ADVANCED_FACE('no 13300',(#6955),#6960,.T.);
#6962=CARTESIAN_POINT('',(0.232332,0.072148,-0.0));
#6963=VERTEX_POINT('',#6962);
#6964=CARTESIAN_POINT('',(0.232332,0.072148,-0.0));
#6965=DIRECTION('',(0.0014684499,-0.9999989218,0.0));
#6966=VECTOR('',#6965,1.0);
#6967=LINE('',#6964,#6966);
#6968=EDGE_CURVE('no 1484',#6963,#5856,#6967,.T.);
#6969=ORIENTED_EDGE('no 1520',*,*,#6968,.F.);
#6970=CARTESIAN_POINT('',(0.232332,0.072148,-0.0));
#6971=DIRECTION('',(0.9238780467,0.3826870194,0.0));
#6972=VECTOR('',#6971,1.0);
#6973=LINE('',#6970,#6972);
#6974=EDGE_CURVE('no 1513',#6963,#5561,#6973,.T.);
#6975=ORIENTED_EDGE('no 1521',*,*,#6974,.T.);
#6976=ORIENTED_EDGE('no 1522',*,*,#6283,.T.);
#6977=EDGE_LOOP('',(#6969,#6975,#6976));
#6978=FACE_OUTER_BOUND('',#6977,.T.);
#6979=CARTESIAN_POINT('',(0.232444,-0.00443534,-0.0));
#6980=DIRECTION('',(0.0,0.0,-1.0));
#6981=DIRECTION('',(-0.0014684499,0.9999989218,0.0));
#6982=AXIS2_PLACEMENT_3D('',#6979,#6980,#6981);
#6983=PLANE('',#6982);
#6984=ADVANCED_FACE('no 1530',(#6978),#6983,.T.);
#6985=CARTESIAN_POINT('',(0.182092,0.004259,0.003));
#6986=DIRECTION('',(0.9847835588,0.0,-0.1737853339));
#6987=VECTOR('',#6986,1.0);
#6988=LINE('',#6985,#6987);
#6989=EDGE_CURVE('no 11012',#5585,#6886,#6988,.T.);
#6990=ORIENTED_EDGE('no 11036',*,*,#6989,.F.);
#6991=ORIENTED_EDGE('no 11037',*,*,#6308,.F.);
#6992=CARTESIAN_POINT('',(0.199092,0.004259,-0.0));
#6993=DIRECTION('',(0.0,0.0,1.0));
#6994=VECTOR('',#6993,1.0);
#6995=LINE('',#6992,#6994);
#6996=EDGE_CURVE('no 10966',#6886,#6297,#6995,.T.);
#6997=ORIENTED_EDGE('no 11038',*,*,#6996,.F.);
#6998=EDGE_LOOP('',(#6990,#6991,#6997));
#6999=FACE_OUTER_BOUND('',#6998,.T.);
#7000=CARTESIAN_POINT('',(0.199092,0.004259,-0.0));
#7001=DIRECTION('',(0.0,1.0,-0.0));
#7002=DIRECTION('',(-0.9847836293,0.0,0.1737849346));
#7003=AXIS2_PLACEMENT_3D('',#7000,#7001,#7002);
#7004=PLANE('',#7003);
#7005=ADVANCED_FACE('no 11046',(#6999),#7004,.T.);
#7006=ORIENTED_EDGE('no 5403',*,*,#6325,.F.);
#7007=CARTESIAN_POINT('',(0.180317,0.023727,0.003));
#7008=VERTEX_POINT('',#7007);
#7009=CARTESIAN_POINT('',(0.182092,0.004259,0.003));
#7010=DIRECTION('',(-0.0908007076,0.9958690835,0.0));
#7011=VECTOR('',#7010,1.0);
#7012=LINE('',#7009,#7011);
#7013=EDGE_CURVE('no 5396',#5585,#7008,#7012,.T.);
#7014=ORIENTED_EDGE('no 5404',*,*,#7013,.T.);
#7015=CARTESIAN_POINT('',(0.180317,0.023727,0.003));
#7016=DIRECTION('',(-0.1326937543,-0.9911570852,0.0));
#7017=VECTOR('',#7016,1.0);
#7018=LINE('',#7015,#7017);
#7019=EDGE_CURVE('no 5402',#7008,#6320,#7018,.T.);
#7020=ORIENTED_EDGE('no 5405',*,*,#7019,.T.);
#7021=EDGE_LOOP('',(#7006,#7014,#7020));
#7022=FACE_OUTER_BOUND('',#7021,.T.);
#7023=CARTESIAN_POINT('',(0.180012,0.0214488,0.003));
#7024=DIRECTION('',(-0.0,0.0,1.0));
#7025=DIRECTION('',(0.1200870443,-0.9927633665,0.0));
#7026=AXIS2_PLACEMENT_3D('',#7023,#7024,#7025);
#7027=PLANE('',#7026);
#7028=ADVANCED_FACE('no 5413',(#7022),#7027,.T.);
#7029=ORIENTED_EDGE('no 10806',*,*,#6345,.F.);
#7030=CARTESIAN_POINT('',(0.180012,0.0214488,-0.0));
#7031=VERTEX_POINT('',#7030);
#7032=CARTESIAN_POINT('',(0.180012,0.0214488,0.003));
#7033=DIRECTION('',(0.0,0.0,-1.0));
#7034=VECTOR('',#7033,1.0);
#7035=LINE('',#7032,#7034);
#7036=EDGE_CURVE('no 10805',#6320,#7031,#7035,.T.);
#7037=ORIENTED_EDGE('no 10807',*,*,#7036,.T.);
#7038=CARTESIAN_POINT('',(0.180012,0.00444882,-0.0));
#7039=DIRECTION('',(0.0,1.0,0.0));
#7040=VECTOR('',#7039,1.0);
#7041=LINE('',#7038,#7040);
#7042=EDGE_CURVE('no 4729',#5500,#7031,#7041,.T.);
#7043=ORIENTED_EDGE('no 10808',*,*,#7042,.F.);
#7044=EDGE_LOOP('',(#7029,#7037,#7043));
#7045=FACE_OUTER_BOUND('',#7044,.T.);
#7046=CARTESIAN_POINT('',(0.180012,0.00444882,-0.0));
#7047=DIRECTION('',(-1.0,0.0,0.0));
#7048=DIRECTION('',(0.0,0.9847836293,0.1737849346));
#7049=AXIS2_PLACEMENT_3D('',#7046,#7047,#7048);
#7050=PLANE('',#7049);
#7051=ADVANCED_FACE('no 10816',(#7045),#7050,.T.);
#7052=ORIENTED_EDGE('no 6812',*,*,#6363,.F.);
#7053=CARTESIAN_POINT('',(0.163317,0.023727,0.003));
#7054=VERTEX_POINT('',#7053);
#7055=CARTESIAN_POINT('',(0.163012,0.0214488,0.003));
#7056=DIRECTION('',(0.1323879962,0.9911979714,0.0));
#7057=VECTOR('',#7056,1.0);
#7058=LINE('',#7055,#7057);
#7059=EDGE_CURVE('no 6805',#5628,#7054,#7058,.T.);
#7060=ORIENTED_EDGE('no 6813',*,*,#7059,.T.);
#7061=CARTESIAN_POINT('',(0.163317,0.023727,0.003));
#7062=DIRECTION('',(0.0,1.0,0.0));
#7063=VECTOR('',#7062,1.0);
#7064=LINE('',#7061,#7063);
#7065=EDGE_CURVE('no 6811',#7054,#5749,#7064,.T.);
#7066=ORIENTED_EDGE('no 6814',*,*,#7065,.T.);
#7067=EDGE_LOOP('',(#7052,#7060,#7066));
#7068=FACE_OUTER_BOUND('',#7067,.T.);
#7069=CARTESIAN_POINT('',(0.163317,0.040727,0.003));
#7070=DIRECTION('',(0.0,0.0,1.0));
#7071=DIRECTION('',(-0.0157818073,-0.9998754595,0.0));
#7072=AXIS2_PLACEMENT_3D('',#7069,#7070,#7071);
#7073=PLANE('',#7072);
#7074=ADVANCED_FACE('no 6822',(#7068),#7073,.T.);
#7075=CARTESIAN_POINT('',(0.180012,0.0214488,0.003));
#7076=DIRECTION('',(-0.9847835588,0.0,-0.1737853339));
#7077=VECTOR('',#7076,1.0);
#7078=LINE('',#7075,#7077);
#7079=EDGE_CURVE('no 10920',#6320,#5477,#7078,.T.);
#7080=ORIENTED_EDGE('no 10938',*,*,#7079,.F.);
#7081=CARTESIAN_POINT('',(0.163012,0.0214488,0.003));
#7082=DIRECTION('',(1.0,0.0,0.0));
#7083=VECTOR('',#7082,1.0);
#7084=LINE('',#7081,#7083);
#7085=EDGE_CURVE('no 9361',#5628,#6320,#7084,.T.);
#7086=ORIENTED_EDGE('no 10939',*,*,#7085,.F.);
#7087=ORIENTED_EDGE('no 10940',*,*,#6378,.F.);
#7088=EDGE_LOOP('',(#7080,#7086,#7087));
#7089=FACE_OUTER_BOUND('',#7088,.T.);
#7090=CARTESIAN_POINT('',(0.163012,0.0214488,-0.0));
#7091=DIRECTION('',(0.0,-1.0,0.0));
#7092=DIRECTION('',(0.9847836293,0.0,0.1737849346));
#7093=AXIS2_PLACEMENT_3D('',#7090,#7091,#7092);
#7094=PLANE('',#7093);
#7095=ADVANCED_FACE('no 10948',(#7089),#7094,.T.);
#7096=ORIENTED_EDGE('no 9229',*,*,#6418,.F.);
#7097=ORIENTED_EDGE('no 9230',*,*,#6477,.T.);
#7098=CARTESIAN_POINT('',(0.155225,0.0421854,0.003));
#7099=DIRECTION('',(0.0,-1.0,0.0));
#7100=VECTOR('',#7099,1.0);
#7101=LINE('',#7098,#7100);
#7102=EDGE_CURVE('no 9228',#6472,#6413,#7101,.T.);
#7103=ORIENTED_EDGE('no 9231',*,*,#7102,.T.);
#7104=EDGE_LOOP('',(#7096,#7097,#7103));
#7105=FACE_OUTER_BOUND('',#7104,.T.);
#7106=CARTESIAN_POINT('',(0.155225,0.0261854,0.003));
#7107=DIRECTION('',(-0.0,0.0,1.0));
#7108=DIRECTION('',(0.7524380409,-0.6586630358,0.0));
#7109=AXIS2_PLACEMENT_3D('',#7106,#7107,#7108);
#7110=PLANE('',#7109);
#7111=ADVANCED_FACE('no 9239',(#7105),#7110,.T.);
#7112=CARTESIAN_POINT('',(0.135225,0.0261854,0.003));
#7113=DIRECTION('',(0.9889363529,0.0,-0.1483404529));
#7114=VECTOR('',#7113,1.0);
#7115=LINE('',#7112,#7114);
#7116=EDGE_CURVE('no 9908',#5090,#5946,#7115,.T.);
#7117=ORIENTED_EDGE('no 9932',*,*,#7116,.F.);
#7118=ORIENTED_EDGE('no 9933',*,*,#6424,.F.);
#7119=CARTESIAN_POINT('',(0.155225,0.0261854,-0.0));
#7120=DIRECTION('',(0.0,0.0,1.0));
#7121=VECTOR('',#7120,1.0);
#7122=LINE('',#7119,#7121);
#7123=EDGE_CURVE('no 9862',#5946,#6413,#7122,.T.);
#7124=ORIENTED_EDGE('no 9934',*,*,#7123,.F.);
#7125=EDGE_LOOP('',(#7117,#7118,#7124));
#7126=FACE_OUTER_BOUND('',#7125,.T.);
#7127=CARTESIAN_POINT('',(0.155225,0.0261854,-0.0));
#7128=DIRECTION('',(0.0,1.0,-0.0));
#7129=DIRECTION('',(-0.9889364115,0.0,0.1483400617));
#7130=AXIS2_PLACEMENT_3D('',#7127,#7128,#7129);
#7131=PLANE('',#7130);
#7132=ADVANCED_FACE('no 9942',(#7126),#7131,.T.);
#7133=ORIENTED_EDGE('no 9466',*,*,#6439,.F.);
#7134=CARTESIAN_POINT('',(0.135225,0.0421854,0.003));
#7135=DIRECTION('',(1.0,0.0,0.0));
#7136=VECTOR('',#7135,1.0);
#7137=LINE('',#7134,#7136);
#7138=EDGE_CURVE('no 9465',#5709,#6472,#7137,.T.);
#7139=ORIENTED_EDGE('no 9467',*,*,#7138,.T.);
#7140=ORIENTED_EDGE('no 9468',*,*,#6484,.F.);
#7141=EDGE_LOOP('',(#7133,#7139,#7140));
#7142=FACE_OUTER_BOUND('',#7141,.T.);
#7143=CARTESIAN_POINT('',(0.156666,0.046273,0.003));
#7144=DIRECTION('',(0.0,0.0,1.0));
#7145=DIRECTION('',(-0.9823084969,-0.1872699041,0.0));
#7146=AXIS2_PLACEMENT_3D('',#7143,#7144,#7145);
#7147=PLANE('',#7146);
#7148=ADVANCED_FACE('no 9476',(#7142),#7147,.T.);
#7149=CARTESIAN_POINT('',(0.155225,0.0421854,0.003));
#7150=DIRECTION('',(-0.9889363529,0.0,-0.1483404529));
#7151=VECTOR('',#7150,1.0);
#7152=LINE('',#7149,#7151);
#7153=EDGE_CURVE('no 10000',#6472,#6012,#7152,.T.);
#7154=ORIENTED_EDGE('no 10018',*,*,#7153,.F.);
#7155=ORIENTED_EDGE('no 10019',*,*,#7138,.F.);
#7156=ORIENTED_EDGE('no 10020',*,*,#6460,.F.);
#7157=EDGE_LOOP('',(#7154,#7155,#7156));
#7158=FACE_OUTER_BOUND('',#7157,.T.);
#7159=CARTESIAN_POINT('',(0.135225,0.0421854,-0.0));
#7160=DIRECTION('',(0.0,-1.0,0.0));
#7161=DIRECTION('',(0.9889364115,0.0,0.1483400617));
#7162=AXIS2_PLACEMENT_3D('',#7159,#7160,#7161);
#7163=PLANE('',#7162);
#7164=ADVANCED_FACE('no 10028',(#7158),#7163,.T.);
#7165=CARTESIAN_POINT('',(0.180317,0.040727,0.003));
#7166=VERTEX_POINT('',#7165);
#7167=CARTESIAN_POINT('',(0.180317,0.040727,0.003));
#7168=DIRECTION('',(-0.7292274306,0.6842714041,0.0));
#7169=VECTOR('',#7168,1.0);
#7170=LINE('',#7167,#7169);
#7171=EDGE_CURVE('no 8724',#7166,#6496,#7170,.T.);
#7172=ORIENTED_EDGE('no 8731',*,*,#7171,.T.);
#7173=ORIENTED_EDGE('no 8732',*,*,#6501,.F.);
#7174=CARTESIAN_POINT('',(0.163317,0.040727,0.003));
#7175=DIRECTION('',(1.0,0.0,0.0));
#7176=VECTOR('',#7175,1.0);
#7177=LINE('',#7174,#7176);
#7178=EDGE_CURVE('no 8730',#5749,#7166,#7177,.T.);
#7179=ORIENTED_EDGE('no 8733',*,*,#7178,.T.);
#7180=EDGE_LOOP('',(#7172,#7173,#7179));
#7181=FACE_OUTER_BOUND('',#7180,.T.);
#7182=CARTESIAN_POINT('',(0.180317,0.040727,0.003));
#7183=DIRECTION('',(0.0,0.0,1.0));
#7184=DIRECTION('',(-0.7292274306,0.6842714041,0.0));
#7185=AXIS2_PLACEMENT_3D('',#7182,#7183,#7184);
#7186=PLANE('',#7185);
#7187=ADVANCED_FACE('no 8741',(#7181),#7186,.T.);
#7188=CARTESIAN_POINT('',(0.171365,0.0661264,-0.0));
#7189=DIRECTION('',(0.0,-0.9847835588,0.1737853339));
#7190=VECTOR('',#7189,1.0);
#7191=LINE('',#7188,#7190);
#7192=EDGE_CURVE('no 9724',#4117,#6496,#7191,.T.);
#7193=ORIENTED_EDGE('no 9748',*,*,#7192,.F.);
#7194=ORIENTED_EDGE('no 9749',*,*,#6523,.T.);
#7195=ORIENTED_EDGE('no 9750',*,*,#6507,.F.);
#7196=EDGE_LOOP('',(#7193,#7194,#7195));
#7197=FACE_OUTER_BOUND('',#7196,.T.);
#7198=CARTESIAN_POINT('',(0.171365,0.0491264,0.003));
#7199=DIRECTION('',(1.0,-0.0,0.0));
#7200=DIRECTION('',(0.0,0.9847836293,-0.1737849346));
#7201=AXIS2_PLACEMENT_3D('',#7198,#7199,#7200);
#7202=PLANE('',#7201);
#7203=ADVANCED_FACE('no 9758',(#7197),#7202,.T.);
#7204=ORIENTED_EDGE('no 6957',*,*,#6540,.F.);
#7205=CARTESIAN_POINT('',(0.229857,0.075373,0.003));
#7206=VERTEX_POINT('',#7205);
#7207=CARTESIAN_POINT('',(0.212366,0.0661264,0.003));
#7208=DIRECTION('',(0.8840665988,0.4673609406,0.0));
#7209=VECTOR('',#7208,1.0);
#7210=LINE('',#7207,#7209);
#7211=EDGE_CURVE('no 6950',#5772,#7206,#7210,.T.);
#7212=ORIENTED_EDGE('no 6958',*,*,#7211,.T.);
#7213=CARTESIAN_POINT('',(0.229857,0.075373,0.003));
#7214=DIRECTION('',(0.6087619527,0.7933529384,0.0));
#7215=VECTOR('',#7214,1.0);
#7216=LINE('',#7213,#7215);
#7217=EDGE_CURVE('no 6956',#7206,#6535,#7216,.T.);
#7218=ORIENTED_EDGE('no 6959',*,*,#7217,.T.);
#7219=EDGE_LOOP('',(#7204,#7212,#7218));
#7220=FACE_OUTER_BOUND('',#7219,.T.);
#7221=CARTESIAN_POINT('',(0.230207,0.0758286,0.003));
#7222=DIRECTION('',(0.0,0.0,1.0));
#7223=DIRECTION('',(-0.8785022808,-0.4777381527,0.0));
#7224=AXIS2_PLACEMENT_3D('',#7221,#7222,#7223);
#7225=PLANE('',#7224);
#7226=ADVANCED_FACE('no 6967',(#7220),#7225,.T.);
#7227=ORIENTED_EDGE('no 5519',*,*,#6562,.F.);
#7228=CARTESIAN_POINT('',(0.199092,0.021259,0.003));
#7229=VERTEX_POINT('',#7228);
#7230=CARTESIAN_POINT('',(0.201409,0.00411476,0.003));
#7231=DIRECTION('',(-0.1339469332,0.990988506,0.0));
#7232=VECTOR('',#7231,1.0);
#7233=LINE('',#7230,#7232);
#7234=EDGE_CURVE('no 5512',#5794,#7229,#7233,.T.);
#7235=ORIENTED_EDGE('no 5520',*,*,#7234,.T.);
#7236=CARTESIAN_POINT('',(0.199092,0.021259,0.003));
#7237=DIRECTION('',(0.0,-1.0,0.0));
#7238=VECTOR('',#7237,1.0);
#7239=LINE('',#7236,#7238);
#7240=EDGE_CURVE('no 5518',#7229,#6297,#7239,.T.);
#7241=ORIENTED_EDGE('no 5521',*,*,#7240,.T.);
#7242=EDGE_LOOP('',(#7227,#7235,#7241));
#7243=FACE_OUTER_BOUND('',#7242,.T.);
#7244=CARTESIAN_POINT('',(0.199092,0.004259,0.003));
#7245=DIRECTION('',(-0.0,0.0,1.0));
#7246=DIRECTION('',(0.9980683007,-0.0621262187,0.0));
#7247=AXIS2_PLACEMENT_3D('',#7244,#7245,#7246);
#7248=PLANE('',#7247);
#7249=ADVANCED_FACE('no 5529',(#7243),#7248,.T.);
#7250=ORIENTED_EDGE('no 5693',*,*,#6585,.F.);
#7251=CARTESIAN_POINT('',(0.218409,0.00411476,0.003));
#7252=VERTEX_POINT('',#7251);
#7253=CARTESIAN_POINT('',(0.230126,-0.00799751,0.003));
#7254=DIRECTION('',(-0.6952819425,0.7187371011,0.0));
#7255=VECTOR('',#7254,1.0);
#7256=LINE('',#7253,#7255);
#7257=EDGE_CURVE('no 5686',#6574,#7252,#7256,.T.);
#7258=ORIENTED_EDGE('no 5694',*,*,#7257,.T.);
#7259=CARTESIAN_POINT('',(0.218409,0.00411476,0.003));
#7260=DIRECTION('',(-1.0,0.0,0.0));
#7261=VECTOR('',#7260,1.0);
#7262=LINE('',#7259,#7261);
#7263=EDGE_CURVE('no 5692',#7252,#5794,#7262,.T.);
#7264=ORIENTED_EDGE('no 5695',*,*,#7263,.T.);
#7265=EDGE_LOOP('',(#7250,#7258,#7264));
#7266=FACE_OUTER_BOUND('',#7265,.T.);
#7267=CARTESIAN_POINT('',(0.201409,0.00411476,0.003));
#7268=DIRECTION('',(-0.0,0.0,1.0));
#7269=DIRECTION('',(0.9213944261,-0.3886287579,0.0));
#7270=AXIS2_PLACEMENT_3D('',#7267,#7268,#7269);
#7271=PLANE('',#7270);
#7272=ADVANCED_FACE('no 5703',(#7266),#7271,.T.);
#7273=CARTESIAN_POINT('',(0.23188,-0.00433013,0.003));
#7274=VERTEX_POINT('',#7273);
#7275=CARTESIAN_POINT('',(0.23188,-0.00433013,0.003));
#7276=DIRECTION('',(0.0059100831,0.9999825353,0.0));
#7277=VECTOR('',#7276,1.0);
#7278=LINE('',#7275,#7277);
#7279=EDGE_CURVE('no 7692',#7274,#6596,#7278,.T.);
#7280=ORIENTED_EDGE('no 7728',*,*,#7279,.F.);
#7281=CARTESIAN_POINT('',(0.23188,-0.00433013,0.003));
#7282=DIRECTION('',(0.9830422498,-0.1833792112,0.0));
#7283=VECTOR('',#7282,1.0);
#7284=LINE('',#7281,#7283);
#7285=EDGE_CURVE('no 7721',#7274,#5833,#7284,.T.);
#7286=ORIENTED_EDGE('no 7729',*,*,#7285,.T.);
#7287=ORIENTED_EDGE('no 7730',*,*,#6601,.T.);
#7288=EDGE_LOOP('',(#7280,#7286,#7287));
#7289=FACE_OUTER_BOUND('',#7288,.T.);
#7290=CARTESIAN_POINT('',(0.232332,0.072148,0.003));
#7291=DIRECTION('',(0.0,0.0,1.0));
#7292=DIRECTION('',(-0.0059117972,-0.9999825252,0.0));
#7293=AXIS2_PLACEMENT_3D('',#7290,#7291,#7292);
#7294=PLANE('',#7293);
#7295=ADVANCED_FACE('no 7738',(#7289),#7294,.T.);
#7296=CARTESIAN_POINT('',(0.23188,-0.00433013,-0.0));
#7297=VERTEX_POINT('',#7296);
#7298=CARTESIAN_POINT('',(0.232444,-0.00443534,0.003));
#7299=DIRECTION('',(-0.1846535721,0.0344457488,-0.9821998517));
#7300=VECTOR('',#7299,1.0);
#7301=LINE('',#7298,#7300);
#7302=EDGE_CURVE('no 12616',#5833,#7297,#7301,.T.);
#7303=ORIENTED_EDGE('no 12623',*,*,#7302,.T.);
#7304=CARTESIAN_POINT('',(0.232444,-0.00443534,-0.0));
#7305=DIRECTION('',(-0.9830422498,0.1833792112,0.0));
#7306=VECTOR('',#7305,1.0);
#7307=LINE('',#7304,#7306);
#7308=EDGE_CURVE('no 1490',#5856,#7297,#7307,.T.);
#7309=ORIENTED_EDGE('no 12624',*,*,#7308,.F.);
#7310=ORIENTED_EDGE('no 12625',*,*,#6624,.T.);
#7311=EDGE_LOOP('',(#7303,#7309,#7310));
#7312=FACE_OUTER_BOUND('',#7311,.T.);
#7313=CARTESIAN_POINT('',(0.232444,-0.00443534,0.003));
#7314=DIRECTION('',(-0.1831901075,-0.9830775069,-0.0000000668));
#7315=DIRECTION('',(-0.1848399734,0.034443795,-0.9821648585));
#7316=AXIS2_PLACEMENT_3D('',#7313,#7314,#7315);
#7317=PLANE('',#7316);
#7318=ADVANCED_FACE('no 12633',(#7312),#7317,.T.);
#7319=ORIENTED_EDGE('no 2610',*,*,#6647,.F.);
#7320=CARTESIAN_POINT('',(0.229857,0.075373,-0.0));
#7321=DIRECTION('',(-0.5545647274,-0.832140591,0.0));
#7322=VECTOR('',#7321,1.0);
#7323=LINE('',#7320,#7322);
#7324=EDGE_CURVE('no 2603',#6636,#6658,#7323,.T.);
#7325=ORIENTED_EDGE('no 2611',*,*,#7324,.T.);
#7326=ORIENTED_EDGE('no 2612',*,*,#6670,.T.);
#7327=EDGE_LOOP('',(#7319,#7325,#7326));
#7328=FACE_OUTER_BOUND('',#7327,.T.);
#7329=CARTESIAN_POINT('',(0.212366,0.0661264,-0.0));
#7330=DIRECTION('',(0.0,0.0,-1.0));
#7331=DIRECTION('',(0.8840733437,0.4673481817,0.0));
#7332=AXIS2_PLACEMENT_3D('',#7329,#7330,#7331);
#7333=PLANE('',#7332);
#7334=ADVANCED_FACE('no 2620',(#7328),#7333,.T.);
#7335=ORIENTED_EDGE('no 9817',*,*,#6663,.T.);
#7336=CARTESIAN_POINT('',(0.212366,0.0491264,0.003));
#7337=VERTEX_POINT('',#7336);
#7338=CARTESIAN_POINT('',(0.212366,0.0491264,0.003));
#7339=DIRECTION('',(0.0,0.0,-1.0));
#7340=VECTOR('',#7339,1.0);
#7341=LINE('',#7338,#7340);
#7342=EDGE_CURVE('no 9701',#7337,#6658,#7341,.T.);
#7343=ORIENTED_EDGE('no 9818',*,*,#7342,.F.);
#7344=CARTESIAN_POINT('',(0.212366,0.0661264,0.003));
#7345=DIRECTION('',(0.0,-1.0,0.0));
#7346=VECTOR('',#7345,1.0);
#7347=LINE('',#7344,#7346);
#7348=EDGE_CURVE('no 9002',#5772,#7337,#7347,.T.);
#7349=ORIENTED_EDGE('no 9819',*,*,#7348,.F.);
#7350=EDGE_LOOP('',(#7335,#7343,#7349));
#7351=FACE_OUTER_BOUND('',#7350,.T.);
#7352=CARTESIAN_POINT('',(0.212366,0.0661264,0.003));
#7353=DIRECTION('',(-1.0,-0.0,0.0));
#7354=DIRECTION('',(0.0,-0.9847836293,-0.1737849346));
#7355=AXIS2_PLACEMENT_3D('',#7352,#7353,#7354);
#7356=PLANE('',#7355);
#7357=ADVANCED_FACE('no 9827',(#7351),#7356,.T.);
#7358=ORIENTED_EDGE('no 4389',*,*,#6686,.T.);
#7359=CARTESIAN_POINT('',(0.180317,0.040727,-0.0));
#7360=VERTEX_POINT('',#7359);
#7361=CARTESIAN_POINT('',(0.171365,0.0491264,-0.0));
#7362=DIRECTION('',(0.7292274306,-0.6842714041,0.0));
#7363=VECTOR('',#7362,1.0);
#7364=LINE('',#7361,#7363);
#7365=EDGE_CURVE('no 4382',#6681,#7360,#7364,.T.);
#7366=ORIENTED_EDGE('no 4390',*,*,#7365,.T.);
#7367=CARTESIAN_POINT('',(0.180317,0.040727,-0.0));
#7368=DIRECTION('',(-1.0,0.0,0.0));
#7369=VECTOR('',#7368,1.0);
#7370=LINE('',#7367,#7369);
#7371=EDGE_CURVE('no 4388',#7360,#5924,#7370,.T.);
#7372=ORIENTED_EDGE('no 4391',*,*,#7371,.T.);
#7373=EDGE_LOOP('',(#7358,#7366,#7372));
#7374=FACE_OUTER_BOUND('',#7373,.T.);
#7375=CARTESIAN_POINT('',(0.163317,0.040727,-0.0));
#7376=DIRECTION('',(0.0,0.0,-1.0));
#7377=DIRECTION('',(0.6918720883,0.7220200921,0.0));
#7378=AXIS2_PLACEMENT_3D('',#7375,#7376,#7377);
#7379=PLANE('',#7378);
#7380=ADVANCED_FACE('no 4399',(#7374),#7379,.T.);
#7381=ORIENTED_EDGE('no 9725',*,*,#7192,.T.);
#7382=CARTESIAN_POINT('',(0.171365,0.0491264,-0.0));
#7383=DIRECTION('',(0.0,0.0,1.0));
#7384=VECTOR('',#7383,1.0);
#7385=LINE('',#7382,#7384);
#7386=EDGE_CURVE('no 9678',#6681,#6496,#7385,.T.);
#7387=ORIENTED_EDGE('no 9726',*,*,#7386,.F.);
#7388=ORIENTED_EDGE('no 9727',*,*,#6693,.F.);
#7389=EDGE_LOOP('',(#7381,#7387,#7388));
#7390=FACE_OUTER_BOUND('',#7389,.T.);
#7391=CARTESIAN_POINT('',(0.171365,0.0661264,-0.0));
#7392=DIRECTION('',(1.0,0.0,0.0));
#7393=DIRECTION('',(0.0,-0.9847836293,0.1737849346));
#7394=AXIS2_PLACEMENT_3D('',#7391,#7392,#7393);
#7395=PLANE('',#7394);
#7396=ADVANCED_FACE('no 9735',(#7390),#7395,.T.);
#7397=ORIENTED_EDGE('no 9915',*,*,#7116,.T.);
#7398=ORIENTED_EDGE('no 9916',*,*,#6708,.F.);
#7399=ORIENTED_EDGE('no 9917',*,*,#6763,.T.);
#7400=EDGE_LOOP('',(#7397,#7398,#7399));
#7401=FACE_OUTER_BOUND('',#7400,.T.);
#7402=CARTESIAN_POINT('',(0.135225,0.0261854,0.003));
#7403=DIRECTION('',(0.0,1.0,0.0));
#7404=DIRECTION('',(0.9889364115,0.0,-0.1483400617));
#7405=AXIS2_PLACEMENT_3D('',#7402,#7403,#7404);
#7406=PLANE('',#7405);
#7407=ADVANCED_FACE('no 9925',(#7401),#7406,.T.);
#7408=ORIENTED_EDGE('no 760',*,*,#6746,.F.);
#7409=ORIENTED_EDGE('no 761',*,*,#6725,.T.);
#7410=CARTESIAN_POINT('',(0.155225,0.0421854,-0.0));
#7411=DIRECTION('',(-1.0,0.0,0.0));
#7412=VECTOR('',#7411,1.0);
#7413=LINE('',#7410,#7412);
#7414=EDGE_CURVE('no 759',#6720,#6012,#7413,.T.);
#7415=ORIENTED_EDGE('no 762',*,*,#7414,.T.);
#7416=EDGE_LOOP('',(#7408,#7409,#7415));
#7417=FACE_OUTER_BOUND('',#7416,.T.);
#7418=CARTESIAN_POINT('',(0.135225,0.0421854,-0.0));
#7419=DIRECTION('',(0.0,0.0,-1.0));
#7420=DIRECTION('',(0.9823084969,0.1872699041,0.0));
#7421=AXIS2_PLACEMENT_3D('',#7418,#7419,#7420);
#7422=PLANE('',#7421);
#7423=ADVANCED_FACE('no 770',(#7417),#7422,.T.);
#7424=CARTESIAN_POINT('',(0.155225,0.0421854,0.003));
#7425=DIRECTION('',(0.0,-0.9828721869,-0.1842885351));
#7426=VECTOR('',#7425,1.0);
#7427=LINE('',#7424,#7426);
#7428=EDGE_CURVE('no 9856',#6472,#5946,#7427,.T.);
#7429=ORIENTED_EDGE('no 9886',*,*,#7428,.F.);
#7430=CARTESIAN_POINT('',(0.155225,0.0421854,0.003));
#7431=DIRECTION('',(0.0,0.0,-1.0));
#7432=VECTOR('',#7431,1.0);
#7433=LINE('',#7430,#7432);
#7434=EDGE_CURVE('no 9885',#6472,#6720,#7433,.T.);
#7435=ORIENTED_EDGE('no 9887',*,*,#7434,.T.);
#7436=ORIENTED_EDGE('no 9888',*,*,#6732,.F.);
#7437=EDGE_LOOP('',(#7429,#7435,#7436));
#7438=FACE_OUTER_BOUND('',#7437,.T.);
#7439=CARTESIAN_POINT('',(0.155225,0.0261854,-0.0));
#7440=DIRECTION('',(-1.0,0.0,0.0));
#7441=DIRECTION('',(0.0,0.9828720964,0.1842890181));
#7442=AXIS2_PLACEMENT_3D('',#7439,#7440,#7441);
#7443=PLANE('',#7442);
#7444=ADVANCED_FACE('no 9896',(#7438),#7443,.T.);
#7445=ORIENTED_EDGE('no 4655',*,*,#6844,.T.);
#7446=CARTESIAN_POINT('',(0.163317,0.023727,-0.0));
#7447=DIRECTION('',(0.9908183224,-0.135200044,0.0));
#7448=VECTOR('',#7447,1.0);
#7449=LINE('',#7446,#7448);
#7450=EDGE_CURVE('no 4648',#6839,#7031,#7449,.T.);
#7451=ORIENTED_EDGE('no 4656',*,*,#7450,.T.);
#7452=CARTESIAN_POINT('',(0.180012,0.0214488,-0.0));
#7453=DIRECTION('',(-1.0,0.0,0.0));
#7454=VECTOR('',#7453,1.0);
#7455=LINE('',#7452,#7454);
#7456=EDGE_CURVE('no 4654',#7031,#5477,#7455,.T.);
#7457=ORIENTED_EDGE('no 4657',*,*,#7456,.T.);
#7458=EDGE_LOOP('',(#7445,#7451,#7457));
#7459=FACE_OUTER_BOUND('',#7458,.T.);
#7460=CARTESIAN_POINT('',(0.163012,0.0214488,-0.0));
#7461=DIRECTION('',(0.0,0.0,-1.0));
#7462=DIRECTION('',(0.1323879962,0.9911979714,0.0));
#7463=AXIS2_PLACEMENT_3D('',#7460,#7461,#7462);
#7464=PLANE('',#7463);
#7465=ADVANCED_FACE('no 4665',(#7459),#7464,.T.);
#7466=CARTESIAN_POINT('',(0.163317,0.040727,-0.0));
#7467=DIRECTION('',(0.0,-0.9847835588,0.1737853339));
#7468=VECTOR('',#7467,1.0);
#7469=LINE('',#7466,#7468);
#7470=EDGE_CURVE('no 10224',#5924,#7054,#7469,.T.);
#7471=ORIENTED_EDGE('no 10231',*,*,#7470,.T.);
#7472=CARTESIAN_POINT('',(0.163317,0.023727,0.003));
#7473=DIRECTION('',(0.0,0.0,-1.0));
#7474=VECTOR('',#7473,1.0);
#7475=LINE('',#7472,#7474);
#7476=EDGE_CURVE('no 10230',#7054,#6839,#7475,.T.);
#7477=ORIENTED_EDGE('no 10232',*,*,#7476,.T.);
#7478=ORIENTED_EDGE('no 10233',*,*,#6851,.F.);
#7479=EDGE_LOOP('',(#7471,#7477,#7478));
#7480=FACE_OUTER_BOUND('',#7479,.T.);
#7481=CARTESIAN_POINT('',(0.163317,0.040727,-0.0));
#7482=DIRECTION('',(1.0,0.0,0.0));
#7483=DIRECTION('',(0.0,-0.9847836293,0.1737849346));
#7484=AXIS2_PLACEMENT_3D('',#7481,#7482,#7483);
#7485=PLANE('',#7484);
#7486=ADVANCED_FACE('no 10241',(#7480),#7485,.T.);
#7487=CARTESIAN_POINT('',(0.180317,0.023727,-0.0));
#7488=DIRECTION('',(-0.1323879962,-0.9911979714,0.0));
#7489=VECTOR('',#7488,1.0);
#7490=LINE('',#7487,#7489);
#7491=EDGE_CURVE('no 4706',#6863,#7031,#7490,.T.);
#7492=ORIENTED_EDGE('no 4730',*,*,#7491,.F.);
#7493=ORIENTED_EDGE('no 4731',*,*,#6868,.F.);
#7494=ORIENTED_EDGE('no 4732',*,*,#7042,.T.);
#7495=EDGE_LOOP('',(#7492,#7493,#7494));
#7496=FACE_OUTER_BOUND('',#7495,.T.);
#7497=CARTESIAN_POINT('',(0.180012,0.0214488,-0.0));
#7498=DIRECTION('',(0.0,0.0,-1.0));
#7499=DIRECTION('',(0.1323879962,0.9911979714,0.0));
#7500=AXIS2_PLACEMENT_3D('',#7497,#7498,#7499);
#7501=PLANE('',#7500);
#7502=ADVANCED_FACE('no 4740',(#7496),#7501,.T.);
#7503=ORIENTED_EDGE('no 3665',*,*,#6874,.F.);
#7504=CARTESIAN_POINT('',(0.182092,0.021259,-0.0));
#7505=VERTEX_POINT('',#7504);
#7506=CARTESIAN_POINT('',(0.180317,0.023727,-0.0));
#7507=DIRECTION('',(0.5838800311,-0.811839953,0.0));
#7508=VECTOR('',#7507,1.0);
#7509=LINE('',#7506,#7508);
#7510=EDGE_CURVE('no 3658',#6863,#7505,#7509,.T.);
#7511=ORIENTED_EDGE('no 3666',*,*,#7510,.T.);
#7512=CARTESIAN_POINT('',(0.182092,0.021259,-0.0));
#7513=DIRECTION('',(0.0,-1.0,0.0));
#7514=VECTOR('',#7513,1.0);
#7515=LINE('',#7512,#7514);
#7516=EDGE_CURVE('no 3664',#7505,#6219,#7515,.T.);
#7517=ORIENTED_EDGE('no 3667',*,*,#7516,.T.);
#7518=EDGE_LOOP('',(#7503,#7511,#7517));
#7519=FACE_OUTER_BOUND('',#7518,.T.);
#7520=CARTESIAN_POINT('',(0.182092,0.004259,-0.0));
#7521=DIRECTION('',(0.0,0.0,-1.0));
#7522=DIRECTION('',(-0.0908007076,0.9958690835,0.0));
#7523=AXIS2_PLACEMENT_3D('',#7520,#7521,#7522);
#7524=PLANE('',#7523);
#7525=ADVANCED_FACE('no 3675',(#7519),#7524,.T.);
#7526=ORIENTED_EDGE('no 11019',*,*,#6989,.T.);
#7527=ORIENTED_EDGE('no 11020',*,*,#6891,.F.);
#7528=CARTESIAN_POINT('',(0.182092,0.004259,-0.0));
#7529=DIRECTION('',(0.0,0.0,1.0));
#7530=VECTOR('',#7529,1.0);
#7531=LINE('',#7528,#7530);
#7532=EDGE_CURVE('no 11018',#6219,#5585,#7531,.T.);
#7533=ORIENTED_EDGE('no 11021',*,*,#7532,.T.);
#7534=EDGE_LOOP('',(#7526,#7527,#7533));
#7535=FACE_OUTER_BOUND('',#7534,.T.);
#7536=CARTESIAN_POINT('',(0.182092,0.004259,0.003));
#7537=DIRECTION('',(0.0,1.0,0.0));
#7538=DIRECTION('',(0.9847836293,0.0,-0.1737849346));
#7539=AXIS2_PLACEMENT_3D('',#7536,#7537,#7538);
#7540=PLANE('',#7539);
#7541=ADVANCED_FACE('no 11029',(#7535),#7540,.T.);
#7542=ORIENTED_EDGE('no 3746',*,*,#6912,.F.);
#7543=CARTESIAN_POINT('',(0.199108,0.0236487,-0.0));
#7544=VERTEX_POINT('',#7543);
#7545=CARTESIAN_POINT('',(0.199108,0.0236487,-0.0));
#7546=DIRECTION('',(-0.0008251801,-0.9999996595,0.0));
#7547=VECTOR('',#7546,1.0);
#7548=LINE('',#7545,#7547);
#7549=EDGE_CURVE('no 1072',#7544,#6886,#7548,.T.);
#7550=ORIENTED_EDGE('no 3747',*,*,#7549,.F.);
#7551=CARTESIAN_POINT('',(0.199108,0.0236487,-0.0));
#7552=DIRECTION('',(0.1169861427,-0.9931335471,0.0));
#7553=VECTOR('',#7552,1.0);
#7554=LINE('',#7551,#7553);
#7555=EDGE_CURVE('no 3745',#7544,#6241,#7554,.T.);
#7556=ORIENTED_EDGE('no 3748',*,*,#7555,.T.);
#7557=EDGE_LOOP('',(#7542,#7550,#7556));
#7558=FACE_OUTER_BOUND('',#7557,.T.);
#7559=CARTESIAN_POINT('',(0.201409,0.00411476,-0.0));
#7560=DIRECTION('',(0.0,0.0,-1.0));
#7561=DIRECTION('',(-0.9980683007,0.0621262187,0.0));
#7562=AXIS2_PLACEMENT_3D('',#7559,#7560,#7561);
#7563=PLANE('',#7562);
#7564=ADVANCED_FACE('no 3756',(#7558),#7563,.T.);
#7565=ORIENTED_EDGE('no 3920',*,*,#6930,.F.);
#7566=CARTESIAN_POINT('',(0.218409,0.00411476,-0.0));
#7567=VERTEX_POINT('',#7566);
#7568=CARTESIAN_POINT('',(0.201409,0.00411476,-0.0));
#7569=DIRECTION('',(1.0,0.0,0.0));
#7570=VECTOR('',#7569,1.0);
#7571=LINE('',#7568,#7570);
#7572=EDGE_CURVE('no 3913',#6241,#7567,#7571,.T.);
#7573=ORIENTED_EDGE('no 3921',*,*,#7572,.T.);
#7574=CARTESIAN_POINT('',(0.218409,0.00411476,-0.0));
#7575=DIRECTION('',(0.6952819425,-0.7187371011,0.0));
#7576=VECTOR('',#7575,1.0);
#7577=LINE('',#7574,#7576);
#7578=EDGE_CURVE('no 3919',#7567,#6925,#7577,.T.);
#7579=ORIENTED_EDGE('no 3922',*,*,#7578,.T.);
#7580=EDGE_LOOP('',(#7565,#7573,#7579));
#7581=FACE_OUTER_BOUND('',#7580,.T.);
#7582=CARTESIAN_POINT('',(0.230126,-0.00799751,-0.0));
#7583=DIRECTION('',(0.0,0.0,-1.0));
#7584=DIRECTION('',(-0.9213944261,0.3886287579,0.0));
#7585=AXIS2_PLACEMENT_3D('',#7582,#7583,#7584);
#7586=PLANE('',#7585);
#7587=ADVANCED_FACE('no 3930',(#7581),#7586,.T.);
#7588=ORIENTED_EDGE('no 13273',*,*,#6950,.T.);
#7589=ORIENTED_EDGE('no 13274',*,*,#6936,.F.);
#7590=CARTESIAN_POINT('',(0.230126,-0.00799751,-0.0));
#7591=DIRECTION('',(0.0,0.0,1.0));
#7592=VECTOR('',#7591,1.0);
#7593=LINE('',#7590,#7592);
#7594=EDGE_CURVE('no 13272',#6925,#6574,#7593,.T.);
#7595=ORIENTED_EDGE('no 13275',*,*,#7594,.T.);
#7596=EDGE_LOOP('',(#7588,#7589,#7595));
#7597=FACE_OUTER_BOUND('',#7596,.T.);
#7598=CARTESIAN_POINT('',(0.230126,-0.00799751,0.003));
#7599=DIRECTION('',(0.6501849357,0.7597759863,0.0000002086));
#7600=DIRECTION('',(0.1428560698,-0.1222500598,-0.9821644802));
#7601=AXIS2_PLACEMENT_3D('',#7598,#7599,#7600);
#7602=PLANE('',#7601);
#7603=ADVANCED_FACE('no 13283',(#7597),#7602,.T.);
#7604=CARTESIAN_POINT('',(0.232332,0.072148,-0.0));
#7605=DIRECTION('',(-0.0059117972,-0.9999825252,0.0));
#7606=VECTOR('',#7605,1.0);
#7607=LINE('',#7604,#7606);
#7608=EDGE_CURVE('no 1461',#6963,#7297,#7607,.T.);
#7609=ORIENTED_EDGE('no 1491',*,*,#7608,.F.);
#7610=ORIENTED_EDGE('no 1492',*,*,#6968,.T.);
#7611=ORIENTED_EDGE('no 1493',*,*,#7308,.T.);
#7612=EDGE_LOOP('',(#7609,#7610,#7611));
#7613=FACE_OUTER_BOUND('',#7612,.T.);
#7614=CARTESIAN_POINT('',(0.23188,-0.00433013,-0.0));
#7615=DIRECTION('',(0.0,0.0,-1.0));
#7616=DIRECTION('',(0.0059117972,0.9999825252,0.0));
#7617=AXIS2_PLACEMENT_3D('',#7614,#7615,#7616);
#7618=PLANE('',#7617);
#7619=ADVANCED_FACE('no 1501',(#7613),#7618,.T.);
#7620=CARTESIAN_POINT('',(0.199092,0.021259,0.003));
#7621=DIRECTION('',(0.0,-0.9847835588,-0.1737853339));
#7622=VECTOR('',#7621,1.0);
#7623=LINE('',#7620,#7622);
#7624=EDGE_CURVE('no 10960',#7229,#6886,#7623,.T.);
#7625=ORIENTED_EDGE('no 10967',*,*,#7624,.T.);
#7626=ORIENTED_EDGE('no 10968',*,*,#6996,.T.);
#7627=ORIENTED_EDGE('no 10969',*,*,#7240,.F.);
#7628=EDGE_LOOP('',(#7625,#7626,#7627));
#7629=FACE_OUTER_BOUND('',#7628,.T.);
#7630=CARTESIAN_POINT('',(0.199092,0.021259,0.003));
#7631=DIRECTION('',(-1.0,-0.0,0.0));
#7632=DIRECTION('',(0.0,-0.9847836293,-0.1737849346));
#7633=AXIS2_PLACEMENT_3D('',#7630,#7631,#7632);
#7634=PLANE('',#7633);
#7635=ADVANCED_FACE('no 10977',(#7629),#7634,.T.);
#7636=ORIENTED_EDGE('no 5432',*,*,#7013,.F.);
#7637=CARTESIAN_POINT('',(0.182092,0.004259,0.003));
#7638=DIRECTION('',(-0.0486163769,0.9988175248,0.0));
#7639=VECTOR('',#7638,1.0);
#7640=LINE('',#7637,#7639);
#7641=EDGE_CURVE('no 5425',#5585,#7166,#7640,.T.);
#7642=ORIENTED_EDGE('no 5433',*,*,#7641,.T.);
#7643=CARTESIAN_POINT('',(0.180317,0.040727,0.003));
#7644=DIRECTION('',(0.0,-1.0,0.0));
#7645=VECTOR('',#7644,1.0);
#7646=LINE('',#7643,#7645);
#7647=EDGE_CURVE('no 5431',#7166,#7008,#7646,.T.);
#7648=ORIENTED_EDGE('no 5434',*,*,#7647,.T.);
#7649=EDGE_LOOP('',(#7636,#7642,#7648));
#7650=FACE_OUTER_BOUND('',#7649,.T.);
#7651=CARTESIAN_POINT('',(0.180317,0.023727,0.003));
#7652=DIRECTION('',(-0.0,0.0,1.0));
#7653=DIRECTION('',(0.0908007076,-0.9958690835,0.0));
#7654=AXIS2_PLACEMENT_3D('',#7651,#7652,#7653);
#7655=PLANE('',#7654);
#7656=ADVANCED_FACE('no 5442',(#7650),#7655,.T.);
#7657=CARTESIAN_POINT('',(0.180012,0.0214488,0.003));
#7658=DIRECTION('',(-0.9908173791,0.1352069574,0.0));
#7659=VECTOR('',#7658,1.0);
#7660=LINE('',#7657,#7659);
#7661=EDGE_CURVE('no 9355',#6320,#7054,#7660,.T.);
#7662=ORIENTED_EDGE('no 9385',*,*,#7661,.F.);
#7663=ORIENTED_EDGE('no 9386',*,*,#7019,.F.);
#7664=CARTESIAN_POINT('',(0.180317,0.023727,0.003));
#7665=DIRECTION('',(-1.0,0.0,0.0));
#7666=VECTOR('',#7665,1.0);
#7667=LINE('',#7664,#7666);
#7668=EDGE_CURVE('no 9384',#7008,#7054,#7667,.T.);
#7669=ORIENTED_EDGE('no 9387',*,*,#7668,.T.);
#7670=EDGE_LOOP('',(#7662,#7663,#7669));
#7671=FACE_OUTER_BOUND('',#7670,.T.);
#7672=CARTESIAN_POINT('',(0.163317,0.023727,0.003));
#7673=DIRECTION('',(-0.0,0.0,1.0));
#7674=DIRECTION('',(0.9908183224,-0.135200044,0.0));
#7675=AXIS2_PLACEMENT_3D('',#7672,#7673,#7674);
#7676=PLANE('',#7675);
#7677=ADVANCED_FACE('no 9395',(#7671),#7676,.T.);
#7678=ORIENTED_EDGE('no 10921',*,*,#7079,.T.);
#7679=ORIENTED_EDGE('no 10922',*,*,#7456,.F.);
#7680=ORIENTED_EDGE('no 10923',*,*,#7036,.F.);
#7681=EDGE_LOOP('',(#7678,#7679,#7680));
#7682=FACE_OUTER_BOUND('',#7681,.T.);
#7683=CARTESIAN_POINT('',(0.180012,0.0214488,0.003));
#7684=DIRECTION('',(0.0,-1.0,-0.0));
#7685=DIRECTION('',(-0.9847836293,0.0,-0.1737849346));
#7686=AXIS2_PLACEMENT_3D('',#7683,#7684,#7685);
#7687=PLANE('',#7686);
#7688=ADVANCED_FACE('no 10931',(#7682),#7687,.T.);
#7689=ORIENTED_EDGE('no 9362',*,*,#7661,.T.);
#7690=ORIENTED_EDGE('no 9363',*,*,#7059,.F.);
#7691=ORIENTED_EDGE('no 9364',*,*,#7085,.T.);
#7692=EDGE_LOOP('',(#7689,#7690,#7691));
#7693=FACE_OUTER_BOUND('',#7692,.T.);
#7694=CARTESIAN_POINT('',(0.180012,0.0214488,0.003));
#7695=DIRECTION('',(0.0,0.0,1.0));
#7696=DIRECTION('',(-0.9908183224,0.135200044,0.0));
#7697=AXIS2_PLACEMENT_3D('',#7694,#7695,#7696);
#7698=PLANE('',#7697);
#7699=ADVANCED_FACE('no 9372',(#7693),#7698,.T.);
#7700=ORIENTED_EDGE('no 10254',*,*,#7470,.F.);
#7701=CARTESIAN_POINT('',(0.163317,0.040727,-0.0));
#7702=DIRECTION('',(0.0,0.0,1.0));
#7703=VECTOR('',#7702,1.0);
#7704=LINE('',#7701,#7703);
#7705=EDGE_CURVE('no 10253',#5924,#5749,#7704,.T.);
#7706=ORIENTED_EDGE('no 10255',*,*,#7705,.T.);
#7707=ORIENTED_EDGE('no 10256',*,*,#7065,.F.);
#7708=EDGE_LOOP('',(#7700,#7706,#7707));
#7709=FACE_OUTER_BOUND('',#7708,.T.);
#7710=CARTESIAN_POINT('',(0.163317,0.023727,0.003));
#7711=DIRECTION('',(1.0,-0.0,0.0));
#7712=DIRECTION('',(0.0,0.9847836293,-0.1737849346));
#7713=AXIS2_PLACEMENT_3D('',#7710,#7711,#7712);
#7714=PLANE('',#7713);
#7715=ADVANCED_FACE('no 10264',(#7709),#7714,.T.);
#7716=ORIENTED_EDGE('no 9863',*,*,#7428,.T.);
#7717=ORIENTED_EDGE('no 9864',*,*,#7123,.T.);
#7718=ORIENTED_EDGE('no 9865',*,*,#7102,.F.);
#7719=EDGE_LOOP('',(#7716,#7717,#7718));
#7720=FACE_OUTER_BOUND('',#7719,.T.);
#7721=CARTESIAN_POINT('',(0.155225,0.0421854,0.003));
#7722=DIRECTION('',(-1.0,-0.0,0.0));
#7723=DIRECTION('',(0.0,-0.9828720964,-0.1842890181));
#7724=AXIS2_PLACEMENT_3D('',#7721,#7722,#7723);
#7725=PLANE('',#7724);
#7726=ADVANCED_FACE('no 9873',(#7720),#7725,.T.);
#7727=ORIENTED_EDGE('no 10001',*,*,#7153,.T.);
#7728=ORIENTED_EDGE('no 10002',*,*,#7414,.F.);
#7729=ORIENTED_EDGE('no 10003',*,*,#7434,.F.);
#7730=EDGE_LOOP('',(#7727,#7728,#7729));
#7731=FACE_OUTER_BOUND('',#7730,.T.);
#7732=CARTESIAN_POINT('',(0.155225,0.0421854,0.003));
#7733=DIRECTION('',(0.0,-1.0,-0.0));
#7734=DIRECTION('',(-0.9889364115,0.0,-0.1483400617));
#7735=AXIS2_PLACEMENT_3D('',#7732,#7733,#7734);
#7736=PLANE('',#7735);
#7737=ADVANCED_FACE('no 10011',(#7731),#7736,.T.);
#7738=ORIENTED_EDGE('no 8760',*,*,#7171,.F.);
#7739=CARTESIAN_POINT('',(0.180317,0.040727,0.003));
#7740=DIRECTION('',(0.9673298905,0.2535209713,0.0));
#7741=VECTOR('',#7740,1.0);
#7742=LINE('',#7739,#7741);
#7743=EDGE_CURVE('no 8753',#7166,#7337,#7742,.T.);
#7744=ORIENTED_EDGE('no 8761',*,*,#7743,.T.);
#7745=CARTESIAN_POINT('',(0.212366,0.0491264,0.003));
#7746=DIRECTION('',(-1.0,0.0,0.0));
#7747=VECTOR('',#7746,1.0);
#7748=LINE('',#7745,#7747);
#7749=EDGE_CURVE('no 8759',#7337,#6496,#7748,.T.);
#7750=ORIENTED_EDGE('no 8762',*,*,#7749,.T.);
#7751=EDGE_LOOP('',(#7738,#7744,#7750));
#7752=FACE_OUTER_BOUND('',#7751,.T.);
#7753=CARTESIAN_POINT('',(0.171365,0.0491264,0.003));
#7754=DIRECTION('',(-0.0,0.0,1.0));
#7755=DIRECTION('',(0.7292274306,-0.6842714041,0.0));
#7756=AXIS2_PLACEMENT_3D('',#7753,#7754,#7755);
#7757=PLANE('',#7756);
#7758=ADVANCED_FACE('no 8770',(#7752),#7757,.T.);
#7759=CARTESIAN_POINT('',(0.180317,0.040727,0.003));
#7760=DIRECTION('',(-0.9847835588,0.0,-0.1737853339));
#7761=VECTOR('',#7760,1.0);
#7762=LINE('',#7759,#7761);
#7763=EDGE_CURVE('no 10276',#7166,#5924,#7762,.T.);
#7764=ORIENTED_EDGE('no 10300',*,*,#7763,.F.);
#7765=ORIENTED_EDGE('no 10301',*,*,#7178,.F.);
#7766=ORIENTED_EDGE('no 10302',*,*,#7705,.F.);
#7767=EDGE_LOOP('',(#7764,#7765,#7766));
#7768=FACE_OUTER_BOUND('',#7767,.T.);
#7769=CARTESIAN_POINT('',(0.163317,0.040727,-0.0));
#7770=DIRECTION('',(0.0,-1.0,0.0));
#7771=DIRECTION('',(0.9847836293,0.0,0.1737849346));
#7772=AXIS2_PLACEMENT_3D('',#7769,#7770,#7771);
#7773=PLANE('',#7772);
#7774=ADVANCED_FACE('no 10310',(#7768),#7773,.T.);
#7775=ORIENTED_EDGE('no 6986',*,*,#7211,.F.);
#7776=CARTESIAN_POINT('',(0.229637,0.0748424,0.003));
#7777=VERTEX_POINT('',#7776);
#7778=CARTESIAN_POINT('',(0.212366,0.0661264,0.003));
#7779=DIRECTION('',(0.8927565436,0.4505394033,0.0));
#7780=VECTOR('',#7779,1.0);
#7781=LINE('',#7778,#7780);
#7782=EDGE_CURVE('no 6979',#5772,#7777,#7781,.T.);
#7783=ORIENTED_EDGE('no 6987',*,*,#7782,.T.);
#7784=CARTESIAN_POINT('',(0.229637,0.0748424,0.003));
#7785=DIRECTION('',(0.3826808374,0.9238806074,0.0));
#7786=VECTOR('',#7785,1.0);
#7787=LINE('',#7784,#7786);
#7788=EDGE_CURVE('no 6985',#7777,#7206,#7787,.T.);
#7789=ORIENTED_EDGE('no 6988',*,*,#7788,.T.);
#7790=EDGE_LOOP('',(#7775,#7783,#7789));
#7791=FACE_OUTER_BOUND('',#7790,.T.);
#7792=CARTESIAN_POINT('',(0.229857,0.075373,0.003));
#7793=DIRECTION('',(0.0,0.0,1.0));
#7794=DIRECTION('',(-0.8840733437,-0.4673481817,0.0));
#7795=AXIS2_PLACEMENT_3D('',#7792,#7793,#7794);
#7796=PLANE('',#7795);
#7797=ADVANCED_FACE('no 6996',(#7791),#7796,.T.);
#7798=ORIENTED_EDGE('no 5548',*,*,#7234,.F.);
#7799=CARTESIAN_POINT('',(0.199108,0.0236487,0.003));
#7800=VERTEX_POINT('',#7799);
#7801=CARTESIAN_POINT('',(0.201409,0.00411476,0.003));
#7802=DIRECTION('',(-0.1169880381,0.9931333238,0.0));
#7803=VECTOR('',#7802,1.0);
#7804=LINE('',#7801,#7803);
#7805=EDGE_CURVE('no 5541',#5794,#7800,#7804,.T.);
#7806=ORIENTED_EDGE('no 5549',*,*,#7805,.T.);
#7807=CARTESIAN_POINT('',(0.199108,0.0236487,0.003));
#7808=DIRECTION('',(-0.006695251,-0.9999775866,0.0));
#7809=VECTOR('',#7808,1.0);
#7810=LINE('',#7807,#7809);
#7811=EDGE_CURVE('no 5547',#7800,#7229,#7810,.T.);
#7812=ORIENTED_EDGE('no 5550',*,*,#7811,.T.);
#7813=EDGE_LOOP('',(#7798,#7806,#7812));
#7814=FACE_OUTER_BOUND('',#7813,.T.);
#7815=CARTESIAN_POINT('',(0.199092,0.021259,0.003));
#7816=DIRECTION('',(-0.0,0.0,1.0));
#7817=DIRECTION('',(0.1339469332,-0.990988506,0.0));
#7818=AXIS2_PLACEMENT_3D('',#7815,#7816,#7817);
#7819=PLANE('',#7818);
#7820=ADVANCED_FACE('no 5558',(#7814),#7819,.T.);
#7821=ORIENTED_EDGE('no 5722',*,*,#7257,.F.);
#7822=CARTESIAN_POINT('',(0.229801,-0.00752388,0.003));
#7823=VERTEX_POINT('',#7822);
#7824=CARTESIAN_POINT('',(0.230126,-0.00799751,0.003));
#7825=DIRECTION('',(-0.5657949236,0.824545999,0.0));
#7826=VECTOR('',#7825,1.0);
#7827=LINE('',#7824,#7826);
#7828=EDGE_CURVE('no 5715',#6574,#7823,#7827,.T.);
#7829=ORIENTED_EDGE('no 5723',*,*,#7828,.T.);
#7830=CARTESIAN_POINT('',(0.229801,-0.00752388,0.003));
#7831=DIRECTION('',(-0.6994941146,0.7146383587,0.0));
#7832=VECTOR('',#7831,1.0);
#7833=LINE('',#7830,#7832);
#7834=EDGE_CURVE('no 5721',#7823,#7252,#7833,.T.);
#7835=ORIENTED_EDGE('no 5724',*,*,#7834,.T.);
#7836=EDGE_LOOP('',(#7821,#7829,#7835));
#7837=FACE_OUTER_BOUND('',#7836,.T.);
#7838=CARTESIAN_POINT('',(0.218409,0.00411476,0.003));
#7839=DIRECTION('',(0.0,0.0,1.0));
#7840=DIRECTION('',(0.6952759248,-0.7187429223,0.0));
#7841=AXIS2_PLACEMENT_3D('',#7838,#7839,#7840);
#7842=PLANE('',#7841);
#7843=ADVANCED_FACE('no 5732',(#7837),#7842,.T.);
#7844=CARTESIAN_POINT('',(0.201409,0.00411476,0.003));
#7845=DIRECTION('',(0.9847835588,0.0,-0.1737853339));
#7846=VECTOR('',#7845,1.0);
#7847=LINE('',#7844,#7846);
#7848=EDGE_CURVE('no 11196',#5794,#7567,#7847,.T.);
#7849=ORIENTED_EDGE('no 11220',*,*,#7848,.F.);
#7850=ORIENTED_EDGE('no 11221',*,*,#7263,.F.);
#7851=CARTESIAN_POINT('',(0.218409,0.00411476,-0.0));
#7852=DIRECTION('',(0.0,0.0,1.0));
#7853=VECTOR('',#7852,1.0);
#7854=LINE('',#7851,#7853);
#7855=EDGE_CURVE('no 11150',#7567,#7252,#7854,.T.);
#7856=ORIENTED_EDGE('no 11222',*,*,#7855,.F.);
#7857=EDGE_LOOP('',(#7849,#7850,#7856));
#7858=FACE_OUTER_BOUND('',#7857,.T.);
#7859=CARTESIAN_POINT('',(0.218409,0.00411476,-0.0));
#7860=DIRECTION('',(0.0,1.0,-0.0));
#7861=DIRECTION('',(-0.9847836293,0.0,0.1737849346));
#7862=AXIS2_PLACEMENT_3D('',#7859,#7860,#7861);
#7863=PLANE('',#7862);
#7864=ADVANCED_FACE('no 11230',(#7858),#7863,.T.);
#7865=CARTESIAN_POINT('',(0.231762,0.072073,0.003));
#7866=VERTEX_POINT('',#7865);
#7867=CARTESIAN_POINT('',(0.23188,-0.00433013,0.003));
#7868=DIRECTION('',(-0.0015444375,0.9999988074,0.0));
#7869=VECTOR('',#7868,1.0);
#7870=LINE('',#7867,#7869);
#7871=EDGE_CURVE('no 7669',#7274,#7866,#7870,.T.);
#7872=ORIENTED_EDGE('no 7699',*,*,#7871,.F.);
#7873=ORIENTED_EDGE('no 7700',*,*,#7279,.T.);
#7874=CARTESIAN_POINT('',(0.232332,0.072148,0.003));
#7875=DIRECTION('',(-0.9914455527,-0.1305209411,0.0));
#7876=VECTOR('',#7875,1.0);
#7877=LINE('',#7874,#7876);
#7878=EDGE_CURVE('no 7698',#6596,#7866,#7877,.T.);
#7879=ORIENTED_EDGE('no 7701',*,*,#7878,.T.);
#7880=EDGE_LOOP('',(#7872,#7873,#7879));
#7881=FACE_OUTER_BOUND('',#7880,.T.);
#7882=CARTESIAN_POINT('',(0.231762,0.072073,0.003));
#7883=DIRECTION('',(-0.0,0.0,1.0));
#7884=DIRECTION('',(0.0015349097,-0.999998822,0.0));
#7885=AXIS2_PLACEMENT_3D('',#7882,#7883,#7884);
#7886=PLANE('',#7885);
#7887=ADVANCED_FACE('no 7709',(#7881),#7886,.T.);
#7888=ORIENTED_EDGE('no 12646',*,*,#7302,.F.);
#7889=ORIENTED_EDGE('no 12647',*,*,#7285,.F.);
#7890=CARTESIAN_POINT('',(0.23188,-0.00433013,0.003));
#7891=DIRECTION('',(0.0,0.0,-1.0));
#7892=VECTOR('',#7891,1.0);
#7893=LINE('',#7890,#7892);
#7894=EDGE_CURVE('no 12645',#7274,#7297,#7893,.T.);
#7895=ORIENTED_EDGE('no 12648',*,*,#7894,.T.);
#7896=EDGE_LOOP('',(#7888,#7889,#7895));
#7897=FACE_OUTER_BOUND('',#7896,.T.);
#7898=CARTESIAN_POINT('',(0.23188,-0.00433013,-0.0));
#7899=DIRECTION('',(-0.1831901075,-0.9830775069,-0.0000000668));
#7900=DIRECTION('',(0.1848399734,-0.034443795,0.9821648585));
#7901=AXIS2_PLACEMENT_3D('',#7898,#7899,#7900);
#7902=PLANE('',#7901);
#7903=ADVANCED_FACE('no 12656',(#7897),#7902,.T.);
#7904=ORIENTED_EDGE('no 2639',*,*,#7324,.F.);
#7905=CARTESIAN_POINT('',(0.229637,0.0748424,-0.0));
#7906=VERTEX_POINT('',#7905);
#7907=CARTESIAN_POINT('',(0.229857,0.075373,-0.0));
#7908=DIRECTION('',(-0.3826808374,-0.9238806074,0.0));
#7909=VECTOR('',#7908,1.0);
#7910=LINE('',#7907,#7909);
#7911=EDGE_CURVE('no 2632',#6636,#7906,#7910,.T.);
#7912=ORIENTED_EDGE('no 2640',*,*,#7911,.T.);
#7913=CARTESIAN_POINT('',(0.229637,0.0748424,-0.0));
#7914=DIRECTION('',(-0.5575520076,-0.8301420113,0.0));
#7915=VECTOR('',#7914,1.0);
#7916=LINE('',#7913,#7915);
#7917=EDGE_CURVE('no 2638',#7906,#6658,#7916,.T.);
#7918=ORIENTED_EDGE('no 2641',*,*,#7917,.T.);
#7919=EDGE_LOOP('',(#7904,#7912,#7918));
#7920=FACE_OUTER_BOUND('',#7919,.T.);
#7921=CARTESIAN_POINT('',(0.212366,0.0491264,-0.0));
#7922=DIRECTION('',(0.0,0.0,-1.0));
#7923=DIRECTION('',(0.5545647274,0.832140591,0.0));
#7924=AXIS2_PLACEMENT_3D('',#7921,#7922,#7923);
#7925=PLANE('',#7924);
#7926=ADVANCED_FACE('no 2649',(#7920),#7925,.T.);
#7927=CARTESIAN_POINT('',(0.171365,0.0491264,0.003));
#7928=DIRECTION('',(0.9973338531,0.0,-0.0729738679));
#7929=VECTOR('',#7928,1.0);
#7930=LINE('',#7927,#7929);
#7931=EDGE_CURVE('no 9672',#6496,#6658,#7930,.T.);
#7932=ORIENTED_EDGE('no 9702',*,*,#7931,.F.);
#7933=ORIENTED_EDGE('no 9703',*,*,#7749,.F.);
#7934=ORIENTED_EDGE('no 9704',*,*,#7342,.T.);
#7935=EDGE_LOOP('',(#7932,#7933,#7934));
#7936=FACE_OUTER_BOUND('',#7935,.T.);
#7937=CARTESIAN_POINT('',(0.212366,0.0491264,-0.0));
#7938=DIRECTION('',(0.0,1.0,-0.0));
#7939=DIRECTION('',(-0.9973337279,0.0,0.0729755801));
#7940=AXIS2_PLACEMENT_3D('',#7937,#7938,#7939);
#7941=PLANE('',#7940);
#7942=ADVANCED_FACE('no 9712',(#7936),#7941,.T.);
#7943=CARTESIAN_POINT('',(0.218242,0.040491,0.003));
#7944=VERTEX_POINT('',#7943);
#7945=CARTESIAN_POINT('',(0.218242,0.040491,0.003));
#7946=DIRECTION('',(-0.5625881899,0.8267372791,0.0));
#7947=VECTOR('',#7946,1.0);
#7948=LINE('',#7945,#7947);
#7949=EDGE_CURVE('no 8979',#7944,#7337,#7948,.T.);
#7950=ORIENTED_EDGE('no 9003',*,*,#7949,.F.);
#7951=CARTESIAN_POINT('',(0.212366,0.0661264,0.003));
#7952=DIRECTION('',(0.2234202591,-0.9747222106,0.0));
#7953=VECTOR('',#7952,1.0);
#7954=LINE('',#7951,#7953);
#7955=EDGE_CURVE('no 7008',#5772,#7944,#7954,.T.);
#7956=ORIENTED_EDGE('no 9004',*,*,#7955,.F.);
#7957=ORIENTED_EDGE('no 9005',*,*,#7348,.T.);
#7958=EDGE_LOOP('',(#7950,#7956,#7957));
#7959=FACE_OUTER_BOUND('',#7958,.T.);
#7960=CARTESIAN_POINT('',(0.212366,0.0491264,0.003));
#7961=DIRECTION('',(-0.0,0.0,1.0));
#7962=DIRECTION('',(0.5625881899,-0.8267372791,0.0));
#7963=AXIS2_PLACEMENT_3D('',#7960,#7961,#7962);
#7964=PLANE('',#7963);
#7965=ADVANCED_FACE('no 9013',(#7959),#7964,.T.);
#7966=ORIENTED_EDGE('no 4441',*,*,#7365,.F.);
#7967=CARTESIAN_POINT('',(0.171365,0.0491264,-0.0));
#7968=DIRECTION('',(1.0,0.0,0.0));
#7969=VECTOR('',#7968,1.0);
#7970=LINE('',#7967,#7969);
#7971=EDGE_CURVE('no 4434',#6681,#6658,#7970,.T.);
#7972=ORIENTED_EDGE('no 4442',*,*,#7971,.T.);
#7973=CARTESIAN_POINT('',(0.212366,0.0491264,-0.0));
#7974=DIRECTION('',(-0.9673306781,-0.2535179662,0.0));
#7975=VECTOR('',#7974,1.0);
#7976=LINE('',#7973,#7975);
#7977=EDGE_CURVE('no 4440',#6658,#7360,#7976,.T.);
#7978=ORIENTED_EDGE('no 4443',*,*,#7977,.T.);
#7979=EDGE_LOOP('',(#7966,#7972,#7978));
#7980=FACE_OUTER_BOUND('',#7979,.T.);
#7981=CARTESIAN_POINT('',(0.180317,0.040727,-0.0));
#7982=DIRECTION('',(0.0,0.0,-1.0));
#7983=DIRECTION('',(-0.7292274306,0.6842714041,0.0));
#7984=AXIS2_PLACEMENT_3D('',#7981,#7982,#7983);
#7985=PLANE('',#7984);
#7986=ADVANCED_FACE('no 4451',(#7980),#7985,.T.);
#7987=ORIENTED_EDGE('no 10283',*,*,#7763,.T.);
#7988=ORIENTED_EDGE('no 10284',*,*,#7371,.F.);
#7989=CARTESIAN_POINT('',(0.180317,0.040727,-0.0));
#7990=DIRECTION('',(0.0,0.0,1.0));
#7991=VECTOR('',#7990,1.0);
#7992=LINE('',#7989,#7991);
#7993=EDGE_CURVE('no 10282',#7360,#7166,#7992,.T.);
#7994=ORIENTED_EDGE('no 10285',*,*,#7993,.T.);
#7995=EDGE_LOOP('',(#7987,#7988,#7994));
#7996=FACE_OUTER_BOUND('',#7995,.T.);
#7997=CARTESIAN_POINT('',(0.180317,0.040727,0.003));
#7998=DIRECTION('',(0.0,-1.0,-0.0));
#7999=DIRECTION('',(-0.9847836293,0.0,-0.1737849346));
#8000=AXIS2_PLACEMENT_3D('',#7997,#7998,#7999);
#8001=PLANE('',#8000);
#8002=ADVANCED_FACE('no 10293',(#7996),#8001,.T.);
#8003=ORIENTED_EDGE('no 9679',*,*,#7931,.T.);
#8004=ORIENTED_EDGE('no 9680',*,*,#7971,.F.);
#8005=ORIENTED_EDGE('no 9681',*,*,#7386,.T.);
#8006=EDGE_LOOP('',(#8003,#8004,#8005));
#8007=FACE_OUTER_BOUND('',#8006,.T.);
#8008=CARTESIAN_POINT('',(0.171365,0.0491264,0.003));
#8009=DIRECTION('',(0.0,1.0,0.0));
#8010=DIRECTION('',(0.9973337279,0.0,-0.0729755801));
#8011=AXIS2_PLACEMENT_3D('',#8008,#8009,#8010);
#8012=PLANE('',#8011);
#8013=ADVANCED_FACE('no 9689',(#8007),#8012,.T.);
#8014=ORIENTED_EDGE('no 4707',*,*,#7450,.F.);
#8015=CARTESIAN_POINT('',(0.163317,0.023727,-0.0));
#8016=DIRECTION('',(1.0,0.0,0.0));
#8017=VECTOR('',#8016,1.0);
#8018=LINE('',#8015,#8017);
#8019=EDGE_CURVE('no 4700',#6839,#6863,#8018,.T.);
#8020=ORIENTED_EDGE('no 4708',*,*,#8019,.T.);
#8021=ORIENTED_EDGE('no 4709',*,*,#7491,.T.);
#8022=EDGE_LOOP('',(#8014,#8020,#8021));
#8023=FACE_OUTER_BOUND('',#8022,.T.);
#8024=CARTESIAN_POINT('',(0.180012,0.0214488,-0.0));
#8025=DIRECTION('',(0.0,0.0,-1.0));
#8026=DIRECTION('',(-0.9908183224,0.135200044,0.0));
#8027=AXIS2_PLACEMENT_3D('',#8024,#8025,#8026);
#8028=PLANE('',#8027);
#8029=ADVANCED_FACE('no 4717',(#8023),#8028,.T.);
#8030=CARTESIAN_POINT('',(0.163317,0.023727,0.003));
#8031=DIRECTION('',(0.9847835588,0.0,-0.1737853339));
#8032=VECTOR('',#8031,1.0);
#8033=LINE('',#8030,#8032);
#8034=EDGE_CURVE('no 10368',#7054,#6863,#8033,.T.);
#8035=ORIENTED_EDGE('no 10369',*,*,#8034,.T.);
#8036=ORIENTED_EDGE('no 10370',*,*,#8019,.F.);
#8037=ORIENTED_EDGE('no 10371',*,*,#7476,.F.);
#8038=EDGE_LOOP('',(#8035,#8036,#8037));
#8039=FACE_OUTER_BOUND('',#8038,.T.);
#8040=CARTESIAN_POINT('',(0.163317,0.023727,0.003));
#8041=DIRECTION('',(0.0,1.0,0.0));
#8042=DIRECTION('',(0.9847836293,0.0,-0.1737849346));
#8043=AXIS2_PLACEMENT_3D('',#8040,#8041,#8042);
#8044=PLANE('',#8043);
#8045=ADVANCED_FACE('no 10379',(#8039),#8044,.T.);
#8046=CARTESIAN_POINT('',(0.182108,0.0406487,-0.0));
#8047=VERTEX_POINT('',#8046);
#8048=CARTESIAN_POINT('',(0.182108,0.0406487,-0.0));
#8049=DIRECTION('',(-0.1052525417,-0.9944455251,0.0));
#8050=VECTOR('',#8049,1.0);
#8051=LINE('',#8048,#8050);
#8052=EDGE_CURVE('no 4492',#8047,#6863,#8051,.T.);
#8053=ORIENTED_EDGE('no 4516',*,*,#8052,.F.);
#8054=CARTESIAN_POINT('',(0.182092,0.021259,-0.0));
#8055=DIRECTION('',(0.0008384427,0.9999996485,0.0));
#8056=VECTOR('',#8055,1.0);
#8057=LINE('',#8054,#8056);
#8058=EDGE_CURVE('no 1014',#7505,#8047,#8057,.T.);
#8059=ORIENTED_EDGE('no 4517',*,*,#8058,.F.);
#8060=ORIENTED_EDGE('no 4518',*,*,#7510,.F.);
#8061=EDGE_LOOP('',(#8053,#8059,#8060));
#8062=FACE_OUTER_BOUND('',#8061,.T.);
#8063=CARTESIAN_POINT('',(0.180317,0.023727,-0.0));
#8064=DIRECTION('',(0.0,0.0,-1.0));
#8065=DIRECTION('',(0.1052699662,0.9944436808,0.0));
#8066=AXIS2_PLACEMENT_3D('',#8063,#8064,#8065);
#8067=PLANE('',#8066);
#8068=ADVANCED_FACE('no 4526',(#8062),#8067,.T.);
#8069=CARTESIAN_POINT('',(0.182092,0.021259,-0.0));
#8070=DIRECTION('',(0.0,-0.9847835588,0.1737853339));
#8071=VECTOR('',#8070,1.0);
#8072=LINE('',#8069,#8071);
#8073=EDGE_CURVE('no 11058',#7505,#5585,#8072,.T.);
#8074=ORIENTED_EDGE('no 11059',*,*,#8073,.T.);
#8075=ORIENTED_EDGE('no 11060',*,*,#7532,.F.);
#8076=ORIENTED_EDGE('no 11061',*,*,#7516,.F.);
#8077=EDGE_LOOP('',(#8074,#8075,#8076));
#8078=FACE_OUTER_BOUND('',#8077,.T.);
#8079=CARTESIAN_POINT('',(0.182092,0.021259,-0.0));
#8080=DIRECTION('',(1.0,0.0,0.0));
#8081=DIRECTION('',(0.0,-0.9847836293,0.1737849346));
#8082=AXIS2_PLACEMENT_3D('',#8079,#8080,#8081);
#8083=PLANE('',#8082);
#8084=ADVANCED_FACE('no 11069',(#8078),#8083,.T.);
#8085=CARTESIAN_POINT('',(0.199092,0.021259,-0.0));
#8086=VERTEX_POINT('',#8085);
#8087=CARTESIAN_POINT('',(0.199108,0.0236487,-0.0));
#8088=DIRECTION('',(-0.006695251,-0.9999775866,0.0));
#8089=VECTOR('',#8088,1.0);
#8090=LINE('',#8087,#8089);
#8091=EDGE_CURVE('no 1049',#7544,#8086,#8090,.T.);
#8092=ORIENTED_EDGE('no 1079',*,*,#8091,.F.);
#8093=ORIENTED_EDGE('no 1080',*,*,#7549,.T.);
#8094=CARTESIAN_POINT('',(0.199092,0.004259,-0.0));
#8095=DIRECTION('',(0.0,1.0,0.0));
#8096=VECTOR('',#8095,1.0);
#8097=LINE('',#8094,#8096);
#8098=EDGE_CURVE('no 1078',#6886,#8086,#8097,.T.);
#8099=ORIENTED_EDGE('no 1081',*,*,#8098,.T.);
#8100=EDGE_LOOP('',(#8092,#8093,#8099));
#8101=FACE_OUTER_BOUND('',#8100,.T.);
#8102=CARTESIAN_POINT('',(0.199092,0.021259,-0.0));
#8103=DIRECTION('',(0.0,0.0,-1.0));
#8104=DIRECTION('',(0.0068028191,0.9999768606,0.0));
#8105=AXIS2_PLACEMENT_3D('',#8102,#8103,#8104);
#8106=PLANE('',#8105);
#8107=ADVANCED_FACE('no 1089',(#8101),#8106,.T.);
#8108=ORIENTED_EDGE('no 3775',*,*,#7555,.F.);
#8109=CARTESIAN_POINT('',(0.201242,0.023491,-0.0));
#8110=VERTEX_POINT('',#8109);
#8111=CARTESIAN_POINT('',(0.199108,0.0236487,-0.0));
#8112=DIRECTION('',(0.997280618,-0.0736978226,0.0));
#8113=VECTOR('',#8112,1.0);
#8114=LINE('',#8111,#8113);
#8115=EDGE_CURVE('no 3768',#7544,#8110,#8114,.T.);
#8116=ORIENTED_EDGE('no 3776',*,*,#8115,.T.);
#8117=CARTESIAN_POINT('',(0.201242,0.023491,-0.0));
#8118=DIRECTION('',(0.0086306579,-0.9999627552,0.0));
#8119=VECTOR('',#8118,1.0);
#8120=LINE('',#8117,#8119);
#8121=EDGE_CURVE('no 3774',#8110,#6241,#8120,.T.);
#8122=ORIENTED_EDGE('no 3777',*,*,#8121,.T.);
#8123=EDGE_LOOP('',(#8108,#8116,#8122));
#8124=FACE_OUTER_BOUND('',#8123,.T.);
#8125=CARTESIAN_POINT('',(0.201409,0.00411476,-0.0));
#8126=DIRECTION('',(0.0,0.0,-1.0));
#8127=DIRECTION('',(-0.1169880381,0.9931333238,0.0));
#8128=AXIS2_PLACEMENT_3D('',#8125,#8126,#8127);
#8129=PLANE('',#8128);
#8130=ADVANCED_FACE('no 3785',(#8124),#8129,.T.);
#8131=ORIENTED_EDGE('no 11203',*,*,#7848,.T.);
#8132=ORIENTED_EDGE('no 11204',*,*,#7572,.F.);
#8133=CARTESIAN_POINT('',(0.201409,0.00411476,-0.0));
#8134=DIRECTION('',(0.0,0.0,1.0));
#8135=VECTOR('',#8134,1.0);
#8136=LINE('',#8133,#8135);
#8137=EDGE_CURVE('no 11202',#6241,#5794,#8136,.T.);
#8138=ORIENTED_EDGE('no 11205',*,*,#8137,.T.);
#8139=EDGE_LOOP('',(#8131,#8132,#8138));
#8140=FACE_OUTER_BOUND('',#8139,.T.);
#8141=CARTESIAN_POINT('',(0.201409,0.00411476,0.003));
#8142=DIRECTION('',(0.0,1.0,0.0));
#8143=DIRECTION('',(0.9847836293,0.0,-0.1737849346));
#8144=AXIS2_PLACEMENT_3D('',#8141,#8142,#8143);
#8145=PLANE('',#8144);
#8146=ADVANCED_FACE('no 11213',(#8140),#8145,.T.);
#8147=ORIENTED_EDGE('no 3949',*,*,#7578,.F.);
#8148=CARTESIAN_POINT('',(0.229801,-0.00752388,-0.0));
#8149=VERTEX_POINT('',#8148);
#8150=CARTESIAN_POINT('',(0.218409,0.00411476,-0.0));
#8151=DIRECTION('',(0.6994941146,-0.7146383587,0.0));
#8152=VECTOR('',#8151,1.0);
#8153=LINE('',#8150,#8152);
#8154=EDGE_CURVE('no 3942',#7567,#8149,#8153,.T.);
#8155=ORIENTED_EDGE('no 3950',*,*,#8154,.T.);
#8156=CARTESIAN_POINT('',(0.229801,-0.00752388,-0.0));
#8157=DIRECTION('',(0.5657949236,-0.824545999,0.0));
#8158=VECTOR('',#8157,1.0);
#8159=LINE('',#8156,#8158);
#8160=EDGE_CURVE('no 3948',#8149,#6925,#8159,.T.);
#8161=ORIENTED_EDGE('no 3951',*,*,#8160,.T.);
#8162=EDGE_LOOP('',(#8147,#8155,#8161));
#8163=FACE_OUTER_BOUND('',#8162,.T.);
#8164=CARTESIAN_POINT('',(0.230126,-0.00799751,-0.0));
#8165=DIRECTION('',(0.0,0.0,-1.0));
#8166=DIRECTION('',(-0.6952759248,0.7187429223,0.0));
#8167=AXIS2_PLACEMENT_3D('',#8164,#8165,#8166);
#8168=PLANE('',#8167);
#8169=ADVANCED_FACE('no 3959',(#8163),#8168,.T.);
#8170=CARTESIAN_POINT('',(0.229801,-0.00752388,-0.0));
#8171=DIRECTION('',(0.1064005062,-0.1550599131,0.9821585186));
#8172=VECTOR('',#8171,1.0);
#8173=LINE('',#8170,#8172);
#8174=EDGE_CURVE('no 13312',#8149,#6574,#8173,.T.);
#8175=ORIENTED_EDGE('no 13313',*,*,#8174,.T.);
#8176=ORIENTED_EDGE('no 13314',*,*,#7594,.F.);
#8177=ORIENTED_EDGE('no 13315',*,*,#8160,.F.);
#8178=EDGE_LOOP('',(#8175,#8176,#8177));
#8179=FACE_OUTER_BOUND('',#8178,.T.);
#8180=CARTESIAN_POINT('',(0.229801,-0.00752388,-0.0));
#8181=DIRECTION('',(0.824679744,0.5655999645,-0.0000006035));
#8182=DIRECTION('',(0.1063459712,-0.155057958,0.9821647337));
#8183=AXIS2_PLACEMENT_3D('',#8180,#8181,#8182);
#8184=PLANE('',#8183);
#8185=ADVANCED_FACE('no 13323',(#8179),#8184,.T.);
#8186=CARTESIAN_POINT('',(0.231762,0.072073,-0.0));
#8187=VERTEX_POINT('',#8186);
#8188=CARTESIAN_POINT('',(0.231762,0.072073,-0.0));
#8189=DIRECTION('',(0.0015349097,-0.999998822,0.0));
#8190=VECTOR('',#8189,1.0);
#8191=LINE('',#8188,#8190);
#8192=EDGE_CURVE('no 1426',#8187,#7297,#8191,.T.);
#8193=ORIENTED_EDGE('no 1462',*,*,#8192,.F.);
#8194=CARTESIAN_POINT('',(0.231762,0.072073,-0.0));
#8195=DIRECTION('',(0.9914455527,0.1305209411,0.0));
#8196=VECTOR('',#8195,1.0);
#8197=LINE('',#8194,#8196);
#8198=EDGE_CURVE('no 1455',#8187,#6963,#8197,.T.);
#8199=ORIENTED_EDGE('no 1463',*,*,#8198,.T.);
#8200=ORIENTED_EDGE('no 1464',*,*,#7608,.T.);
#8201=EDGE_LOOP('',(#8193,#8199,#8200));
#8202=FACE_OUTER_BOUND('',#8201,.T.);
#8203=CARTESIAN_POINT('',(0.23188,-0.00433013,-0.0));
#8204=DIRECTION('',(0.0,0.0,-1.0));
#8205=DIRECTION('',(-0.0015349097,0.999998822,0.0));
#8206=AXIS2_PLACEMENT_3D('',#8203,#8204,#8205);
#8207=PLANE('',#8206);
#8208=ADVANCED_FACE('no 1472',(#8202),#8207,.T.);
#8209=ORIENTED_EDGE('no 10990',*,*,#7624,.F.);
#8210=CARTESIAN_POINT('',(0.199092,0.021259,0.003));
#8211=DIRECTION('',(0.0,0.0,-1.0));
#8212=VECTOR('',#8211,1.0);
#8213=LINE('',#8210,#8212);
#8214=EDGE_CURVE('no 10989',#7229,#8086,#8213,.T.);
#8215=ORIENTED_EDGE('no 10991',*,*,#8214,.T.);
#8216=ORIENTED_EDGE('no 10992',*,*,#8098,.F.);
#8217=EDGE_LOOP('',(#8209,#8215,#8216));
#8218=FACE_OUTER_BOUND('',#8217,.T.);
#8219=CARTESIAN_POINT('',(0.199092,0.004259,-0.0));
#8220=DIRECTION('',(-1.0,0.0,0.0));
#8221=DIRECTION('',(0.0,0.9847836293,0.1737849346));
#8222=AXIS2_PLACEMENT_3D('',#8219,#8220,#8221);
#8223=PLANE('',#8222);
#8224=ADVANCED_FACE('no 11000',(#8218),#8223,.T.);
#8225=CARTESIAN_POINT('',(0.182092,0.021259,0.003));
#8226=VERTEX_POINT('',#8225);
#8227=CARTESIAN_POINT('',(0.180317,0.040727,0.003));
#8228=DIRECTION('',(0.0908007076,-0.9958690835,0.0));
#8229=VECTOR('',#8228,1.0);
#8230=LINE('',#8227,#8229);
#8231=EDGE_CURVE('no 8811',#7166,#8226,#8230,.T.);
#8232=ORIENTED_EDGE('no 8841',*,*,#8231,.F.);
#8233=ORIENTED_EDGE('no 8842',*,*,#7641,.F.);
#8234=CARTESIAN_POINT('',(0.182092,0.004259,0.003));
#8235=DIRECTION('',(0.0,1.0,0.0));
#8236=VECTOR('',#8235,1.0);
#8237=LINE('',#8234,#8236);
#8238=EDGE_CURVE('no 8840',#5585,#8226,#8237,.T.);
#8239=ORIENTED_EDGE('no 8843',*,*,#8238,.T.);
#8240=EDGE_LOOP('',(#8232,#8233,#8239));
#8241=FACE_OUTER_BOUND('',#8240,.T.);
#8242=CARTESIAN_POINT('',(0.182092,0.021259,0.003));
#8243=DIRECTION('',(0.0,0.0,1.0));
#8244=DIRECTION('',(-0.0908007076,0.9958690835,0.0));
#8245=AXIS2_PLACEMENT_3D('',#8242,#8243,#8244);
#8246=PLANE('',#8245);
#8247=ADVANCED_FACE('no 8851',(#8241),#8246,.T.);
#8248=CARTESIAN_POINT('',(0.180317,0.040727,0.003));
#8249=DIRECTION('',(0.0,-0.9847835588,-0.1737853339));
#8250=VECTOR('',#8249,1.0);
#8251=LINE('',#8248,#8250);
#8252=EDGE_CURVE('no 10322',#7166,#6863,#8251,.T.);
#8253=ORIENTED_EDGE('no 10329',*,*,#8252,.T.);
#8254=CARTESIAN_POINT('',(0.180317,0.023727,-0.0));
#8255=DIRECTION('',(0.0,0.0,1.0));
#8256=VECTOR('',#8255,1.0);
#8257=LINE('',#8254,#8256);
#8258=EDGE_CURVE('no 10328',#6863,#7008,#8257,.T.);
#8259=ORIENTED_EDGE('no 10330',*,*,#8258,.T.);
#8260=ORIENTED_EDGE('no 10331',*,*,#7647,.F.);
#8261=EDGE_LOOP('',(#8253,#8259,#8260));
#8262=FACE_OUTER_BOUND('',#8261,.T.);
#8263=CARTESIAN_POINT('',(0.180317,0.040727,0.003));
#8264=DIRECTION('',(-1.0,-0.0,0.0));
#8265=DIRECTION('',(0.0,-0.9847836293,-0.1737849346));
#8266=AXIS2_PLACEMENT_3D('',#8263,#8264,#8265);
#8267=PLANE('',#8266);
#8268=ADVANCED_FACE('no 10339',(#8262),#8267,.T.);
#8269=ORIENTED_EDGE('no 10386',*,*,#8034,.F.);
#8270=ORIENTED_EDGE('no 10387',*,*,#7668,.F.);
#8271=ORIENTED_EDGE('no 10388',*,*,#8258,.F.);
#8272=EDGE_LOOP('',(#8269,#8270,#8271));
#8273=FACE_OUTER_BOUND('',#8272,.T.);
#8274=CARTESIAN_POINT('',(0.180317,0.023727,-0.0));
#8275=DIRECTION('',(0.0,1.0,-0.0));
#8276=DIRECTION('',(-0.9847836293,0.0,0.1737849346));
#8277=AXIS2_PLACEMENT_3D('',#8274,#8275,#8276);
#8278=PLANE('',#8277);
#8279=ADVANCED_FACE('no 10396',(#8273),#8278,.T.);
#8280=ORIENTED_EDGE('no 8789',*,*,#7743,.F.);
#8281=CARTESIAN_POINT('',(0.182108,0.0406487,0.003));
#8282=VERTEX_POINT('',#8281);
#8283=CARTESIAN_POINT('',(0.180317,0.040727,0.003));
#8284=DIRECTION('',(0.999046342,-0.0436624149,0.0));
#8285=VECTOR('',#8284,1.0);
#8286=LINE('',#8283,#8285);
#8287=EDGE_CURVE('no 8782',#7166,#8282,#8286,.T.);
#8288=ORIENTED_EDGE('no 8790',*,*,#8287,.T.);
#8289=CARTESIAN_POINT('',(0.182108,0.0406487,0.003));
#8290=DIRECTION('',(0.962917207,0.269797058,0.0));
#8291=VECTOR('',#8290,1.0);
#8292=LINE('',#8289,#8291);
#8293=EDGE_CURVE('no 8788',#8282,#7337,#8292,.T.);
#8294=ORIENTED_EDGE('no 8791',*,*,#8293,.T.);
#8295=EDGE_LOOP('',(#8280,#8288,#8294));
#8296=FACE_OUTER_BOUND('',#8295,.T.);
#8297=CARTESIAN_POINT('',(0.212366,0.0491264,0.003));
#8298=DIRECTION('',(0.0,0.0,1.0));
#8299=DIRECTION('',(-0.9673298905,-0.2535209713,0.0));
#8300=AXIS2_PLACEMENT_3D('',#8297,#8298,#8299);
#8301=PLANE('',#8300);
#8302=ADVANCED_FACE('no 8799',(#8296),#8301,.T.);
#8303=ORIENTED_EDGE('no 7015',*,*,#7782,.F.);
#8304=ORIENTED_EDGE('no 7016',*,*,#7955,.T.);
#8305=CARTESIAN_POINT('',(0.218242,0.040491,0.003));
#8306=DIRECTION('',(0.3148481235,0.9491420648,0.0));
#8307=VECTOR('',#8306,1.0);
#8308=LINE('',#8305,#8307);
#8309=EDGE_CURVE('no 7014',#7944,#7777,#8308,.T.);
#8310=ORIENTED_EDGE('no 7017',*,*,#8309,.T.);
#8311=EDGE_LOOP('',(#8303,#8304,#8310));
#8312=FACE_OUTER_BOUND('',#8311,.T.);
#8313=CARTESIAN_POINT('',(0.229637,0.0748424,0.003));
#8314=DIRECTION('',(0.0,0.0,1.0));
#8315=DIRECTION('',(-0.8927652599,-0.4505221312,0.0));
#8316=AXIS2_PLACEMENT_3D('',#8313,#8314,#8315);
#8317=PLANE('',#8316);
#8318=ADVANCED_FACE('no 7025',(#8312),#8317,.T.);
#8319=ORIENTED_EDGE('no 5577',*,*,#7805,.F.);
#8320=CARTESIAN_POINT('',(0.199108,0.0406487,0.003));
#8321=VERTEX_POINT('',#8320);
#8322=CARTESIAN_POINT('',(0.201409,0.00411476,0.003));
#8323=DIRECTION('',(-0.0628590262,0.998022416,0.0));
#8324=VECTOR('',#8323,1.0);
#8325=LINE('',#8322,#8324);
#8326=EDGE_CURVE('no 5570',#5794,#8321,#8325,.T.);
#8327=ORIENTED_EDGE('no 5578',*,*,#8326,.T.);
#8328=CARTESIAN_POINT('',(0.199108,0.0406487,0.003));
#8329=DIRECTION('',(0.0,-1.0,0.0));
#8330=VECTOR('',#8329,1.0);
#8331=LINE('',#8328,#8330);
#8332=EDGE_CURVE('no 5576',#8321,#7800,#8331,.T.);
#8333=ORIENTED_EDGE('no 5579',*,*,#8332,.T.);
#8334=EDGE_LOOP('',(#8319,#8327,#8333));
#8335=FACE_OUTER_BOUND('',#8334,.T.);
#8336=CARTESIAN_POINT('',(0.199108,0.0236487,0.003));
#8337=DIRECTION('',(-0.0,0.0,1.0));
#8338=DIRECTION('',(0.1169880381,-0.9931333238,0.0));
#8339=AXIS2_PLACEMENT_3D('',#8336,#8337,#8338);
#8340=PLANE('',#8339);
#8341=ADVANCED_FACE('no 5587',(#8335),#8340,.T.);
#8342=CARTESIAN_POINT('',(0.182108,0.0236487,0.003));
#8343=VERTEX_POINT('',#8342);
#8344=CARTESIAN_POINT('',(0.199092,0.021259,0.003));
#8345=DIRECTION('',(-0.9902459228,0.1393305865,0.0));
#8346=VECTOR('',#8345,1.0);
#8347=LINE('',#8344,#8346);
#8348=EDGE_CURVE('no 9303',#7229,#8343,#8347,.T.);
#8349=ORIENTED_EDGE('no 9333',*,*,#8348,.F.);
#8350=ORIENTED_EDGE('no 9334',*,*,#7811,.F.);
#8351=CARTESIAN_POINT('',(0.199108,0.0236487,0.003));
#8352=DIRECTION('',(-1.0,0.0,0.0));
#8353=VECTOR('',#8352,1.0);
#8354=LINE('',#8351,#8353);
#8355=EDGE_CURVE('no 9332',#7800,#8343,#8354,.T.);
#8356=ORIENTED_EDGE('no 9335',*,*,#8355,.T.);
#8357=EDGE_LOOP('',(#8349,#8350,#8356));
#8358=FACE_OUTER_BOUND('',#8357,.T.);
#8359=CARTESIAN_POINT('',(0.182108,0.0236487,0.003));
#8360=DIRECTION('',(-0.0,0.0,1.0));
#8361=DIRECTION('',(0.9902455913,-0.1393329425,0.0));
#8362=AXIS2_PLACEMENT_3D('',#8359,#8360,#8361);
#8363=PLANE('',#8362);
#8364=ADVANCED_FACE('no 9343',(#8358),#8363,.T.);
#8365=ORIENTED_EDGE('no 13336',*,*,#8174,.F.);
#8366=CARTESIAN_POINT('',(0.229801,-0.00752388,-0.0));
#8367=DIRECTION('',(0.0,0.0,1.0));
#8368=VECTOR('',#8367,1.0);
#8369=LINE('',#8366,#8368);
#8370=EDGE_CURVE('no 13335',#8149,#7823,#8369,.T.);
#8371=ORIENTED_EDGE('no 13337',*,*,#8370,.T.);
#8372=ORIENTED_EDGE('no 13338',*,*,#7828,.F.);
#8373=EDGE_LOOP('',(#8365,#8371,#8372));
#8374=FACE_OUTER_BOUND('',#8373,.T.);
#8375=CARTESIAN_POINT('',(0.230126,-0.00799751,0.003));
#8376=DIRECTION('',(0.824679744,0.5655999645,-0.0000006035));
#8377=DIRECTION('',(-0.1063459712,0.155057958,-0.9821647337));
#8378=AXIS2_PLACEMENT_3D('',#8375,#8376,#8377);
#8379=PLANE('',#8378);
#8380=ADVANCED_FACE('no 13346',(#8374),#8379,.T.);
#8381=ORIENTED_EDGE('no 5751',*,*,#7834,.F.);
#8382=CARTESIAN_POINT('',(0.218409,0.0211148,0.003));
#8383=VERTEX_POINT('',#8382);
#8384=CARTESIAN_POINT('',(0.229801,-0.00752388,0.003));
#8385=DIRECTION('',(-0.3696146906,0.9291851164,0.0));
#8386=VECTOR('',#8385,1.0);
#8387=LINE('',#8384,#8386);
#8388=EDGE_CURVE('no 5744',#7823,#8383,#8387,.T.);
#8389=ORIENTED_EDGE('no 5752',*,*,#8388,.T.);
#8390=CARTESIAN_POINT('',(0.218409,0.0211148,0.003));
#8391=DIRECTION('',(0.0,-1.0,0.0));
#8392=VECTOR('',#8391,1.0);
#8393=LINE('',#8390,#8392);
#8394=EDGE_CURVE('no 5750',#8383,#7252,#8393,.T.);
#8395=ORIENTED_EDGE('no 5753',*,*,#8394,.T.);
#8396=EDGE_LOOP('',(#8381,#8389,#8395));
#8397=FACE_OUTER_BOUND('',#8396,.T.);
#8398=CARTESIAN_POINT('',(0.218409,0.00411476,0.003));
#8399=DIRECTION('',(-0.0,0.0,1.0));
#8400=DIRECTION('',(0.6994932248,-0.7146392296,0.0));
#8401=AXIS2_PLACEMENT_3D('',#8398,#8399,#8400);
#8402=PLANE('',#8401);
#8403=ADVANCED_FACE('no 5761',(#8397),#8402,.T.);
#8404=CARTESIAN_POINT('',(0.218409,0.0211148,0.003));
#8405=DIRECTION('',(0.0,-0.9847836288,-0.1737849374));
#8406=VECTOR('',#8405,1.0);
#8407=LINE('',#8404,#8406);
#8408=EDGE_CURVE('no 11144',#8383,#7567,#8407,.T.);
#8409=ORIENTED_EDGE('no 11151',*,*,#8408,.T.);
#8410=ORIENTED_EDGE('no 11152',*,*,#7855,.T.);
#8411=ORIENTED_EDGE('no 11153',*,*,#8394,.F.);
#8412=EDGE_LOOP('',(#8409,#8410,#8411));
#8413=FACE_OUTER_BOUND('',#8412,.T.);
#8414=CARTESIAN_POINT('',(0.218409,0.0211148,0.003));
#8415=DIRECTION('',(-1.0,-0.0,0.0));
#8416=DIRECTION('',(0.0,-0.9847836293,-0.1737849346));
#8417=AXIS2_PLACEMENT_3D('',#8414,#8415,#8416);
#8418=PLANE('',#8417);
#8419=ADVANCED_FACE('no 11161',(#8413),#8418,.T.);
#8420=CARTESIAN_POINT('',(0.231307,-0.00437464,0.003));
#8421=VERTEX_POINT('',#8420);
#8422=CARTESIAN_POINT('',(0.231307,-0.00437464,0.003));
#8423=DIRECTION('',(0.0059516807,0.9999822886,0.0));
#8424=VECTOR('',#8423,1.0);
#8425=LINE('',#8422,#8424);
#8426=EDGE_CURVE('no 7634',#8421,#7866,#8425,.T.);
#8427=ORIENTED_EDGE('no 7670',*,*,#8426,.F.);
#8428=CARTESIAN_POINT('',(0.231307,-0.00437464,0.003));
#8429=DIRECTION('',(0.9969965807,0.0774455808,0.0));
#8430=VECTOR('',#8429,1.0);
#8431=LINE('',#8428,#8430);
#8432=EDGE_CURVE('no 7663',#8421,#7274,#8431,.T.);
#8433=ORIENTED_EDGE('no 7671',*,*,#8432,.T.);
#8434=ORIENTED_EDGE('no 7672',*,*,#7871,.T.);
#8435=EDGE_LOOP('',(#8427,#8433,#8434));
#8436=FACE_OUTER_BOUND('',#8435,.T.);
#8437=CARTESIAN_POINT('',(0.231762,0.072073,0.003));
#8438=DIRECTION('',(0.0,0.0,1.0));
#8439=DIRECTION('',(-0.0059558716,-0.9999822636,0.0));
#8440=AXIS2_PLACEMENT_3D('',#8437,#8438,#8439);
#8441=PLANE('',#8440);
#8442=ADVANCED_FACE('no 7680',(#8436),#8441,.T.);
#8443=CARTESIAN_POINT('',(0.231307,-0.00437464,-0.0));
#8444=VERTEX_POINT('',#8443);
#8445=CARTESIAN_POINT('',(0.23188,-0.00433013,0.003));
#8446=DIRECTION('',(-0.1875886604,-0.0145716776,-0.9821395831));
#8447=VECTOR('',#8446,1.0);
#8448=LINE('',#8445,#8447);
#8449=EDGE_CURVE('no 13680',#7274,#8444,#8448,.T.);
#8450=ORIENTED_EDGE('no 13681',*,*,#8449,.T.);
#8451=CARTESIAN_POINT('',(0.23188,-0.00433013,-0.0));
#8452=DIRECTION('',(-0.9969965807,-0.0774455808,0.0));
#8453=VECTOR('',#8452,1.0);
#8454=LINE('',#8451,#8453);
#8455=EDGE_CURVE('no 1432',#7297,#8444,#8454,.T.);
#8456=ORIENTED_EDGE('no 13682',*,*,#8455,.F.);
#8457=ORIENTED_EDGE('no 13683',*,*,#7894,.F.);
#8458=EDGE_LOOP('',(#8450,#8456,#8457));
#8459=FACE_OUTER_BOUND('',#8458,.T.);
#8460=CARTESIAN_POINT('',(0.23188,-0.00433013,0.003));
#8461=DIRECTION('',(0.0774927905,-0.9969929124,-0.0000000138));
#8462=DIRECTION('',(-0.1874600303,-0.0145706024,-0.9821641587));
#8463=AXIS2_PLACEMENT_3D('',#8460,#8461,#8462);
#8464=PLANE('',#8463);
#8465=ADVANCED_FACE('no 13691',(#8459),#8464,.T.);
#8466=ORIENTED_EDGE('no 2668',*,*,#7917,.F.);
#8467=CARTESIAN_POINT('',(0.218242,0.040491,-0.0));
#8468=VERTEX_POINT('',#8467);
#8469=CARTESIAN_POINT('',(0.229637,0.0748424,-0.0));
#8470=DIRECTION('',(-0.3148570359,-0.9491391083,0.0));
#8471=VECTOR('',#8470,1.0);
#8472=LINE('',#8469,#8471);
#8473=EDGE_CURVE('no 2661',#7906,#8468,#8472,.T.);
#8474=ORIENTED_EDGE('no 2669',*,*,#8473,.T.);
#8475=CARTESIAN_POINT('',(0.218242,0.040491,-0.0));
#8476=DIRECTION('',(-0.5625671509,0.8267515955,0.0));
#8477=VECTOR('',#8476,1.0);
#8478=LINE('',#8475,#8477);
#8479=EDGE_CURVE('no 2667',#8468,#6658,#8478,.T.);
#8480=ORIENTED_EDGE('no 2670',*,*,#8479,.T.);
#8481=EDGE_LOOP('',(#8466,#8474,#8480));
#8482=FACE_OUTER_BOUND('',#8481,.T.);
#8483=CARTESIAN_POINT('',(0.212366,0.0491264,-0.0));
#8484=DIRECTION('',(0.0,0.0,-1.0));
#8485=DIRECTION('',(0.5575520076,0.8301420113,0.0));
#8486=AXIS2_PLACEMENT_3D('',#8483,#8484,#8485);
#8487=PLANE('',#8486);
#8488=ADVANCED_FACE('no 2678',(#8482),#8487,.T.);
#8489=CARTESIAN_POINT('',(0.201242,0.040491,0.003));
#8490=VERTEX_POINT('',#8489);
#8491=CARTESIAN_POINT('',(0.201242,0.040491,0.003));
#8492=DIRECTION('',(0.7899107594,0.6132218132,0.0));
#8493=VECTOR('',#8492,1.0);
#8494=LINE('',#8491,#8493);
#8495=EDGE_CURVE('no 8927',#8490,#7337,#8494,.T.);
#8496=ORIENTED_EDGE('no 8980',*,*,#8495,.F.);
#8497=CARTESIAN_POINT('',(0.201242,0.040491,0.003));
#8498=DIRECTION('',(1.0,0.0,0.0));
#8499=VECTOR('',#8498,1.0);
#8500=LINE('',#8497,#8499);
#8501=EDGE_CURVE('no 8973',#8490,#7944,#8500,.T.);
#8502=ORIENTED_EDGE('no 8981',*,*,#8501,.T.);
#8503=ORIENTED_EDGE('no 8982',*,*,#7949,.T.);
#8504=EDGE_LOOP('',(#8496,#8502,#8503));
#8505=FACE_OUTER_BOUND('',#8504,.T.);
#8506=CARTESIAN_POINT('',(0.212366,0.0491264,0.003));
#8507=DIRECTION('',(0.0,0.0,1.0));
#8508=DIRECTION('',(-0.7899107594,-0.6132218132,0.0));
#8509=AXIS2_PLACEMENT_3D('',#8506,#8507,#8508);
#8510=PLANE('',#8509);
#8511=ADVANCED_FACE('no 8990',(#8505),#8510,.T.);
#8512=ORIENTED_EDGE('no 4470',*,*,#7977,.F.);
#8513=CARTESIAN_POINT('',(0.212366,0.0491264,-0.0));
#8514=DIRECTION('',(-0.9629188913,-0.2697910465,0.0));
#8515=VECTOR('',#8514,1.0);
#8516=LINE('',#8513,#8515);
#8517=EDGE_CURVE('no 4463',#6658,#8047,#8516,.T.);
#8518=ORIENTED_EDGE('no 4471',*,*,#8517,.T.);
#8519=CARTESIAN_POINT('',(0.182108,0.0406487,-0.0));
#8520=DIRECTION('',(-0.999046342,0.0436624149,0.0));
#8521=VECTOR('',#8520,1.0);
#8522=LINE('',#8519,#8521);
#8523=EDGE_CURVE('no 4469',#8047,#7360,#8522,.T.);
#8524=ORIENTED_EDGE('no 4472',*,*,#8523,.T.);
#8525=EDGE_LOOP('',(#8512,#8518,#8524));
#8526=FACE_OUTER_BOUND('',#8525,.T.);
#8527=CARTESIAN_POINT('',(0.180317,0.040727,-0.0));
#8528=DIRECTION('',(0.0,0.0,-1.0));
#8529=DIRECTION('',(0.9673298905,0.2535209713,0.0));
#8530=AXIS2_PLACEMENT_3D('',#8527,#8528,#8529);
#8531=PLANE('',#8530);
#8532=ADVANCED_FACE('no 4480',(#8526),#8531,.T.);
#8533=ORIENTED_EDGE('no 10346',*,*,#8252,.F.);
#8534=ORIENTED_EDGE('no 10347',*,*,#7993,.F.);
#8535=CARTESIAN_POINT('',(0.180317,0.023727,-0.0));
#8536=DIRECTION('',(0.0,1.0,0.0));
#8537=VECTOR('',#8536,1.0);
#8538=LINE('',#8535,#8537);
#8539=EDGE_CURVE('no 4498',#6863,#7360,#8538,.T.);
#8540=ORIENTED_EDGE('no 10348',*,*,#8539,.F.);
#8541=EDGE_LOOP('',(#8533,#8534,#8540));
#8542=FACE_OUTER_BOUND('',#8541,.T.);
#8543=CARTESIAN_POINT('',(0.180317,0.023727,-0.0));
#8544=DIRECTION('',(-1.0,0.0,0.0));
#8545=DIRECTION('',(0.0,0.9847836293,0.1737849346));
#8546=AXIS2_PLACEMENT_3D('',#8543,#8544,#8545);
#8547=PLANE('',#8546);
#8548=ADVANCED_FACE('no 10356',(#8542),#8547,.T.);
#8549=ORIENTED_EDGE('no 4499',*,*,#8523,.F.);
#8550=ORIENTED_EDGE('no 4500',*,*,#8052,.T.);
#8551=ORIENTED_EDGE('no 4501',*,*,#8539,.T.);
#8552=EDGE_LOOP('',(#8549,#8550,#8551));
#8553=FACE_OUTER_BOUND('',#8552,.T.);
#8554=CARTESIAN_POINT('',(0.180317,0.040727,-0.0));
#8555=DIRECTION('',(0.0,0.0,-1.0));
#8556=DIRECTION('',(0.999046342,-0.0436624149,0.0));
#8557=AXIS2_PLACEMENT_3D('',#8554,#8555,#8556);
#8558=PLANE('',#8557);
#8559=ADVANCED_FACE('no 4509',(#8553),#8558,.T.);
#8560=CARTESIAN_POINT('',(0.182108,0.0236487,-0.0));
#8561=VERTEX_POINT('',#8560);
#8562=CARTESIAN_POINT('',(0.182092,0.021259,-0.0));
#8563=DIRECTION('',(0.0068028191,0.9999768606,0.0));
#8564=VECTOR('',#8563,1.0);
#8565=LINE('',#8562,#8564);
#8566=EDGE_CURVE('no 979',#7505,#8561,#8565,.T.);
#8567=ORIENTED_EDGE('no 1021',*,*,#8566,.F.);
#8568=ORIENTED_EDGE('no 1022',*,*,#8058,.T.);
#8569=CARTESIAN_POINT('',(0.182108,0.0406487,-0.0));
#8570=DIRECTION('',(0.0,-1.0,0.0));
#8571=VECTOR('',#8570,1.0);
#8572=LINE('',#8569,#8571);
#8573=EDGE_CURVE('no 1020',#8047,#8561,#8572,.T.);
#8574=ORIENTED_EDGE('no 1023',*,*,#8573,.T.);
#8575=EDGE_LOOP('',(#8567,#8568,#8574));
#8576=FACE_OUTER_BOUND('',#8575,.T.);
#8577=CARTESIAN_POINT('',(0.182108,0.0236487,-0.0));
#8578=DIRECTION('',(-0.0,0.0,-1.0));
#8579=DIRECTION('',(-0.0068028191,-0.9999768606,0.0));
#8580=AXIS2_PLACEMENT_3D('',#8577,#8578,#8579);
#8581=PLANE('',#8580);
#8582=ADVANCED_FACE('no 1031',(#8576),#8581,.T.);
#8583=ORIENTED_EDGE('no 11082',*,*,#8073,.F.);
#8584=CARTESIAN_POINT('',(0.182092,0.021259,-0.0));
#8585=DIRECTION('',(0.0,0.0,1.0));
#8586=VECTOR('',#8585,1.0);
#8587=LINE('',#8584,#8586);
#8588=EDGE_CURVE('no 11081',#7505,#8226,#8587,.T.);
#8589=ORIENTED_EDGE('no 11083',*,*,#8588,.T.);
#8590=ORIENTED_EDGE('no 11084',*,*,#8238,.F.);
#8591=EDGE_LOOP('',(#8583,#8589,#8590));
#8592=FACE_OUTER_BOUND('',#8591,.T.);
#8593=CARTESIAN_POINT('',(0.182092,0.004259,0.003));
#8594=DIRECTION('',(1.0,-0.0,0.0));
#8595=DIRECTION('',(0.0,0.9847836293,-0.1737849346));
#8596=AXIS2_PLACEMENT_3D('',#8593,#8594,#8595);
#8597=PLANE('',#8596);
#8598=ADVANCED_FACE('no 11092',(#8592),#8597,.T.);
#8599=CARTESIAN_POINT('',(0.182108,0.0236487,-0.0));
#8600=DIRECTION('',(0.9902455913,-0.1393329425,0.0));
#8601=VECTOR('',#8600,1.0);
#8602=LINE('',#8599,#8601);
#8603=EDGE_CURVE('no 985',#8561,#8086,#8602,.T.);
#8604=ORIENTED_EDGE('no 1050',*,*,#8603,.F.);
#8605=CARTESIAN_POINT('',(0.182108,0.0236487,-0.0));
#8606=DIRECTION('',(1.0,0.0,0.0));
#8607=VECTOR('',#8606,1.0);
#8608=LINE('',#8605,#8607);
#8609=EDGE_CURVE('no 1043',#8561,#7544,#8608,.T.);
#8610=ORIENTED_EDGE('no 1051',*,*,#8609,.T.);
#8611=ORIENTED_EDGE('no 1052',*,*,#8091,.T.);
#8612=EDGE_LOOP('',(#8604,#8610,#8611));
#8613=FACE_OUTER_BOUND('',#8612,.T.);
#8614=CARTESIAN_POINT('',(0.199092,0.021259,-0.0));
#8615=DIRECTION('',(0.0,0.0,-1.0));
#8616=DIRECTION('',(-0.9902455913,0.1393329425,0.0));
#8617=AXIS2_PLACEMENT_3D('',#8614,#8615,#8616);
#8618=PLANE('',#8617);
#8619=ADVANCED_FACE('no 1060',(#8613),#8618,.T.);
#8620=ORIENTED_EDGE('no 3804',*,*,#8115,.F.);
#8621=CARTESIAN_POINT('',(0.201242,0.040491,-0.0));
#8622=VERTEX_POINT('',#8621);
#8623=CARTESIAN_POINT('',(0.199108,0.0236487,-0.0));
#8624=DIRECTION('',(0.1256998037,0.9920683239,0.0));
#8625=VECTOR('',#8624,1.0);
#8626=LINE('',#8623,#8625);
#8627=EDGE_CURVE('no 3797',#7544,#8622,#8626,.T.);
#8628=ORIENTED_EDGE('no 3805',*,*,#8627,.T.);
#8629=CARTESIAN_POINT('',(0.201242,0.040491,-0.0));
#8630=DIRECTION('',(0.0,-1.0,0.0));
#8631=VECTOR('',#8630,1.0);
#8632=LINE('',#8629,#8631);
#8633=EDGE_CURVE('no 3803',#8622,#8110,#8632,.T.);
#8634=ORIENTED_EDGE('no 3806',*,*,#8633,.T.);
#8635=EDGE_LOOP('',(#8620,#8628,#8634));
#8636=FACE_OUTER_BOUND('',#8635,.T.);
#8637=CARTESIAN_POINT('',(0.201242,0.023491,-0.0));
#8638=DIRECTION('',(0.0,0.0,-1.0));
#8639=DIRECTION('',(-0.9972788025,0.0737223854,0.0));
#8640=AXIS2_PLACEMENT_3D('',#8637,#8638,#8639);
#8641=PLANE('',#8640);
#8642=ADVANCED_FACE('no 3814',(#8636),#8641,.T.);
#8643=ORIENTED_EDGE('no 3833',*,*,#8121,.F.);
#8644=CARTESIAN_POINT('',(0.201409,0.0211148,-0.0));
#8645=VERTEX_POINT('',#8644);
#8646=CARTESIAN_POINT('',(0.201242,0.023491,-0.0));
#8647=DIRECTION('',(0.0702052695,-0.997532566,0.0));
#8648=VECTOR('',#8647,1.0);
#8649=LINE('',#8646,#8648);
#8650=EDGE_CURVE('no 3826',#8110,#8645,#8649,.T.);
#8651=ORIENTED_EDGE('no 3834',*,*,#8650,.T.);
#8652=CARTESIAN_POINT('',(0.201409,0.0211148,-0.0));
#8653=DIRECTION('',(0.0,-1.0,0.0));
#8654=VECTOR('',#8653,1.0);
#8655=LINE('',#8652,#8654);
#8656=EDGE_CURVE('no 3832',#8645,#6241,#8655,.T.);
#8657=ORIENTED_EDGE('no 3835',*,*,#8656,.T.);
#8658=EDGE_LOOP('',(#8643,#8651,#8657));
#8659=FACE_OUTER_BOUND('',#8658,.T.);
#8660=CARTESIAN_POINT('',(0.201409,0.00411476,-0.0));
#8661=DIRECTION('',(0.0,0.0,-1.0));
#8662=DIRECTION('',(-0.0086306579,0.9999627552,0.0));
#8663=AXIS2_PLACEMENT_3D('',#8660,#8661,#8662);
#8664=PLANE('',#8663);
#8665=ADVANCED_FACE('no 3843',(#8659),#8664,.T.);
#8666=CARTESIAN_POINT('',(0.201409,0.0211148,-0.0));
#8667=DIRECTION('',(0.0,-0.9847836288,0.1737849374));
#8668=VECTOR('',#8667,1.0);
#8669=LINE('',#8666,#8668);
#8670=EDGE_CURVE('no 11242',#8645,#5794,#8669,.T.);
#8671=ORIENTED_EDGE('no 11243',*,*,#8670,.T.);
#8672=ORIENTED_EDGE('no 11244',*,*,#8137,.F.);
#8673=ORIENTED_EDGE('no 11245',*,*,#8656,.F.);
#8674=EDGE_LOOP('',(#8671,#8672,#8673));
#8675=FACE_OUTER_BOUND('',#8674,.T.);
#8676=CARTESIAN_POINT('',(0.201409,0.0211148,-0.0));
#8677=DIRECTION('',(1.0,0.0,0.0));
#8678=DIRECTION('',(0.0,-0.9847836293,0.1737849346));
#8679=AXIS2_PLACEMENT_3D('',#8676,#8677,#8678);
#8680=PLANE('',#8679);
#8681=ADVANCED_FACE('no 11253',(#8675),#8680,.T.);
#8682=ORIENTED_EDGE('no 3978',*,*,#8154,.F.);
#8683=CARTESIAN_POINT('',(0.22961,-0.00698232,-0.0));
#8684=VERTEX_POINT('',#8683);
#8685=CARTESIAN_POINT('',(0.218409,0.00411476,-0.0));
#8686=DIRECTION('',(0.710394531,-0.7038036731,0.0));
#8687=VECTOR('',#8686,1.0);
#8688=LINE('',#8685,#8687);
#8689=EDGE_CURVE('no 3971',#7567,#8684,#8688,.T.);
#8690=ORIENTED_EDGE('no 3979',*,*,#8689,.T.);
#8691=CARTESIAN_POINT('',(0.22961,-0.00698232,-0.0));
#8692=DIRECTION('',(0.3326051414,-0.94306618,0.0));
#8693=VECTOR('',#8692,1.0);
#8694=LINE('',#8691,#8693);
#8695=EDGE_CURVE('no 3977',#8684,#8149,#8694,.T.);
#8696=ORIENTED_EDGE('no 3980',*,*,#8695,.T.);
#8697=EDGE_LOOP('',(#8682,#8690,#8696));
#8698=FACE_OUTER_BOUND('',#8697,.T.);
#8699=CARTESIAN_POINT('',(0.229801,-0.00752388,-0.0));
#8700=DIRECTION('',(0.0,0.0,-1.0));
#8701=DIRECTION('',(-0.6994932248,0.7146392296,0.0));
#8702=AXIS2_PLACEMENT_3D('',#8699,#8700,#8701);
#8703=PLANE('',#8702);
#8704=ADVANCED_FACE('no 3988',(#8698),#8703,.T.);
#8705=CARTESIAN_POINT('',(0.231762,0.072073,-0.0));
#8706=DIRECTION('',(-0.0059558716,-0.9999822636,0.0));
#8707=VECTOR('',#8706,1.0);
#8708=LINE('',#8705,#8707);
#8709=EDGE_CURVE('no 1403',#8187,#8444,#8708,.T.);
#8710=ORIENTED_EDGE('no 1433',*,*,#8709,.F.);
#8711=ORIENTED_EDGE('no 1434',*,*,#8192,.T.);
#8712=ORIENTED_EDGE('no 1435',*,*,#8455,.T.);
#8713=EDGE_LOOP('',(#8710,#8711,#8712));
#8714=FACE_OUTER_BOUND('',#8713,.T.);
#8715=CARTESIAN_POINT('',(0.231307,-0.00437464,-0.0));
#8716=DIRECTION('',(0.0,0.0,-1.0));
#8717=DIRECTION('',(0.0059558716,0.9999822636,0.0));
#8718=AXIS2_PLACEMENT_3D('',#8715,#8716,#8717);
#8719=PLANE('',#8718);
#8720=ADVANCED_FACE('no 1443',(#8714),#8719,.T.);
#8721=CARTESIAN_POINT('',(0.199092,0.021259,0.003));
#8722=DIRECTION('',(-0.9847835588,0.0,-0.1737853339));
#8723=VECTOR('',#8722,1.0);
#8724=LINE('',#8721,#8723);
#8725=EDGE_CURVE('no 11104',#7229,#7505,#8724,.T.);
#8726=ORIENTED_EDGE('no 11105',*,*,#8725,.T.);
#8727=CARTESIAN_POINT('',(0.199092,0.021259,-0.0));
#8728=DIRECTION('',(-1.0,0.0,0.0));
#8729=VECTOR('',#8728,1.0);
#8730=LINE('',#8727,#8729);
#8731=EDGE_CURVE('no 991',#8086,#7505,#8730,.T.);
#8732=ORIENTED_EDGE('no 11106',*,*,#8731,.F.);
#8733=ORIENTED_EDGE('no 11107',*,*,#8214,.F.);
#8734=EDGE_LOOP('',(#8726,#8732,#8733));
#8735=FACE_OUTER_BOUND('',#8734,.T.);
#8736=CARTESIAN_POINT('',(0.199092,0.021259,0.003));
#8737=DIRECTION('',(0.0,-1.0,-0.0));
#8738=DIRECTION('',(-0.9847836293,0.0,-0.1737849346));
#8739=AXIS2_PLACEMENT_3D('',#8736,#8737,#8738);
#8740=PLANE('',#8739);
#8741=ADVANCED_FACE('no 11115',(#8735),#8740,.T.);
#8742=ORIENTED_EDGE('no 8818',*,*,#8287,.F.);
#8743=ORIENTED_EDGE('no 8819',*,*,#8231,.T.);
#8744=CARTESIAN_POINT('',(0.182092,0.021259,0.003));
#8745=DIRECTION('',(0.0008384427,0.9999996485,0.0));
#8746=VECTOR('',#8745,1.0);
#8747=LINE('',#8744,#8746);
#8748=EDGE_CURVE('no 8817',#8226,#8282,#8747,.T.);
#8749=ORIENTED_EDGE('no 8820',*,*,#8748,.T.);
#8750=EDGE_LOOP('',(#8742,#8743,#8749));
#8751=FACE_OUTER_BOUND('',#8750,.T.);
#8752=CARTESIAN_POINT('',(0.182108,0.0406487,0.003));
#8753=DIRECTION('',(0.0,0.0,1.0));
#8754=DIRECTION('',(-0.999046342,0.0436624149,0.0));
#8755=AXIS2_PLACEMENT_3D('',#8752,#8753,#8754);
#8756=PLANE('',#8755);
#8757=ADVANCED_FACE('no 8828',(#8751),#8756,.T.);
#8758=ORIENTED_EDGE('no 8899',*,*,#8293,.F.);
#8759=CARTESIAN_POINT('',(0.182108,0.0406487,0.003));
#8760=DIRECTION('',(1.0,0.0,0.0));
#8761=VECTOR('',#8760,1.0);
#8762=LINE('',#8759,#8761);
#8763=EDGE_CURVE('no 8892',#8282,#8321,#8762,.T.);
#8764=ORIENTED_EDGE('no 8900',*,*,#8763,.T.);
#8765=CARTESIAN_POINT('',(0.199108,0.0406487,0.003));
#8766=DIRECTION('',(0.8424854124,0.5387191568,0.0));
#8767=VECTOR('',#8766,1.0);
#8768=LINE('',#8765,#8767);
#8769=EDGE_CURVE('no 8898',#8321,#7337,#8768,.T.);
#8770=ORIENTED_EDGE('no 8901',*,*,#8769,.T.);
#8771=EDGE_LOOP('',(#8758,#8764,#8770));
#8772=FACE_OUTER_BOUND('',#8771,.T.);
#8773=CARTESIAN_POINT('',(0.212366,0.0491264,0.003));
#8774=DIRECTION('',(0.0,0.0,1.0));
#8775=DIRECTION('',(-0.962917207,-0.269797058,0.0));
#8776=AXIS2_PLACEMENT_3D('',#8773,#8774,#8775);
#8777=PLANE('',#8776);
#8778=ADVANCED_FACE('no 8909',(#8772),#8777,.T.);
#8779=ORIENTED_EDGE('no 7044',*,*,#8309,.F.);
#8780=CARTESIAN_POINT('',(0.218242,0.040491,0.003));
#8781=DIRECTION('',(0.0086185009,-0.99996286,0.0));
#8782=VECTOR('',#8781,1.0);
#8783=LINE('',#8780,#8782);
#8784=EDGE_CURVE('no 7037',#7944,#8383,#8783,.T.);
#8785=ORIENTED_EDGE('no 7045',*,*,#8784,.T.);
#8786=CARTESIAN_POINT('',(0.218409,0.0211148,0.003));
#8787=DIRECTION('',(0.2045609837,0.9788538215,0.0));
#8788=VECTOR('',#8787,1.0);
#8789=LINE('',#8786,#8788);
#8790=EDGE_CURVE('no 7043',#8383,#7777,#8789,.T.);
#8791=ORIENTED_EDGE('no 7046',*,*,#8790,.T.);
#8792=EDGE_LOOP('',(#8779,#8785,#8791));
#8793=FACE_OUTER_BOUND('',#8792,.T.);
#8794=CARTESIAN_POINT('',(0.229637,0.0748424,0.003));
#8795=DIRECTION('',(0.0,0.0,1.0));
#8796=DIRECTION('',(-0.3148570359,-0.9491391083,0.0));
#8797=AXIS2_PLACEMENT_3D('',#8794,#8795,#8796);
#8798=PLANE('',#8797);
#8799=ADVANCED_FACE('no 7054',(#8793),#8798,.T.);
#8800=ORIENTED_EDGE('no 5606',*,*,#8326,.F.);
#8801=CARTESIAN_POINT('',(0.201242,0.023491,0.003));
#8802=VERTEX_POINT('',#8801);
#8803=CARTESIAN_POINT('',(0.201409,0.00411476,0.003));
#8804=DIRECTION('',(-0.0086306579,0.9999627552,0.0));
#8805=VECTOR('',#8804,1.0);
#8806=LINE('',#8803,#8805);
#8807=EDGE_CURVE('no 5599',#5794,#8802,#8806,.T.);
#8808=ORIENTED_EDGE('no 5607',*,*,#8807,.T.);
#8809=CARTESIAN_POINT('',(0.201242,0.023491,0.003));
#8810=DIRECTION('',(-0.1234246618,0.9923539454,0.0));
#8811=VECTOR('',#8810,1.0);
#8812=LINE('',#8809,#8811);
#8813=EDGE_CURVE('no 5605',#8802,#8321,#8812,.T.);
#8814=ORIENTED_EDGE('no 5608',*,*,#8813,.T.);
#8815=EDGE_LOOP('',(#8800,#8808,#8814));
#8816=FACE_OUTER_BOUND('',#8815,.T.);
#8817=CARTESIAN_POINT('',(0.199108,0.0406487,0.003));
#8818=DIRECTION('',(0.0,0.0,1.0));
#8819=DIRECTION('',(0.0628590262,-0.998022416,0.0));
#8820=AXIS2_PLACEMENT_3D('',#8817,#8818,#8819);
#8821=PLANE('',#8820);
#8822=ADVANCED_FACE('no 5616',(#8816),#8821,.T.);
#8823=CARTESIAN_POINT('',(0.199108,0.0406487,0.003));
#8824=DIRECTION('',(0.0,-0.9847835588,-0.1737853339));
#8825=VECTOR('',#8824,1.0);
#8826=LINE('',#8823,#8825);
#8827=EDGE_CURVE('no 10408',#8321,#7544,#8826,.T.);
#8828=ORIENTED_EDGE('no 10415',*,*,#8827,.T.);
#8829=CARTESIAN_POINT('',(0.199108,0.0236487,-0.0));
#8830=DIRECTION('',(0.0,0.0,1.0));
#8831=VECTOR('',#8830,1.0);
#8832=LINE('',#8829,#8831);
#8833=EDGE_CURVE('no 10414',#7544,#7800,#8832,.T.);
#8834=ORIENTED_EDGE('no 10416',*,*,#8833,.T.);
#8835=ORIENTED_EDGE('no 10417',*,*,#8332,.F.);
#8836=EDGE_LOOP('',(#8828,#8834,#8835));
#8837=FACE_OUTER_BOUND('',#8836,.T.);
#8838=CARTESIAN_POINT('',(0.199108,0.0406487,0.003));
#8839=DIRECTION('',(-1.0,-0.0,0.0));
#8840=DIRECTION('',(0.0,-0.9847836293,-0.1737849346));
#8841=AXIS2_PLACEMENT_3D('',#8838,#8839,#8840);
#8842=PLANE('',#8841);
#8843=ADVANCED_FACE('no 10425',(#8837),#8842,.T.);
#8844=ORIENTED_EDGE('no 9310',*,*,#8348,.T.);
#8845=CARTESIAN_POINT('',(0.182092,0.021259,0.003));
#8846=DIRECTION('',(0.0068028191,0.9999768606,0.0));
#8847=VECTOR('',#8846,1.0);
#8848=LINE('',#8845,#8847);
#8849=EDGE_CURVE('no 8863',#8226,#8343,#8848,.T.);
#8850=ORIENTED_EDGE('no 9311',*,*,#8849,.F.);
#8851=CARTESIAN_POINT('',(0.182092,0.021259,0.003));
#8852=DIRECTION('',(1.0,0.0,0.0));
#8853=VECTOR('',#8852,1.0);
#8854=LINE('',#8851,#8853);
#8855=EDGE_CURVE('no 9309',#8226,#7229,#8854,.T.);
#8856=ORIENTED_EDGE('no 9312',*,*,#8855,.T.);
#8857=EDGE_LOOP('',(#8844,#8850,#8856));
#8858=FACE_OUTER_BOUND('',#8857,.T.);
#8859=CARTESIAN_POINT('',(0.199092,0.021259,0.003));
#8860=DIRECTION('',(0.0,0.0,1.0));
#8861=DIRECTION('',(-0.9902455913,0.1393329425,0.0));
#8862=AXIS2_PLACEMENT_3D('',#8859,#8860,#8861);
#8863=PLANE('',#8862);
#8864=ADVANCED_FACE('no 9320',(#8858),#8863,.T.);
#8865=CARTESIAN_POINT('',(0.182108,0.0236487,0.003));
#8866=DIRECTION('',(0.9847835588,0.0,-0.1737853339));
#8867=VECTOR('',#8866,1.0);
#8868=LINE('',#8865,#8867);
#8869=EDGE_CURVE('no 10460',#8343,#7544,#8868,.T.);
#8870=ORIENTED_EDGE('no 10484',*,*,#8869,.F.);
#8871=ORIENTED_EDGE('no 10485',*,*,#8355,.F.);
#8872=ORIENTED_EDGE('no 10486',*,*,#8833,.F.);
#8873=EDGE_LOOP('',(#8870,#8871,#8872));
#8874=FACE_OUTER_BOUND('',#8873,.T.);
#8875=CARTESIAN_POINT('',(0.199108,0.0236487,-0.0));
#8876=DIRECTION('',(0.0,1.0,-0.0));
#8877=DIRECTION('',(-0.9847836293,0.0,0.1737849346));
#8878=AXIS2_PLACEMENT_3D('',#8875,#8876,#8877);
#8879=PLANE('',#8878);
#8880=ADVANCED_FACE('no 10494',(#8874),#8879,.T.);
#8881=CARTESIAN_POINT('',(0.22961,-0.00698232,-0.0));
#8882=DIRECTION('',(0.0625313694,-0.1773009865,0.9821681058));
#8883=VECTOR('',#8882,1.0);
#8884=LINE('',#8881,#8883);
#8885=EDGE_CURVE('no 13358',#8684,#7823,#8884,.T.);
#8886=ORIENTED_EDGE('no 13359',*,*,#8885,.T.);
#8887=ORIENTED_EDGE('no 13360',*,*,#8370,.F.);
#8888=ORIENTED_EDGE('no 13361',*,*,#8695,.F.);
#8889=EDGE_LOOP('',(#8886,#8887,#8888));
#8890=FACE_OUTER_BOUND('',#8889,.T.);
#8891=CARTESIAN_POINT('',(0.22961,-0.00698232,-0.0));
#8892=DIRECTION('',(0.9429667496,0.3328869314,-0.0000000977));
#8893=DIRECTION('',(0.0625906696,-0.1772999137,0.9821645222));
#8894=AXIS2_PLACEMENT_3D('',#8891,#8892,#8893);
#8895=PLANE('',#8894);
#8896=ADVANCED_FACE('no 13369',(#8890),#8895,.T.);
#8897=ORIENTED_EDGE('no 5780',*,*,#8388,.F.);
#8898=CARTESIAN_POINT('',(0.22961,-0.00698232,0.003));
#8899=VERTEX_POINT('',#8898);
#8900=CARTESIAN_POINT('',(0.229801,-0.00752388,0.003));
#8901=DIRECTION('',(-0.3326051414,0.94306618,0.0));
#8902=VECTOR('',#8901,1.0);
#8903=LINE('',#8900,#8902);
#8904=EDGE_CURVE('no 5773',#7823,#8899,#8903,.T.);
#8905=ORIENTED_EDGE('no 5781',*,*,#8904,.T.);
#8906=CARTESIAN_POINT('',(0.22961,-0.00698232,0.003));
#8907=DIRECTION('',(-0.3703117383,0.9289075393,0.0));
#8908=VECTOR('',#8907,1.0);
#8909=LINE('',#8906,#8908);
#8910=EDGE_CURVE('no 5779',#8899,#8383,#8909,.T.);
#8911=ORIENTED_EDGE('no 5782',*,*,#8910,.T.);
#8912=EDGE_LOOP('',(#8897,#8905,#8911));
#8913=FACE_OUTER_BOUND('',#8912,.T.);
#8914=CARTESIAN_POINT('',(0.218409,0.0211148,0.003));
#8915=DIRECTION('',(0.0,0.0,1.0));
#8916=DIRECTION('',(0.3696149977,-0.9291849942,0.0));
#8917=AXIS2_PLACEMENT_3D('',#8914,#8915,#8916);
#8918=PLANE('',#8917);
#8919=ADVANCED_FACE('no 5790',(#8913),#8918,.T.);
#8920=ORIENTED_EDGE('no 11174',*,*,#8408,.F.);
#8921=CARTESIAN_POINT('',(0.218409,0.0211148,-0.0));
#8922=VERTEX_POINT('',#8921);
#8923=CARTESIAN_POINT('',(0.218409,0.0211148,0.003));
#8924=DIRECTION('',(0.0,0.0,-1.0));
#8925=VECTOR('',#8924,1.0);
#8926=LINE('',#8923,#8925);
#8927=EDGE_CURVE('no 11173',#8383,#8922,#8926,.T.);
#8928=ORIENTED_EDGE('no 11175',*,*,#8927,.T.);
#8929=CARTESIAN_POINT('',(0.218409,0.00411476,-0.0));
#8930=DIRECTION('',(0.0,1.0,0.0));
#8931=VECTOR('',#8930,1.0);
#8932=LINE('',#8929,#8931);
#8933=EDGE_CURVE('no 2754',#7567,#8922,#8932,.T.);
#8934=ORIENTED_EDGE('no 11176',*,*,#8933,.F.);
#8935=EDGE_LOOP('',(#8920,#8928,#8934));
#8936=FACE_OUTER_BOUND('',#8935,.T.);
#8937=CARTESIAN_POINT('',(0.218409,0.00411476,-0.0));
#8938=DIRECTION('',(-1.0,0.0,0.0));
#8939=DIRECTION('',(0.0,0.9847836293,0.1737849346));
#8940=AXIS2_PLACEMENT_3D('',#8937,#8938,#8939);
#8941=PLANE('',#8940);
#8942=ADVANCED_FACE('no 11184',(#8936),#8941,.T.);
#8943=CARTESIAN_POINT('',(0.231193,0.072148,0.003));
#8944=VERTEX_POINT('',#8943);
#8945=CARTESIAN_POINT('',(0.231307,-0.00437464,0.003));
#8946=DIRECTION('',(-0.0014897535,0.9999988903,0.0));
#8947=VECTOR('',#8946,1.0);
#8948=LINE('',#8945,#8947);
#8949=EDGE_CURVE('no 7611',#8421,#8944,#8948,.T.);
#8950=ORIENTED_EDGE('no 7641',*,*,#8949,.F.);
#8951=ORIENTED_EDGE('no 7642',*,*,#8426,.T.);
#8952=CARTESIAN_POINT('',(0.231762,0.072073,0.003));
#8953=DIRECTION('',(-0.9914455527,0.1305209411,0.0));
#8954=VECTOR('',#8953,1.0);
#8955=LINE('',#8952,#8954);
#8956=EDGE_CURVE('no 7640',#7866,#8944,#8955,.T.);
#8957=ORIENTED_EDGE('no 7643',*,*,#8956,.T.);
#8958=EDGE_LOOP('',(#8950,#8951,#8957));
#8959=FACE_OUTER_BOUND('',#8958,.T.);
#8960=CARTESIAN_POINT('',(0.231193,0.072148,0.003));
#8961=DIRECTION('',(0.0,0.0,1.0));
#8962=DIRECTION('',(0.0014908398,-0.9999988887,0.0));
#8963=AXIS2_PLACEMENT_3D('',#8960,#8961,#8962);
#8964=PLANE('',#8963);
#8965=ADVANCED_FACE('no 7651',(#8959),#8964,.T.);
#8966=ORIENTED_EDGE('no 13698',*,*,#8449,.F.);
#8967=ORIENTED_EDGE('no 13699',*,*,#8432,.F.);
#8968=CARTESIAN_POINT('',(0.231307,-0.00437464,-0.0));
#8969=DIRECTION('',(0.0,0.0,1.0));
#8970=VECTOR('',#8969,1.0);
#8971=LINE('',#8968,#8970);
#8972=EDGE_CURVE('no 13640',#8444,#8421,#8971,.T.);
#8973=ORIENTED_EDGE('no 13700',*,*,#8972,.F.);
#8974=EDGE_LOOP('',(#8966,#8967,#8973));
#8975=FACE_OUTER_BOUND('',#8974,.T.);
#8976=CARTESIAN_POINT('',(0.231307,-0.00437464,-0.0));
#8977=DIRECTION('',(0.0774927905,-0.9969929124,-0.0000000138));
#8978=DIRECTION('',(0.1874600303,0.0145706024,0.9821641587));
#8979=AXIS2_PLACEMENT_3D('',#8976,#8977,#8978);
#8980=PLANE('',#8979);
#8981=ADVANCED_FACE('no 13708',(#8975),#8980,.T.);
#8982=ORIENTED_EDGE('no 2697',*,*,#8473,.F.);
#8983=CARTESIAN_POINT('',(0.218242,0.023491,-0.0));
#8984=VERTEX_POINT('',#8983);
#8985=CARTESIAN_POINT('',(0.229637,0.0748424,-0.0));
#8986=DIRECTION('',(-0.2166399072,-0.9762515816,0.0));
#8987=VECTOR('',#8986,1.0);
#8988=LINE('',#8985,#8987);
#8989=EDGE_CURVE('no 2690',#7906,#8984,#8988,.T.);
#8990=ORIENTED_EDGE('no 2698',*,*,#8989,.T.);
#8991=CARTESIAN_POINT('',(0.218242,0.023491,-0.0));
#8992=DIRECTION('',(0.0,1.0,0.0));
#8993=VECTOR('',#8992,1.0);
#8994=LINE('',#8991,#8993);
#8995=EDGE_CURVE('no 2696',#8984,#8468,#8994,.T.);
#8996=ORIENTED_EDGE('no 2699',*,*,#8995,.T.);
#8997=EDGE_LOOP('',(#8982,#8990,#8996));
#8998=FACE_OUTER_BOUND('',#8997,.T.);
#8999=CARTESIAN_POINT('',(0.218242,0.040491,-0.0));
#9000=DIRECTION('',(0.0,0.0,-1.0));
#9001=DIRECTION('',(0.3148570359,0.9491391083,0.0));
#9002=AXIS2_PLACEMENT_3D('',#8999,#9000,#9001);
#9003=PLANE('',#9002);
#9004=ADVANCED_FACE('no 2707',(#8998),#9003,.T.);
#9005=CARTESIAN_POINT('',(0.212366,0.0491264,-0.0));
#9006=DIRECTION('',(-0.7899231295,-0.6132058785,0.0));
#9007=VECTOR('',#9006,1.0);
#9008=LINE('',#9005,#9007);
#9009=EDGE_CURVE('no 4567',#6658,#8622,#9008,.T.);
#9010=ORIENTED_EDGE('no 4620',*,*,#9009,.F.);
#9011=ORIENTED_EDGE('no 4621',*,*,#8479,.F.);
#9012=CARTESIAN_POINT('',(0.218242,0.040491,-0.0));
#9013=DIRECTION('',(-1.0,0.0,0.0));
#9014=VECTOR('',#9013,1.0);
#9015=LINE('',#9012,#9014);
#9016=EDGE_CURVE('no 4619',#8468,#8622,#9015,.T.);
#9017=ORIENTED_EDGE('no 4622',*,*,#9016,.T.);
#9018=EDGE_LOOP('',(#9010,#9011,#9017));
#9019=FACE_OUTER_BOUND('',#9018,.T.);
#9020=CARTESIAN_POINT('',(0.201242,0.040491,-0.0));
#9021=DIRECTION('',(0.0,0.0,-1.0));
#9022=DIRECTION('',(0.7899107594,0.6132218132,0.0));
#9023=AXIS2_PLACEMENT_3D('',#9020,#9021,#9022);
#9024=PLANE('',#9023);
#9025=ADVANCED_FACE('no 4630',(#9019),#9024,.T.);
#9026=ORIENTED_EDGE('no 8928',*,*,#8769,.F.);
#9027=CARTESIAN_POINT('',(0.199108,0.0406487,0.003));
#9028=DIRECTION('',(0.997280618,-0.0736978226,0.0));
#9029=VECTOR('',#9028,1.0);
#9030=LINE('',#9027,#9029);
#9031=EDGE_CURVE('no 8921',#8321,#8490,#9030,.T.);
#9032=ORIENTED_EDGE('no 8929',*,*,#9031,.T.);
#9033=ORIENTED_EDGE('no 8930',*,*,#8495,.T.);
#9034=EDGE_LOOP('',(#9026,#9032,#9033));
#9035=FACE_OUTER_BOUND('',#9034,.T.);
#9036=CARTESIAN_POINT('',(0.212366,0.0491264,0.003));
#9037=DIRECTION('',(0.0,0.0,1.0));
#9038=DIRECTION('',(-0.8424740018,-0.5387370011,0.0));
#9039=AXIS2_PLACEMENT_3D('',#9036,#9037,#9038);
#9040=PLANE('',#9039);
#9041=ADVANCED_FACE('no 8938',(#9035),#9040,.T.);
#9042=CARTESIAN_POINT('',(0.218242,0.040491,0.003));
#9043=DIRECTION('',(-0.9847835588,0.0,-0.1737853339));
#9044=VECTOR('',#9043,1.0);
#9045=LINE('',#9042,#9044);
#9046=EDGE_CURVE('no 10736',#7944,#8622,#9045,.T.);
#9047=ORIENTED_EDGE('no 10754',*,*,#9046,.F.);
#9048=ORIENTED_EDGE('no 10755',*,*,#8501,.F.);
#9049=CARTESIAN_POINT('',(0.201242,0.040491,-0.0));
#9050=DIRECTION('',(0.0,0.0,1.0));
#9051=VECTOR('',#9050,1.0);
#9052=LINE('',#9049,#9051);
#9053=EDGE_CURVE('no 10713',#8622,#8490,#9052,.T.);
#9054=ORIENTED_EDGE('no 10756',*,*,#9053,.F.);
#9055=EDGE_LOOP('',(#9047,#9048,#9054));
#9056=FACE_OUTER_BOUND('',#9055,.T.);
#9057=CARTESIAN_POINT('',(0.201242,0.040491,-0.0));
#9058=DIRECTION('',(0.0,-1.0,0.0));
#9059=DIRECTION('',(0.9847836293,0.0,0.1737849346));
#9060=AXIS2_PLACEMENT_3D('',#9057,#9058,#9059);
#9061=PLANE('',#9060);
#9062=ADVANCED_FACE('no 10764',(#9056),#9061,.T.);
#9063=ORIENTED_EDGE('no 4545',*,*,#8517,.F.);
#9064=CARTESIAN_POINT('',(0.199108,0.0406487,-0.0));
#9065=VERTEX_POINT('',#9064);
#9066=CARTESIAN_POINT('',(0.212366,0.0491264,-0.0));
#9067=DIRECTION('',(-0.8424854124,-0.5387191568,0.0));
#9068=VECTOR('',#9067,1.0);
#9069=LINE('',#9066,#9068);
#9070=EDGE_CURVE('no 4538',#6658,#9065,#9069,.T.);
#9071=ORIENTED_EDGE('no 4546',*,*,#9070,.T.);
#9072=CARTESIAN_POINT('',(0.199108,0.0406487,-0.0));
#9073=DIRECTION('',(-1.0,0.0,0.0));
#9074=VECTOR('',#9073,1.0);
#9075=LINE('',#9072,#9074);
#9076=EDGE_CURVE('no 4544',#9065,#8047,#9075,.T.);
#9077=ORIENTED_EDGE('no 4547',*,*,#9076,.T.);
#9078=EDGE_LOOP('',(#9063,#9071,#9077));
#9079=FACE_OUTER_BOUND('',#9078,.T.);
#9080=CARTESIAN_POINT('',(0.182108,0.0406487,-0.0));
#9081=DIRECTION('',(0.0,0.0,-1.0));
#9082=DIRECTION('',(0.962917207,0.269797058,0.0));
#9083=AXIS2_PLACEMENT_3D('',#9080,#9081,#9082);
#9084=PLANE('',#9083);
#9085=ADVANCED_FACE('no 4555',(#9079),#9084,.T.);
#9086=ORIENTED_EDGE('no 992',*,*,#8566,.T.);
#9087=ORIENTED_EDGE('no 993',*,*,#8603,.T.);
#9088=ORIENTED_EDGE('no 994',*,*,#8731,.T.);
#9089=EDGE_LOOP('',(#9086,#9087,#9088));
#9090=FACE_OUTER_BOUND('',#9089,.T.);
#9091=CARTESIAN_POINT('',(0.182092,0.021259,-0.0));
#9092=DIRECTION('',(0.0,0.0,-1.0));
#9093=DIRECTION('',(0.0068028191,0.9999768606,0.0));
#9094=AXIS2_PLACEMENT_3D('',#9091,#9092,#9093);
#9095=PLANE('',#9094);
#9096=ADVANCED_FACE('no 1002',(#9090),#9095,.T.);
#9097=CARTESIAN_POINT('',(0.182108,0.0406487,-0.0));
#9098=DIRECTION('',(0.0,-0.9847835588,0.1737853339));
#9099=VECTOR('',#9098,1.0);
#9100=LINE('',#9097,#9099);
#9101=EDGE_CURVE('no 10506',#8047,#8343,#9100,.T.);
#9102=ORIENTED_EDGE('no 10507',*,*,#9101,.T.);
#9103=CARTESIAN_POINT('',(0.182108,0.0236487,-0.0));
#9104=DIRECTION('',(0.0,0.0,1.0));
#9105=VECTOR('',#9104,1.0);
#9106=LINE('',#9103,#9105);
#9107=EDGE_CURVE('no 10466',#8561,#8343,#9106,.T.);
#9108=ORIENTED_EDGE('no 10508',*,*,#9107,.F.);
#9109=ORIENTED_EDGE('no 10509',*,*,#8573,.F.);
#9110=EDGE_LOOP('',(#9102,#9108,#9109));
#9111=FACE_OUTER_BOUND('',#9110,.T.);
#9112=CARTESIAN_POINT('',(0.182108,0.0406487,-0.0));
#9113=DIRECTION('',(1.0,0.0,0.0));
#9114=DIRECTION('',(0.0,-0.9847836293,0.1737849346));
#9115=AXIS2_PLACEMENT_3D('',#9112,#9113,#9114);
#9116=PLANE('',#9115);
#9117=ADVANCED_FACE('no 10517',(#9111),#9116,.T.);
#9118=ORIENTED_EDGE('no 11122',*,*,#8725,.F.);
#9119=ORIENTED_EDGE('no 11123',*,*,#8855,.F.);
#9120=ORIENTED_EDGE('no 11124',*,*,#8588,.F.);
#9121=EDGE_LOOP('',(#9118,#9119,#9120));
#9122=FACE_OUTER_BOUND('',#9121,.T.);
#9123=CARTESIAN_POINT('',(0.182092,0.021259,-0.0));
#9124=DIRECTION('',(0.0,-1.0,0.0));
#9125=DIRECTION('',(0.9847836293,0.0,0.1737849346));
#9126=AXIS2_PLACEMENT_3D('',#9123,#9124,#9125);
#9127=PLANE('',#9126);
#9128=ADVANCED_FACE('no 11132',(#9122),#9127,.T.);
#9129=ORIENTED_EDGE('no 10467',*,*,#8869,.T.);
#9130=ORIENTED_EDGE('no 10468',*,*,#8609,.F.);
#9131=ORIENTED_EDGE('no 10469',*,*,#9107,.T.);
#9132=EDGE_LOOP('',(#9129,#9130,#9131));
#9133=FACE_OUTER_BOUND('',#9132,.T.);
#9134=CARTESIAN_POINT('',(0.182108,0.0236487,0.003));
#9135=DIRECTION('',(0.0,1.0,0.0));
#9136=DIRECTION('',(0.9847836293,0.0,-0.1737849346));
#9137=AXIS2_PLACEMENT_3D('',#9134,#9135,#9136);
#9138=PLANE('',#9137);
#9139=ADVANCED_FACE('no 10477',(#9133),#9138,.T.);
#9140=CARTESIAN_POINT('',(0.201242,0.040491,-0.0));
#9141=DIRECTION('',(-0.9972788687,0.0737214903,0.0));
#9142=VECTOR('',#9141,1.0);
#9143=LINE('',#9140,#9142);
#9144=EDGE_CURVE('no 4573',#8622,#9065,#9143,.T.);
#9145=ORIENTED_EDGE('no 4597',*,*,#9144,.F.);
#9146=ORIENTED_EDGE('no 4598',*,*,#8627,.F.);
#9147=CARTESIAN_POINT('',(0.199108,0.0236487,-0.0));
#9148=DIRECTION('',(0.0,1.0,0.0));
#9149=VECTOR('',#9148,1.0);
#9150=LINE('',#9147,#9149);
#9151=EDGE_CURVE('no 4596',#7544,#9065,#9150,.T.);
#9152=ORIENTED_EDGE('no 4599',*,*,#9151,.T.);
#9153=EDGE_LOOP('',(#9145,#9146,#9152));
#9154=FACE_OUTER_BOUND('',#9153,.T.);
#9155=CARTESIAN_POINT('',(0.199108,0.0406487,-0.0));
#9156=DIRECTION('',(0.0,0.0,-1.0));
#9157=DIRECTION('',(0.9972788687,-0.0737214903,0.0));
#9158=AXIS2_PLACEMENT_3D('',#9155,#9156,#9157);
#9159=PLANE('',#9158);
#9160=ADVANCED_FACE('no 4607',(#9154),#9159,.T.);
#9161=CARTESIAN_POINT('',(0.201242,0.040491,-0.0));
#9162=DIRECTION('',(0.0,-0.9847835588,0.1737853339));
#9163=VECTOR('',#9162,1.0);
#9164=LINE('',#9161,#9163);
#9165=EDGE_CURVE('no 10690',#8622,#8802,#9164,.T.);
#9166=ORIENTED_EDGE('no 10691',*,*,#9165,.T.);
#9167=CARTESIAN_POINT('',(0.201242,0.023491,-0.0));
#9168=DIRECTION('',(0.0,0.0,1.0));
#9169=VECTOR('',#9168,1.0);
#9170=LINE('',#9167,#9169);
#9171=EDGE_CURVE('no 10650',#8110,#8802,#9170,.T.);
#9172=ORIENTED_EDGE('no 10692',*,*,#9171,.F.);
#9173=ORIENTED_EDGE('no 10693',*,*,#8633,.F.);
#9174=EDGE_LOOP('',(#9166,#9172,#9173));
#9175=FACE_OUTER_BOUND('',#9174,.T.);
#9176=CARTESIAN_POINT('',(0.201242,0.040491,-0.0));
#9177=DIRECTION('',(1.0,0.0,0.0));
#9178=DIRECTION('',(0.0,-0.9847836293,0.1737849346));
#9179=AXIS2_PLACEMENT_3D('',#9176,#9177,#9178);
#9180=PLANE('',#9179);
#9181=ADVANCED_FACE('no 10701',(#9175),#9180,.T.);
#9182=CARTESIAN_POINT('',(0.218242,0.023491,-0.0));
#9183=DIRECTION('',(-0.990182954,-0.1397773858,0.0));
#9184=VECTOR('',#9183,1.0);
#9185=LINE('',#9182,#9184);
#9186=EDGE_CURVE('no 4324',#8984,#8645,#9185,.T.);
#9187=ORIENTED_EDGE('no 4331',*,*,#9186,.T.);
#9188=ORIENTED_EDGE('no 4332',*,*,#8650,.F.);
#9189=CARTESIAN_POINT('',(0.201242,0.023491,-0.0));
#9190=DIRECTION('',(1.0,0.0,0.0));
#9191=VECTOR('',#9190,1.0);
#9192=LINE('',#9189,#9191);
#9193=EDGE_CURVE('no 4330',#8110,#8984,#9192,.T.);
#9194=ORIENTED_EDGE('no 4333',*,*,#9193,.T.);
#9195=EDGE_LOOP('',(#9187,#9188,#9194));
#9196=FACE_OUTER_BOUND('',#9195,.T.);
#9197=CARTESIAN_POINT('',(0.218242,0.023491,-0.0));
#9198=DIRECTION('',(-0.0,0.0,-1.0));
#9199=DIRECTION('',(-0.9901825931,-0.1397799426,0.0));
#9200=AXIS2_PLACEMENT_3D('',#9197,#9198,#9199);
#9201=PLANE('',#9200);
#9202=ADVANCED_FACE('no 4341',(#9196),#9201,.T.);
#9203=ORIENTED_EDGE('no 11266',*,*,#8670,.F.);
#9204=CARTESIAN_POINT('',(0.201409,0.0211148,0.003));
#9205=VERTEX_POINT('',#9204);
#9206=CARTESIAN_POINT('',(0.201409,0.0211148,-0.0));
#9207=DIRECTION('',(0.0,0.0,1.0));
#9208=VECTOR('',#9207,1.0);
#9209=LINE('',#9206,#9208);
#9210=EDGE_CURVE('no 11265',#8645,#9205,#9209,.T.);
#9211=ORIENTED_EDGE('no 11267',*,*,#9210,.T.);
#9212=CARTESIAN_POINT('',(0.201409,0.00411476,0.003));
#9213=DIRECTION('',(0.0,1.0,0.0));
#9214=VECTOR('',#9213,1.0);
#9215=LINE('',#9212,#9214);
#9216=EDGE_CURVE('no 9060',#5794,#9205,#9215,.T.);
#9217=ORIENTED_EDGE('no 11268',*,*,#9216,.F.);
#9218=EDGE_LOOP('',(#9203,#9211,#9217));
#9219=FACE_OUTER_BOUND('',#9218,.T.);
#9220=CARTESIAN_POINT('',(0.201409,0.00411476,0.003));
#9221=DIRECTION('',(1.0,-0.0,0.0));
#9222=DIRECTION('',(0.0,0.9847836293,-0.1737849346));
#9223=AXIS2_PLACEMENT_3D('',#9220,#9221,#9222);
#9224=PLANE('',#9223);
#9225=ADVANCED_FACE('no 11276',(#9219),#9224,.T.);
#9226=ORIENTED_EDGE('no 4007',*,*,#8689,.F.);
#9227=CARTESIAN_POINT('',(0.229565,-0.00640974,-0.0));
#9228=VERTEX_POINT('',#9227);
#9229=CARTESIAN_POINT('',(0.218409,0.00411476,-0.0));
#9230=DIRECTION('',(0.7273945736,-0.6862194505,0.0));
#9231=VECTOR('',#9230,1.0);
#9232=LINE('',#9229,#9231);
#9233=EDGE_CURVE('no 4000',#7567,#9228,#9232,.T.);
#9234=ORIENTED_EDGE('no 4008',*,*,#9233,.T.);
#9235=CARTESIAN_POINT('',(0.229565,-0.00640974,-0.0));
#9236=DIRECTION('',(0.0783500401,-0.9969259106,0.0));
#9237=VECTOR('',#9236,1.0);
#9238=LINE('',#9235,#9237);
#9239=EDGE_CURVE('no 4006',#9228,#8684,#9238,.T.);
#9240=ORIENTED_EDGE('no 4009',*,*,#9239,.T.);
#9241=EDGE_LOOP('',(#9226,#9234,#9240));
#9242=FACE_OUTER_BOUND('',#9241,.T.);
#9243=CARTESIAN_POINT('',(0.22961,-0.00698232,-0.0));
#9244=DIRECTION('',(0.0,0.0,-1.0));
#9245=DIRECTION('',(-0.7103881326,0.7038101314,0.0));
#9246=AXIS2_PLACEMENT_3D('',#9243,#9244,#9245);
#9247=PLANE('',#9246);
#9248=ADVANCED_FACE('no 4017',(#9242),#9247,.T.);
#9249=CARTESIAN_POINT('',(0.231193,0.072148,-0.0));
#9250=VERTEX_POINT('',#9249);
#9251=CARTESIAN_POINT('',(0.231193,0.072148,-0.0));
#9252=DIRECTION('',(0.0014908398,-0.9999988887,0.0));
#9253=VECTOR('',#9252,1.0);
#9254=LINE('',#9251,#9253);
#9255=EDGE_CURVE('no 1368',#9250,#8444,#9254,.T.);
#9256=ORIENTED_EDGE('no 1404',*,*,#9255,.F.);
#9257=CARTESIAN_POINT('',(0.231193,0.072148,-0.0));
#9258=DIRECTION('',(0.9914455527,-0.1305209411,0.0));
#9259=VECTOR('',#9258,1.0);
#9260=LINE('',#9257,#9259);
#9261=EDGE_CURVE('no 1397',#9250,#8187,#9260,.T.);
#9262=ORIENTED_EDGE('no 1405',*,*,#9261,.T.);
#9263=ORIENTED_EDGE('no 1406',*,*,#8709,.T.);
#9264=EDGE_LOOP('',(#9256,#9262,#9263));
#9265=FACE_OUTER_BOUND('',#9264,.T.);
#9266=CARTESIAN_POINT('',(0.231307,-0.00437464,-0.0));
#9267=DIRECTION('',(0.0,0.0,-1.0));
#9268=DIRECTION('',(-0.0014908398,0.9999988887,0.0));
#9269=AXIS2_PLACEMENT_3D('',#9266,#9267,#9268);
#9270=PLANE('',#9269);
#9271=ADVANCED_FACE('no 1414',(#9265),#9270,.T.);
#9272=ORIENTED_EDGE('no 8870',*,*,#8748,.F.);
#9273=ORIENTED_EDGE('no 8871',*,*,#8849,.T.);
#9274=CARTESIAN_POINT('',(0.182108,0.0236487,0.003));
#9275=DIRECTION('',(0.0,1.0,0.0));
#9276=VECTOR('',#9275,1.0);
#9277=LINE('',#9274,#9276);
#9278=EDGE_CURVE('no 8869',#8343,#8282,#9277,.T.);
#9279=ORIENTED_EDGE('no 8872',*,*,#9278,.T.);
#9280=EDGE_LOOP('',(#9272,#9273,#9279));
#9281=FACE_OUTER_BOUND('',#9280,.T.);
#9282=CARTESIAN_POINT('',(0.182108,0.0406487,0.003));
#9283=DIRECTION('',(0.0,0.0,1.0));
#9284=DIRECTION('',(-0.0008384427,-0.9999996485,0.0));
#9285=AXIS2_PLACEMENT_3D('',#9282,#9283,#9284);
#9286=PLANE('',#9285);
#9287=ADVANCED_FACE('no 8880',(#9281),#9286,.T.);
#9288=CARTESIAN_POINT('',(0.199108,0.0406487,0.003));
#9289=DIRECTION('',(-0.9847835588,0.0,-0.1737853339));
#9290=VECTOR('',#9289,1.0);
#9291=LINE('',#9288,#9290);
#9292=EDGE_CURVE('no 10552',#8321,#8047,#9291,.T.);
#9293=ORIENTED_EDGE('no 10570',*,*,#9292,.F.);
#9294=ORIENTED_EDGE('no 10571',*,*,#8763,.F.);
#9295=CARTESIAN_POINT('',(0.182108,0.0406487,-0.0));
#9296=DIRECTION('',(0.0,0.0,1.0));
#9297=VECTOR('',#9296,1.0);
#9298=LINE('',#9295,#9297);
#9299=EDGE_CURVE('no 10529',#8047,#8282,#9298,.T.);
#9300=ORIENTED_EDGE('no 10572',*,*,#9299,.F.);
#9301=EDGE_LOOP('',(#9293,#9294,#9300));
#9302=FACE_OUTER_BOUND('',#9301,.T.);
#9303=CARTESIAN_POINT('',(0.182108,0.0406487,-0.0));
#9304=DIRECTION('',(0.0,-1.0,0.0));
#9305=DIRECTION('',(0.9847836293,0.0,0.1737849346));
#9306=AXIS2_PLACEMENT_3D('',#9303,#9304,#9305);
#9307=PLANE('',#9306);
#9308=ADVANCED_FACE('no 10580',(#9302),#9307,.T.);
#9309=CARTESIAN_POINT('',(0.218242,0.023491,0.003));
#9310=VERTEX_POINT('',#9309);
#9311=CARTESIAN_POINT('',(0.218409,0.0211148,0.003));
#9312=DIRECTION('',(-0.0701073515,0.9975394525,0.0));
#9313=VECTOR('',#9312,1.0);
#9314=LINE('',#9311,#9313);
#9315=EDGE_CURVE('no 9089',#8383,#9310,#9314,.T.);
#9316=ORIENTED_EDGE('no 9113',*,*,#9315,.F.);
#9317=ORIENTED_EDGE('no 9114',*,*,#8784,.F.);
#9318=CARTESIAN_POINT('',(0.218242,0.040491,0.003));
#9319=DIRECTION('',(0.0,-1.0,0.0));
#9320=VECTOR('',#9319,1.0);
#9321=LINE('',#9318,#9320);
#9322=EDGE_CURVE('no 9112',#7944,#9310,#9321,.T.);
#9323=ORIENTED_EDGE('no 9115',*,*,#9322,.T.);
#9324=EDGE_LOOP('',(#9316,#9317,#9323));
#9325=FACE_OUTER_BOUND('',#9324,.T.);
#9326=CARTESIAN_POINT('',(0.218242,0.023491,0.003));
#9327=DIRECTION('',(-0.0,0.0,1.0));
#9328=DIRECTION('',(0.0702115089,-0.9975321268,0.0));
#9329=AXIS2_PLACEMENT_3D('',#9326,#9327,#9328);
#9330=PLANE('',#9329);
#9331=ADVANCED_FACE('no 9123',(#9325),#9330,.T.);
#9332=ORIENTED_EDGE('no 7067',*,*,#8790,.F.);
#9333=CARTESIAN_POINT('',(0.229562,0.074273,0.003));
#9334=VERTEX_POINT('',#9333);
#9335=CARTESIAN_POINT('',(0.229562,0.074273,0.003));
#9336=DIRECTION('',(-0.2053369833,-0.978691332,0.0));
#9337=VECTOR('',#9336,1.0);
#9338=LINE('',#9335,#9337);
#9339=EDGE_CURVE('no 5837',#9334,#8383,#9338,.T.);
#9340=ORIENTED_EDGE('no 7068',*,*,#9339,.F.);
#9341=CARTESIAN_POINT('',(0.229562,0.074273,0.003));
#9342=DIRECTION('',(0.1305896347,0.9914365069,0.0));
#9343=VECTOR('',#9342,1.0);
#9344=LINE('',#9341,#9343);
#9345=EDGE_CURVE('no 7066',#9334,#7777,#9344,.T.);
#9346=ORIENTED_EDGE('no 7069',*,*,#9345,.T.);
#9347=EDGE_LOOP('',(#9332,#9340,#9346));
#9348=FACE_OUTER_BOUND('',#9347,.T.);
#9349=CARTESIAN_POINT('',(0.229637,0.0748424,0.003));
#9350=DIRECTION('',(0.0,0.0,1.0));
#9351=DIRECTION('',(-0.2045630801,-0.9788533834,0.0));
#9352=AXIS2_PLACEMENT_3D('',#9349,#9350,#9351);
#9353=PLANE('',#9352);
#9354=ADVANCED_FACE('no 7077',(#9348),#9353,.T.);
#9355=CARTESIAN_POINT('',(0.201242,0.023491,0.003));
#9356=DIRECTION('',(0.0702052695,-0.997532566,0.0));
#9357=VECTOR('',#9356,1.0);
#9358=LINE('',#9355,#9357);
#9359=EDGE_CURVE('no 9025',#8802,#9205,#9358,.T.);
#9360=ORIENTED_EDGE('no 9061',*,*,#9359,.F.);
#9361=ORIENTED_EDGE('no 9062',*,*,#8807,.F.);
#9362=ORIENTED_EDGE('no 9063',*,*,#9216,.T.);
#9363=EDGE_LOOP('',(#9360,#9361,#9362));
#9364=FACE_OUTER_BOUND('',#9363,.T.);
#9365=CARTESIAN_POINT('',(0.201409,0.0211148,0.003));
#9366=DIRECTION('',(0.0,0.0,1.0));
#9367=DIRECTION('',(-0.0702052695,0.997532566,0.0));
#9368=AXIS2_PLACEMENT_3D('',#9365,#9366,#9367);
#9369=PLANE('',#9368);
#9370=ADVANCED_FACE('no 9071',(#9364),#9369,.T.);
#9371=ORIENTED_EDGE('no 8951',*,*,#9031,.F.);
#9372=ORIENTED_EDGE('no 8952',*,*,#8813,.F.);
#9373=CARTESIAN_POINT('',(0.201242,0.023491,0.003));
#9374=DIRECTION('',(0.0,1.0,0.0));
#9375=VECTOR('',#9374,1.0);
#9376=LINE('',#9373,#9375);
#9377=EDGE_CURVE('no 8950',#8802,#8490,#9376,.T.);
#9378=ORIENTED_EDGE('no 8953',*,*,#9377,.T.);
#9379=EDGE_LOOP('',(#9371,#9372,#9378));
#9380=FACE_OUTER_BOUND('',#9379,.T.);
#9381=CARTESIAN_POINT('',(0.201242,0.040491,0.003));
#9382=DIRECTION('',(0.0,0.0,1.0));
#9383=DIRECTION('',(-0.9972788687,0.0737214903,0.0));
#9384=AXIS2_PLACEMENT_3D('',#9381,#9382,#9383);
#9385=PLANE('',#9384);
#9386=ADVANCED_FACE('no 8961',(#9380),#9385,.T.);
#9387=ORIENTED_EDGE('no 10438',*,*,#8827,.F.);
#9388=CARTESIAN_POINT('',(0.199108,0.0406487,0.003));
#9389=DIRECTION('',(0.0,0.0,-1.0));
#9390=VECTOR('',#9389,1.0);
#9391=LINE('',#9388,#9390);
#9392=EDGE_CURVE('no 10437',#8321,#9065,#9391,.T.);
#9393=ORIENTED_EDGE('no 10439',*,*,#9392,.T.);
#9394=ORIENTED_EDGE('no 10440',*,*,#9151,.F.);
#9395=EDGE_LOOP('',(#9387,#9393,#9394));
#9396=FACE_OUTER_BOUND('',#9395,.T.);
#9397=CARTESIAN_POINT('',(0.199108,0.0236487,-0.0));
#9398=DIRECTION('',(-1.0,0.0,0.0));
#9399=DIRECTION('',(0.0,0.9847836293,0.1737849346));
#9400=AXIS2_PLACEMENT_3D('',#9397,#9398,#9399);
#9401=PLANE('',#9400);
#9402=ADVANCED_FACE('no 10448',(#9396),#9401,.T.);
#9403=ORIENTED_EDGE('no 13382',*,*,#8885,.F.);
#9404=CARTESIAN_POINT('',(0.22961,-0.00698232,-0.0));
#9405=DIRECTION('',(0.0,0.0,1.0));
#9406=VECTOR('',#9405,1.0);
#9407=LINE('',#9404,#9406);
#9408=EDGE_CURVE('no 13381',#8684,#8899,#9407,.T.);
#9409=ORIENTED_EDGE('no 13383',*,*,#9408,.T.);
#9410=ORIENTED_EDGE('no 13384',*,*,#8904,.F.);
#9411=EDGE_LOOP('',(#9403,#9409,#9410));
#9412=FACE_OUTER_BOUND('',#9411,.T.);
#9413=CARTESIAN_POINT('',(0.229801,-0.00752388,0.003));
#9414=DIRECTION('',(0.9429667496,0.3328869314,-0.0000000977));
#9415=DIRECTION('',(-0.0625906696,0.1772999137,-0.9821645222));
#9416=AXIS2_PLACEMENT_3D('',#9413,#9414,#9415);
#9417=PLANE('',#9416);
#9418=ADVANCED_FACE('no 13392',(#9412),#9417,.T.);
#9419=ORIENTED_EDGE('no 5809',*,*,#8910,.F.);
#9420=CARTESIAN_POINT('',(0.229565,-0.00640974,0.003));
#9421=VERTEX_POINT('',#9420);
#9422=CARTESIAN_POINT('',(0.22961,-0.00698232,0.003));
#9423=DIRECTION('',(-0.0783500401,0.9969259106,0.0));
#9424=VECTOR('',#9423,1.0);
#9425=LINE('',#9422,#9424);
#9426=EDGE_CURVE('no 5802',#8899,#9421,#9425,.T.);
#9427=ORIENTED_EDGE('no 5810',*,*,#9426,.T.);
#9428=CARTESIAN_POINT('',(0.229565,-0.00640974,0.003));
#9429=DIRECTION('',(-0.3756299991,0.9267697145,0.0));
#9430=VECTOR('',#9429,1.0);
#9431=LINE('',#9428,#9430);
#9432=EDGE_CURVE('no 5808',#9421,#8383,#9431,.T.);
#9433=ORIENTED_EDGE('no 5811',*,*,#9432,.T.);
#9434=EDGE_LOOP('',(#9419,#9427,#9433));
#9435=FACE_OUTER_BOUND('',#9434,.T.);
#9436=CARTESIAN_POINT('',(0.218409,0.0211148,0.003));
#9437=DIRECTION('',(0.0,0.0,1.0));
#9438=DIRECTION('',(0.3703059404,-0.9289098506,0.0));
#9439=AXIS2_PLACEMENT_3D('',#9436,#9437,#9438);
#9440=PLANE('',#9439);
#9441=ADVANCED_FACE('no 5819',(#9435),#9440,.T.);
#9442=CARTESIAN_POINT('',(0.218409,0.0211148,0.003));
#9443=DIRECTION('',(-0.9847835588,0.0,-0.1737853339));
#9444=VECTOR('',#9443,1.0);
#9445=LINE('',#9442,#9444);
#9446=EDGE_CURVE('no 11288',#8383,#8645,#9445,.T.);
#9447=ORIENTED_EDGE('no 11289',*,*,#9446,.T.);
#9448=CARTESIAN_POINT('',(0.218409,0.0211148,-0.0));
#9449=DIRECTION('',(-1.0,0.0,0.0));
#9450=VECTOR('',#9449,1.0);
#9451=LINE('',#9448,#9450);
#9452=EDGE_CURVE('no 4353',#8922,#8645,#9451,.T.);
#9453=ORIENTED_EDGE('no 11290',*,*,#9452,.F.);
#9454=ORIENTED_EDGE('no 11291',*,*,#8927,.F.);
#9455=EDGE_LOOP('',(#9447,#9453,#9454));
#9456=FACE_OUTER_BOUND('',#9455,.T.);
#9457=CARTESIAN_POINT('',(0.218409,0.0211148,0.003));
#9458=DIRECTION('',(0.0,-1.0,-0.0));
#9459=DIRECTION('',(-0.9847836293,0.0,-0.1737849346));
#9460=AXIS2_PLACEMENT_3D('',#9457,#9458,#9459);
#9461=PLANE('',#9460);
#9462=ADVANCED_FACE('no 11299',(#9456),#9461,.T.);
#9463=CARTESIAN_POINT('',(0.229637,0.0748424,-0.0));
#9464=DIRECTION('',(-0.2045630801,-0.9788533834,0.0));
#9465=VECTOR('',#9464,1.0);
#9466=LINE('',#9463,#9465);
#9467=EDGE_CURVE('no 2719',#7906,#8922,#9466,.T.);
#9468=ORIENTED_EDGE('no 2755',*,*,#9467,.F.);
#9469=CARTESIAN_POINT('',(0.229637,0.0748424,-0.0));
#9470=DIRECTION('',(-0.1567880436,-0.9876322744,0.0));
#9471=VECTOR('',#9470,1.0);
#9472=LINE('',#9469,#9471);
#9473=EDGE_CURVE('no 2748',#7906,#7567,#9472,.T.);
#9474=ORIENTED_EDGE('no 2756',*,*,#9473,.T.);
#9475=ORIENTED_EDGE('no 2757',*,*,#8933,.T.);
#9476=EDGE_LOOP('',(#9468,#9474,#9475));
#9477=FACE_OUTER_BOUND('',#9476,.T.);
#9478=CARTESIAN_POINT('',(0.218409,0.0211148,-0.0));
#9479=DIRECTION('',(0.0,0.0,-1.0));
#9480=DIRECTION('',(0.2045630801,0.9788533834,0.0));
#9481=AXIS2_PLACEMENT_3D('',#9478,#9479,#9480);
#9482=PLANE('',#9481);
#9483=ADVANCED_FACE('no 2765',(#9477),#9482,.T.);
#9484=CARTESIAN_POINT('',(0.230765,-0.00456582,0.003));
#9485=VERTEX_POINT('',#9484);
#9486=CARTESIAN_POINT('',(0.230765,-0.00456582,0.003));
#9487=DIRECTION('',(0.0055790904,0.9999844368,0.0));
#9488=VECTOR('',#9487,1.0);
#9489=LINE('',#9486,#9488);
#9490=EDGE_CURVE('no 7576',#9485,#8944,#9489,.T.);
#9491=ORIENTED_EDGE('no 7612',*,*,#9490,.F.);
#9492=CARTESIAN_POINT('',(0.230765,-0.00456582,0.003));
#9493=DIRECTION('',(0.943052634,0.3326435472,0.0));
#9494=VECTOR('',#9493,1.0);
#9495=LINE('',#9492,#9494);
#9496=EDGE_CURVE('no 7605',#9485,#8421,#9495,.T.);
#9497=ORIENTED_EDGE('no 7613',*,*,#9496,.T.);
#9498=ORIENTED_EDGE('no 7614',*,*,#8949,.T.);
#9499=EDGE_LOOP('',(#9491,#9497,#9498));
#9500=FACE_OUTER_BOUND('',#9499,.T.);
#9501=CARTESIAN_POINT('',(0.231193,0.072148,0.003));
#9502=DIRECTION('',(0.0,0.0,1.0));
#9503=DIRECTION('',(-0.0055721826,-0.9999844753,0.0));
#9504=AXIS2_PLACEMENT_3D('',#9501,#9502,#9503);
#9505=PLANE('',#9504);
#9506=ADVANCED_FACE('no 7622',(#9500),#9505,.T.);
#9507=CARTESIAN_POINT('',(0.230765,-0.00456582,-0.0));
#9508=VERTEX_POINT('',#9507);
#9509=CARTESIAN_POINT('',(0.231307,-0.00437464,0.003));
#9510=DIRECTION('',(-0.17743985,-0.0625884696,-0.9821393909));
#9511=VECTOR('',#9510,1.0);
#9512=LINE('',#9509,#9511);
#9513=EDGE_CURVE('no 13634',#8421,#9508,#9512,.T.);
#9514=ORIENTED_EDGE('no 13641',*,*,#9513,.T.);
#9515=CARTESIAN_POINT('',(0.231307,-0.00437464,-0.0));
#9516=DIRECTION('',(-0.943052634,-0.3326435472,0.0));
#9517=VECTOR('',#9516,1.0);
#9518=LINE('',#9515,#9517);
#9519=EDGE_CURVE('no 1374',#8444,#9508,#9518,.T.);
#9520=ORIENTED_EDGE('no 13642',*,*,#9519,.F.);
#9521=ORIENTED_EDGE('no 13643',*,*,#8972,.T.);
#9522=EDGE_LOOP('',(#9514,#9520,#9521));
#9523=FACE_OUTER_BOUND('',#9522,.T.);
#9524=CARTESIAN_POINT('',(0.231307,-0.00437464,0.003));
#9525=DIRECTION('',(0.3328970723,-0.9429631696,0.000000061));
#9526=DIRECTION('',(-0.1772979611,-0.0625920863,-0.9821647844));
#9527=AXIS2_PLACEMENT_3D('',#9524,#9525,#9526);
#9528=PLANE('',#9527);
#9529=ADVANCED_FACE('no 13651',(#9523),#9528,.T.);
#9530=ORIENTED_EDGE('no 2726',*,*,#8989,.F.);
#9531=ORIENTED_EDGE('no 2727',*,*,#9467,.T.);
#9532=CARTESIAN_POINT('',(0.218409,0.0211148,-0.0));
#9533=DIRECTION('',(-0.0701073515,0.9975394525,0.0));
#9534=VECTOR('',#9533,1.0);
#9535=LINE('',#9532,#9534);
#9536=EDGE_CURVE('no 2725',#8922,#8984,#9535,.T.);
#9537=ORIENTED_EDGE('no 2728',*,*,#9536,.T.);
#9538=EDGE_LOOP('',(#9530,#9531,#9537));
#9539=FACE_OUTER_BOUND('',#9538,.T.);
#9540=CARTESIAN_POINT('',(0.218242,0.023491,-0.0));
#9541=DIRECTION('',(0.0,0.0,-1.0));
#9542=DIRECTION('',(0.2166399072,0.9762515816,0.0));
#9543=AXIS2_PLACEMENT_3D('',#9540,#9541,#9542);
#9544=PLANE('',#9543);
#9545=ADVANCED_FACE('no 2736',(#9539),#9544,.T.);
#9546=CARTESIAN_POINT('',(0.218242,0.040491,0.003));
#9547=DIRECTION('',(0.0,-0.9847835588,-0.1737853339));
#9548=VECTOR('',#9547,1.0);
#9549=LINE('',#9546,#9548);
#9550=EDGE_CURVE('no 10592',#7944,#8984,#9549,.T.);
#9551=ORIENTED_EDGE('no 10622',*,*,#9550,.F.);
#9552=CARTESIAN_POINT('',(0.218242,0.040491,0.003));
#9553=DIRECTION('',(0.0,0.0,-1.0));
#9554=VECTOR('',#9553,1.0);
#9555=LINE('',#9552,#9554);
#9556=EDGE_CURVE('no 10621',#7944,#8468,#9555,.T.);
#9557=ORIENTED_EDGE('no 10623',*,*,#9556,.T.);
#9558=ORIENTED_EDGE('no 10624',*,*,#8995,.F.);
#9559=EDGE_LOOP('',(#9551,#9557,#9558));
#9560=FACE_OUTER_BOUND('',#9559,.T.);
#9561=CARTESIAN_POINT('',(0.218242,0.023491,-0.0));
#9562=DIRECTION('',(-1.0,0.0,0.0));
#9563=DIRECTION('',(0.0,0.9847836293,0.1737849346));
#9564=AXIS2_PLACEMENT_3D('',#9561,#9562,#9563);
#9565=PLANE('',#9564);
#9566=ADVANCED_FACE('no 10632',(#9560),#9565,.T.);
#9567=ORIENTED_EDGE('no 4574',*,*,#9070,.F.);
#9568=ORIENTED_EDGE('no 4575',*,*,#9009,.T.);
#9569=ORIENTED_EDGE('no 4576',*,*,#9144,.T.);
#9570=EDGE_LOOP('',(#9567,#9568,#9569));
#9571=FACE_OUTER_BOUND('',#9570,.T.);
#9572=CARTESIAN_POINT('',(0.199108,0.0406487,-0.0));
#9573=DIRECTION('',(0.0,0.0,-1.0));
#9574=DIRECTION('',(0.8424740018,0.5387370011,0.0));
#9575=AXIS2_PLACEMENT_3D('',#9572,#9573,#9574);
#9576=PLANE('',#9575);
#9577=ADVANCED_FACE('no 4584',(#9571),#9576,.T.);
#9578=ORIENTED_EDGE('no 10737',*,*,#9046,.T.);
#9579=ORIENTED_EDGE('no 10738',*,*,#9016,.F.);
#9580=ORIENTED_EDGE('no 10739',*,*,#9556,.F.);
#9581=EDGE_LOOP('',(#9578,#9579,#9580));
#9582=FACE_OUTER_BOUND('',#9581,.T.);
#9583=CARTESIAN_POINT('',(0.218242,0.040491,0.003));
#9584=DIRECTION('',(0.0,-1.0,-0.0));
#9585=DIRECTION('',(-0.9847836293,0.0,-0.1737849346));
#9586=AXIS2_PLACEMENT_3D('',#9583,#9584,#9585);
#9587=PLANE('',#9586);
#9588=ADVANCED_FACE('no 10747',(#9582),#9587,.T.);
#9589=ORIENTED_EDGE('no 10714',*,*,#9165,.F.);
#9590=ORIENTED_EDGE('no 10715',*,*,#9053,.T.);
#9591=ORIENTED_EDGE('no 10716',*,*,#9377,.F.);
#9592=EDGE_LOOP('',(#9589,#9590,#9591));
#9593=FACE_OUTER_BOUND('',#9592,.T.);
#9594=CARTESIAN_POINT('',(0.201242,0.023491,0.003));
#9595=DIRECTION('',(1.0,-0.0,0.0));
#9596=DIRECTION('',(0.0,0.9847836293,-0.1737849346));
#9597=AXIS2_PLACEMENT_3D('',#9594,#9595,#9596);
#9598=PLANE('',#9597);
#9599=ADVANCED_FACE('no 10724',(#9593),#9598,.T.);
#9600=ORIENTED_EDGE('no 10553',*,*,#9292,.T.);
#9601=ORIENTED_EDGE('no 10554',*,*,#9076,.F.);
#9602=ORIENTED_EDGE('no 10555',*,*,#9392,.F.);
#9603=EDGE_LOOP('',(#9600,#9601,#9602));
#9604=FACE_OUTER_BOUND('',#9603,.T.);
#9605=CARTESIAN_POINT('',(0.199108,0.0406487,0.003));
#9606=DIRECTION('',(0.0,-1.0,-0.0));
#9607=DIRECTION('',(-0.9847836293,0.0,-0.1737849346));
#9608=AXIS2_PLACEMENT_3D('',#9605,#9606,#9607);
#9609=PLANE('',#9608);
#9610=ADVANCED_FACE('no 10563',(#9604),#9609,.T.);
#9611=ORIENTED_EDGE('no 10530',*,*,#9101,.F.);
#9612=ORIENTED_EDGE('no 10531',*,*,#9299,.T.);
#9613=ORIENTED_EDGE('no 10532',*,*,#9278,.F.);
#9614=EDGE_LOOP('',(#9611,#9612,#9613));
#9615=FACE_OUTER_BOUND('',#9614,.T.);
#9616=CARTESIAN_POINT('',(0.182108,0.0236487,0.003));
#9617=DIRECTION('',(1.0,-0.0,0.0));
#9618=DIRECTION('',(0.0,0.9847836293,-0.1737849346));
#9619=AXIS2_PLACEMENT_3D('',#9616,#9617,#9618);
#9620=PLANE('',#9619);
#9621=ADVANCED_FACE('no 10540',(#9615),#9620,.T.);
#9622=CARTESIAN_POINT('',(0.201242,0.023491,0.003));
#9623=DIRECTION('',(0.9847835588,0.0,-0.1737853339));
#9624=VECTOR('',#9623,1.0);
#9625=LINE('',#9622,#9624);
#9626=EDGE_CURVE('no 10644',#8802,#8984,#9625,.T.);
#9627=ORIENTED_EDGE('no 10651',*,*,#9626,.T.);
#9628=ORIENTED_EDGE('no 10652',*,*,#9193,.F.);
#9629=ORIENTED_EDGE('no 10653',*,*,#9171,.T.);
#9630=EDGE_LOOP('',(#9627,#9628,#9629));
#9631=FACE_OUTER_BOUND('',#9630,.T.);
#9632=CARTESIAN_POINT('',(0.201242,0.023491,0.003));
#9633=DIRECTION('',(0.0,1.0,0.0));
#9634=DIRECTION('',(0.9847836293,0.0,-0.1737849346));
#9635=AXIS2_PLACEMENT_3D('',#9632,#9633,#9634);
#9636=PLANE('',#9635);
#9637=ADVANCED_FACE('no 10661',(#9631),#9636,.T.);
#9638=ORIENTED_EDGE('no 4354',*,*,#9186,.F.);
#9639=ORIENTED_EDGE('no 4355',*,*,#9536,.F.);
#9640=ORIENTED_EDGE('no 4356',*,*,#9452,.T.);
#9641=EDGE_LOOP('',(#9638,#9639,#9640));
#9642=FACE_OUTER_BOUND('',#9641,.T.);
#9643=CARTESIAN_POINT('',(0.201409,0.0211148,-0.0));
#9644=DIRECTION('',(0.0,0.0,-1.0));
#9645=DIRECTION('',(0.9901825931,0.1397799426,0.0));
#9646=AXIS2_PLACEMENT_3D('',#9643,#9644,#9645);
#9647=PLANE('',#9646);
#9648=ADVANCED_FACE('no 4364',(#9642),#9647,.T.);
#9649=ORIENTED_EDGE('no 11306',*,*,#9446,.F.);
#9650=CARTESIAN_POINT('',(0.201409,0.0211148,0.003));
#9651=DIRECTION('',(1.0,0.0,0.0));
#9652=VECTOR('',#9651,1.0);
#9653=LINE('',#9650,#9652);
#9654=EDGE_CURVE('no 9083',#9205,#8383,#9653,.T.);
#9655=ORIENTED_EDGE('no 11307',*,*,#9654,.F.);
#9656=ORIENTED_EDGE('no 11308',*,*,#9210,.F.);
#9657=EDGE_LOOP('',(#9649,#9655,#9656));
#9658=FACE_OUTER_BOUND('',#9657,.T.);
#9659=CARTESIAN_POINT('',(0.201409,0.0211148,-0.0));
#9660=DIRECTION('',(0.0,-1.0,0.0));
#9661=DIRECTION('',(0.9847836293,0.0,0.1737849346));
#9662=AXIS2_PLACEMENT_3D('',#9659,#9660,#9661);
#9663=PLANE('',#9662);
#9664=ADVANCED_FACE('no 11316',(#9658),#9663,.T.);
#9665=ORIENTED_EDGE('no 4024',*,*,#9233,.F.);
#9666=CARTESIAN_POINT('',(0.229562,0.074273,-0.0));
#9667=VERTEX_POINT('',#9666);
#9668=CARTESIAN_POINT('',(0.229562,0.074273,-0.0));
#9669=DIRECTION('',(-0.1569978248,-0.9875989485,0.0));
#9670=VECTOR('',#9669,1.0);
#9671=LINE('',#9668,#9670);
#9672=EDGE_CURVE('no 2783',#9667,#7567,#9671,.T.);
#9673=ORIENTED_EDGE('no 4025',*,*,#9672,.F.);
#9674=CARTESIAN_POINT('',(0.229565,-0.00640974,-0.0));
#9675=DIRECTION('',(-0.0000371827,0.9999999993,0.0));
#9676=VECTOR('',#9675,1.0);
#9677=LINE('',#9674,#9676);
#9678=EDGE_CURVE('no 1107',#9228,#9667,#9677,.T.);
#9679=ORIENTED_EDGE('no 4026',*,*,#9678,.F.);
#9680=EDGE_LOOP('',(#9665,#9673,#9679));
#9681=FACE_OUTER_BOUND('',#9680,.T.);
#9682=CARTESIAN_POINT('',(0.229565,-0.00640974,-0.0));
#9683=DIRECTION('',(0.0,0.0,-1.0));
#9684=DIRECTION('',(-0.7274037297,0.686209745,0.0));
#9685=AXIS2_PLACEMENT_3D('',#9682,#9683,#9684);
#9686=PLANE('',#9685);
#9687=ADVANCED_FACE('no 4034',(#9681),#9686,.T.);
#9688=CARTESIAN_POINT('',(0.229565,-0.00640974,-0.0));
#9689=DIRECTION('',(0.014732439,-0.1874555536,0.9821625989));
#9690=VECTOR('',#9689,1.0);
#9691=LINE('',#9688,#9690);
#9692=EDGE_CURVE('no 13404',#9228,#8899,#9691,.T.);
#9693=ORIENTED_EDGE('no 13405',*,*,#9692,.T.);
#9694=ORIENTED_EDGE('no 13406',*,*,#9408,.F.);
#9695=ORIENTED_EDGE('no 13407',*,*,#9239,.F.);
#9696=EDGE_LOOP('',(#9693,#9694,#9695));
#9697=FACE_OUTER_BOUND('',#9696,.T.);
#9698=CARTESIAN_POINT('',(0.229565,-0.00640974,-0.0));
#9699=DIRECTION('',(0.9969923027,0.0775006348,-0.0000000589));
#9700=DIRECTION('',(0.0145720075,-0.1874580967,0.9821645069));
#9701=AXIS2_PLACEMENT_3D('',#9698,#9699,#9700);
#9702=PLANE('',#9701);
#9703=ADVANCED_FACE('no 13415',(#9697),#9702,.T.);
#9704=CARTESIAN_POINT('',(0.231193,0.072148,-0.0));
#9705=DIRECTION('',(-0.0055721826,-0.9999844753,0.0));
#9706=VECTOR('',#9705,1.0);
#9707=LINE('',#9704,#9706);
#9708=EDGE_CURVE('no 1345',#9250,#9508,#9707,.T.);
#9709=ORIENTED_EDGE('no 1375',*,*,#9708,.F.);
#9710=ORIENTED_EDGE('no 1376',*,*,#9255,.T.);
#9711=ORIENTED_EDGE('no 1377',*,*,#9519,.T.);
#9712=EDGE_LOOP('',(#9709,#9710,#9711));
#9713=FACE_OUTER_BOUND('',#9712,.T.);
#9714=CARTESIAN_POINT('',(0.230765,-0.00456582,-0.0));
#9715=DIRECTION('',(0.0,0.0,-1.0));
#9716=DIRECTION('',(0.0055721826,0.9999844753,0.0));
#9717=AXIS2_PLACEMENT_3D('',#9714,#9715,#9716);
#9718=PLANE('',#9717);
#9719=ADVANCED_FACE('no 1385',(#9713),#9718,.T.);
#9720=CARTESIAN_POINT('',(0.201409,0.0211148,0.003));
#9721=DIRECTION('',(0.9901825931,0.1397799426,0.0));
#9722=VECTOR('',#9721,1.0);
#9723=LINE('',#9720,#9722);
#9724=EDGE_CURVE('no 9031',#9205,#9310,#9723,.T.);
#9725=ORIENTED_EDGE('no 9090',*,*,#9724,.F.);
#9726=ORIENTED_EDGE('no 9091',*,*,#9654,.T.);
#9727=ORIENTED_EDGE('no 9092',*,*,#9315,.T.);
#9728=EDGE_LOOP('',(#9725,#9726,#9727));
#9729=FACE_OUTER_BOUND('',#9728,.T.);
#9730=CARTESIAN_POINT('',(0.218242,0.023491,0.003));
#9731=DIRECTION('',(0.0,0.0,1.0));
#9732=DIRECTION('',(-0.9901825931,-0.1397799426,0.0));
#9733=AXIS2_PLACEMENT_3D('',#9730,#9731,#9732);
#9734=PLANE('',#9733);
#9735=ADVANCED_FACE('no 9100',(#9729),#9734,.T.);
#9736=ORIENTED_EDGE('no 10599',*,*,#9550,.T.);
#9737=CARTESIAN_POINT('',(0.218242,0.023491,-0.0));
#9738=DIRECTION('',(0.0,0.0,1.0));
#9739=VECTOR('',#9738,1.0);
#9740=LINE('',#9737,#9739);
#9741=EDGE_CURVE('no 10598',#8984,#9310,#9740,.T.);
#9742=ORIENTED_EDGE('no 10600',*,*,#9741,.T.);
#9743=ORIENTED_EDGE('no 10601',*,*,#9322,.F.);
#9744=EDGE_LOOP('',(#9736,#9742,#9743));
#9745=FACE_OUTER_BOUND('',#9744,.T.);
#9746=CARTESIAN_POINT('',(0.218242,0.040491,0.003));
#9747=DIRECTION('',(-1.0,-0.0,0.0));
#9748=DIRECTION('',(0.0,-0.9847836293,-0.1737849346));
#9749=AXIS2_PLACEMENT_3D('',#9746,#9747,#9748);
#9750=PLANE('',#9749);
#9751=ADVANCED_FACE('no 10609',(#9745),#9750,.T.);
#9752=ORIENTED_EDGE('no 5838',*,*,#9432,.F.);
#9753=CARTESIAN_POINT('',(0.229565,-0.00640974,0.003));
#9754=DIRECTION('',(-0.0000371827,0.9999999993,0.0));
#9755=VECTOR('',#9754,1.0);
#9756=LINE('',#9753,#9755);
#9757=EDGE_CURVE('no 5831',#9421,#9334,#9756,.T.);
#9758=ORIENTED_EDGE('no 5839',*,*,#9757,.T.);
#9759=ORIENTED_EDGE('no 5840',*,*,#9339,.T.);
#9760=EDGE_LOOP('',(#9752,#9758,#9759));
#9761=FACE_OUTER_BOUND('',#9760,.T.);
#9762=CARTESIAN_POINT('',(0.218409,0.0211148,0.003));
#9763=DIRECTION('',(-0.0,0.0,1.0));
#9764=DIRECTION('',(0.3756390231,-0.926766057,0.0));
#9765=AXIS2_PLACEMENT_3D('',#9762,#9763,#9764);
#9766=PLANE('',#9765);
#9767=ADVANCED_FACE('no 5848',(#9761),#9766,.T.);
#9768=ORIENTED_EDGE('no 9038',*,*,#9359,.T.);
#9769=ORIENTED_EDGE('no 9039',*,*,#9724,.T.);
#9770=CARTESIAN_POINT('',(0.218242,0.023491,0.003));
#9771=DIRECTION('',(-1.0,0.0,0.0));
#9772=VECTOR('',#9771,1.0);
#9773=LINE('',#9770,#9772);
#9774=EDGE_CURVE('no 9037',#9310,#8802,#9773,.T.);
#9775=ORIENTED_EDGE('no 9040',*,*,#9774,.T.);
#9776=EDGE_LOOP('',(#9768,#9769,#9775));
#9777=FACE_OUTER_BOUND('',#9776,.T.);
#9778=CARTESIAN_POINT('',(0.201242,0.023491,0.003));
#9779=DIRECTION('',(-0.0,0.0,1.0));
#9780=DIRECTION('',(0.0702052695,-0.997532566,0.0));
#9781=AXIS2_PLACEMENT_3D('',#9778,#9779,#9780);
#9782=PLANE('',#9781);
#9783=ADVANCED_FACE('no 9048',(#9777),#9782,.T.);
#9784=ORIENTED_EDGE('no 13428',*,*,#9692,.F.);
#9785=CARTESIAN_POINT('',(0.229565,-0.00640974,-0.0));
#9786=DIRECTION('',(0.0,0.0,1.0));
#9787=VECTOR('',#9786,1.0);
#9788=LINE('',#9785,#9787);
#9789=EDGE_CURVE('no 13427',#9228,#9421,#9788,.T.);
#9790=ORIENTED_EDGE('no 13429',*,*,#9789,.T.);
#9791=ORIENTED_EDGE('no 13430',*,*,#9426,.F.);
#9792=EDGE_LOOP('',(#9784,#9790,#9791));
#9793=FACE_OUTER_BOUND('',#9792,.T.);
#9794=CARTESIAN_POINT('',(0.22961,-0.00698232,0.003));
#9795=DIRECTION('',(0.9969923027,0.0775006348,-0.0000000589));
#9796=DIRECTION('',(-0.0145720075,0.1874580967,-0.9821645069));
#9797=AXIS2_PLACEMENT_3D('',#9794,#9795,#9796);
#9798=PLANE('',#9797);
#9799=ADVANCED_FACE('no 13438',(#9793),#9798,.T.);
#9800=ORIENTED_EDGE('no 2784',*,*,#9473,.F.);
#9801=CARTESIAN_POINT('',(0.229637,0.0748424,-0.0));
#9802=DIRECTION('',(-0.1305339784,-0.9914438363,0.0));
#9803=VECTOR('',#9802,1.0);
#9804=LINE('',#9801,#9803);
#9805=EDGE_CURVE('no 2777',#7906,#9667,#9804,.T.);
#9806=ORIENTED_EDGE('no 2785',*,*,#9805,.T.);
#9807=ORIENTED_EDGE('no 2786',*,*,#9672,.T.);
#9808=EDGE_LOOP('',(#9800,#9806,#9807));
#9809=FACE_OUTER_BOUND('',#9808,.T.);
#9810=CARTESIAN_POINT('',(0.218409,0.00411476,-0.0));
#9811=DIRECTION('',(0.0,0.0,-1.0));
#9812=DIRECTION('',(0.1567880436,0.9876322744,0.0));
#9813=AXIS2_PLACEMENT_3D('',#9810,#9811,#9812);
#9814=PLANE('',#9813);
#9815=ADVANCED_FACE('no 2794',(#9809),#9814,.T.);
#9816=CARTESIAN_POINT('',(0.230662,0.0723677,0.003));
#9817=VERTEX_POINT('',#9816);
#9818=CARTESIAN_POINT('',(0.230765,-0.00456582,0.003));
#9819=DIRECTION('',(-0.001338817,0.9999991038,0.0));
#9820=VECTOR('',#9819,1.0);
#9821=LINE('',#9818,#9820);
#9822=EDGE_CURVE('no 7553',#9485,#9817,#9821,.T.);
#9823=ORIENTED_EDGE('no 7583',*,*,#9822,.F.);
#9824=ORIENTED_EDGE('no 7584',*,*,#9490,.T.);
#9825=CARTESIAN_POINT('',(0.231193,0.072148,0.003));
#9826=DIRECTION('',(-0.9238739253,0.3826969691,0.0));
#9827=VECTOR('',#9826,1.0);
#9828=LINE('',#9825,#9827);
#9829=EDGE_CURVE('no 7582',#8944,#9817,#9828,.T.);
#9830=ORIENTED_EDGE('no 7585',*,*,#9829,.T.);
#9831=EDGE_LOOP('',(#9823,#9824,#9830));
#9832=FACE_OUTER_BOUND('',#9831,.T.);
#9833=CARTESIAN_POINT('',(0.230662,0.0723677,0.003));
#9834=DIRECTION('',(0.0,0.0,1.0));
#9835=DIRECTION('',(0.0013403201,-0.9999991018,0.0));
#9836=AXIS2_PLACEMENT_3D('',#9833,#9834,#9835);
#9837=PLANE('',#9836);
#9838=ADVANCED_FACE('no 7593',(#9832),#9837,.T.);
#9839=ORIENTED_EDGE('no 13658',*,*,#9513,.F.);
#9840=ORIENTED_EDGE('no 13659',*,*,#9496,.F.);
#9841=CARTESIAN_POINT('',(0.230765,-0.00456582,-0.0));
#9842=DIRECTION('',(0.0,0.0,1.0));
#9843=VECTOR('',#9842,1.0);
#9844=LINE('',#9841,#9843);
#9845=EDGE_CURVE('no 13594',#9508,#9485,#9844,.T.);
#9846=ORIENTED_EDGE('no 13660',*,*,#9845,.F.);
#9847=EDGE_LOOP('',(#9839,#9840,#9846));
#9848=FACE_OUTER_BOUND('',#9847,.T.);
#9849=CARTESIAN_POINT('',(0.230765,-0.00456582,-0.0));
#9850=DIRECTION('',(0.3328970723,-0.9429631696,0.000000061));
#9851=DIRECTION('',(0.1772979611,0.0625920863,0.9821647844));
#9852=AXIS2_PLACEMENT_3D('',#9849,#9850,#9851);
#9853=PLANE('',#9852);
#9854=ADVANCED_FACE('no 13668',(#9848),#9853,.T.);
#9855=ORIENTED_EDGE('no 10668',*,*,#9626,.F.);
#9856=ORIENTED_EDGE('no 10669',*,*,#9774,.F.);
#9857=ORIENTED_EDGE('no 10670',*,*,#9741,.F.);
#9858=EDGE_LOOP('',(#9855,#9856,#9857));
#9859=FACE_OUTER_BOUND('',#9858,.T.);
#9860=CARTESIAN_POINT('',(0.218242,0.023491,-0.0));
#9861=DIRECTION('',(0.0,1.0,-0.0));
#9862=DIRECTION('',(-0.9847836293,0.0,0.1737849346));
#9863=AXIS2_PLACEMENT_3D('',#9860,#9861,#9862);
#9864=PLANE('',#9863);
#9865=ADVANCED_FACE('no 10678',(#9859),#9864,.T.);
#9866=CARTESIAN_POINT('',(0.229637,0.0737036,-0.0));
#9867=VERTEX_POINT('',#9866);
#9868=CARTESIAN_POINT('',(0.229637,0.0737036,-0.0));
#9869=DIRECTION('',(-0.0008967106,-0.999999598,0.0));
#9870=VECTOR('',#9869,1.0);
#9871=LINE('',#9868,#9870);
#9872=EDGE_CURVE('no 1101',#9867,#9228,#9871,.T.);
#9873=ORIENTED_EDGE('no 1114',*,*,#9872,.T.);
#9874=ORIENTED_EDGE('no 1115',*,*,#9678,.T.);
#9875=CARTESIAN_POINT('',(0.229562,0.074273,-0.0));
#9876=DIRECTION('',(0.1305896347,-0.9914365069,0.0));
#9877=VECTOR('',#9876,1.0);
#9878=LINE('',#9875,#9877);
#9879=EDGE_CURVE('no 1113',#9667,#9867,#9878,.T.);
#9880=ORIENTED_EDGE('no 1116',*,*,#9879,.T.);
#9881=EDGE_LOOP('',(#9873,#9874,#9880));
#9882=FACE_OUTER_BOUND('',#9881,.T.);
#9883=CARTESIAN_POINT('',(0.229637,0.0737036,-0.0));
#9884=DIRECTION('',(-0.0,0.0,-1.0));
#9885=DIRECTION('',(-0.0008967106,-0.999999598,0.0));
#9886=AXIS2_PLACEMENT_3D('',#9883,#9884,#9885);
#9887=PLANE('',#9886);
#9888=ADVANCED_FACE('no 1124',(#9882),#9887,.T.);
#9889=CARTESIAN_POINT('',(0.230662,0.0723677,-0.0));
#9890=VERTEX_POINT('',#9889);
#9891=CARTESIAN_POINT('',(0.230662,0.0723677,-0.0));
#9892=DIRECTION('',(0.0013403201,-0.9999991018,0.0));
#9893=VECTOR('',#9892,1.0);
#9894=LINE('',#9891,#9893);
#9895=EDGE_CURVE('no 1310',#9890,#9508,#9894,.T.);
#9896=ORIENTED_EDGE('no 1346',*,*,#9895,.F.);
#9897=CARTESIAN_POINT('',(0.230662,0.0723677,-0.0));
#9898=DIRECTION('',(0.9238739253,-0.3826969691,0.0));
#9899=VECTOR('',#9898,1.0);
#9900=LINE('',#9897,#9899);
#9901=EDGE_CURVE('no 1339',#9890,#9250,#9900,.T.);
#9902=ORIENTED_EDGE('no 1347',*,*,#9901,.T.);
#9903=ORIENTED_EDGE('no 1348',*,*,#9708,.T.);
#9904=EDGE_LOOP('',(#9896,#9902,#9903));
#9905=FACE_OUTER_BOUND('',#9904,.T.);
#9906=CARTESIAN_POINT('',(0.230765,-0.00456582,-0.0));
#9907=DIRECTION('',(0.0,0.0,-1.0));
#9908=DIRECTION('',(-0.0013403201,0.9999991018,0.0));
#9909=AXIS2_PLACEMENT_3D('',#9906,#9907,#9908);
#9910=PLANE('',#9909);
#9911=ADVANCED_FACE('no 1356',(#9905),#9910,.T.);
#9912=CARTESIAN_POINT('',(0.229637,0.0737036,0.003));
#9913=VERTEX_POINT('',#9912);
#9914=CARTESIAN_POINT('',(0.229565,-0.00640974,0.003));
#9915=DIRECTION('',(0.0008987264,0.9999995961,0.0));
#9916=VECTOR('',#9915,1.0);
#9917=LINE('',#9914,#9916);
#9918=EDGE_CURVE('no 7344',#9421,#9913,#9917,.T.);
#9919=ORIENTED_EDGE('no 7351',*,*,#9918,.T.);
#9920=CARTESIAN_POINT('',(0.229637,0.0737036,0.003));
#9921=DIRECTION('',(-0.1305339784,0.9914438363,0.0));
#9922=VECTOR('',#9921,1.0);
#9923=LINE('',#9920,#9922);
#9924=EDGE_CURVE('no 7350',#9913,#9334,#9923,.T.);
#9925=ORIENTED_EDGE('no 7352',*,*,#9924,.T.);
#9926=ORIENTED_EDGE('no 7353',*,*,#9757,.F.);
#9927=EDGE_LOOP('',(#9919,#9925,#9926));
#9928=FACE_OUTER_BOUND('',#9927,.T.);
#9929=CARTESIAN_POINT('',(0.229565,-0.00640974,0.003));
#9930=DIRECTION('',(0.0,-0.0,1.0));
#9931=DIRECTION('',(0.0008967106,0.999999598,0.0));
#9932=AXIS2_PLACEMENT_3D('',#9929,#9930,#9931);
#9933=PLANE('',#9932);
#9934=ADVANCED_FACE('no 7361',(#9928),#9933,.T.);
#9935=CARTESIAN_POINT('',(0.229671,-0.00584514,-0.0));
#9936=VERTEX_POINT('',#9935);
#9937=CARTESIAN_POINT('',(0.229671,-0.00584514,-0.0));
#9938=DIRECTION('',(-0.034702825,-0.1848416509,0.9821554246));
#9939=VECTOR('',#9938,1.0);
#9940=LINE('',#9937,#9939);
#9941=EDGE_CURVE('no 13450',#9936,#9421,#9940,.T.);
#9942=ORIENTED_EDGE('no 13451',*,*,#9941,.T.);
#9943=ORIENTED_EDGE('no 13452',*,*,#9789,.F.);
#9944=CARTESIAN_POINT('',(0.229671,-0.00584514,-0.0));
#9945=DIRECTION('',(-0.1845197544,-0.9828288051,0.0));
#9946=VECTOR('',#9945,1.0);
#9947=LINE('',#9944,#9946);
#9948=EDGE_CURVE('no 1142',#9936,#9228,#9947,.T.);
#9949=ORIENTED_EDGE('no 13453',*,*,#9948,.F.);
#9950=EDGE_LOOP('',(#9942,#9943,#9949));
#9951=FACE_OUTER_BOUND('',#9950,.T.);
#9952=CARTESIAN_POINT('',(0.229671,-0.00584514,-0.0));
#9953=DIRECTION('',(0.9830795885,-0.1831789364,0.0000000674));
#9954=DIRECTION('',(-0.0344420183,-0.184842098,0.9821645209));
#9955=AXIS2_PLACEMENT_3D('',#9952,#9953,#9954);
#9956=PLANE('',#9955);
#9957=ADVANCED_FACE('no 13461',(#9951),#9956,.T.);
#9958=CARTESIAN_POINT('',(0.230292,-0.00489066,0.003));
#9959=VERTEX_POINT('',#9958);
#9960=CARTESIAN_POINT('',(0.230292,-0.00489066,0.003));
#9961=DIRECTION('',(0.0047890708,0.9999885323,0.0));
#9962=VECTOR('',#9961,1.0);
#9963=LINE('',#9960,#9962);
#9964=EDGE_CURVE('no 7518',#9959,#9817,#9963,.T.);
#9965=ORIENTED_EDGE('no 7554',*,*,#9964,.F.);
#9966=CARTESIAN_POINT('',(0.230292,-0.00489066,0.003));
#9967=DIRECTION('',(0.8243245459,0.5661175169,0.0));
#9968=VECTOR('',#9967,1.0);
#9969=LINE('',#9966,#9968);
#9970=EDGE_CURVE('no 7547',#9959,#9485,#9969,.T.);
#9971=ORIENTED_EDGE('no 7555',*,*,#9970,.T.);
#9972=ORIENTED_EDGE('no 7556',*,*,#9822,.T.);
#9973=EDGE_LOOP('',(#9965,#9971,#9972));
#9974=FACE_OUTER_BOUND('',#9973,.T.);
#9975=CARTESIAN_POINT('',(0.230662,0.0723677,0.003));
#9976=DIRECTION('',(0.0,0.0,1.0));
#9977=DIRECTION('',(-0.0047955676,-0.9999885012,0.0));
#9978=AXIS2_PLACEMENT_3D('',#9975,#9976,#9977);
#9979=PLANE('',#9978);
#9980=ADVANCED_FACE('no 7564',(#9974),#9979,.T.);
#9981=CARTESIAN_POINT('',(0.230292,-0.00489066,-0.0));
#9982=VERTEX_POINT('',#9981);
#9983=CARTESIAN_POINT('',(0.230765,-0.00456582,0.003));
#9984=DIRECTION('',(-0.1548594721,-0.1063521161,-0.9821953835));
#9985=VECTOR('',#9984,1.0);
#9986=LINE('',#9983,#9985);
#9987=EDGE_CURVE('no 13588',#9485,#9982,#9986,.T.);
#9988=ORIENTED_EDGE('no 13595',*,*,#9987,.T.);
#9989=CARTESIAN_POINT('',(0.230765,-0.00456582,-0.0));
#9990=DIRECTION('',(-0.8243245459,-0.5661175169,0.0));
#9991=VECTOR('',#9990,1.0);
#9992=LINE('',#9989,#9991);
#9993=EDGE_CURVE('no 1316',#9508,#9982,#9992,.T.);
#9994=ORIENTED_EDGE('no 13596',*,*,#9993,.F.);
#9995=ORIENTED_EDGE('no 13597',*,*,#9845,.T.);
#9996=EDGE_LOOP('',(#9988,#9994,#9995));
#9997=FACE_OUTER_BOUND('',#9996,.T.);
#9998=CARTESIAN_POINT('',(0.230765,-0.00456582,0.003));
#9999=DIRECTION('',(0.5656111241,-0.8246720902,0.0000002682));
#10000=DIRECTION('',(-0.155056949,-0.106347965,-0.9821646771));
#10001=AXIS2_PLACEMENT_3D('',#9998,#9999,#10000);
#10002=PLANE('',#10001);
#10003=ADVANCED_FACE('no 13605',(#9997),#10002,.T.);
#10004=ORIENTED_EDGE('no 1143',*,*,#9872,.F.);
#10005=CARTESIAN_POINT('',(0.229637,0.0737036,-0.0));
#10006=DIRECTION('',(0.000419412,-0.999999912,0.0));
#10007=VECTOR('',#10006,1.0);
#10008=LINE('',#10005,#10007);
#10009=EDGE_CURVE('no 1136',#9867,#9936,#10008,.T.);
#10010=ORIENTED_EDGE('no 1144',*,*,#10009,.T.);
#10011=ORIENTED_EDGE('no 1145',*,*,#9948,.T.);
#10012=EDGE_LOOP('',(#10004,#10010,#10011));
#10013=FACE_OUTER_BOUND('',#10012,.T.);
#10014=CARTESIAN_POINT('',(0.229565,-0.00640974,-0.0));
#10015=DIRECTION('',(0.0,0.0,-1.0));
#10016=DIRECTION('',(0.0008967106,0.999999598,0.0));
#10017=AXIS2_PLACEMENT_3D('',#10014,#10015,#10016);
#10018=PLANE('',#10017);
#10019=ADVANCED_FACE('no 1153',(#10013),#10018,.T.);
#10020=CARTESIAN_POINT('',(0.230662,0.0723677,-0.0));
#10021=DIRECTION('',(-0.0047955676,-0.9999885012,0.0));
#10022=VECTOR('',#10021,1.0);
#10023=LINE('',#10020,#10022);
#10024=EDGE_CURVE('no 1287',#9890,#9982,#10023,.T.);
#10025=ORIENTED_EDGE('no 1317',*,*,#10024,.F.);
#10026=ORIENTED_EDGE('no 1318',*,*,#9895,.T.);
#10027=ORIENTED_EDGE('no 1319',*,*,#9993,.T.);
#10028=EDGE_LOOP('',(#10025,#10026,#10027));
#10029=FACE_OUTER_BOUND('',#10028,.T.);
#10030=CARTESIAN_POINT('',(0.230292,-0.00489066,-0.0));
#10031=DIRECTION('',(0.0,0.0,-1.0));
#10032=DIRECTION('',(0.0047955676,0.9999885012,0.0));
#10033=AXIS2_PLACEMENT_3D('',#10030,#10031,#10032);
#10034=PLANE('',#10033);
#10035=ADVANCED_FACE('no 1327',(#10029),#10034,.T.);
#10036=ORIENTED_EDGE('no 7380',*,*,#9918,.F.);
#10037=CARTESIAN_POINT('',(0.229671,-0.00584514,0.003));
#10038=VERTEX_POINT('',#10037);
#10039=CARTESIAN_POINT('',(0.229565,-0.00640974,0.003));
#10040=DIRECTION('',(0.1845197544,0.9828288051,0.0));
#10041=VECTOR('',#10040,1.0);
#10042=LINE('',#10039,#10041);
#10043=EDGE_CURVE('no 7373',#9421,#10038,#10042,.T.);
#10044=ORIENTED_EDGE('no 7381',*,*,#10043,.T.);
#10045=CARTESIAN_POINT('',(0.229671,-0.00584514,0.003));
#10046=DIRECTION('',(-0.0004274109,0.9999999087,0.0));
#10047=VECTOR('',#10046,1.0);
#10048=LINE('',#10045,#10047);
#10049=EDGE_CURVE('no 7379',#10038,#9913,#10048,.T.);
#10050=ORIENTED_EDGE('no 7382',*,*,#10049,.T.);
#10051=EDGE_LOOP('',(#10036,#10044,#10050));
#10052=FACE_OUTER_BOUND('',#10051,.T.);
#10053=CARTESIAN_POINT('',(0.229637,0.0737036,0.003));
#10054=DIRECTION('',(0.0,0.0,1.0));
#10055=DIRECTION('',(-0.0008967106,-0.999999598,0.0));
#10056=AXIS2_PLACEMENT_3D('',#10053,#10054,#10055);
#10057=PLANE('',#10056);
#10058=ADVANCED_FACE('no 7390',(#10052),#10057,.T.);
#10059=ORIENTED_EDGE('no 13474',*,*,#9941,.F.);
#10060=CARTESIAN_POINT('',(0.229671,-0.00584514,-0.0));
#10061=DIRECTION('',(0.0,0.0,1.0));
#10062=VECTOR('',#10061,1.0);
#10063=LINE('',#10060,#10062);
#10064=EDGE_CURVE('no 13473',#9936,#10038,#10063,.T.);
#10065=ORIENTED_EDGE('no 13475',*,*,#10064,.T.);
#10066=ORIENTED_EDGE('no 13476',*,*,#10043,.F.);
#10067=EDGE_LOOP('',(#10059,#10065,#10066));
#10068=FACE_OUTER_BOUND('',#10067,.T.);
#10069=CARTESIAN_POINT('',(0.229565,-0.00640974,0.003));
#10070=DIRECTION('',(0.9830795885,-0.1831789364,0.0000000674));
#10071=DIRECTION('',(0.0344420183,0.184842098,-0.9821645209));
#10072=AXIS2_PLACEMENT_3D('',#10069,#10070,#10071);
#10073=PLANE('',#10072);
#10074=ADVANCED_FACE('no 13484',(#10068),#10073,.T.);
#10075=CARTESIAN_POINT('',(0.230207,0.0727174,0.003));
#10076=VERTEX_POINT('',#10075);
#10077=CARTESIAN_POINT('',(0.230292,-0.00489066,0.003));
#10078=DIRECTION('',(-0.0010952464,0.9999994002,0.0));
#10079=VECTOR('',#10078,1.0);
#10080=LINE('',#10077,#10079);
#10081=EDGE_CURVE('no 7495',#9959,#10076,#10080,.T.);
#10082=ORIENTED_EDGE('no 7525',*,*,#10081,.F.);
#10083=ORIENTED_EDGE('no 7526',*,*,#9964,.T.);
#10084=CARTESIAN_POINT('',(0.230662,0.0723677,0.003));
#10085=DIRECTION('',(-0.7933542749,0.608760211,0.0));
#10086=VECTOR('',#10085,1.0);
#10087=LINE('',#10084,#10086);
#10088=EDGE_CURVE('no 7524',#9817,#10076,#10087,.T.);
#10089=ORIENTED_EDGE('no 7527',*,*,#10088,.T.);
#10090=EDGE_LOOP('',(#10082,#10083,#10089));
#10091=FACE_OUTER_BOUND('',#10090,.T.);
#10092=CARTESIAN_POINT('',(0.230207,0.0727174,0.003));
#10093=DIRECTION('',(0.0,0.0,1.0));
#10094=DIRECTION('',(0.0010969304,-0.9999993984,0.0));
#10095=AXIS2_PLACEMENT_3D('',#10092,#10093,#10094);
#10096=PLANE('',#10095);
#10097=ADVANCED_FACE('no 7535',(#10091),#10096,.T.);
#10098=ORIENTED_EDGE('no 13612',*,*,#9987,.F.);
#10099=ORIENTED_EDGE('no 13613',*,*,#9970,.F.);
#10100=CARTESIAN_POINT('',(0.230292,-0.00489066,-0.0));
#10101=DIRECTION('',(0.0,0.0,1.0));
#10102=VECTOR('',#10101,1.0);
#10103=LINE('',#10100,#10102);
#10104=EDGE_CURVE('no 13565',#9982,#9959,#10103,.T.);
#10105=ORIENTED_EDGE('no 13614',*,*,#10104,.F.);
#10106=EDGE_LOOP('',(#10098,#10099,#10105));
#10107=FACE_OUTER_BOUND('',#10106,.T.);
#10108=CARTESIAN_POINT('',(0.230292,-0.00489066,-0.0));
#10109=DIRECTION('',(0.5656111241,-0.8246720902,0.0000002682));
#10110=DIRECTION('',(0.155056949,0.106347965,0.9821646771));
#10111=AXIS2_PLACEMENT_3D('',#10108,#10109,#10110);
#10112=PLANE('',#10111);
#10113=ADVANCED_FACE('no 13622',(#10107),#10112,.T.);
#10114=ORIENTED_EDGE('no 1172',*,*,#10009,.F.);
#10115=CARTESIAN_POINT('',(0.229857,0.073173,-0.0));
#10116=VERTEX_POINT('',#10115);
#10117=CARTESIAN_POINT('',(0.229637,0.0737036,-0.0));
#10118=DIRECTION('',(0.382676216,-0.9238825216,0.0));
#10119=VECTOR('',#10118,1.0);
#10120=LINE('',#10117,#10119);
#10121=EDGE_CURVE('no 1165',#9867,#10116,#10120,.T.);
#10122=ORIENTED_EDGE('no 1173',*,*,#10121,.T.);
#10123=CARTESIAN_POINT('',(0.229857,0.073173,-0.0));
#10124=DIRECTION('',(-0.0023591205,-0.9999972173,0.0));
#10125=VECTOR('',#10124,1.0);
#10126=LINE('',#10123,#10125);
#10127=EDGE_CURVE('no 1171',#10116,#9936,#10126,.T.);
#10128=ORIENTED_EDGE('no 1174',*,*,#10127,.T.);
#10129=EDGE_LOOP('',(#10114,#10122,#10128));
#10130=FACE_OUTER_BOUND('',#10129,.T.);
#10131=CARTESIAN_POINT('',(0.229671,-0.00584514,-0.0));
#10132=DIRECTION('',(0.0,0.0,-1.0));
#10133=DIRECTION('',(-0.000419412,0.999999912,0.0));
#10134=AXIS2_PLACEMENT_3D('',#10131,#10132,#10133);
#10135=PLANE('',#10134);
#10136=ADVANCED_FACE('no 1182',(#10130),#10135,.T.);
#10137=CARTESIAN_POINT('',(0.230207,0.0727174,-0.0));
#10138=VERTEX_POINT('',#10137);
#10139=CARTESIAN_POINT('',(0.230207,0.0727174,-0.0));
#10140=DIRECTION('',(0.0010969304,-0.9999993984,0.0));
#10141=VECTOR('',#10140,1.0);
#10142=LINE('',#10139,#10141);
#10143=EDGE_CURVE('no 1252',#10138,#9982,#10142,.T.);
#10144=ORIENTED_EDGE('no 1288',*,*,#10143,.F.);
#10145=CARTESIAN_POINT('',(0.230207,0.0727174,-0.0));
#10146=DIRECTION('',(0.7933542749,-0.608760211,0.0));
#10147=VECTOR('',#10146,1.0);
#10148=LINE('',#10145,#10147);
#10149=EDGE_CURVE('no 1281',#10138,#9890,#10148,.T.);
#10150=ORIENTED_EDGE('no 1289',*,*,#10149,.T.);
#10151=ORIENTED_EDGE('no 1290',*,*,#10024,.T.);
#10152=EDGE_LOOP('',(#10144,#10150,#10151));
#10153=FACE_OUTER_BOUND('',#10152,.T.);
#10154=CARTESIAN_POINT('',(0.230292,-0.00489066,-0.0));
#10155=DIRECTION('',(0.0,0.0,-1.0));
#10156=DIRECTION('',(-0.0010969304,0.9999993984,0.0));
#10157=AXIS2_PLACEMENT_3D('',#10154,#10155,#10156);
#10158=PLANE('',#10157);
#10159=ADVANCED_FACE('no 1298',(#10153),#10158,.T.);
#10160=ORIENTED_EDGE('no 7409',*,*,#10049,.F.);
#10161=CARTESIAN_POINT('',(0.229857,0.073173,0.003));
#10162=VERTEX_POINT('',#10161);
#10163=CARTESIAN_POINT('',(0.229671,-0.00584514,0.003));
#10164=DIRECTION('',(0.0023538834,0.9999972296,0.0));
#10165=VECTOR('',#10164,1.0);
#10166=LINE('',#10163,#10165);
#10167=EDGE_CURVE('no 7402',#10038,#10162,#10166,.T.);
#10168=ORIENTED_EDGE('no 7410',*,*,#10167,.T.);
#10169=CARTESIAN_POINT('',(0.229857,0.073173,0.003));
#10170=DIRECTION('',(-0.382676216,0.9238825216,0.0));
#10171=VECTOR('',#10170,1.0);
#10172=LINE('',#10169,#10171);
#10173=EDGE_CURVE('no 7408',#10162,#9913,#10172,.T.);
#10174=ORIENTED_EDGE('no 7411',*,*,#10173,.T.);
#10175=EDGE_LOOP('',(#10160,#10168,#10174));
#10176=FACE_OUTER_BOUND('',#10175,.T.);
#10177=CARTESIAN_POINT('',(0.229637,0.0737036,0.003));
#10178=DIRECTION('',(0.0,0.0,1.0));
#10179=DIRECTION('',(0.000419412,-0.999999912,0.0));
#10180=AXIS2_PLACEMENT_3D('',#10177,#10178,#10179);
#10181=PLANE('',#10180);
#10182=ADVANCED_FACE('no 7419',(#10176),#10181,.T.);
#10183=CARTESIAN_POINT('',(0.229918,-0.00532701,-0.0));
#10184=VERTEX_POINT('',#10183);
#10185=CARTESIAN_POINT('',(0.229918,-0.00532701,-0.0));
#10186=DIRECTION('',(-0.0808664765,-0.1696329857,0.9821839253));
#10187=VECTOR('',#10186,1.0);
#10188=LINE('',#10185,#10187);
#10189=EDGE_CURVE('no 13496',#10184,#10038,#10188,.T.);
#10190=ORIENTED_EDGE('no 13497',*,*,#10189,.T.);
#10191=ORIENTED_EDGE('no 13498',*,*,#10064,.F.);
#10192=CARTESIAN_POINT('',(0.229918,-0.00532701,-0.0));
#10193=DIRECTION('',(-0.4303190111,-0.9026768794,0.0));
#10194=VECTOR('',#10193,1.0);
#10195=LINE('',#10192,#10194);
#10196=EDGE_CURVE('no 1200',#10184,#9936,#10195,.T.);
#10197=ORIENTED_EDGE('no 13499',*,*,#10196,.F.);
#10198=EDGE_LOOP('',(#10190,#10191,#10197));
#10199=FACE_OUTER_BOUND('',#10198,.T.);
#10200=CARTESIAN_POINT('',(0.229918,-0.00532701,-0.0));
#10201=DIRECTION('',(0.9021708342,-0.4313789353,0.0000000687));
#10202=DIRECTION('',(-0.0811092674,-0.1696289319,0.9821646055));
#10203=AXIS2_PLACEMENT_3D('',#10200,#10201,#10202);
#10204=PLANE('',#10203);
#10205=ADVANCED_FACE('no 13507',(#10199),#10204,.T.);
#10206=CARTESIAN_POINT('',(0.229918,-0.00532701,0.003));
#10207=VERTEX_POINT('',#10206);
#10208=CARTESIAN_POINT('',(0.229918,-0.00532701,0.003));
#10209=DIRECTION('',(0.0037029945,0.9999931439,0.0));
#10210=VECTOR('',#10209,1.0);
#10211=LINE('',#10208,#10210);
#10212=EDGE_CURVE('no 7460',#10207,#10076,#10211,.T.);
#10213=ORIENTED_EDGE('no 7496',*,*,#10212,.F.);
#10214=CARTESIAN_POINT('',(0.229918,-0.00532701,0.003));
#10215=DIRECTION('',(0.6507770436,0.7592688849,0.0));
#10216=VECTOR('',#10215,1.0);
#10217=LINE('',#10214,#10216);
#10218=EDGE_CURVE('no 7489',#10207,#9959,#10217,.T.);
#10219=ORIENTED_EDGE('no 7497',*,*,#10218,.T.);
#10220=ORIENTED_EDGE('no 7498',*,*,#10081,.T.);
#10221=EDGE_LOOP('',(#10213,#10219,#10220));
#10222=FACE_OUTER_BOUND('',#10221,.T.);
#10223=CARTESIAN_POINT('',(0.230207,0.0727174,0.003));
#10224=DIRECTION('',(0.0,0.0,1.0));
#10225=DIRECTION('',(-0.0036939307,-0.9999931774,0.0));
#10226=AXIS2_PLACEMENT_3D('',#10223,#10224,#10225);
#10227=PLANE('',#10226);
#10228=ADVANCED_FACE('no 7506',(#10222),#10227,.T.);
#10229=CARTESIAN_POINT('',(0.230292,-0.00489066,-0.0));
#10230=DIRECTION('',(-0.1224402834,-0.1428524536,0.9821413104));
#10231=VECTOR('',#10230,1.0);
#10232=LINE('',#10229,#10231);
#10233=EDGE_CURVE('no 13542',#9982,#10207,#10232,.T.);
#10234=ORIENTED_EDGE('no 13566',*,*,#10233,.F.);
#10235=ORIENTED_EDGE('no 13567',*,*,#10104,.T.);
#10236=ORIENTED_EDGE('no 13568',*,*,#10218,.F.);
#10237=EDGE_LOOP('',(#10234,#10235,#10236));
#10238=FACE_OUTER_BOUND('',#10237,.T.);
#10239=CARTESIAN_POINT('',(0.229918,-0.00532701,0.003));
#10240=DIRECTION('',(0.7597658184,-0.6501968173,-0.0000001081));
#10241=DIRECTION('',(0.122254,0.142856,-0.9821639999));
#10242=AXIS2_PLACEMENT_3D('',#10239,#10240,#10241);
#10243=PLANE('',#10242);
#10244=ADVANCED_FACE('no 13576',(#10238),#10243,.T.);
#10245=ORIENTED_EDGE('no 1201',*,*,#10127,.F.);
#10246=CARTESIAN_POINT('',(0.229857,0.073173,-0.0));
#10247=DIRECTION('',(0.0007813138,-0.9999996948,0.0));
#10248=VECTOR('',#10247,1.0);
#10249=LINE('',#10246,#10248);
#10250=EDGE_CURVE('no 1194',#10116,#10184,#10249,.T.);
#10251=ORIENTED_EDGE('no 1202',*,*,#10250,.T.);
#10252=ORIENTED_EDGE('no 1203',*,*,#10196,.T.);
#10253=EDGE_LOOP('',(#10245,#10251,#10252));
#10254=FACE_OUTER_BOUND('',#10253,.T.);
#10255=CARTESIAN_POINT('',(0.229671,-0.00584514,-0.0));
#10256=DIRECTION('',(0.0,0.0,-1.0));
#10257=DIRECTION('',(0.0023591205,0.9999972173,0.0));
#10258=AXIS2_PLACEMENT_3D('',#10255,#10256,#10257);
#10259=PLANE('',#10258);
#10260=ADVANCED_FACE('no 1211',(#10254),#10259,.T.);
#10261=CARTESIAN_POINT('',(0.230207,0.0727174,-0.0));
#10262=DIRECTION('',(-0.0036939307,-0.9999931774,0.0));
#10263=VECTOR('',#10262,1.0);
#10264=LINE('',#10261,#10263);
#10265=EDGE_CURVE('no 1229',#10138,#10184,#10264,.T.);
#10266=ORIENTED_EDGE('no 1259',*,*,#10265,.F.);
#10267=ORIENTED_EDGE('no 1260',*,*,#10143,.T.);
#10268=CARTESIAN_POINT('',(0.230292,-0.00489066,-0.0));
#10269=DIRECTION('',(-0.6507770436,-0.7592688849,0.0));
#10270=VECTOR('',#10269,1.0);
#10271=LINE('',#10268,#10270);
#10272=EDGE_CURVE('no 1258',#9982,#10184,#10271,.T.);
#10273=ORIENTED_EDGE('no 1261',*,*,#10272,.T.);
#10274=EDGE_LOOP('',(#10266,#10267,#10273));
#10275=FACE_OUTER_BOUND('',#10274,.T.);
#10276=CARTESIAN_POINT('',(0.229918,-0.00532701,-0.0));
#10277=DIRECTION('',(0.0,0.0,-1.0));
#10278=DIRECTION('',(0.0036939307,0.9999931774,0.0));
#10279=AXIS2_PLACEMENT_3D('',#10276,#10277,#10278);
#10280=PLANE('',#10279);
#10281=ADVANCED_FACE('no 1269',(#10275),#10280,.T.);
#10282=ORIENTED_EDGE('no 7438',*,*,#10167,.F.);
#10283=CARTESIAN_POINT('',(0.229671,-0.00584514,0.003));
#10284=DIRECTION('',(0.4303190111,0.9026768794,0.0));
#10285=VECTOR('',#10284,1.0);
#10286=LINE('',#10283,#10285);
#10287=EDGE_CURVE('no 7431',#10038,#10207,#10286,.T.);
#10288=ORIENTED_EDGE('no 7439',*,*,#10287,.T.);
#10289=CARTESIAN_POINT('',(0.229918,-0.00532701,0.003));
#10290=DIRECTION('',(-0.0007770697,0.9999996981,0.0));
#10291=VECTOR('',#10290,1.0);
#10292=LINE('',#10289,#10291);
#10293=EDGE_CURVE('no 7437',#10207,#10162,#10292,.T.);
#10294=ORIENTED_EDGE('no 7440',*,*,#10293,.T.);
#10295=EDGE_LOOP('',(#10282,#10288,#10294));
#10296=FACE_OUTER_BOUND('',#10295,.T.);
#10297=CARTESIAN_POINT('',(0.229857,0.073173,0.003));
#10298=DIRECTION('',(0.0,0.0,1.0));
#10299=DIRECTION('',(-0.0023591205,-0.9999972173,0.0));
#10300=AXIS2_PLACEMENT_3D('',#10297,#10298,#10299);
#10301=PLANE('',#10300);
#10302=ADVANCED_FACE('no 7448',(#10296),#10301,.T.);
#10303=ORIENTED_EDGE('no 13520',*,*,#10189,.F.);
#10304=CARTESIAN_POINT('',(0.229918,-0.00532701,-0.0));
#10305=DIRECTION('',(0.0,0.0,1.0));
#10306=VECTOR('',#10305,1.0);
#10307=LINE('',#10304,#10306);
#10308=EDGE_CURVE('no 13519',#10184,#10207,#10307,.T.);
#10309=ORIENTED_EDGE('no 13521',*,*,#10308,.T.);
#10310=ORIENTED_EDGE('no 13522',*,*,#10287,.F.);
#10311=EDGE_LOOP('',(#10303,#10309,#10310));
#10312=FACE_OUTER_BOUND('',#10311,.T.);
#10313=CARTESIAN_POINT('',(0.229671,-0.00584514,0.003));
#10314=DIRECTION('',(0.9021708342,-0.4313789353,0.0000000687));
#10315=DIRECTION('',(0.0811092674,0.1696289319,-0.9821646055));
#10316=AXIS2_PLACEMENT_3D('',#10313,#10314,#10315);
#10317=PLANE('',#10316);
#10318=ADVANCED_FACE('no 13530',(#10312),#10317,.T.);
#10319=ORIENTED_EDGE('no 7467',*,*,#10293,.F.);
#10320=ORIENTED_EDGE('no 7468',*,*,#10212,.T.);
#10321=CARTESIAN_POINT('',(0.230207,0.0727174,0.003));
#10322=DIRECTION('',(-0.6087687734,0.7933477047,0.0));
#10323=VECTOR('',#10322,1.0);
#10324=LINE('',#10321,#10323);
#10325=EDGE_CURVE('no 7466',#10076,#10162,#10324,.T.);
#10326=ORIENTED_EDGE('no 7469',*,*,#10325,.T.);
#10327=EDGE_LOOP('',(#10319,#10320,#10326));
#10328=FACE_OUTER_BOUND('',#10327,.T.);
#10329=CARTESIAN_POINT('',(0.229857,0.073173,0.003));
#10330=DIRECTION('',(0.0,0.0,1.0));
#10331=DIRECTION('',(0.0007813138,-0.9999996948,0.0));
#10332=AXIS2_PLACEMENT_3D('',#10329,#10330,#10331);
#10333=PLANE('',#10332);
#10334=ADVANCED_FACE('no 7477',(#10328),#10333,.T.);
#10335=ORIENTED_EDGE('no 13543',*,*,#10233,.T.);
#10336=ORIENTED_EDGE('no 13544',*,*,#10308,.F.);
#10337=ORIENTED_EDGE('no 13545',*,*,#10272,.F.);
#10338=EDGE_LOOP('',(#10335,#10336,#10337));
#10339=FACE_OUTER_BOUND('',#10338,.T.);
#10340=CARTESIAN_POINT('',(0.230292,-0.00489066,-0.0));
#10341=DIRECTION('',(0.7597658184,-0.6501968173,-0.0000001081));
#10342=DIRECTION('',(-0.122254,-0.142856,0.9821639999));
#10343=AXIS2_PLACEMENT_3D('',#10340,#10341,#10342);
#10344=PLANE('',#10343);
#10345=ADVANCED_FACE('no 13553',(#10339),#10344,.T.);
#10346=ORIENTED_EDGE('no 1230',*,*,#10250,.F.);
#10347=CARTESIAN_POINT('',(0.229857,0.073173,-0.0));
#10348=DIRECTION('',(0.6087687734,-0.7933477047,0.0));
#10349=VECTOR('',#10348,1.0);
#10350=LINE('',#10347,#10349);
#10351=EDGE_CURVE('no 1223',#10116,#10138,#10350,.T.);
#10352=ORIENTED_EDGE('no 1231',*,*,#10351,.T.);
#10353=ORIENTED_EDGE('no 1232',*,*,#10265,.T.);
#10354=EDGE_LOOP('',(#10346,#10352,#10353));
#10355=FACE_OUTER_BOUND('',#10354,.T.);
#10356=CARTESIAN_POINT('',(0.229918,-0.00532701,-0.0));
#10357=DIRECTION('',(0.0,0.0,-1.0));
#10358=DIRECTION('',(-0.0007813138,0.9999996948,0.0));
#10359=AXIS2_PLACEMENT_3D('',#10356,#10357,#10358);
#10360=PLANE('',#10359);
#10361=ADVANCED_FACE('no 1240',(#10355),#10360,.T.);
#10362=OPEN_SHELL('Orphan_Brep_#13711',(
    #47,#70,#93,#116,#139,#162,#185,#208,#231,#254,
    #277,#293,#316,#339,#362,#378,#401,#424,#447,#470,
    #486,#509,#530,#553,#576,#599,#622,#643,#654,#670,
    #693,#716,#732,#755,#778,#801,#824,#847,#863,#879,
    #902,#918,#941,#957,#980,#1003,#1026,#1049,#1070,#1093,
    #1116,#1139,#1162,#1185,#1208,#1231,#1254,#1277,#1298,#1309,
    #1325,#1341,#1357,#1380,#1403,#1426,#1449,#1472,#1495,#1518,
    #1534,#1557,#1573,#1596,#1612,#1633,#1644,#1667,#1690,#1706,
    #1729,#1750,#1773,#1796,#1819,#1842,#1865,#1888,#1911,#1927,
    #1950,#1966,#1982,#1993,#2016,#2039,#2062,#2085,#2106,#2117,
    #2140,#2163,#2186,#2209,#2232,#2255,#2271,#2294,#2317,#2340,
    #2363,#2386,#2409,#2432,#2453,#2464,#2487,#2510,#2533,#2554,
    #2577,#2598,#2621,#2644,#2660,#2676,#2699,#2722,#2733,#2756,
    #2772,#2795,#2818,#2834,#2857,#2880,#2903,#2924,#2935,#2958,
    #2981,#3004,#3027,#3050,#3066,#3089,#3112,#3135,#3151,#3174,
    #3197,#3213,#3236,#3259,#3282,#3303,#3314,#3337,#3360,#3383,
    #3399,#3415,#3431,#3454,#3477,#3500,#3516,#3539,#3562,#3578,
    #3601,#3624,#3647,#3663,#3686,#3709,#3730,#3753,#3776,#3799,
    #3815,#3838,#3861,#3877,#3900,#3916,#3939,#3962,#3983,#4006,
    #4029,#4052,#4075,#4091,#4114,#4137,#4158,#4181,#4204,#4227,
    #4243,#4259,#4282,#4298,#4321,#4344,#4360,#4383,#4399,#4422,
    #4445,#4466,#4482,#4505,#4528,#4544,#4567,#4590,#4613,#4629,
    #4652,#4675,#4698,#4714,#4737,#4760,#4776,#4799,#4822,#4845,
    #4861,#4882,#4893,#4916,#4939,#4955,#4978,#4994,#5010,#5033,
    #5056,#5072,#5088,#5111,#5127,#5148,#5164,#5187,#5203,#5226,
    #5242,#5265,#5288,#5311,#5334,#5350,#5373,#5396,#5419,#5435,
    #5451,#5474,#5497,#5520,#5543,#5559,#5582,#5605,#5626,#5649,
    #5670,#5691,#5707,#5730,#5746,#5769,#5792,#5815,#5831,#5854,
    #5877,#5900,#5921,#5944,#5967,#5988,#6009,#6032,#6048,#6071,
    #6087,#6103,#6124,#6140,#6163,#6184,#6205,#6216,#6239,#6262,
    #6278,#6294,#6317,#6340,#6356,#6372,#6388,#6399,#6410,#6433,
    #6449,#6470,#6493,#6516,#6532,#6555,#6571,#6594,#6617,#6633,
    #6656,#6679,#6702,#6718,#6741,#6757,#6773,#6789,#6805,#6826,
    #6837,#6860,#6883,#6906,#6922,#6945,#6961,#6984,#7005,#7028,
    #7051,#7074,#7095,#7111,#7132,#7148,#7164,#7187,#7203,#7226,
    #7249,#7272,#7295,#7318,#7334,#7357,#7380,#7396,#7407,#7423,
    #7444,#7465,#7486,#7502,#7525,#7541,#7564,#7587,#7603,#7619,
    #7635,#7656,#7677,#7688,#7699,#7715,#7726,#7737,#7758,#7774,
    #7797,#7820,#7843,#7864,#7887,#7903,#7926,#7942,#7965,#7986,
    #8002,#8013,#8029,#8045,#8068,#8084,#8107,#8130,#8146,#8169,
    #8185,#8208,#8224,#8247,#8268,#8279,#8302,#8318,#8341,#8364,
    #8380,#8403,#8419,#8442,#8465,#8488,#8511,#8532,#8548,#8559,
    #8582,#8598,#8619,#8642,#8665,#8681,#8704,#8720,#8741,#8757,
    #8778,#8799,#8822,#8843,#8864,#8880,#8896,#8919,#8942,#8965,
    #8981,#9004,#9025,#9041,#9062,#9085,#9096,#9117,#9128,#9139,
    #9160,#9181,#9202,#9225,#9248,#9271,#9287,#9308,#9331,#9354,
    #9370,#9386,#9402,#9418,#9441,#9462,#9483,#9506,#9529,#9545,
    #9566,#9577,#9588,#9599,#9610,#9621,#9637,#9648,#9664,#9687,
    #9703,#9719,#9735,#9751,#9767,#9783,#9799,#9815,#9838,#9854,
    #9865,#9888,#9911,#9934,#9957,#9980,#10003,#10019,#10035,#10058,
    #10074,#10097,#10113,#10136,#10159,#10182,#10205,#10228,#10244,#10260,
    #10281,#10302,#10318,#10334,#10345,#10361));
#10363=SHELL_BASED_SURFACE_MODEL('Orphan_Brep_#13711',(#10362));
#10364=CARTESIAN_POINT('',(0.,0.,0.));
#10365=DIRECTION('',(0.,0.,1.));
#10366=DIRECTION('',(1.,0.,0.));
#10367=AXIS2_PLACEMENT_3D('Reference Axes',#10364,#10365,#10366);
#10368=SHAPE_REPRESENTATION('',(#10367,#10363),#5);
#10369=SHAPE_DEFINITION_REPRESENTATION(#12,#10368);
#10370=CARTESIAN_POINT('',(0.,0.,0.));
#10371=DIRECTION('',(0.,0.,1.));
#10372=DIRECTION('',(1.,0.,0.));
#10373=AXIS2_PLACEMENT_3D('',#10370,#10371,#10372);
#10374=REPRESENTATION_MAP(#10373,#10368);
#10375=MAPPED_ITEM('',#10374,#10373);
#10376=PRESENTATION_STYLE_ASSIGNMENT((NULL_STYLE(.NULL.)));
#10377=STYLED_ITEM('',(#10376),#10368);
#10378=MECHANICAL_DESIGN_GEOMETRIC_PRESENTATION_REPRESENTATION('',(#10375,#10377),#5);
ENDSEC;
END-ISO-10303-21;
